{"[NN]NeuralNetwork": {"params": {"classification__epochs": 20, "classification__batch_size": 25}, "times": {"mean_fit_time": [47.63833632469177, 85.40600533485413, 70.0801908493042, 74.40444512367249, 45.96821904182434, 80.64939746856689, 64.71117014884949, 79.3826895236969, 51.738641595840456, 82.56041579246521], "std_fit_time": [1.0706498169350591, 15.66697036928439, 0.7228738481531317, 0.5853943450007353, 21.33479277132719, 0.8698241460118035, 1.131840608449775, 0.8611606882430008, 1.303832041134532, 0.24945889352878844], "mean_score_time": [2.0360106945037844, 0.29520525932312014, 1.0855061054229735, 0.6418418884277344, 1.8360914230346679, 0.31019058227539065, 1.4575119018554688, 0.39175729751586913, 1.5987109661102294, 0.1449228286743164], "std_score_time": [0.2817273519676976, 0.129768258225452, 0.24650910875806714, 0.012652809171832261, 0.9590162942803109, 0.0925631326953775, 0.20818004912471033, 0.17742309627186967, 0.4241943130183718, 0.01761587330083933]}, "score": 0.9108579492403022}, "RandomForestClassifier": {"params": {"classification__n_estimators": 200, "classification__min_samples_split": 5, "classification__min_samples_leaf": 1, "classification__max_features": "sqrt", "classification__max_depth": 20, "classification__bootstrap": true}, "times": {"mean_fit_time": [0.8872247219085694, 1.049604320526123, 1.4526655673980713, 1.2917671203613281, 0.8915491104125977], "std_fit_time": [0.17180120852186864, 0.0764054256924796, 0.06864685396971368, 0.10736876059725292, 0.0646618653646951], "mean_score_time": [0.046996450424194335, 0.039901208877563474, 0.05330219268798828, 0.023907232284545898, 0.029731893539428712], "std_score_time": [0.031363055960420716, 0.03380802585852058, 0.041484443708382245, 0.02792206490948193, 0.018930222312273315]}, "score": 0.9766467192937782}, "KNeighborsClassifier": {"params": {"classification__weights": "distance", "classification__n_neighbors": 5, "classification__metric": "euclidean", "classification__leaf_size": 30}, "times": {"mean_fit_time": [0.15048685073852539, 0.1475581169128418, 0.1362912178039551, 0.07725739479064941, 0.0884018898010254], "std_fit_time": [0.055719822831430954, 0.06617423448193914, 0.04568415615957507, 0.013133451460854205, 0.011572628322499895], "mean_score_time": [0.03434720039367676, 0.019676685333251953, 0.022148656845092773, 0.015183544158935547, 0.020223522186279298], "std_score_time": [0.018951552730046443, 0.011732318996819504, 0.007204326289246541, 0.0066160616942952865, 0.004819009942946392]}, "score": 0.1655525846702317}, "ComplementNB": {"params": {"classification__alpha": 0}, "times": {"mean_fit_time": [0.2605557918548584, 0.2600212574005127, 0.37290496826171876, 0.2621908664703369, 0.25447492599487304], "std_fit_time": [0.08032904117228648, 0.08109823840043195, 0.12213885851862769, 0.026789458727763057, 0.05000361560747938], "mean_score_time": [0.19754996299743652, 0.18905582427978515, 0.16937832832336425, 0.05630383491516113, 0.036699962615966794], "std_score_time": [0.0765912259527641, 0.08063542468694733, 0.07411085161087622, 0.016907009218366575, 0.006960134971881779]}, "score": 0.55708853238265}}