{"[NN]NeuralNetwork": {"params": {"classification__epochs": 20, "classification__batch_size": 25}, "times": {"mean_fit_time": [58.85761880874634, 46.5381317615509, 62.72043089866638, 69.4942702293396, 67.62714743614197, 66.13721499443054, 72.0264262676239, 50.68881187438965, 72.69506497383118, 55.680820894241336], "std_fit_time": [0.48393556878098726, 1.1072614508783925, 0.6443233654414895, 0.5522308959081821, 0.7331332436501337, 0.7061536421364285, 2.5631458046033, 1.150663187082442, 0.278011572969627, 1.3302736647155788], "mean_score_time": [0.7569265365600586, 0.8826653003692627, 0.4680515766143799, 0.2828364372253418, 0.3312088966369629, 0.3802631855010986, 0.3705111026763916, 0.9486911296844482, 0.20657110214233398, 0.6547431468963623], "std_score_time": [0.15631814671242647, 0.2823759839515498, 0.1911760495084728, 0.0698714755757998, 0.05509864964887684, 0.1785570945462328, 0.10444834910776388, 0.16192340675676556, 0.052031576549953815, 0.13625948896782128]}, "score": 0.8979919303005868}, "RandomForestClassifier": {"params": {"classification__n_estimators": 200, "classification__min_samples_split": 5, "classification__min_samples_leaf": 1, "classification__max_features": null, "classification__max_depth": 80, "classification__bootstrap": true}, "times": {"mean_fit_time": [0.25266118049621583, 0.2573697090148926, 2.4681063175201414, 0.2752796173095703, 3.135379123687744], "std_fit_time": [0.017188778478431064, 0.030281281199202117, 0.361597468611841, 0.04383069315306299, 0.2854560907836792], "mean_score_time": [0.02758755683898926, 0.041618633270263675, 0.01879596710205078, 0.0033216476440429688, 0.026586437225341798], "std_score_time": [0.012404773881592567, 0.02409796522739533, 0.014411474640522575, 0.000994712885352934, 0.01828756461404761]}, "score": 0.9624615906968849}, "KNeighborsClassifier": {"params": {"classification__weights": "uniform", "classification__n_neighbors": 17, "classification__metric": "euclidean", "classification__leaf_size": 23}, "times": {"mean_fit_time": [0.09621310234069824, 0.09538426399230956, 0.1246068000793457, 0.11296172142028808, 0.10601725578308105], "std_fit_time": [0.01476295193557152, 0.022786022111212407, 0.00979035207826482, 0.02860114790880849, 0.029965100172231363], "mean_score_time": [0.010936880111694336, 0.013398027420043946, 0.009559106826782227, 0.016995573043823244, 0.01717233657836914], "std_score_time": [0.0023668241823591547, 0.004905978202571316, 0.005305233108117762, 0.0074926819096717045, 0.008544211885000541]}, "score": 0.773425430778372}, "ComplementNB": {"params": {"classification__alpha": 1.0}, "times": {"mean_fit_time": [0.31452226638793945, 0.26066884994506834, 0.24073357582092286, 0.26621184349060056, 0.25308876037597655], "std_fit_time": [0.10807510188617635, 0.10477314732423164, 0.09724048428452758, 0.07992157927912664, 0.05446983206418842], "mean_score_time": [0.11424174308776855, 0.12482590675354004, 0.11459345817565918, 0.05224113464355469, 0.05792999267578125], "std_score_time": [0.05781606835005415, 0.03869690706483417, 0.03430561561006729, 0.035628772745365175, 0.035826899202047936]}, "score": 0.6091023682200152}, "LogisticRegression": {"params": {"classification__solver": "newton-cg", "classification__C": 0.01}, "times": {"mean_fit_time": [67.35869369506835, 487.4403425693512, 79.18729438781739, 19.96003589630127, 347.1535434246063], "std_fit_time": [6.663043571708733, 5.2255360528621715, 0.5888651560813829, 0.1522287723342537, 6.733853302643685], "mean_score_time": [0.09077458381652832, 0.02320261001586914, 0.008445978164672852, 0.01666717529296875, 0.008438396453857421], "std_score_time": [0.04739215107609218, 0.02741647761940198, 0.0048773367104069, 0.00874073504253783, 0.003918399218612034]}, "score": 0.8904362957304134}, "LinearSVC": {"params": {"classification__loss": "squared_hinge", "classification__C": 1.0}, "times": {"mean_fit_time": [80.29820032119751, 80.4289740562439, 83.79136710166931, 183.01678276062012, 183.1967758178711], "std_fit_time": [58.92530552703787, 60.19976986828018, 57.44756660374811, 79.88568019499284, 80.22576380213765], "mean_score_time": [0.0032529830932617188, 0.003268861770629883, 0.0036043643951416014, 0.003878068923950195, 0.00428166389465332], "std_score_time": [0.00048468715702538296, 0.0008741803692672973, 0.0004571393195718496, 0.0006217530958554069, 0.0006804948180199903]}, "score": 0.8678210678210678}, "SVC One-Vs-One": {"params": {"classification__kernel": "rbf", "classification__C": 100}, "times": {"mean_fit_time": [1.7741782188415527, 2.029784154891968, 1.6394531726837158, 0.6686553955078125, 0.41045174598693845], "std_fit_time": [1.405022159903146, 1.1611379805609796, 1.1500918162304279, 0.37343710118003115, 0.17191620124470158], "mean_score_time": [0.40200328826904297, 0.6257950782775878, 0.46563382148742677, 0.8516997814178466, 0.9882115840911865], "std_score_time": [0.16175176599366933, 0.3401995856875993, 0.25543969081590073, 0.31058016420580403, 0.8114591488758263]}, "score": 0.9187377981495629}, "LinearSVC One-Vs-The-Rest": {"params": {"classification__loss": "squared_hinge", "classification__C": 1.0}, "times": {"mean_fit_time": [27.12377014160156, 25.481939554214478, 26.259578466415405, 34.59034366607666, 36.61542019844055], "std_fit_time": [3.455211893182115, 3.3555532836608064, 3.036050813166212, 1.2651433224902522, 1.3004182048364783], "mean_score_time": [0.0026070117950439454, 0.003873729705810547, 0.0029382705688476562, 0.004084396362304688, 0.003499126434326172], "std_score_time": [0.0003054090293964775, 0.0008745187579478495, 0.0008339985360997275, 0.000659593096131321, 0.0002560753880747156]}, "score": 0.843307019777608}}