{"[NN]NeuralNetwork": {"params": {"classification__epochs": 20, "classification__batch_size": 30}, "times": {"mean_fit_time": [42.31684031486511, 64.30204572677613, 49.88407492637634, 61.8488290309906, 48.5271897315979, 66.55863542556763, 54.704718065261844, 65.63407278060913, 46.18858137130737, 68.162473487854], "std_fit_time": [0.9423012946713949, 0.7367958149494669, 24.101305551203097, 1.179952718916998, 1.3354998909182725, 1.0318531474880692, 0.9316910309179858, 0.39699621653676337, 1.2310669812090564, 0.22860058790224272], "mean_score_time": [0.9259578704833984, 0.35695362091064453, 0.5187497138977051, 0.5312077045440674, 0.9658680915832519, 0.2253511905670166, 0.7479288101196289, 0.3458235263824463, 1.1716040134429933, 0.12620940208435058], "std_score_time": [0.17117102976376924, 0.08441710962093525, 0.34368469077937575, 0.06933776745446779, 0.3940576825005599, 0.06789191492145372, 0.03144407428688636, 0.04874391793343144, 0.3747118042492218, 0.018348420767501743]}, "score": 0.9129740684152449}, "RandomForestClassifier": {"params": {"classification__n_estimators": 200, "classification__min_samples_split": 5, "classification__min_samples_leaf": 1, "classification__max_features": "sqrt", "classification__max_depth": 20, "classification__bootstrap": true}, "times": {"mean_fit_time": [1.6035608291625976, 2.7919610023498533, 4.257169342041015, 5.537477254867554, 5.190338039398194], "std_fit_time": [0.1684838984522977, 0.6639924427247249, 0.060343629223616864, 0.0651596794362885, 0.08874059114126794], "mean_score_time": [0.013718843460083008, 0.17948803901672364, 0.06176671981811523, 0.062340497970581055, 0.19944067001342775], "std_score_time": [0.013228250551761458, 0.1554112044793288, 0.04616835086031998, 0.02200148366100381, 0.12102904028160663]}, "score": 0.9766467192937782}, "KNeighborsClassifier": {"params": {"classification__weights": "distance", "classification__n_neighbors": 5, "classification__metric": "euclidean", "classification__leaf_size": 30}, "times": {"mean_fit_time": [0.2773138046264648, 0.22235503196716308, 0.28408522605895997, 0.2324582576751709, 0.23427934646606446], "std_fit_time": [0.10986718460446698, 0.029015038596671056, 0.11563274855155294, 0.032713791101763194, 0.05856632016690084], "mean_score_time": [0.1534475326538086, 0.14284248352050782, 0.10431251525878907, 0.044998455047607425, 0.10036873817443848], "std_score_time": [0.07394020855786473, 0.08254528011600008, 0.050834944526661464, 0.019192379696182857, 0.04948277840795197]}, "score": 0.1655525846702317}, "ComplementNB": {"params": {"classification__alpha": 0}, "times": {"mean_fit_time": [0.3607630729675293, 0.44681754112243655, 0.5749443054199219, 0.3052986621856689, 0.4896663188934326], "std_fit_time": [0.08051426922920356, 0.2645991967874778, 0.09825040620558266, 0.08666833040438372, 0.16664365345802584], "mean_score_time": [0.2393261432647705, 0.19718422889709472, 0.27892050743103025, 0.2559688568115234, 0.2611550807952881], "std_score_time": [0.04729708780741773, 0.0975359041059414, 0.02673426228502278, 0.08973606554417743, 0.05353107552357681]}, "score": 0.55708853238265}, "LogisticRegression": {"params": {"classification__solver": "lbfgs", "classification__C": 0.01}, "times": {"mean_fit_time": [115.98478736877442, 57.6560239315033, 58.12901186943054, 91.46103086471558, 18.304388523101807], "std_fit_time": [0.45881114136188694, 3.868190415347643, 4.729245085400565, 8.217539894980904, 0.07018763345125568], "mean_score_time": [0.0037645816802978514, 0.9245212554931641, 0.2882801055908203, 0.004349040985107422, 0.012194967269897461], "std_score_time": [0.0009719994695844539, 0.9382418136724073, 0.294833121454539, 0.0009049140833742903, 0.008348851867667217]}, "score": 0.6709854851031322}, "LinearSVC": {"params": {"classification__loss": "hinge", "classification__C": 0.01}, "times": {"mean_fit_time": [98.43945970535279, 204.1734962463379, 58.89663610458374, 66.96916480064392, 68.11789236068725], "std_fit_time": [95.55286054333493, 116.9036092450566, 8.426504158682146, 11.207733302132725, 21.18008097161511], "mean_score_time": [0.019768619537353517, 0.03147726058959961, 0.033307361602783206, 0.029645824432373048, 0.023141908645629882], "std_score_time": [0.010127781508413841, 0.018931364622408527, 0.024568222961365273, 0.010907764208669896, 0.010921225377061843]}, "score": 0.9021585603938546}, "SVC One-Vs-One": {"params": {"classification__kernel": "poly", "classification__C": 1.0}, "times": {"mean_fit_time": [2.1221900939941407, 4.704726600646973, 3.7189159393310547, 4.725363111495971, 1.7232161521911622], "std_fit_time": [1.9103650400261336, 1.842556471620237, 2.5107465438462584, 2.6020886347713037, 2.2101003644728956], "mean_score_time": [0.4965370655059814, 0.3919520378112793, 0.9035758972167969, 1.861946439743042, 1.4681500911712646], "std_score_time": [0.40991795417554144, 0.3722893640153753, 0.35246400431019276, 0.8565390288724511, 1.0106365622125468]}, "score": 0.771438332908921}, "LinearSVC One-Vs-The-Rest": {"params": {"classification__loss": "squared_hinge", "classification__C": 0.1}, "times": {"mean_fit_time": [39.66510663032532, 37.163039207458496, 40.07761187553406, 44.78940453529358, 55.32080268859863], "std_fit_time": [3.711023556188922, 2.918346384430024, 1.9517869967470107, 6.737526915888588, 3.2056122739713024], "mean_score_time": [0.00718231201171875, 0.004138422012329101, 0.004094934463500977, 0.006564474105834961, 0.0042912960052490234], "std_score_time": [0.00437508764162803, 0.0008328317380126457, 0.0016782690644294464, 0.0031869460950088016, 0.00046166296550192743]}, "score": 0.8557096171802054}}