{"[NN]NeuralNetwork": {"params": {"classification__epochs": 20, "classification__batch_size": 25}, "times": {"mean_fit_time": [73.6824104309082, 75.85071148872376, 50.50013489723206, 68.79519085884094, 78.22821097373962, 47.2819965839386, 69.82941489219665, 79.26052551269531, 59.359804487228395, 80.68119835853577], "std_fit_time": [1.061597309607991, 0.7799824414272157, 0.5834024545851328, 1.0158730683161905, 0.6402926752192646, 0.7944483652124936, 3.4670728329171685, 0.40979758231132674, 0.8893496345491689, 0.1497211817548628], "mean_score_time": [0.893980884552002, 0.6017038822174072, 1.5284220695495605, 1.3750274181365967, 0.3404387474060059, 1.7180706024169923, 1.3817421913146972, 0.2489004611968994, 0.8258112907409668, 0.14387383460998535], "std_score_time": [0.30226947127488196, 0.1680121799698577, 0.2924280508536843, 0.23232361929892015, 0.14761398661677932, 0.10925979884345192, 0.4883402392500589, 0.07285946801425072, 0.32404362401231473, 0.021415172176413536]}, "score": 0.8981621156621158}, "RandomForestClassifier": {"params": {"classification__n_estimators": 1000, "classification__min_samples_split": 5, "classification__min_samples_leaf": 1, "classification__max_features": "sqrt", "classification__max_depth": 20, "classification__bootstrap": false}, "times": {"mean_fit_time": [1.452406644821167, 5.353698635101319, 1.9568166255950927, 1.7950961112976074, 5.338120794296264], "std_fit_time": [0.11527178159105922, 0.10827232296723145, 0.06353312451292112, 0.1375638882349653, 0.22850303152667098], "mean_score_time": [0.029514026641845704, 0.0508082389831543, 0.029503726959228517, 0.029914474487304686, 0.05424623489379883], "std_score_time": [0.01267733758155434, 0.03838683303867765, 0.025006338433309978, 0.02198687791012223, 0.028464562872363902]}, "score": 0.9683503496095408}, "KNeighborsClassifier": {"params": {"classification__weights": "uniform", "classification__n_neighbors": 13, "classification__metric": "euclidean", "classification__leaf_size": 20}, "times": {"mean_fit_time": [0.11431646347045898, 0.12438778877258301, 0.10241484642028809, 0.08576455116271972, 0.10479583740234374], "std_fit_time": [0.020677918127308105, 0.016850276706033205, 0.027092160742155195, 0.015839173342796872, 0.017973078046671313], "mean_score_time": [0.014492416381835937, 0.017884349822998045, 0.015976572036743165, 0.014626073837280273, 0.022406959533691408], "std_score_time": [0.006993552975589061, 0.004255493736276284, 0.006152315850912474, 0.003743866295360669, 0.006894733818021208]}, "score": 0.7747893058738647}, "ComplementNB": {"params": {"classification__alpha": 0.5}, "times": {"mean_fit_time": [0.3347475051879883, 0.32667927742004393, 0.301755428314209, 0.28997054100036623, 0.2046048641204834], "std_fit_time": [0.09521061895539334, 0.13122232928256586, 0.08345915771396362, 0.08586720196330776, 0.0989199669049744], "mean_score_time": [0.16474475860595703, 0.1418248176574707, 0.15779561996459962, 0.061728906631469724, 0.07474784851074219], "std_score_time": [0.021010512483970158, 0.024285030628550495, 0.03354307098604684, 0.01577001531029102, 0.020019830261032195]}, "score": 0.5657787963670315}}