{"[NN]NeuralNetwork": {"params": {"classification__epochs": 20, "classification__batch_size": 20}, "times": {"mean_fit_time": [92.33786144256592, 77.11681671142578, 61.01296033859253, 71.33384375572204, 56.499244117736815, 87.26550097465515, 67.29799799919128, 77.70305285453796, 89.57497668266296, 82.91491618156434], "std_fit_time": [0.5175028435872617, 1.8674488643286722, 0.2715789642549205, 1.2555719337809177, 1.325023437919386, 0.9550252169973058, 1.0687369232779904, 1.3437072847161018, 0.5934541051369174, 1.17578321530653], "mean_score_time": [0.4670727729797363, 1.3389331817626953, 2.4681586742401125, 1.1245546817779541, 2.2851218700408937, 0.4467178821563721, 1.0694722175598144, 1.452433204650879, 0.5051874637603759, 0.8394418239593506], "std_score_time": [0.07514485661516347, 0.264739226808112, 0.2368296039416946, 0.3453205715457733, 0.26533399753566805, 0.14268986154555352, 0.21288576725689679, 0.33594673762755095, 0.11874507968136433, 0.3241667057669388]}, "score": 0.89938156070509}, "RandomForestClassifier": {"params": {"classification__n_estimators": 200, "classification__min_samples_split": 2, "classification__min_samples_leaf": 1, "classification__max_features": "log2", "classification__max_depth": 20, "classification__bootstrap": false}, "times": {"mean_fit_time": [1.7532048225402832, 6.313425588607788, 5.876066875457764, 3.3147253036499023, 2.181666898727417], "std_fit_time": [0.06116685210497818, 1.84807613930124, 1.3834520148285794, 0.0666793334355434, 0.062315130682289895], "mean_score_time": [0.05359706878662109, 0.008952760696411132, 0.04695558547973633, 0.03958539962768555, 0.060045051574707034], "std_score_time": [0.02584422340348849, 0.0031047331593118343, 0.03382988635359341, 0.015389353261861678, 0.04535169155177974]}, "score": 0.9714374575587812}, "KNeighborsClassifier": {"params": {"classification__weights": "uniform", "classification__n_neighbors": 9, "classification__metric": "manhattan", "classification__leaf_size": 23}, "times": {"mean_fit_time": [0.0971841812133789, 0.1375514030456543, 0.18049473762512208, 0.18261961936950682, 0.13876729011535643], "std_fit_time": [0.019631513092966315, 0.036842148385165654, 0.03971882503022936, 0.07366541681565797, 0.06393990380954734], "mean_score_time": [0.023806428909301756, 0.026003026962280275, 0.025413990020751953, 0.02895321846008301, 0.03179845809936523], "std_score_time": [0.008355622073867116, 0.01033028620745027, 0.018644052174715983, 0.01992019102696483, 0.00888070080887351]}, "score": 0.8925455977845684}, "ComplementNB": {"params": {"classification__alpha": 0.5}, "times": {"mean_fit_time": [0.350935173034668, 0.26636505126953125, 0.3348513126373291, 0.34801607131958007, 0.32963409423828127], "std_fit_time": [0.05888464818037605, 0.09022769658195022, 0.08881550634481172, 0.07253550805088052, 0.07514717374040837], "mean_score_time": [0.09771671295166015, 0.10567646026611328, 0.11482939720153809, 0.12698464393615722, 0.1323406219482422], "std_score_time": [0.03035349640280963, 0.051261609741400725, 0.04233448765335682, 0.04280963363209771, 0.03681917818338243]}, "score": 0.5675013793396146}}