{"[NN]NeuralNetwork": {"params": {"classification__epochs": 20, "classification__batch_size": 20}, "times": {"mean_fit_time": [52.224651432037355, 55.34643988609314, 44.563216304779054, 67.29731297492981, 59.9346538066864, 60.22576975822449, 46.97152943611145, 68.42960925102234, 65.92436084747314, 63.12170701026916], "std_fit_time": [0.7134242496518836, 0.36254507522321255, 1.2693983236240476, 0.2691514017632156, 1.1327614765975682, 1.3216984483801177, 1.1550773565506183, 0.140158486714829, 0.4506586985658245, 0.47836499435842983], "mean_score_time": [0.6365159034729004, 1.2040534496307373, 1.3109180927276611, 0.2303786277770996, 0.6055497646331787, 0.4901022434234619, 1.4735909938812255, 0.14786310195922853, 0.28171401023864745, 0.373854398727417], "std_score_time": [0.17416787097547323, 0.24905383524843008, 0.3411158035432766, 0.04151208331021655, 0.0870098766947841, 0.1650503126201057, 0.28472591624268034, 0.01696171986133541, 0.06199369445157738, 0.04999034270777815]}, "score": 0.9093488908595863}, "RandomForestClassifier": {"params": {"classification__n_estimators": 100, "classification__min_samples_split": 10, "classification__min_samples_leaf": 4, "classification__max_features": "log2", "classification__max_depth": 10, "classification__bootstrap": false}, "times": {"mean_fit_time": [14.427081394195557, 9.330580043792725, 0.3560781002044678, 12.596192026138306, 0.579410982131958], "std_fit_time": [2.1518389517528145, 1.1273992636375243, 0.041072906316460746, 0.9142615755506714, 0.0253323339178214], "mean_score_time": [0.014617633819580079, 0.18637051582336425, 0.01714324951171875, 0.05297842025756836, 0.047834157943725586], "std_score_time": [0.010905539126405073, 0.2972897797972721, 0.009960584432778677, 0.012852764309375615, 0.02648777028077166]}, "score": 0.9686698921993038}, "KNeighborsClassifier": {"params": {"classification__weights": "uniform", "classification__n_neighbors": 9, "classification__metric": "minkowski", "classification__leaf_size": 16}, "times": {"mean_fit_time": [0.25574455261230467, 0.22961130142211914, 0.2553425312042236, 0.23987278938293458, 0.20518817901611328], "std_fit_time": [0.04522318848561566, 0.07524190173890864, 0.04922172036048708, 0.06512526173994022, 0.05823800594744861], "mean_score_time": [0.04631748199462891, 0.041655874252319335, 0.018772268295288087, 0.032204818725585935, 0.0386232852935791], "std_score_time": [0.014844699303660766, 0.021763882963246415, 0.009601478819183142, 0.015248570255773836, 0.01253280509024019]}, "score": 0.7926521517697989}, "ComplementNB": {"params": {"classification__alpha": 0.5}, "times": {"mean_fit_time": [0.5189547538757324, 0.6097450733184815, 0.7174251079559326, 0.44029674530029295, 0.42013821601867674], "std_fit_time": [0.19308520852273353, 0.27285688667938174, 0.1578926629017812, 0.05964975213255036, 0.0926508095396321], "mean_score_time": [0.07942895889282227, 0.06723504066467285, 0.0766983985900879, 0.03153581619262695, 0.060454273223876955], "std_score_time": [0.03792700513672382, 0.026395737538767658, 0.036340287594653735, 0.015841017539470353, 0.017426290741226726]}, "score": 0.5858713182242594}, "LogisticRegression": {"params": {"classification__solver": "newton-cg", "classification__C": 1.0}, "times": {"mean_fit_time": [103.92327513694764, 106.53212280273438, 4363.175768232346, 66.82399253845215, 4486.463502454758], "std_fit_time": [1.3666200681601197, 1.850379986383364, 234.76981479763054, 0.6463729764047046, 64.9947671792042], "mean_score_time": [0.20339446067810057, 0.045163440704345706, 0.04273490905761719, 0.0707118034362793, 0.029877233505249023], "std_score_time": [0.12759860285284444, 0.05309034582004983, 0.050344443916343254, 0.04049878659827867, 0.015213666412844922]}, "score": 0.8622035480859009}, "LinearSVC": {"params": {"classification__loss": "squared_hinge", "classification__C": 100}, "times": {"mean_fit_time": [87.48877582550048, 132.6005566596985, 79.05235986709594, 298.14462480545046, 480.28897590637206], "std_fit_time": [41.76487127258134, 101.15381882814204, 31.747051226502684, 97.78305268816219, 110.12793060648511], "mean_score_time": [0.013917493820190429, 0.04331517219543457, 0.019696807861328124, 0.04106593132019043, 0.006248855590820312], "std_score_time": [0.01123341317299286, 0.013135203092126287, 0.01808096703042713, 0.03527452264351731, 0.0019998010503932823]}, "score": 0.8609931245225362}, "SVC One-Vs-One": {"params": {"classification__kernel": "rbf", "classification__C": 10}, "times": {"mean_fit_time": [1.4758903503417968, 1.3755602836608887, 2.264480638504028, 0.5870643615722656, 0.7443121433258056], "std_fit_time": [1.3530606688888247, 1.2670733657980773, 1.3711462470890192, 0.29380260522395735, 0.5923352772676048], "mean_score_time": [0.4881866455078125, 0.4409517288208008, 0.20704278945922852, 0.7236846923828125, 1.0631588459014893], "std_score_time": [0.19913722587917207, 0.2863389603945707, 0.24012571445405143, 0.21277396621360217, 0.7175435924565804]}, "score": 0.8949151175621763}, "LinearSVC One-Vs-The-Rest": {"params": {"classification__loss": "squared_hinge", "classification__C": 1.0}, "times": {"mean_fit_time": [25.36870484352112, 25.732705640792847, 26.409753704071044, 34.24014167785644, 34.841385984420775], "std_fit_time": [2.3601220794671294, 2.7455513017090505, 3.0476341933233906, 1.8924364692268099, 1.7039694359649733], "mean_score_time": [0.0030801773071289064, 0.002958345413208008, 0.002934885025024414, 0.0039402484893798825, 0.003744363784790039], "std_score_time": [0.00036378892149426683, 0.00046715837382937204, 0.0003202497213094262, 0.0005266985898669455, 0.00040286687249632626]}, "score": 0.8420363296833886}}