{"[NN]NeuralNetwork": {"params": {"classification__epochs": 20, "classification__batch_size": 25}, "times": {"mean_fit_time": [71.95248265266419, 66.29268684387208, 62.02460265159607, 49.10567727088928, 56.26243968009949, 52.33524312973022, 78.27106561660767, 79.79278750419617, 76.87862277030945, 70.20083713531494], "std_fit_time": [0.4757334567590795, 0.7020812983678795, 0.8959334797003433, 1.2718517010362709, 0.5045020696236727, 0.8329433165507804, 0.3043561511956627, 0.2712180313030597, 0.5793316966461344, 0.5834571085908963], "mean_score_time": [0.6130564212799072, 0.6887226581573487, 1.3890226364135743, 1.8524542331695557, 1.3717200756072998, 1.9726753234863281, 0.2954563140869141, 0.14582424163818358, 0.4490853786468506, 0.9776551246643066], "std_score_time": [0.15470562578631347, 0.2061739960100297, 0.20959537920334678, 0.2699004205432042, 0.39591001571447487, 0.22946593116394617, 0.1115986252490585, 0.0246125978528495, 0.08793178375212869, 0.2047448167845413]}, "score": 0.881815210932858}, "RandomForestClassifier": {"params": {"classification__n_estimators": 400, "classification__min_samples_split": 5, "classification__min_samples_leaf": 1, "classification__max_features": "log2", "classification__max_depth": 50, "classification__bootstrap": false}, "times": {"mean_fit_time": [2.8613752365112304, 2.420582389831543, 0.4849128246307373, 2.590061569213867, 2.0174895763397216], "std_fit_time": [0.07939973573753624, 0.2644748786558608, 0.052082511603762496, 0.14269185707432003, 0.13168948338039335], "mean_score_time": [0.04917192459106445, 0.19205107688903808, 0.014255189895629882, 0.08129777908325195, 0.07459940910339355], "std_score_time": [0.03653812954414756, 0.09660299550087369, 0.008155660248224483, 0.09197142999003201, 0.04521744941591435]}, "score": 0.9720215813598166}, "KNeighborsClassifier": {"params": {"classification__weights": "uniform", "classification__n_neighbors": 11, "classification__metric": "manhattan", "classification__leaf_size": 30}, "times": {"mean_fit_time": [0.16898708343505858, 0.24938054084777833, 0.2400031566619873, 0.13576531410217285, 0.21111183166503905], "std_fit_time": [0.06381793640404522, 0.051415655964520024, 0.043529160018190585, 0.0631961918055646, 0.08594930546716524], "mean_score_time": [0.02288994789123535, 0.03479022979736328, 0.03316774368286133, 0.059322690963745116, 0.03554415702819824], "std_score_time": [0.013771741041870256, 0.014697012499400282, 0.011484859923819788, 0.02629220883016212, 0.013655086234669215]}, "score": 0.8841962959426194}, "ComplementNB": {"params": {"classification__alpha": 0.5}, "times": {"mean_fit_time": [0.8414562225341797, 1.027282428741455, 0.7165351390838623, 0.5055500030517578, 0.5417455673217774], "std_fit_time": [0.3508020998463914, 0.4786704694644639, 0.5392966274804006, 0.2169286802420839, 0.2572927718233647], "mean_score_time": [0.28502779006958007, 0.265156888961792, 0.19079942703247071, 0.33440380096435546, 0.42659358978271483], "std_score_time": [0.01755120473469326, 0.11150836698286598, 0.06809216245181007, 0.22695489494830823, 0.14788969236255656]}, "score": 0.5760371970757999}}