{"[NN]NeuralNetwork": {"params": {"classification__epochs": 20, "classification__batch_size": 30}, "times": {"mean_fit_time": [61.73266572952271, 51.842413139343265, 40.30791292190552, 54.91212358474731, 54.32013611793518, 57.944518423080446, 44.07269678115845, 62.635579681396486, 60.009201002120975, 47.95595359802246], "std_fit_time": [0.5745636569778565, 24.19132053274369, 0.713461478208774, 0.9505459585340288, 0.7621247405158558, 0.6125554682130223, 0.6516782707237161, 0.3983288795939436, 0.7436066681321577, 0.9352597657137672], "mean_score_time": [0.30054030418395994, 0.10147862434387207, 1.2315803050994873, 0.6649889469146728, 0.7613913536071777, 0.41489830017089846, 0.9701828002929688, 0.19978432655334472, 0.3382859230041504, 0.44946990013122556], "std_score_time": [0.1198430399020427, 0.051211679139806024, 0.31484048883477816, 0.15465862713203077, 0.06850226265535145, 0.09759921331145587, 0.36666050694779057, 0.04562874977625367, 0.15897423540600616, 0.1314181777719784]}, "score": 0.8890057417330144}, "RandomForestClassifier": {"params": {"classification__n_estimators": 300, "classification__min_samples_split": 10, "classification__min_samples_leaf": 1, "classification__max_features": "log2", "classification__max_depth": 80, "classification__bootstrap": false}, "times": {"mean_fit_time": [0.9880619049072266, 1.3427167415618897, 0.2601935863494873, 1.3929272174835206, 1.0273521423339844], "std_fit_time": [0.04358228005235995, 0.08215655046695236, 0.023906425994772645, 0.03758918524449228, 0.04571302581182672], "mean_score_time": [0.016857624053955078, 0.04091711044311523, 0.025090122222900392, 0.03185944557189942, 0.03826298713684082], "std_score_time": [0.012950352008921001, 0.02006674247824413, 0.021882637116928613, 0.015626126579868123, 0.04661297105155172]}, "score": 0.959881164587047}, "KNeighborsClassifier": {"params": {"classification__weights": "uniform", "classification__n_neighbors": 13, "classification__metric": "euclidean", "classification__leaf_size": 13}, "times": {"mean_fit_time": [0.11710929870605469, 0.10738110542297363, 0.16897821426391602, 0.08399362564086914, 0.06875534057617187], "std_fit_time": [0.03731178217569596, 0.013934549585843708, 0.040080371799235515, 0.01841567260328886, 0.016784127988988876], "mean_score_time": [0.01348567008972168, 0.03063626289367676, 0.019814395904541017, 0.014735937118530273, 0.01026167869567871], "std_score_time": [0.004897107416363343, 0.014446272729466789, 0.022345873636435105, 0.008254607911566719, 0.001971580660621468]}, "score": 0.8125426534250065}, "ComplementNB": {"params": {"classification__alpha": 0.5}, "times": {"mean_fit_time": [0.13416213989257814, 0.1373056411743164, 0.136550235748291, 0.18173785209655763, 0.17228527069091798], "std_fit_time": [0.020473990443450982, 0.009447974883310546, 0.014686472602362437, 0.012100931445032843, 0.02424268919438207], "mean_score_time": [0.027892112731933594, 0.027816152572631835, 0.027248668670654296, 0.026271820068359375, 0.024384355545043944], "std_score_time": [0.007788994399320947, 0.011835704845365762, 0.007304626301055609, 0.0028278468841078526, 0.013062822861700381]}, "score": 0.5697843986079281}, "LogisticRegression": {"params": {"classification__solver": "newton-cg", "classification__C": 0.01}, "times": {"mean_fit_time": [86.96502079963685, 504.57948207855225, 85.70031814575195, 129.30785403251647, 284.196457862854], "std_fit_time": [8.91649982075302, 2.118556330547236, 10.817517106715572, 9.036713212458025, 7.093781311939386], "mean_score_time": [0.03437166213989258, 0.004794883728027344, 0.027472400665283205, 0.05426101684570313, 0.00862135887145996], "std_score_time": [0.030641424047674868, 0.0007376981591828316, 0.024765647537379087, 0.06189107936583745, 0.003259033566007157]}, "score": 0.8671339444868856}, "LinearSVC": {"params": {"classification__loss": "squared_hinge", "classification__C": 0.01}, "times": {"mean_fit_time": [175.33991522789, 24.758030223846436, 20.91229314804077, 60.867939186096194, 23.945097303390504], "std_fit_time": [65.74578277731676, 18.616154967602597, 10.666277911343881, 31.514628086258448, 15.475653749362943], "mean_score_time": [0.0037778377532958984, 0.007726287841796875, 0.012717294692993163, 0.004381561279296875, 0.006850814819335938], "std_score_time": [0.0005223483174957495, 0.005302521627635995, 0.0099089216288172, 0.0003918267751757612, 0.002771714539365025]}, "score": 0.8798523045581869}, "SVC One-Vs-One": {"params": {"classification__kernel": "poly", "classification__C": 10}, "times": {"mean_fit_time": [1.2886664867401123, 1.6336214542388916, 2.005277490615845, 0.4565983772277832, 0.439270544052124], "std_fit_time": [1.2134233090409077, 1.2862633527113883, 1.0400090977759342, 0.2565554534973615, 0.1386029434316198], "mean_score_time": [0.40836944580078127, 0.45211400985717776, 0.4634419918060303, 1.4897025585174561, 1.4372657775878905], "std_score_time": [0.1408752399183172, 0.3060311941168563, 0.15526906899054135, 0.9847573775772896, 0.6491715913559494]}, "score": 0.8273516679399032}, "LinearSVC One-Vs-The-Rest": {"params": {"classification__loss": "squared_hinge", "classification__C": 0.01}, "times": {"mean_fit_time": [29.82380166053772, 38.174187135696414, 29.093466329574586, 37.101629209518435, 55.47089581489563], "std_fit_time": [2.3348904819770855, 3.752052124373887, 5.26331627638155, 3.685458799432377, 3.2430076749386463], "mean_score_time": [0.0032561302185058595, 0.002850246429443359, 0.003676176071166992, 0.008875846862792969, 0.003958415985107422], "std_score_time": [0.0008894864469990506, 0.0003938473853365987, 0.0012175326693583807, 0.006786077333165238, 0.0005141250500313196]}, "score": 0.8336945081062728}}