{"[NN]NeuralNetwork": {"params": {"classification__epochs": 20, "classification__batch_size": 20}, "times": {"mean_fit_time": [79.58221611976623, 74.302641248703, 81.330601644516, 67.42740077972412, 77.41680145263672, 46.489230489730836, 69.71764073371887, 82.92009239196777, 68.71730875968933, 52.83449444770813], "std_fit_time": [0.27896232134061855, 0.7740377736486255, 0.3372455536961448, 6.578304735771439, 0.5037608745184934, 0.708548779949851, 0.8545480217036836, 0.2786339450364005, 1.0410260599333927, 0.8443711992131223], "mean_score_time": [0.6004411697387695, 0.9225934505462646, 0.3242948055267334, 0.9460976600646973, 0.6708331108093262, 1.581632423400879, 1.0340682029724122, 0.15465731620788575, 0.9853503227233886, 1.7678799152374267], "std_score_time": [0.22059299147670627, 0.12745126114127558, 0.09038074232984014, 0.4712001889088746, 0.279516234344452, 0.26512537909972905, 0.26095798935658915, 0.019100781229401675, 0.13936843288090112, 0.552643652461659]}, "score": 0.9039381202081737}, "RandomForestClassifier": {"params": {"classification__n_estimators": 1000, "classification__min_samples_split": 5, "classification__min_samples_leaf": 1, "classification__max_features": "log2", "classification__max_depth": null, "classification__bootstrap": false}, "times": {"mean_fit_time": [0.8038493156433105, 6.349601078033447, 0.12390666007995606, 1.0460165023803711, 6.875975227355957], "std_fit_time": [0.1321192698248566, 0.2327585074030066, 0.02400083507471572, 0.17486373659183796, 0.18120584729819275], "mean_score_time": [0.009050226211547852, 0.04763436317443848, 0.009711503982543945, 0.003775787353515625, 0.07743358612060547], "std_score_time": [0.006290432199193161, 0.03056488546446213, 0.008831473766740284, 0.0005320066297479502, 0.05476757026779326]}, "score": 0.976545417409388}, "KNeighborsClassifier": {"params": {"classification__weights": "distance", "classification__n_neighbors": 5, "classification__metric": "manhattan", "classification__leaf_size": 23}, "times": {"mean_fit_time": [0.14960827827453613, 0.16377811431884765, 0.2547295570373535, 0.20963687896728517, 0.1642141819000244], "std_fit_time": [0.052523542012484034, 0.014602190142953837, 0.014002338086111663, 0.0723058869458128, 0.07423091915283042], "mean_score_time": [0.022332429885864258, 0.07768940925598145, 0.01761326789855957, 0.039187955856323245, 0.03872828483581543], "std_score_time": [0.009391515469973358, 0.02810534026540178, 0.010479369072505079, 0.024017278060649547, 0.010458710032267678]}, "score": 0.19828074601052542}, "ComplementNB": {"params": {"classification__alpha": 0.5}, "times": {"mean_fit_time": [0.32804150581359864, 0.3268253326416016, 0.3407255172729492, 0.4435296058654785, 0.37015533447265625], "std_fit_time": [0.04133027722143579, 0.03896962880427418, 0.02496639161519389, 0.10651969942753792, 0.10854623298038375], "mean_score_time": [0.09134116172790527, 0.08099546432495117, 0.08481001853942871, 0.13169007301330565, 0.10381522178649902], "std_score_time": [0.03728838169240913, 0.02463764670615478, 0.011970951420793309, 0.04370195003631402, 0.02861609132225711]}, "score": 0.5738627079619726}}