{"[NN]NeuralNetwork": {"params": {"classification__epochs": 20, "classification__batch_size": 20}, "times": {"mean_fit_time": [58.62818536758423, 55.65044150352478, 52.336653566360475, 43.33766250610351, 48.35392875671387, 44.481189250946045, 63.36734313964844, 64.59004120826721, 62.239480876922606, 58.76107039451599], "std_fit_time": [0.8451603276134572, 0.6679526397958563, 1.2495032182889794, 1.3686161849579712, 0.8866731352971698, 0.9664557574469371, 0.4674314345424245, 0.21540959529571047, 0.33244989947852277, 0.6413855398713113], "mean_score_time": [0.5768974304199219, 0.7195847511291504, 0.5120031833648682, 1.083120584487915, 0.7543758392333985, 1.2427318572998047, 0.1994083881378174, 0.1414426803588867, 0.3145021438598633, 0.5479252815246582], "std_score_time": [0.1265270036144095, 0.13079557809517622, 0.1873909127988674, 0.3716499934387041, 0.22290248209780003, 0.2317704295330119, 0.0394183738217776, 0.045543312779793906, 0.07073064090753568, 0.14910728221236735]}, "score": 0.8883229352347}, "RandomForestClassifier": {"params": {"classification__n_estimators": 400, "classification__min_samples_split": 5, "classification__min_samples_leaf": 1, "classification__max_features": "log2", "classification__max_depth": 50, "classification__bootstrap": false}, "times": {"mean_fit_time": [2.1030329704284667, 1.7134164333343507, 0.4039177894592285, 2.108570671081543, 1.843135404586792], "std_fit_time": [0.050744136327909646, 0.05680875393063388, 0.034280688116658534, 0.2559917406580465, 0.07636256543273698], "mean_score_time": [0.034963560104370114, 0.09968152046203613, 0.016370677947998048, 0.045908117294311525, 0.06348919868469238], "std_score_time": [0.03153126030049372, 0.07676857121650493, 0.014326916153926917, 0.037987679390946834, 0.030546543732325716]}, "score": 0.9720215813598166}, "KNeighborsClassifier": {"params": {"classification__weights": "uniform", "classification__n_neighbors": 11, "classification__metric": "manhattan", "classification__leaf_size": 30}, "times": {"mean_fit_time": [0.13828845024108888, 0.13989777565002443, 0.15139670372009278, 0.15527305603027344, 0.1501223087310791], "std_fit_time": [0.050855953170822005, 0.045005632719510615, 0.029454152156074543, 0.08088694243720089, 0.05728646389488089], "mean_score_time": [0.015194892883300781, 0.02643694877624512, 0.0304715633392334, 0.029122447967529295, 0.0340914249420166], "std_score_time": [0.0020495804657878394, 0.014443453305515485, 0.00846363270415272, 0.015264850642261506, 0.010651162686378949]}, "score": 0.8841962959426194}, "ComplementNB": {"params": {"classification__alpha": 0.5}, "times": {"mean_fit_time": [0.23672261238098144, 0.19675025939941407, 0.2699291229248047, 0.2995649814605713, 0.22593393325805664], "std_fit_time": [0.06209066074540233, 0.05111108135205008, 0.034225504317338916, 0.0547217883631416, 0.09500717566391205], "mean_score_time": [0.10492339134216308, 0.07501378059387206, 0.09489874839782715, 0.04009232521057129, 0.05986080169677734], "std_score_time": [0.058942526165458045, 0.024723460873159308, 0.013842858316369534, 0.008204149400847282, 0.016118571212926935]}, "score": 0.5760371970757999}}