{"[NN]NeuralNetwork": {"params": {"classification__epochs": 20, "classification__batch_size": 25}, "times": {"mean_fit_time": [78.2524115562439, 67.91313128471374, 92.51403913497924, 61.092841911315915, 51.64523992538452, 67.32241802215576, 75.49094882011414, 45.22488136291504, 79.60249447822571, 72.25285959243774], "std_fit_time": [0.24239908779862013, 1.1760828642318684, 18.78023083960062, 0.6357719650101503, 0.6455718097919798, 1.4817747175570317, 0.486682689639694, 0.5412713560484756, 0.21980906674194334, 0.6223522429967324], "mean_score_time": [0.2566002368927002, 1.021170425415039, 0.26357059478759765, 1.6993923664093018, 1.8793764114379883, 1.2295326232910155, 0.5550319671630859, 2.306354522705078, 0.21390609741210936, 0.6924777030944824], "std_score_time": [0.08371693779940625, 0.21184960364397482, 0.15047093094926622, 0.35803584790496257, 0.4940897052990456, 0.37384180967581426, 0.22697230110865668, 0.3360430254399016, 0.06098352422031609, 0.03386210214115519]}, "score": 0.8928561886716967}, "RandomForestClassifier": {"params": {"classification__n_estimators": 300, "classification__min_samples_split": 10, "classification__min_samples_leaf": 4, "classification__max_features": "log2", "classification__max_depth": 60, "classification__bootstrap": true}, "times": {"mean_fit_time": [15.348784637451171, 1.095736598968506, 0.16795473098754882, 0.21735353469848634, 1.1737098693847656], "std_fit_time": [1.9163165320334954, 0.08603732857518812, 0.014063819965726334, 0.023667172657612725, 0.0471296168888025], "mean_score_time": [0.03941855430603027, 0.013981389999389648, 0.024109268188476564, 0.012358617782592774, 0.03238334655761719], "std_score_time": [0.015980453108659178, 0.008234062049211174, 0.013122707648352546, 0.008867410862474985, 0.03256845256025282]}, "score": 0.964308871275783}, "KNeighborsClassifier": {"params": {"classification__weights": "uniform", "classification__n_neighbors": 17, "classification__metric": "euclidean", "classification__leaf_size": 20}, "times": {"mean_fit_time": [0.10309920310974122, 0.10766663551330566, 0.10177474021911621, 0.09264483451843261, 0.09087557792663574], "std_fit_time": [0.023986937426976586, 0.018851402141515223, 0.025074662713352146, 0.02155732006454616, 0.02056749120812193], "mean_score_time": [0.011280965805053712, 0.013456010818481445, 0.012437391281127929, 0.012482070922851562, 0.01326446533203125], "std_score_time": [0.004495525496667416, 0.003902727408747421, 0.003849722854857433, 0.006504994667665182, 0.004068156204427152]}, "score": 0.7572009485612426}, "ComplementNB": {"params": {"classification__alpha": 0.5}, "times": {"mean_fit_time": [0.23554039001464844, 0.27116761207580564, 0.2706147193908691, 0.2960329532623291, 0.2800508975982666], "std_fit_time": [0.05708620113325394, 0.02891055070753177, 0.03383307382793185, 0.05883590550128771, 0.032194547314906376], "mean_score_time": [0.07311010360717773, 0.054990100860595706, 0.0571047306060791, 0.06522135734558106, 0.0641758918762207], "std_score_time": [0.03198631412254161, 0.02694350829201159, 0.022494960315083665, 0.008940802156971024, 0.0069729634548144695]}, "score": 0.5876315677786266}}