{"[NN]NeuralNetwork": {"params": {"classification__epochs": 20, "classification__batch_size": 25}, "times": {"mean_fit_time": [44.64737448692322, 59.387559747695924, 66.07497577667236, 70.84314661026, 42.28991565704346, 76.97403798103332, 61.01578369140625, 75.66092267036439, 47.95244388580322, 78.96669874191284], "std_fit_time": [0.9114736329520842, 28.04976059986307, 0.8914143451409071, 1.0930419591161664, 19.541571334373756, 0.7796703354909477, 0.860075780214922, 0.7536930852023618, 0.6318939238491745, 0.28136491465673796], "mean_score_time": [1.229391860961914, 0.6060256958007812, 0.8047518253326416, 0.9078298091888428, 1.124931001663208, 0.3255325794219971, 1.2682975292205811, 0.3939501762390137, 2.182608938217163, 0.22217044830322266], "std_score_time": [0.3160470216282535, 0.48747535487526034, 0.1930830686287013, 0.31544021054318966, 0.7367935359969376, 0.10357062773123149, 0.4889301525714613, 0.10705964427104286, 0.30035326083420366, 0.04370246853061701]}, "score": 0.9112615652321535}, "RandomForestClassifier": {"params": {"classification__n_estimators": 200, "classification__min_samples_split": 5, "classification__min_samples_leaf": 1, "classification__max_features": "sqrt", "classification__max_depth": 20, "classification__bootstrap": true}, "times": {"mean_fit_time": [0.8489779472351074, 1.2195804595947266, 1.7283528804779054, 1.5804635047912599, 1.0379263877868652], "std_fit_time": [0.12980259843093886, 0.1037997173739621, 0.09787850150644396, 0.11047962198528016, 0.05955817267717904], "mean_score_time": [0.007879829406738282, 0.012442827224731445, 0.0249330997467041, 0.03213047981262207, 0.03033585548400879], "std_score_time": [0.005451393926174036, 0.011329535975820829, 0.017764718449052624, 0.020150578612815724, 0.01957247250574665]}, "score": 0.9766467192937782}, "KNeighborsClassifier": {"params": {"classification__weights": "distance", "classification__n_neighbors": 5, "classification__metric": "euclidean", "classification__leaf_size": 30}, "times": {"mean_fit_time": [0.1729361057281494, 0.17502336502075194, 0.17420125007629395, 0.09651727676391601, 0.0902486801147461], "std_fit_time": [0.02786444645437319, 0.061442859655356605, 0.049377988888500465, 0.02320278502757944, 0.014092909391181496], "mean_score_time": [0.03557462692260742, 0.03477311134338379, 0.027158355712890624, 0.018969154357910155, 0.017983102798461915], "std_score_time": [0.008244744409053944, 0.020753329224071766, 0.012904484801104394, 0.005364111221016878, 0.008594417551121267]}, "score": 0.1655525846702317}, "ComplementNB": {"params": {"classification__alpha": 0}, "times": {"mean_fit_time": [0.4881070613861084, 0.4341277599334717, 0.7582929134368896, 0.28084263801574705, 0.2792362213134766], "std_fit_time": [0.22748556547508997, 0.2015936392532708, 0.21685106258024622, 0.11378238290012418, 0.13146559598796187], "mean_score_time": [0.20640106201171876, 0.20681238174438477, 0.2553114414215088, 0.1455373764038086, 0.18821921348571777], "std_score_time": [0.08576347262381714, 0.06021684127124688, 0.05372433009176371, 0.04709340739864535, 0.07333575217895408]}, "score": 0.55708853238265}}