{"[NN]NeuralNetwork": {"params": {"classification__epochs": 20, "classification__batch_size": 20}, "times": {"mean_fit_time": [68.04587507247925, 63.874475431442264, 69.0359504699707, 55.76965327262879, 66.4797125339508, 43.20194139480591, 61.554824638366696, 70.17858810424805, 59.76093978881836, 48.58495407104492], "std_fit_time": [0.4588190988100507, 0.4630869560584322, 0.4483500315602721, 0.5750185160950321, 0.6479734938580235, 1.304392937767188, 1.403516462882762, 0.19205222155456517, 1.0208542268200314, 0.7405289427123628], "mean_score_time": [0.3396189212799072, 0.48438053131103515, 0.2860714912414551, 0.8188558578491211, 0.363749361038208, 0.997005844116211, 0.5310163974761963, 0.17151956558227538, 0.6690964698791504, 0.9142271041870117], "std_score_time": [0.024449410082557153, 0.11801191366551197, 0.07955664650034325, 0.2050645586428149, 0.1017351467283924, 0.24167044041472782, 0.17318990096959813, 0.024795350161856026, 0.23775309253378388, 0.07077898029374313]}, "score": 0.9076803801269042}, "RandomForestClassifier": {"params": {"classification__n_estimators": 1000, "classification__min_samples_split": 5, "classification__min_samples_leaf": 1, "classification__max_features": "log2", "classification__max_depth": null, "classification__bootstrap": false}, "times": {"mean_fit_time": [0.7521031379699707, 4.28180718421936, 0.11481232643127441, 0.9855199813842773, 4.268846702575684], "std_fit_time": [0.1196755328721259, 0.11048129288586406, 0.01181580049476632, 0.17390794687617062, 0.4263265778452257], "mean_score_time": [0.006549072265625, 0.05423827171325683, 0.008316326141357421, 0.004685831069946289, 0.03554930686950684], "std_score_time": [0.004278905784511859, 0.039660588042382205, 0.0026152577645534316, 0.002671754448892008, 0.027489414029767366]}, "score": 0.976545417409388}, "KNeighborsClassifier": {"params": {"classification__weights": "distance", "classification__n_neighbors": 5, "classification__metric": "manhattan", "classification__leaf_size": 23}, "times": {"mean_fit_time": [0.14018635749816893, 0.15888047218322754, 0.22510533332824706, 0.1848132610321045, 0.14710798263549804], "std_fit_time": [0.04897976526541544, 0.06227494139784452, 0.014260660459938042, 0.058295691837956985, 0.06345560262002141], "mean_score_time": [0.016753673553466797, 0.029642486572265626, 0.01139225959777832, 0.036751937866210935, 0.025170326232910156], "std_score_time": [0.011133270812173796, 0.02706329098426274, 0.004596406477474033, 0.02703120625165191, 0.006649630626551744]}, "score": 0.19828074601052542}, "ComplementNB": {"params": {"classification__alpha": 0.5}, "times": {"mean_fit_time": [0.24823203086853027, 0.26668262481689453, 0.26726694107055665, 0.2946450233459473, 0.29302682876586916], "std_fit_time": [0.0769153172053093, 0.07046470750390055, 0.05984456830039734, 0.04887980044332834, 0.03516811891621274], "mean_score_time": [0.11114587783813476, 0.10754656791687012, 0.09048924446105958, 0.040009069442749026, 0.0653909683227539], "std_score_time": [0.055439780891212626, 0.05553931638641503, 0.04089704856935978, 0.00467066054645412, 0.02552212191338375]}, "score": 0.5738627079619726}}