{"[NN]NeuralNetwork": {"params": {"classification__epochs": 20, "classification__batch_size": 20}, "times": {"mean_fit_time": [66.01715550422668, 49.60893573760986, 70.57814364433288, 87.5440728187561, 78.73705916404724, 75.77553844451904, 82.17405858039857, 54.41476092338562, 83.79424619674683, 60.65813889503479], "std_fit_time": [1.6193156529993182, 1.3313895677972885, 0.9523675503451254, 14.216844733562375, 0.779513657123799, 0.5669370681542032, 0.5335091880511477, 1.2458639367064857, 0.23484263377940534, 1.2423882153922152], "mean_score_time": [1.6128748416900636, 1.6902250289916991, 1.698884630203247, 0.36577520370483396, 0.7294925689697266, 1.0591660499572755, 0.29138927459716796, 1.912663507461548, 0.1257709503173828, 1.5340840816497803], "std_score_time": [0.3886244299034125, 0.2795645608710984, 0.4011202997915369, 0.2230220053957422, 0.041430558129498155, 0.27848289815365124, 0.06347092123321947, 0.4170908897437349, 0.016163863894311063, 0.39383854284884867]}, "score": 0.9026444846189164}, "RandomForestClassifier": {"params": {"classification__n_estimators": 200, "classification__min_samples_split": 5, "classification__min_samples_leaf": 1, "classification__max_features": null, "classification__max_depth": 80, "classification__bootstrap": true}, "times": {"mean_fit_time": [0.2495732307434082, 0.23282365798950194, 2.8350481033325194, 0.28351659774780275, 3.7988564014434814], "std_fit_time": [0.03880557830215125, 0.031320277107268646, 0.3919568548399973, 0.035918639672474315, 0.5745419436272352], "mean_score_time": [0.018837547302246092, 0.02520618438720703, 0.017929553985595703, 0.00434565544128418, 0.013149356842041016], "std_score_time": [0.017244586322432816, 0.017596246253170626, 0.010222244148588574, 0.0008449296645974306, 0.008087615347427189]}, "score": 0.9624615906968849}, "KNeighborsClassifier": {"params": {"classification__weights": "uniform", "classification__n_neighbors": 17, "classification__metric": "euclidean", "classification__leaf_size": 23}, "times": {"mean_fit_time": [0.13862013816833496, 0.15045809745788574, 0.14483919143676757, 0.10490589141845703, 0.12609825134277344], "std_fit_time": [0.025336302198123727, 0.030288930546046245, 0.030485579363662817, 0.019492266258384884, 0.02514210204972021], "mean_score_time": [0.01888895034790039, 0.012891006469726563, 0.016329383850097655, 0.02422480583190918, 0.014554405212402343], "std_score_time": [0.006420933711511209, 0.006373560033245415, 0.006599120882719123, 0.009729449331164604, 0.007253136822839797]}, "score": 0.773425430778372}, "ComplementNB": {"params": {"classification__alpha": 1.0}, "times": {"mean_fit_time": [0.3200582981109619, 0.3383747100830078, 0.3223114490509033, 0.6049592018127441, 0.46804080009460447], "std_fit_time": [0.06631013230773346, 0.06020727193794448, 0.07895412762827704, 0.1409490115554755, 0.13169978795831933], "mean_score_time": [0.09562563896179199, 0.10559558868408203, 0.11162986755371093, 0.08104543685913086, 0.07507343292236328], "std_score_time": [0.052431499710461314, 0.03814710925167185, 0.015556786185348654, 0.01737815557712123, 0.02587636070133318]}, "score": 0.6091023682200152}}