{"[NN]NeuralNetwork": {"params": {"classification__epochs": 20, "classification__batch_size": 25}, "times": {"mean_fit_time": [47.27236680984497, 76.7311152458191, 69.04233231544495, 82.15753121376038, 55.14065356254578, 80.26193561553956, 63.704768896102905, 78.53308181762695, 51.33228349685669, 81.94194021224976], "std_fit_time": [1.1632031164769212, 1.0661368549378554, 0.8061225673054889, 16.4779845023258, 0.7301009107034608, 0.6879989622460077, 1.1618322986214948, 0.8028306303127707, 0.733963991624773, 0.2819722796354696], "mean_score_time": [1.7806347370147706, 0.49457240104675293, 1.337146234512329, 0.7664867877960205, 0.8847501277923584, 0.21357812881469726, 1.440958595275879, 0.3460627555847168, 1.51766996383667, 0.1765693187713623], "std_score_time": [0.3359583037039087, 0.1787775322435363, 0.39457013832624954, 0.46077919650297705, 0.12637549272991438, 0.05737725845964089, 0.506207189001384, 0.08508260485974833, 0.24276206255653462, 0.04150956459904452]}, "score": 0.9011423054070115}, "RandomForestClassifier": {"params": {"classification__n_estimators": 200, "classification__min_samples_split": 5, "classification__min_samples_leaf": 1, "classification__max_features": "sqrt", "classification__max_depth": 20, "classification__bootstrap": true}, "times": {"mean_fit_time": [0.8073719024658204, 1.1262479782104493, 1.488442850112915, 1.3718432426452636, 0.8856682300567627], "std_fit_time": [0.053238824150418716, 0.10398652536301677, 0.1623981626014477, 0.08800490770568091, 0.06626809802420491], "mean_score_time": [0.010003137588500976, 0.020171070098876955, 0.016269683837890625, 0.0212679386138916, 0.026605749130249025], "std_score_time": [0.011233856892947853, 0.01401352343713383, 0.018765001365678092, 0.010081985817739116, 0.013032629201909205]}, "score": 0.9766467192937782}, "KNeighborsClassifier": {"params": {"classification__weights": "distance", "classification__n_neighbors": 5, "classification__metric": "euclidean", "classification__leaf_size": 30}, "times": {"mean_fit_time": [0.14464187622070312, 0.18620872497558594, 0.1362884521484375, 0.09537053108215332, 0.08997983932495117], "std_fit_time": [0.005316666055249706, 0.031382686694463875, 0.05499445042931366, 0.020948324770004117, 0.020926138702246654], "mean_score_time": [0.02258453369140625, 0.035531139373779295, 0.017131280899047852, 0.012114906311035156, 0.016114091873168944], "std_score_time": [0.014271752838771192, 0.012811950413860091, 0.009626930999853477, 0.004560849852747274, 0.006321738716044803]}, "score": 0.1655525846702317}, "ComplementNB": {"params": {"classification__alpha": 0}, "times": {"mean_fit_time": [0.24847803115844727, 0.25557456016540525, 0.3555030822753906, 0.24057884216308595, 0.2420832633972168], "std_fit_time": [0.038236547508109044, 0.07480190972720456, 0.058076731351003906, 0.020126219125843073, 0.04241366131807605], "mean_score_time": [0.08851747512817383, 0.09457454681396485, 0.15415377616882325, 0.053904485702514646, 0.03787589073181152], "std_score_time": [0.03875111077111337, 0.0445995683262667, 0.007333706484495688, 0.0302878680980002, 0.01887796502487058]}, "score": 0.55708853238265}}