{"[NN]NeuralNetwork": {"params": {"classification__epochs": 20, "classification__batch_size": 20}, "times": {"mean_fit_time": [78.47475166320801, 50.0126519203186, 72.09147443771363, 60.49980483055115, 46.99775667190552, 76.08794918060303, 74.71781215667724, 54.90271883010864, 68.23122220039367, 63.850190830230716], "std_fit_time": [0.2609686548871459, 1.0310849401928495, 0.864148313120047, 0.6568424967341716, 0.9397167648447088, 0.6888827652604695, 0.9283868847644284, 1.1313746646494482, 0.7849013101563771, 0.9354867887552243], "mean_score_time": [0.1882497787475586, 1.95577392578125, 0.7429856300354004, 0.9924171447753907, 1.497021245956421, 0.2967900276184082, 0.2767984867095947, 2.0275890827178955, 0.7274927616119384, 0.8852570533752442], "std_score_time": [0.04793410690013594, 0.4994920870966179, 0.24928972605272112, 0.16088059447254355, 0.486252508977332, 0.09531051168431139, 0.07681229708643161, 0.43648272624708917, 0.14995406457321137, 0.42591271113884765]}, "score": 0.8929697535579889}, "RandomForestClassifier": {"params": {"classification__n_estimators": 100, "classification__min_samples_split": 10, "classification__min_samples_leaf": 4, "classification__max_features": "sqrt", "classification__max_depth": 60, "classification__bootstrap": true}, "times": {"mean_fit_time": [0.529778003692627, 7.957483100891113, 8.070265913009644, 6.49818525314331, 0.6862608432769776], "std_fit_time": [0.06164830390440559, 0.9713785963658781, 1.109612771497063, 0.7430514665043705, 0.06833482298486333], "mean_score_time": [0.01109156608581543, 0.10547862052917481, 0.030402660369873047, 0.023120355606079102, 0.012180089950561523], "std_score_time": [0.01023087566498515, 0.01549756888672802, 0.014727992838677944, 0.015810714894317793, 0.005169059808129187]}, "score": 0.9642625769760496}, "KNeighborsClassifier": {"params": {"classification__weights": "uniform", "classification__n_neighbors": 3, "classification__metric": "euclidean", "classification__leaf_size": 16}, "times": {"mean_fit_time": [0.12082157135009766, 0.1428915500640869, 0.12976231575012206, 0.11120109558105469, 0.13181395530700685], "std_fit_time": [0.02229406247958443, 0.032790420666547915, 0.020770334588013358, 0.03159624192075424, 0.026556750904724803], "mean_score_time": [0.012137746810913086, 0.016368675231933593, 0.013213729858398438, 0.015048646926879882, 0.011780929565429688], "std_score_time": [0.0020122658844382796, 0.013925499991249332, 0.008073713197927481, 0.0052757596020396825, 0.003167307281182042]}, "score": 0.846147747466533}, "ComplementNB": {"params": {"classification__alpha": 0}, "times": {"mean_fit_time": [0.34839091300964353, 0.5173187732696534, 0.5576662063598633, 0.5640949249267578, 0.6195779323577881], "std_fit_time": [0.14266170521097643, 0.15110090155572078, 0.2085780461102029, 0.3033049840480422, 0.2519420272999091], "mean_score_time": [0.16297636032104493, 0.15798535346984863, 0.14001007080078126, 0.16408591270446776, 0.23270397186279296], "std_score_time": [0.06210785207108648, 0.03105407434689372, 0.045091281245411535, 0.04987274219461171, 0.09659816936304273]}, "score": 0.5833228599357632}}