{"[NN]NeuralNetwork": {"params": {"classification__epochs": 20, "classification__batch_size": 25}, "times": {"mean_fit_time": [79.27001066207886, 66.6267303466797, 78.32888460159302, 62.56750988960266, 77.28852500915528, 53.17441720962525, 49.25713448524475, 71.4503547668457, 57.14372410774231, 71.72658138275146], "std_fit_time": [0.30796967578331247, 0.8952834437317513, 0.6932637408133099, 0.976540852566567, 1.1001576316611095, 1.1842634114755803, 1.1230854667530463, 1.3316201183529823, 0.8066241357708849, 1.3436843760680774], "mean_score_time": [0.2022078037261963, 0.9873400211334229, 0.32654123306274413, 1.0919864177703857, 0.22463741302490234, 1.5330004692077637, 1.5929673671722413, 0.7344645977020263, 1.20830397605896, 0.5462185859680175], "std_score_time": [0.040919033086325905, 0.2503830958581684, 0.10173610998914713, 0.32039571202152395, 0.03220648095917401, 0.41053506433049625, 0.41670962542047424, 0.06380107766207925, 0.3031463925030101, 0.24406408820175787]}, "score": 0.8945098855392972}, "RandomForestClassifier": {"params": {"classification__n_estimators": 200, "classification__min_samples_split": 5, "classification__min_samples_leaf": 2, "classification__max_features": "log2", "classification__max_depth": 30, "classification__bootstrap": false}, "times": {"mean_fit_time": [1.1885456085205077, 3.049960422515869, 23.195484924316407, 1.100424337387085, 2.4873669147491455], "std_fit_time": [0.07349153807386961, 0.15420163976706383, 1.7005916262245209, 0.0481966230146308, 0.15386320052148636], "mean_score_time": [0.06039361953735352, 0.038705968856811525, 0.04282083511352539, 0.03680400848388672, 0.042460393905639646], "std_score_time": [0.019910975693872388, 0.02792515861920953, 0.023737039433984017, 0.025456621860422673, 0.03338130620975548]}, "score": 0.9685412953060013}, "KNeighborsClassifier": {"params": {"classification__weights": "uniform", "classification__n_neighbors": 7, "classification__metric": "manhattan", "classification__leaf_size": 20}, "times": {"mean_fit_time": [0.1193880558013916, 0.17304468154907227, 0.21025357246398926, 0.13240280151367187, 0.17052998542785644], "std_fit_time": [0.03231540971519867, 0.05532044576169879, 0.011728491751300836, 0.0785320452375072, 0.05369052627071701], "mean_score_time": [0.019814205169677735, 0.01418004035949707, 0.009878110885620118, 0.029969167709350587, 0.04560246467590332], "std_score_time": [0.005705579293045938, 0.0034225959594604213, 0.004865215996801927, 0.012328257172010816, 0.019194249839877782]}, "score": 0.8953391053391053}, "ComplementNB": {"params": {"classification__alpha": 0.5}, "times": {"mean_fit_time": [0.3205678462982178, 0.277253246307373, 0.28942141532897947, 0.3024930477142334, 0.2763677597045898], "std_fit_time": [0.16032786397154794, 0.11334422197826999, 0.10170911157212306, 0.046667318478025424, 0.03929530091919212], "mean_score_time": [0.1964722156524658, 0.26786160469055176, 0.2699626922607422, 0.06624851226806641, 0.06808381080627442], "std_score_time": [0.0677658532694503, 0.10899633286597289, 0.09929902896229349, 0.011982636117869464, 0.021328422023403848]}, "score": 0.5815885748238689}}