{"[NN]NeuralNetwork": {"params": {"classification__epochs": 20, "classification__batch_size": 20}, "times": {"mean_fit_time": [47.62291135787964, 77.899214220047, 69.73774642944336, 74.76243524551391, 55.93345513343811, 80.99376330375671, 65.10953707695008, 79.88202753067017, 51.5279926776886, 82.78204574584962], "std_fit_time": [1.3395999498206248, 0.6725199060412324, 1.091724586988506, 1.1527950429958684, 1.2784658983159793, 0.7975732664765434, 1.1260573258283257, 0.7197717588872407, 1.1856944127376143, 0.2522310554856679], "mean_score_time": [1.2850234031677246, 0.42473416328430175, 0.8861419677734375, 0.7395864486694336, 1.647731876373291, 0.27087931632995604, 1.0789808273315429, 0.3964066982269287, 1.8948086261749268, 0.17197937965393068], "std_score_time": [0.3962221634336437, 0.151171538249641, 0.10855564068572153, 0.17472392205508686, 0.31791813658994456, 0.08563233448658408, 0.39797108378342555, 0.11658215883585936, 0.3326409217923496, 0.04386807281765291]}, "score": 0.8952648332060097}, "RandomForestClassifier": {"params": {"classification__n_estimators": 200, "classification__min_samples_split": 5, "classification__min_samples_leaf": 1, "classification__max_features": "sqrt", "classification__max_depth": 20, "classification__bootstrap": true}, "times": {"mean_fit_time": [1.2413107395172118, 1.7076847076416015, 2.3438901901245117, 1.9426790237426759, 1.2700852870941162], "std_fit_time": [0.1407916125716879, 0.14710879229682253, 0.09209377122704658, 0.04033590036131242, 0.07059388386461132], "mean_score_time": [0.01386432647705078, 0.008186769485473634, 0.026705217361450196, 0.04622087478637695, 0.04117941856384277], "std_score_time": [0.015668897931605693, 0.007171696093508603, 0.015056039517972311, 0.037993429676739944, 0.022128340115549528]}, "score": 0.9766467192937782}, "KNeighborsClassifier": {"params": {"classification__weights": "distance", "classification__n_neighbors": 5, "classification__metric": "euclidean", "classification__leaf_size": 30}, "times": {"mean_fit_time": [0.1561023235321045, 0.21228628158569335, 0.1372509479522705, 0.2576596260070801, 0.3794997215270996], "std_fit_time": [0.05168661626914142, 0.06638870954562144, 0.032625793472929585, 0.0629698442099119, 0.09599598193423808], "mean_score_time": [0.05123324394226074, 0.03555107116699219, 0.04535794258117676, 0.10408272743225097, 0.07216153144836426], "std_score_time": [0.025612066841877567, 0.03450121804978639, 0.025538999648399646, 0.03516472245539779, 0.0606013055711002]}, "score": 0.1655525846702317}, "ComplementNB": {"params": {"classification__alpha": 0}, "times": {"mean_fit_time": [0.5522345542907715, 0.5590745449066162, 0.6859990119934082, 0.48169846534729005, 0.43047165870666504], "std_fit_time": [0.12490506703451179, 0.15011805040608941, 0.14826325892735903, 0.11656876869978426, 0.0790533074809356], "mean_score_time": [0.16373081207275392, 0.1761303424835205, 0.1670600414276123, 0.07073683738708496, 0.10026202201843262], "std_score_time": [0.07298746386374443, 0.07351738814999988, 0.07555156918854997, 0.034537665777471006, 0.028712819233487875]}, "score": 0.55708853238265}}