{"[NN]NeuralNetwork": {"params": {"classification__epochs": 20, "classification__batch_size": 20}, "times": {"mean_fit_time": [67.79376230239868, 51.53107399940491, 72.639612865448, 82.96261315345764, 80.65230741500855, 77.65993218421936, 83.87304883003235, 56.03274941444397, 85.12444672584533, 62.62168469429016], "std_fit_time": [1.1452431484780579, 0.8908081337078717, 1.0256413530528299, 0.49306884040100757, 0.7031556088234081, 0.9226380871997479, 0.3579822496572893, 1.0964351317191785, 0.20775087961539387, 1.4192042086725707], "mean_score_time": [1.2633960247039795, 2.5552706718444824, 0.9302672386169434, 0.5263368129730225, 0.4132716655731201, 0.5122110843658447, 0.3905629634857178, 1.9024728775024413, 0.17396073341369628, 1.4713428497314454], "std_score_time": [0.3200729338721694, 0.2716903942103593, 0.22312026405669558, 0.18847927629772118, 0.15348846822277853, 0.09998555978843411, 0.14838844966137457, 0.5332080849400864, 0.041835269925895834, 0.1209331760004295]}, "score": 0.9064832197226916}, "RandomForestClassifier": {"params": {"classification__n_estimators": 200, "classification__min_samples_split": 5, "classification__min_samples_leaf": 1, "classification__max_features": null, "classification__max_depth": 80, "classification__bootstrap": true}, "times": {"mean_fit_time": [0.38829817771911623, 0.3408292293548584, 3.685908555984497, 0.3576526641845703, 4.5022117614746096], "std_fit_time": [0.016250449981816, 0.04230601149006, 0.7340523092426955, 0.04678497391789864, 0.7949912576127824], "mean_score_time": [0.015060043334960938, 0.03521847724914551, 0.026296567916870118, 0.0030956268310546875, 0.02054319381713867], "std_score_time": [0.009311287021383863, 0.01437853870621177, 0.0192645970578162, 0.0011445561652363636, 0.024445176526380393]}, "score": 0.9624615906968849}, "KNeighborsClassifier": {"params": {"classification__weights": "uniform", "classification__n_neighbors": 17, "classification__metric": "euclidean", "classification__leaf_size": 23}, "times": {"mean_fit_time": [0.10171275138854981, 0.10288357734680176, 0.11092429161071778, 0.07896080017089843, 0.09881339073181153], "std_fit_time": [0.020312659901300108, 0.022505895292117547, 0.02003601930651992, 0.009175975515973876, 0.019388423584260905], "mean_score_time": [0.015056180953979491, 0.01538844108581543, 0.019599151611328126, 0.017538738250732423, 0.01737813949584961], "std_score_time": [0.006397679350725176, 0.005452668885436307, 0.01118547177725792, 0.005100402488715189, 0.00903774778287053]}, "score": 0.773425430778372}, "ComplementNB": {"params": {"classification__alpha": 1.0}, "times": {"mean_fit_time": [0.25780391693115234, 0.2295196533203125, 0.27591814994812014, 0.19461703300476074, 0.2494387149810791], "std_fit_time": [0.03267210032257974, 0.06127038013972821, 0.08095368175127807, 0.011472509414050097, 0.043751909053938956], "mean_score_time": [0.06613326072692871, 0.05661144256591797, 0.0479945182800293, 0.04901390075683594, 0.07581925392150879], "std_score_time": [0.017210389365751616, 0.031320016250629086, 0.019757110777508427, 0.017489097901830116, 0.01854034891084312]}, "score": 0.6091023682200152}}