{"[NN]NeuralNetwork": {"params": {"classification__epochs": 20, "classification__batch_size": 20}, "times": {"mean_fit_time": [81.68794827461242, 63.838585662841794, 80.49337182044982, 58.37124614715576, 83.40638914108277, 53.58546628952026, 72.45441675186157, 78.31946306228637, 72.19467549324035, 49.527699041366574], "std_fit_time": [0.4872849909120451, 0.8347361748603009, 0.4061821518179313, 1.0950553860567658, 0.2773279790021146, 0.6028062325224335, 1.4817613275232533, 0.7020120496431319, 0.8985860084353708, 1.0333603735630652], "mean_score_time": [0.27282066345214845, 0.9668384552001953, 0.3868542671203613, 1.2295530319213868, 0.19472179412841797, 2.612572431564331, 0.7891268730163574, 0.5025224685668945, 0.8312296390533447, 2.8276551246643065], "std_score_time": [0.03451648652804999, 0.1257506991787672, 0.07727269007477922, 0.4626285633000606, 0.03375460567481403, 0.22526600880769507, 0.2040565998182175, 0.1906630441804229, 0.22840654362171023, 0.3759642011985554]}, "score": 0.9047689402101167}, "RandomForestClassifier": {"params": {"classification__n_estimators": 400, "classification__min_samples_split": 10, "classification__min_samples_leaf": 4, "classification__max_features": "sqrt", "classification__max_depth": 30, "classification__bootstrap": true}, "times": {"mean_fit_time": [13.426389026641846, 3.0358787059783934, 5.043519401550293, 20.03494510650635, 6.227716302871704], "std_fit_time": [1.327834704844961, 0.42263089350853483, 0.3565552941399615, 0.9563709295290017, 0.8676569063777244], "mean_score_time": [0.022991228103637695, 0.0464818000793457, 0.01729164123535156, 0.01792001724243164, 0.3713092803955078], "std_score_time": [0.012932629121854803, 0.019668434871550018, 0.010828840511941431, 0.0035867529928052975, 0.6325928666399224]}, "score": 0.9675448550632375}, "KNeighborsClassifier": {"params": {"classification__weights": "uniform", "classification__n_neighbors": 3, "classification__metric": "manhattan", "classification__leaf_size": 30}, "times": {"mean_fit_time": [0.29851622581481935, 0.3603623390197754, 0.34342942237854, 0.18626046180725098, 0.16101818084716796], "std_fit_time": [0.06285785172753178, 0.09862536664184106, 0.09378666809603575, 0.035654654406150524, 0.07200635100005104], "mean_score_time": [0.024847984313964844, 0.038108205795288085, 0.031325149536132815, 0.038813447952270506, 0.022904443740844726], "std_score_time": [0.017679757083044426, 0.0231949919292516, 0.0337397341273419, 0.024454195070844457, 0.0021597959244749826]}, "score": 0.9326710646379764}, "ComplementNB": {"params": {"classification__alpha": 1.0}, "times": {"mean_fit_time": [0.313846492767334, 0.2272273540496826, 0.27524781227111816, 0.24304656982421874, 0.2872941017150879], "std_fit_time": [0.07029284900750198, 0.07516751833011993, 0.0719710810126824, 0.024535538368695722, 0.04759785060063498], "mean_score_time": [0.07653331756591797, 0.07354426383972168, 0.0768775463104248, 0.05092353820800781, 0.051617670059204104], "std_score_time": [0.02279888131086463, 0.02072257879266521, 0.03181945399684371, 0.020912009477757214, 0.017350611395410505]}, "score": 0.582033173117732}}