{"[NN]NeuralNetwork": {"params": {"classification__epochs": 20, "classification__batch_size": 20}, "times": {"mean_fit_time": [71.68156538009643, 75.1036467552185, 48.58177499771118, 68.41513023376464, 77.15951828956604, 45.087959146499635, 66.50744261741639, 78.38108749389649, 57.87970180511475, 80.16613631248474], "std_fit_time": [0.8451379469646293, 0.6969795585248396, 0.9129738183280446, 0.8293172631666731, 0.6709188044520209, 0.9386229980087629, 0.7105101715542501, 0.43127195257664336, 0.6890642670680985, 0.16355518063813151], "mean_score_time": [0.705311632156372, 0.5226874828338623, 1.848017644882202, 0.8313425064086915, 0.3602477550506592, 1.2140584945678712, 1.0417380332946777, 0.263661527633667, 1.4407664299011231, 0.19152650833129883], "std_score_time": [0.19893960201889282, 0.17856735923926506, 0.6731761974878262, 0.26489754714636, 0.14293299718108157, 0.36987793141826253, 0.2849350477764242, 0.09828828771396912, 0.47454893347146865, 0.03460118233022786]}, "score": 0.885500398294516}, "RandomForestClassifier": {"params": {"classification__n_estimators": 1000, "classification__min_samples_split": 5, "classification__min_samples_leaf": 1, "classification__max_features": "sqrt", "classification__max_depth": 20, "classification__bootstrap": false}, "times": {"mean_fit_time": [2.2012596130371094, 7.456643724441529, 2.969414806365967, 3.6802725315093996, 10.460624027252198], "std_fit_time": [0.23556198683922203, 0.5188848008822678, 0.07336893999063107, 0.1704280638019705, 1.1897245365411133], "mean_score_time": [0.09953522682189941, 0.10795359611511231, 0.07397017478942872, 0.0752108097076416, 0.04309248924255371], "std_score_time": [0.05179762527124032, 0.039253063002961774, 0.041401937929372315, 0.05544328058244616, 0.027929590156106167]}, "score": 0.9683503496095408}, "KNeighborsClassifier": {"params": {"classification__weights": "uniform", "classification__n_neighbors": 13, "classification__metric": "euclidean", "classification__leaf_size": 20}, "times": {"mean_fit_time": [0.14262070655822753, 0.16548757553100585, 0.154925537109375, 0.07819657325744629, 0.09937076568603516], "std_fit_time": [0.029231953399376134, 0.041294777597643634, 0.02141549477646553, 0.013973112654310059, 0.02062912928515138], "mean_score_time": [0.017522144317626952, 0.01632556915283203, 0.012166452407836915, 0.014497137069702149, 0.013156652450561523], "std_score_time": [0.008589672689146656, 0.01176610114889386, 0.0051096974825486806, 0.002906811012816489, 0.004460558873942201]}, "score": 0.7747893058738647}, "ComplementNB": {"params": {"classification__alpha": 0.5}, "times": {"mean_fit_time": [0.43785581588745115, 0.3234723091125488, 0.29579644203186034, 0.3227736473083496, 0.29302301406860354], "std_fit_time": [0.07753517837355887, 0.08273212838066148, 0.1320347688326527, 0.06619633601726013, 0.05440942913247691], "mean_score_time": [0.2072834014892578, 0.12404603958129883, 0.13510618209838868, 0.04474496841430664, 0.07376222610473633], "std_score_time": [0.01874987871606394, 0.066750371990828, 0.0708904066734836, 0.011696907424876491, 0.03394019606635883]}, "score": 0.5657787963670315}}