{"[NN]NeuralNetwork": {"params": {"classification__epochs": 20, "classification__batch_size": 25}, "times": {"mean_fit_time": [85.41616396903991, 73.08515348434449, 79.83550262451172, 61.14420571327209, 76.03816967010498, 45.39774341583252, 68.06530480384826, 81.66241145133972, 67.26588001251221, 51.844454288482666], "std_fit_time": [14.42623641949298, 1.046776146945615, 0.518996549301189, 0.5135746812217818, 0.6583226498814669, 0.49920268745584, 1.3110143852980576, 0.27232050509362205, 0.787426516194648, 0.5074090846376804], "mean_score_time": [0.2755082607269287, 0.742859172821045, 0.2637922286987305, 1.4251756191253662, 0.43590879440307617, 2.233394956588745, 1.1964126110076905, 0.1535472869873047, 1.4622564315795898, 1.989057731628418], "std_score_time": [0.10588858611857388, 0.19965011770518257, 0.03815850274518347, 0.6623560173926712, 0.13830275382548277, 0.2751087829429256, 0.2689519526724885, 0.010898524069861507, 0.6158635391824336, 0.563003631965137]}, "score": 0.8988799411125615}, "RandomForestClassifier": {"params": {"classification__n_estimators": 1000, "classification__min_samples_split": 5, "classification__min_samples_leaf": 1, "classification__max_features": "log2", "classification__max_depth": null, "classification__bootstrap": false}, "times": {"mean_fit_time": [0.7718786716461181, 4.1954930305480955, 0.11433000564575195, 1.006338357925415, 4.698861932754516], "std_fit_time": [0.123024614268503, 0.13768792683773468, 0.01982376034233809, 0.13711269234121093, 0.06370443672404809], "mean_score_time": [0.008842182159423829, 0.04591064453125, 0.00556035041809082, 0.006787490844726562, 0.059254789352416994], "std_score_time": [0.007465680458980358, 0.02995231627334858, 0.0019797004411084927, 0.004594726721705682, 0.022236657598362353]}, "score": 0.976545417409388}, "KNeighborsClassifier": {"params": {"classification__weights": "distance", "classification__n_neighbors": 5, "classification__metric": "manhattan", "classification__leaf_size": 23}, "times": {"mean_fit_time": [0.132771635055542, 0.19035229682922364, 0.16665945053100586, 0.18681716918945312, 0.1884138584136963], "std_fit_time": [0.037914608983931376, 0.0632472787737229, 0.05393406770831973, 0.0744635089818424, 0.08983638405242386], "mean_score_time": [0.02525749206542969, 0.03123002052307129, 0.025189876556396484, 0.053887557983398435, 0.0385645866394043], "std_score_time": [0.008285084834932259, 0.02924562646058381, 0.009768089751967433, 0.02943012909054051, 0.02241852928146593]}, "score": 0.19828074601052542}, "ComplementNB": {"params": {"classification__alpha": 0.5}, "times": {"mean_fit_time": [0.31134672164916993, 0.2258586883544922, 0.3625507831573486, 0.2627254009246826, 0.28589611053466796], "std_fit_time": [0.040473132384839315, 0.08947950168869682, 0.058442778956062674, 0.06133668656241762, 0.050995063682040875], "mean_score_time": [0.1121971607208252, 0.08252663612365722, 0.11989927291870117, 0.0695953369140625, 0.0710780143737793], "std_score_time": [0.019150357321412435, 0.030766336004803597, 0.022881153976262787, 0.022478159792433016, 0.010273976966149808]}, "score": 0.5738627079619726}}