{"[NN]NeuralNetwork": {"params": {"classification__epochs": 20, "classification__batch_size": 25}, "times": {"mean_fit_time": [81.6291079044342, 71.80073437690734, 55.61423664093017, 66.43623247146607, 51.12493185997009, 78.26808772087097, 61.914972639083864, 71.06236209869385, 79.64632277488708, 74.97754144668579], "std_fit_time": [0.24595634363376448, 0.986351325896019, 0.4462579050825774, 0.8942431368106205, 0.75212820843804, 0.4846908211543773, 0.7820708085892433, 0.830046146054668, 0.3303508444162798, 0.6319121612915967], "mean_score_time": [0.18698978424072266, 0.5680440425872803, 2.0173717975616454, 1.25670166015625, 2.851043701171875, 0.46067032814025877, 1.0183345317840575, 0.8557934284210205, 0.23877301216125488, 0.428591251373291], "std_score_time": [0.04556119233741382, 0.09697408414164091, 0.45143202231034385, 0.37916428172172933, 0.15316713974785018, 0.11982911023393447, 0.4312485702789237, 0.20247468166932023, 0.06344399317523063, 0.11739425286700525]}, "score": 0.9006076875194522}, "RandomForestClassifier": {"params": {"classification__n_estimators": 200, "classification__min_samples_split": 2, "classification__min_samples_leaf": 1, "classification__max_features": "log2", "classification__max_depth": 20, "classification__bootstrap": false}, "times": {"mean_fit_time": [1.1070606231689453, 6.437594413757324, 3.2340367317199705, 1.8926576137542725, 0.787497615814209], "std_fit_time": [0.07225126913720852, 0.6642548238996283, 0.4751396828120165, 0.11382053335918228, 0.03616728088904565], "mean_score_time": [0.013571739196777344, 0.03367457389831543, 0.08467411994934082, 0.038994216918945314, 0.028715038299560548], "std_score_time": [0.00970001861380179, 0.030722077926296082, 0.06259226933971995, 0.024806091854446505, 0.02655403583148975]}, "score": 0.9714374575587812}, "KNeighborsClassifier": {"params": {"classification__weights": "uniform", "classification__n_neighbors": 9, "classification__metric": "manhattan", "classification__leaf_size": 23}, "times": {"mean_fit_time": [0.13662323951721192, 0.14137730598449708, 0.1476712703704834, 0.15014896392822266, 0.15396127700805665], "std_fit_time": [0.027439665528537258, 0.05285721814426188, 0.03017744423886769, 0.032816075134649535, 0.071112104024814], "mean_score_time": [0.026577472686767578, 0.018214941024780273, 0.023521614074707032, 0.028543949127197266, 0.0165158748626709], "std_score_time": [0.006605060250399934, 0.00578475825760352, 0.01363287878179965, 0.013632332549319838, 0.0021949174819181467]}, "score": 0.8925455977845684}, "ComplementNB": {"params": {"classification__alpha": 0.5}, "times": {"mean_fit_time": [0.2888964653015137, 0.24419150352478028, 0.28342738151550295, 0.2551389694213867, 0.2136237144470215], "std_fit_time": [0.056402190232564035, 0.028917569144053905, 0.06019629035473853, 0.02469931614441528, 0.023958705030980274], "mean_score_time": [0.04732494354248047, 0.05155196189880371, 0.07287082672119141, 0.047695255279541014, 0.036392927169799805], "std_score_time": [0.03185160912507814, 0.02397430823583427, 0.042749975370266056, 0.019635180387695548, 0.010563625273845871]}, "score": 0.5675013793396146}}