{"[NN]NeuralNetwork": {"params": {"classification__epochs": 20, "classification__batch_size": 25}, "times": {"mean_fit_time": [73.96621136665344, 81.76605777740478, 46.912409114837644, 69.31334338188171, 78.92868309020996, 76.65966420173645, 50.59361171722412, 62.27362756729126, 79.93993630409241, 68.52086181640625], "std_fit_time": [0.5089435100229578, 0.21243165727125388, 0.6489586329094323, 0.7274199650211852, 0.4875046982580756, 0.48078775060516693, 0.6891339987224359, 0.5416518880882952, 0.34264496274787026, 0.9818068145784171], "mean_score_time": [0.6315899848937988, 0.16339149475097656, 2.8678317070007324, 1.7585402965545653, 0.4063070297241211, 0.499800968170166, 2.3106817245483398, 2.0315983295440674, 0.33197450637817383, 1.8789546966552735], "std_score_time": [0.0752021789528105, 0.04312375389822063, 0.41843935639754737, 0.168256115538348, 0.1723571066024756, 0.20184688566965112, 0.16199539614282174, 0.18976875949129857, 0.07410478089182482, 0.20907839163677835]}, "score": 0.8826225235449835}, "RandomForestClassifier": {"params": {"classification__n_estimators": 1000, "classification__min_samples_split": 2, "classification__min_samples_leaf": 2, "classification__max_features": "log2", "classification__max_depth": 70, "classification__bootstrap": false}, "times": {"mean_fit_time": [0.2981424331665039, 6.297660303115845, 6.511762571334839, 6.310229015350342, 6.4426106929779055], "std_fit_time": [0.029419191089046552, 0.7372647254682168, 0.3251832144922352, 0.5643619388789407, 0.573323569913703], "mean_score_time": [0.01785283088684082, 0.0501190185546875, 0.08442521095275879, 0.06148343086242676, 0.05070462226867676], "std_score_time": [0.013018204479508329, 0.026298914354722407, 0.0612749240713705, 0.034130623193242775, 0.03474737256610003]}, "score": 0.9621762663398693}, "KNeighborsClassifier": {"params": {"classification__weights": "uniform", "classification__n_neighbors": 1, "classification__metric": "manhattan", "classification__leaf_size": 13}, "times": {"mean_fit_time": [0.2793261051177979, 0.25159716606140137, 0.3631037712097168, 0.7669113159179688, 0.688958215713501], "std_fit_time": [0.16185452288208094, 0.07637076611356779, 0.13057048647866856, 0.393984462514633, 0.3369882612958082], "mean_score_time": [0.04561142921447754, 0.08508796691894531, 0.03278770446777344, 0.2551417827606201, 0.17080307006835938], "std_score_time": [0.04274289928643219, 0.027548638570382464, 0.013154888382266635, 0.19081359820629418, 0.11872325394984264]}, "score": 0.931383119535693}, "ComplementNB": {"params": {"classification__alpha": 0}, "times": {"mean_fit_time": [0.3937676906585693, 0.4309353828430176, 0.40473284721374514, 0.27746992111206054, 0.2583035945892334], "std_fit_time": [0.021324351599981358, 0.06850891902702894, 0.05020646986249342, 0.0713337461906783, 0.03959654252004014], "mean_score_time": [0.06845788955688477, 0.07461791038513184, 0.09218955039978027, 0.05374622344970703, 0.03932995796203613], "std_score_time": [0.02315170774654511, 0.021730400948938963, 0.017105830069130294, 0.02937401652545309, 0.017804121309201518]}, "score": 0.5937618968041762}}