{"[NN]NeuralNetwork": {"params": {"classification__epochs": 20, "classification__batch_size": 20}, "times": {"mean_fit_time": [47.974080657958986, 78.17540316581726, 70.35085859298707, 74.82510867118836, 56.47017760276795, 81.72925024032592, 64.87940273284912, 79.7702600479126, 51.99021310806275, 83.17198157310486], "std_fit_time": [0.8703532969052027, 0.6282253424563231, 0.7777296077207203, 1.060889603516403, 1.09174152769473, 0.4052787020440197, 0.6978451169283315, 0.8337885490713465, 1.038935103705658, 0.2648600077984181], "mean_score_time": [2.6733498573303223, 0.6342079639434814, 0.7030061244964599, 0.7227990627288818, 1.5986437797546387, 0.33098526000976564, 1.0575920581817626, 0.38393416404724123, 1.8944323539733887, 0.14438242912292482], "std_score_time": [0.4057875851816136, 0.19033833843950648, 0.16885896019366736, 0.14065607764825896, 0.13572232021557515, 0.0446885159012839, 0.2680023634064672, 0.17561171951297946, 0.1447953307261781, 0.0400460161571951]}, "score": 0.8979341736694678}, "RandomForestClassifier": {"params": {"classification__n_estimators": 200, "classification__min_samples_split": 5, "classification__min_samples_leaf": 1, "classification__max_features": "sqrt", "classification__max_depth": 20, "classification__bootstrap": true}, "times": {"mean_fit_time": [1.669091272354126, 2.350670051574707, 2.689620351791382, 1.9068921566009522, 1.2505900859832764], "std_fit_time": [0.15639284259273792, 0.21009461964281495, 0.10597618195035086, 0.09459391657018648, 0.12181580877377311], "mean_score_time": [0.007871723175048828, 0.021638107299804688, 0.024090385437011717, 0.02422933578491211, 0.03230290412902832], "std_score_time": [0.007535338804583812, 0.014469899278793096, 0.021750676448123153, 0.01884444815688112, 0.012410415968250677]}, "score": 0.9766467192937782}, "KNeighborsClassifier": {"params": {"classification__weights": "distance", "classification__n_neighbors": 5, "classification__metric": "euclidean", "classification__leaf_size": 30}, "times": {"mean_fit_time": [0.12785625457763672, 0.19128971099853515, 0.1498166561126709, 0.10616493225097656, 0.1481916904449463], "std_fit_time": [0.02827815110355933, 0.06494253372722618, 0.056123038673839575, 0.014280991943156076, 0.0349804881746171], "mean_score_time": [0.031565523147583006, 0.04766697883605957, 0.03957157135009766, 0.01746201515197754, 0.038892698287963864], "std_score_time": [0.020469057011414587, 0.04228853523339016, 0.024702350183965886, 0.009063003414623374, 0.008405910695965337]}, "score": 0.1655525846702317}, "ComplementNB": {"params": {"classification__alpha": 0}, "times": {"mean_fit_time": [0.5211689949035645, 0.46328349113464357, 0.44529247283935547, 0.4690691947937012, 0.4084488391876221], "std_fit_time": [0.1254588140366292, 0.06965795957336453, 0.13480163660720024, 0.079027407803559, 0.10298687464982181], "mean_score_time": [0.18004517555236815, 0.09739274978637695, 0.13678369522094727, 0.041959619522094725, 0.05183687210083008], "std_score_time": [0.08689518040554807, 0.08076544361371278, 0.05282539338636215, 0.013792736257425395, 0.024695143104763218]}, "score": 0.55708853238265}}