{"[NN]NeuralNetwork": {"params": {"classification__epochs": 20, "classification__batch_size": 20}, "times": {"mean_fit_time": [81.55276260375976, 71.00683493614197, 54.0339702129364, 64.66056852340698, 48.53036613464356, 78.2747172832489, 60.28915109634399, 70.35652074813842, 79.71666259765625, 74.7139859676361], "std_fit_time": [0.19076049141378273, 1.2877752800118984, 1.156477115732872, 1.300788886419188, 0.8960118459153993, 0.4114401461566669, 0.9017831354145716, 0.8779199048482796, 0.406978092751742, 0.4293544132356622], "mean_score_time": [0.18786997795104982, 0.9532310485839843, 1.3821565628051757, 1.056298828125, 2.957745409011841, 0.4778724670410156, 1.6540930271148682, 1.0513468742370606, 0.33651204109191896, 0.6713462352752686], "std_score_time": [0.048214129855438735, 0.3103576671183985, 0.5529692099663608, 0.1965288974779886, 0.4365086491939635, 0.05146850880701672, 0.16904753367078365, 0.37788527329386695, 0.06898427141487673, 0.2582931367806869]}, "score": 0.9049969583793113}, "RandomForestClassifier": {"params": {"classification__n_estimators": 200, "classification__min_samples_split": 2, "classification__min_samples_leaf": 1, "classification__max_features": "log2", "classification__max_depth": 20, "classification__bootstrap": false}, "times": {"mean_fit_time": [1.284290647506714, 9.855414628982544, 7.932152462005615, 3.694803333282471, 1.909606695175171], "std_fit_time": [0.07739251540269076, 0.4338140957767495, 1.9113647229500683, 0.16152550341872327, 0.19416065303913824], "mean_score_time": [0.03213300704956055, 0.036852264404296876, 0.06825318336486816, 0.039629459381103516, 0.02850031852722168], "std_score_time": [0.02322610882179322, 0.02554562484017393, 0.04176172050692402, 0.01586209624113246, 0.01284437235274261]}, "score": 0.9714374575587812}, "KNeighborsClassifier": {"params": {"classification__weights": "uniform", "classification__n_neighbors": 9, "classification__metric": "manhattan", "classification__leaf_size": 23}, "times": {"mean_fit_time": [0.22493448257446289, 0.17855467796325683, 0.2532489776611328, 0.17390685081481932, 0.2254842758178711], "std_fit_time": [0.06127857661364206, 0.06311715022427397, 0.06299822606167339, 0.058149103708442416, 0.07699163585329757], "mean_score_time": [0.03250002861022949, 0.029378557205200197, 0.02913641929626465, 0.05622701644897461, 0.03750896453857422], "std_score_time": [0.01934662871059556, 0.006034824565917848, 0.0291377290652258, 0.03790902617310514, 0.00694167411619465]}, "score": 0.8925455977845684}, "ComplementNB": {"params": {"classification__alpha": 0.5}, "times": {"mean_fit_time": [0.6291004180908203, 0.5114315986633301, 0.5638426780700684, 0.35564508438110354, 0.5066493034362793], "std_fit_time": [0.1615700009018347, 0.10689950001560712, 0.20720241384363355, 0.08869717515138939, 0.06344895916735711], "mean_score_time": [0.185819673538208, 0.1857146739959717, 0.19354915618896484, 0.1786797046661377, 0.07190470695495606], "std_score_time": [0.11163809816031682, 0.0839379460086342, 0.09423633829383737, 0.04381444346796417, 0.016766499826357167]}, "score": 0.5675013793396146}}