{"[NN]NeuralNetwork": {"params": {"classification__epochs": 20, "classification__batch_size": 20}, "times": {"mean_fit_time": [83.25238690376281, 54.75761108398437, 77.9582335472107, 65.91961774826049, 50.92044439315796, 81.12713737487793, 79.67010502815246, 60.33001556396484, 73.71769270896911, 68.98994340896607], "std_fit_time": [0.35813347093261333, 0.8096606128974151, 0.4065424813474411, 1.2674408950793519, 1.2548865177411233, 0.5164290061778386, 0.4145115370615591, 1.0944005833131858, 1.0681431035349986, 1.4089986624255737], "mean_score_time": [0.18697595596313477, 1.3717798233032226, 0.8061993598937989, 0.9284948348999024, 1.6814971446990967, 0.2873103618621826, 0.3639998912811279, 1.4346216678619386, 0.5725247859954834, 0.6960255622863769], "std_score_time": [0.020247113985847266, 0.31318690291920787, 0.1890419547079778, 0.36896276610331, 0.4605885263762381, 0.11797807537830507, 0.12576639306551637, 0.45641469219618763, 0.17378987132638807, 0.2431444609407362]}, "score": 0.8805904923953053}, "RandomForestClassifier": {"params": {"classification__n_estimators": 100, "classification__min_samples_split": 10, "classification__min_samples_leaf": 4, "classification__max_features": "sqrt", "classification__max_depth": 60, "classification__bootstrap": true}, "times": {"mean_fit_time": [1.3612630844116211, 11.017244911193847, 11.445244932174683, 6.678097105026245, 0.5821435451507568], "std_fit_time": [0.04672350101982006, 0.8625953815462943, 0.6868686523488827, 0.9475694140006884, 0.04097151176621724], "mean_score_time": [0.05927596092224121, 0.08070859909057618, 0.044171905517578124, 0.14185066223144532, 0.040314006805419925], "std_score_time": [0.037208911168545744, 0.05282035156858234, 0.02508552024416414, 0.18075495469041655, 0.027815804946536432]}, "score": 0.9642625769760496}, "KNeighborsClassifier": {"params": {"classification__weights": "uniform", "classification__n_neighbors": 3, "classification__metric": "euclidean", "classification__leaf_size": 16}, "times": {"mean_fit_time": [0.19334955215454103, 0.2270251750946045, 0.2935317039489746, 0.3229177474975586, 0.275371789932251], "std_fit_time": [0.050814164645744155, 0.0616739231229011, 0.03234650712800221, 0.062311712864530806, 0.03688849136064378], "mean_score_time": [0.05081462860107422, 0.05662479400634766, 0.022990608215332033, 0.037930774688720706, 0.049259090423583986], "std_score_time": [0.031373445291728745, 0.012961889436467122, 0.011895772064897147, 0.01805157707998286, 0.015256590780665658]}, "score": 0.846147747466533}, "ComplementNB": {"params": {"classification__alpha": 0}, "times": {"mean_fit_time": [0.25930218696594237, 0.2631518840789795, 0.25743961334228516, 0.26525487899780276, 0.24897966384887696], "std_fit_time": [0.05790134511810494, 0.05333604761584962, 0.0480247645958484, 0.05371421978296324, 0.04314335987290728], "mean_score_time": [0.08677730560302735, 0.08168268203735352, 0.06335210800170898, 0.06467981338500976, 0.0572166919708252], "std_score_time": [0.03757282080681615, 0.032268077099576076, 0.01703925455338666, 0.014238453019966067, 0.012744854818607418]}, "score": 0.5833228599357632}}