{"[NN]NeuralNetwork": {"params": {"classification__epochs": 20, "classification__batch_size": 25}, "times": {"mean_fit_time": [79.1900872707367, 67.90813255310059, 77.71668057441711, 61.1690137386322, 51.705038976669314, 66.88315477371216, 83.21471452713013, 45.2642258644104, 80.83321347236634, 72.54151978492737], "std_fit_time": [0.46991731767455086, 1.072825573756752, 0.5355669776404584, 0.7308696904821281, 0.713700504860932, 0.7778292820180341, 15.660938606517314, 0.5155000193946997, 0.2893328093077885, 0.7402171027125232], "mean_score_time": [0.34181742668151854, 1.2382658958435058, 0.5300478935241699, 1.9467408180236816, 2.357700967788696, 1.2005501747131349, 0.34247331619262694, 2.601066255569458, 0.19022955894470214, 0.5628671646118164], "std_score_time": [0.16024326085548707, 0.384236846501145, 0.03339709852655659, 0.3938627780554029, 0.27897437646108264, 0.41808691773103457, 0.11690049736780149, 0.3485202828408266, 0.052272290472316095, 0.13278951454958673]}, "score": 0.8927869387495055}, "RandomForestClassifier": {"params": {"classification__n_estimators": 300, "classification__min_samples_split": 10, "classification__min_samples_leaf": 4, "classification__max_features": "log2", "classification__max_depth": 60, "classification__bootstrap": true}, "times": {"mean_fit_time": [19.58919734954834, 3.8889224529266357, 0.19769134521484374, 0.2114325523376465, 1.1116329193115235], "std_fit_time": [1.18372061438133, 0.15001396689254995, 0.035184207549702584, 0.039870694330036816, 0.10443054702996063], "mean_score_time": [0.028732776641845703, 0.08019490242004394, 0.011958169937133788, 0.007843828201293946, 0.028171443939208986], "std_score_time": [0.015786555995813092, 0.07268211473181287, 0.010153192209163726, 0.004129961525903282, 0.037448428195393915]}, "score": 0.964308871275783}, "KNeighborsClassifier": {"params": {"classification__weights": "uniform", "classification__n_neighbors": 17, "classification__metric": "euclidean", "classification__leaf_size": 20}, "times": {"mean_fit_time": [0.09530081748962402, 0.10564513206481933, 0.12175998687744141, 0.07896556854248046, 0.0834007740020752], "std_fit_time": [0.01685279971439057, 0.024173752583966, 0.013293486933598208, 0.01335334483733606, 0.011144592467294264], "mean_score_time": [0.010227251052856445, 0.014902734756469726, 0.008295392990112305, 0.015639877319335936, 0.022100496292114257], "std_score_time": [0.0045383059546913514, 0.0050108738494131335, 0.0038311189096294092, 0.0030391327756840504, 0.0058899493458710135]}, "score": 0.7572009485612426}, "ComplementNB": {"params": {"classification__alpha": 0.5}, "times": {"mean_fit_time": [0.24775009155273436, 0.25958986282348634, 0.23739585876464844, 0.2634285449981689, 0.23471217155456542], "std_fit_time": [0.0432568972358448, 0.04024476360247483, 0.06786704384859932, 0.054340625196635926, 0.029486526663675343], "mean_score_time": [0.08660540580749512, 0.09015522003173829, 0.09759311676025391, 0.08525319099426269, 0.06025991439819336], "std_score_time": [0.030671761145525892, 0.02182976826273087, 0.017087173823057553, 0.02894301813542383, 0.013437701347332243]}, "score": 0.5876315677786266}}