{"[NN]NeuralNetwork": {"params": {"classification__epochs": 20, "classification__batch_size": 20}, "times": {"mean_fit_time": [46.6074658870697, 61.50163593292236, 47.08666934967041, 76.26871910095215, 66.95585541725158, 66.68540840148925, 51.462504148483276, 77.86396627426147, 74.52375783920289, 70.88167338371277], "std_fit_time": [21.90823142009669, 0.7356348997744224, 0.5782751868835639, 0.434405024049242, 0.6218537345723741, 0.6223464687516977, 0.5358663531569791, 0.24989445612807765, 0.49314601660895546, 0.5021501654151636], "mean_score_time": [1.1988064765930175, 1.4985221385955811, 2.3695557594299315, 0.35314178466796875, 1.5523402214050293, 1.349546527862549, 2.0083731174468995, 0.16647739410400392, 0.3203713893890381, 0.6305827140808106], "std_score_time": [0.621080380946787, 0.17572374557881107, 0.37441752207750684, 0.08705168321758221, 0.1009914640712187, 0.2982657549634262, 0.23550164155681255, 0.020371594824746486, 0.08244857946775919, 0.12110031183635381]}, "score": 0.897876173143553}, "RandomForestClassifier": {"params": {"classification__n_estimators": 100, "classification__min_samples_split": 10, "classification__min_samples_leaf": 4, "classification__max_features": "log2", "classification__max_depth": 10, "classification__bootstrap": false}, "times": {"mean_fit_time": [28.968628931045533, 13.264672994613647, 0.4852612972259521, 22.54625549316406, 1.4360506534576416], "std_fit_time": [0.668832885824436, 2.6939392351647866, 0.022200377726566755, 2.202621077633908, 0.24421477732632516], "mean_score_time": [0.07543964385986328, 0.07243938446044922, 0.03249382972717285, 0.05191645622253418, 0.01928715705871582], "std_score_time": [0.06063322801885333, 0.03224682280077938, 0.017623616726907234, 0.02323598441998063, 0.010642401202547792]}, "score": 0.9686698921993038}, "KNeighborsClassifier": {"params": {"classification__weights": "uniform", "classification__n_neighbors": 9, "classification__metric": "minkowski", "classification__leaf_size": 16}, "times": {"mean_fit_time": [0.3068368911743164, 0.2943908214569092, 0.2833085060119629, 0.23650336265563965, 0.2855632781982422], "std_fit_time": [0.10513225823979991, 0.11218421325687106, 0.054922145718505434, 0.078765650167295, 0.04297178483243512], "mean_score_time": [0.05614829063415527, 0.0410041332244873, 0.03892979621887207, 0.03944416046142578, 0.04613008499145508], "std_score_time": [0.02905716112499983, 0.026918614533448192, 0.004077894676466913, 0.012328644889146688, 0.017022320830062797]}, "score": 0.7926521517697989}, "ComplementNB": {"params": {"classification__alpha": 0.5}, "times": {"mean_fit_time": [0.7417285442352295, 1.2721977710723877, 1.463548755645752, 0.7631957530975342, 1.1786664009094239], "std_fit_time": [0.3446402723559624, 0.6248963324833561, 0.3718539195820883, 0.523627935652143, 0.2069329523584333], "mean_score_time": [0.18189172744750975, 0.34262547492980955, 0.3544502258300781, 0.16551685333251953, 0.23039941787719725], "std_score_time": [0.104110446727165, 0.12906732339807828, 0.14044667083503473, 0.025608861992396353, 0.06394575158213056]}, "score": 0.5858713182242594}}