{"[NN]NeuralNetwork": {"params": {"classification__epochs": 20, "classification__batch_size": 25}, "times": {"mean_fit_time": [64.37280917167664, 59.72177081108093, 80.98831400871276, 79.2170958995819, 46.22474060058594, 69.87395820617675, 51.76871366500855, 76.58313450813293, 74.28841080665589, 57.52604579925537], "std_fit_time": [1.3003875731129675, 0.9086950194219748, 0.20871135231337648, 0.56261319001158, 1.530822138547088, 1.1761015487434334, 1.7505886056150193, 0.5246500684619976, 0.4918446152434797, 27.215602216042463], "mean_score_time": [1.0424100875854492, 1.3112782001495362, 0.16510233879089356, 0.2420046806335449, 2.5172008514404296, 0.9926376819610596, 1.9797595024108887, 0.37375807762145996, 0.6175254344940185, 0.5767720699310303], "std_score_time": [0.40860125019753524, 0.07809237894376887, 0.0322927615071308, 0.044255142209043065, 1.0656479341083016, 0.4341248694946146, 0.30122553171492683, 0.1278873226291337, 0.1655433822609578, 0.3588685106241372]}, "score": 0.8977197727999867}, "RandomForestClassifier": {"params": {"classification__n_estimators": 100, "classification__min_samples_split": 2, "classification__min_samples_leaf": 1, "classification__max_features": "log2", "classification__max_depth": 10, "classification__bootstrap": true}, "times": {"mean_fit_time": [0.5835154533386231, 0.6245414733886718, 15.160381031036376, 0.7987407684326172, 0.9527912139892578], "std_fit_time": [0.06039798719067373, 0.07675889355720579, 2.35487650890594, 0.17950806329553312, 0.028326340067521764], "mean_score_time": [0.0978928565979004, 0.05248861312866211, 0.05024385452270508, 0.04202547073364258, 0.06299300193786621], "std_score_time": [0.04932332950804416, 0.037257347648487635, 0.0406583566967731, 0.04922571623531959, 0.023124836364365315]}, "score": 0.9759650072150073}, "KNeighborsClassifier": {"params": {"classification__weights": "uniform", "classification__n_neighbors": 19, "classification__metric": "manhattan", "classification__leaf_size": 26}, "times": {"mean_fit_time": [0.19423518180847169, 0.4020148754119873, 0.48645586967468263, 0.8132096767425537, 0.4971031665802002], "std_fit_time": [0.09172935247582877, 0.04073115845117199, 0.08153016571109137, 0.21516362141149425, 0.20185697969158675], "mean_score_time": [0.08511147499084473, 0.10522041320800782, 0.07585535049438477, 0.13445839881896973, 0.14326767921447753], "std_score_time": [0.040285650670115254, 0.020924040450013403, 0.022979753442488142, 0.19407223507403817, 0.11966626720841804]}, "score": 0.8575297619047619}, "ComplementNB": {"params": {"classification__alpha": 0.5}, "times": {"mean_fit_time": [0.377032470703125, 0.4797196388244629, 0.5290863513946533, 0.5599088191986084, 0.41049933433532715], "std_fit_time": [0.06340173223176775, 0.07066676209535917, 0.0380528407481867, 0.15129479728952294, 0.15111358285238904], "mean_score_time": [0.05760116577148437, 0.10133600234985352, 0.10797252655029296, 0.24060325622558593, 0.11461982727050782], "std_score_time": [0.028667858034025672, 0.05288820542543415, 0.04883979243239951, 0.1347942056385589, 0.08230062810683396]}, "score": 0.614366883116883}}