{"[NN]NeuralNetwork": {"params": {"classification__epochs": 20, "classification__batch_size": 25}, "times": {"mean_fit_time": [81.50266346931457, 70.12654991149903, 80.29680542945862, 63.603025913238525, 53.95622396469116, 69.83068947792053, 77.78790349960327, 47.40771598815918, 82.73349261283875, 74.947917842865], "std_fit_time": [0.2987255158104799, 0.7198523128487936, 0.4472452534200366, 0.8932311715915646, 0.8253778843075469, 0.9791525681861919, 0.8237971883841986, 0.7104461211049864, 0.15139522758218835, 1.0309679718092362], "mean_score_time": [0.4242079257965088, 1.615164613723755, 0.37204761505126954, 1.6010707378387452, 1.6664713382720948, 1.7821266651153564, 0.5710826873779297, 1.6097206115722655, 0.18395013809204103, 0.8058750629425049], "std_score_time": [0.0852034314177627, 0.1629057125542359, 0.1388203988964262, 0.14843579100700324, 0.3442291603095974, 0.3360103588096731, 0.10153180378185435, 0.41439781103249895, 0.028761068667478327, 0.26638317402789957]}, "score": 0.8847890389467927}, "RandomForestClassifier": {"params": {"classification__n_estimators": 300, "classification__min_samples_split": 10, "classification__min_samples_leaf": 4, "classification__max_features": "log2", "classification__max_depth": 60, "classification__bootstrap": true}, "times": {"mean_fit_time": [26.505312585830687, 1.3692888259887694, 0.24368057250976563, 0.5425139427185058, 1.769390058517456], "std_fit_time": [3.8138984636557036, 0.09408892187443993, 0.038145236238835006, 0.06630296133051883, 0.03639508296635904], "mean_score_time": [0.06800117492675781, 0.02071247100830078, 0.006287050247192383, 0.013905000686645509, 0.029662895202636718], "std_score_time": [0.04064959764411168, 0.014708815859458829, 0.004191616976499944, 0.014490570836839715, 0.011102862942435272]}, "score": 0.964308871275783}, "KNeighborsClassifier": {"params": {"classification__weights": "uniform", "classification__n_neighbors": 17, "classification__metric": "euclidean", "classification__leaf_size": 20}, "times": {"mean_fit_time": [0.10833420753479003, 0.12089309692382813, 0.11583957672119141, 0.14686293601989747, 0.12331247329711914], "std_fit_time": [0.014104001357182643, 0.019260092056472604, 0.03349800574853193, 0.029885017958246368, 0.02505590618347782], "mean_score_time": [0.010891199111938477, 0.014133930206298828, 0.011342906951904297, 0.016286659240722656, 0.015267276763916015], "std_score_time": [0.0032600737421189956, 0.003539006801052382, 0.006239491267634083, 0.004503849552923458, 0.005697893059596231]}, "score": 0.7572009485612426}, "ComplementNB": {"params": {"classification__alpha": 0.5}, "times": {"mean_fit_time": [0.27887873649597167, 0.4548671245574951, 0.5085516452789307, 0.41874847412109373, 0.4641409397125244], "std_fit_time": [0.07848517532285877, 0.18909750000087636, 0.190070540300646, 0.19149745063092766, 0.12037053250240609], "mean_score_time": [0.11709375381469726, 0.16999397277832032, 0.12435622215270996, 0.07347621917724609, 0.1663330078125], "std_score_time": [0.06504071391585056, 0.07637930659782655, 0.05976698981973062, 0.05173736830767053, 0.061006832466396696]}, "score": 0.5876315677786266}}