{"[NN]NeuralNetwork": {"params": {"classification__epochs": 20, "classification__batch_size": 25}, "times": {"mean_fit_time": [47.41101016998291, 77.84965472221374, 69.78180317878723, 74.77601771354675, 55.65732822418213, 81.5073844909668, 64.6060269832611, 79.95299515724182, 51.42463073730469, 82.93786854743958], "std_fit_time": [0.6312551041143863, 0.9940905576644541, 0.9365781960518604, 1.05237137533531, 1.0284694139441288, 0.4813830732196271, 1.1011465981124304, 0.6469974796455669, 0.7990685225905796, 0.3013547298762882], "mean_score_time": [2.7839605808258057, 0.5711572170257568, 1.026719617843628, 0.6687636375427246, 1.9282962799072265, 0.26844239234924316, 1.6575516223907472, 0.3848978042602539, 2.4206867694854735, 0.13413867950439454], "std_score_time": [0.3269311193550474, 0.1735840708624262, 0.22538422714104378, 0.13529146699770522, 0.35326598834972767, 0.08094959171726328, 0.2528029259278389, 0.0753743853897223, 0.377952649805558, 0.007885496765765797]}, "score": 0.9129252610134964}, "RandomForestClassifier": {"params": {"classification__n_estimators": 200, "classification__min_samples_split": 5, "classification__min_samples_leaf": 1, "classification__max_features": "sqrt", "classification__max_depth": 20, "classification__bootstrap": true}, "times": {"mean_fit_time": [1.4228831291198731, 1.7129993438720703, 2.387221574783325, 1.9117324829101563, 1.2660626411437987], "std_fit_time": [0.16097704600364407, 0.08696717685574842, 0.08168172532955004, 0.1280906180780677, 0.11739421545315357], "mean_score_time": [0.010404443740844727, 0.011346578598022461, 0.04214186668395996, 0.01575469970703125, 0.026569652557373046], "std_score_time": [0.007080182544117063, 0.009398370114081145, 0.04353201047139145, 0.008759377778008658, 0.02033294241840418]}, "score": 0.9766467192937782}, "KNeighborsClassifier": {"params": {"classification__weights": "distance", "classification__n_neighbors": 5, "classification__metric": "euclidean", "classification__leaf_size": 30}, "times": {"mean_fit_time": [0.14515786170959472, 0.15186529159545897, 0.21473684310913085, 0.38596529960632325, 0.36304416656494143], "std_fit_time": [0.03812277473452812, 0.05499302110349568, 0.07283144455349227, 0.09847408069902486, 0.0295436978025351], "mean_score_time": [0.040192604064941406, 0.05620245933532715, 0.06545500755310059, 0.0323298454284668, 0.04838619232177734], "std_score_time": [0.02720385506366982, 0.06074170675425078, 0.05393449287258182, 0.03245714153150979, 0.036832696546667765]}, "score": 0.1655525846702317}, "ComplementNB": {"params": {"classification__alpha": 0}, "times": {"mean_fit_time": [0.4878422260284424, 0.555717134475708, 0.5646859169006347, 0.6146458625793457, 0.47911992073059084], "std_fit_time": [0.12320686528907834, 0.11190614257523845, 0.08477263646856006, 0.08394677199266706, 0.09679113215829167], "mean_score_time": [0.1159604549407959, 0.09659314155578613, 0.10390357971191407, 0.0676666259765625, 0.08366556167602539], "std_score_time": [0.054669566117480826, 0.023532427135286187, 0.0476700763131245, 0.0422017300681432, 0.029884191292023892]}, "score": 0.55708853238265}}