{"[NN]NeuralNetwork": {"params": {"classification__epochs": 20, "classification__batch_size": 20}, "times": {"mean_fit_time": [78.76047205924988, 81.98548908233643, 47.96692023277283, 67.927911901474, 68.41860189437867, 73.41726365089417, 52.67938814163208, 79.887526845932, 76.57876315116883, 59.009839868545534], "std_fit_time": [0.9883592663996608, 0.24316052272744373, 0.7075305282953568, 0.6609836030806954, 1.6789387256534356, 0.9635816093420984, 1.2883578518393908, 0.3821529805183586, 1.0350810366845824, 1.0902319303621575], "mean_score_time": [0.3814255237579346, 0.20499005317687988, 2.2106094360351562, 1.4212327003479004, 1.2670100212097168, 0.6286475658416748, 1.7420180320739747, 0.2650580406188965, 0.39207820892333983, 1.1797068119049072], "std_score_time": [0.037543309516033935, 0.037009859579857626, 0.27075396559739806, 0.32485445876127056, 0.35987338028879784, 0.184299084830621, 0.5402781517657549, 0.05148114674295617, 0.06608015553799351, 0.2778661872163322]}, "score": 0.8941820914280807}, "RandomForestClassifier": {"params": {"classification__n_estimators": 300, "classification__min_samples_split": 10, "classification__min_samples_leaf": 1, "classification__max_features": "log2", "classification__max_depth": 80, "classification__bootstrap": false}, "times": {"mean_fit_time": [0.9563180923461914, 1.252492618560791, 0.2832979679107666, 1.9563719749450683, 1.3226047515869142], "std_fit_time": [0.03333421047714411, 0.09015006625594749, 0.041152371565190186, 0.12062712270817663, 0.1315318577894585], "mean_score_time": [0.023047542572021483, 0.01148381233215332, 0.015196132659912109, 0.07295985221862793, 0.02353816032409668], "std_score_time": [0.014378287632669278, 0.00777231294366498, 0.01190137267031387, 0.04556474665858158, 0.014329679894877063]}, "score": 0.959881164587047}, "KNeighborsClassifier": {"params": {"classification__weights": "uniform", "classification__n_neighbors": 13, "classification__metric": "euclidean", "classification__leaf_size": 13}, "times": {"mean_fit_time": [0.26788883209228515, 0.345257568359375, 0.34050955772399905, 0.09619035720825195, 0.15381007194519042], "std_fit_time": [0.06743598932787372, 0.07994108120772271, 0.042608314675594526, 0.0069064138281946, 0.03424816104498022], "mean_score_time": [0.04340448379516602, 0.03073573112487793, 0.026425695419311522, 0.024938154220581054, 0.021546173095703124], "std_score_time": [0.016913281881027694, 0.03306566180249911, 0.015222682062229008, 0.011244278981528496, 0.017638844053770426]}, "score": 0.8125426534250065}, "ComplementNB": {"params": {"classification__alpha": 0.5}, "times": {"mean_fit_time": [0.32086806297302245, 0.30148892402648925, 0.274261474609375, 0.2306161880493164, 0.2600234031677246], "std_fit_time": [0.11217967418997098, 0.06337731518182545, 0.08652742490311897, 0.02812632546109067, 0.03444745980263823], "mean_score_time": [0.12768144607543946, 0.11121554374694824, 0.12177476882934571, 0.05129165649414062, 0.056115245819091795], "std_score_time": [0.022748235538022955, 0.03831820203843563, 0.04790128333280242, 0.02794578002197999, 0.011182149181648107]}, "score": 0.5697843986079281}}