{"[NN]NeuralNetwork": {"params": {"classification__epochs": 20, "classification__batch_size": 25}, "times": {"mean_fit_time": [73.70402998924256, 84.47973952293395, 50.56273813247681, 69.92232818603516, 79.05022401809693, 46.85418577194214, 68.26997256278992, 80.51095533370972, 60.17892179489136, 82.15114974975586], "std_fit_time": [1.0120890984077213, 15.076106362773238, 1.767070187520821, 0.7497043202529419, 0.6174396869178693, 1.5177954656339276, 0.8932036602807072, 0.4874300425112661, 0.8327877482918559, 0.25026936517347853], "mean_score_time": [0.795293664932251, 0.4107950210571289, 1.3548136711120606, 1.0030444622039796, 0.2834931373596191, 1.3353493213653564, 1.1517734050750732, 0.243361234664917, 1.426593255996704, 0.18080244064331055], "std_score_time": [0.27351290240387716, 0.23603597132215035, 0.5117457750696662, 0.18434411004276094, 0.0715467929373085, 0.3479675840880491, 0.22079395639261604, 0.04728797335434621, 0.27979476128888936, 0.030626304947795096]}, "score": 0.8705115744821628}, "RandomForestClassifier": {"params": {"classification__n_estimators": 1000, "classification__min_samples_split": 5, "classification__min_samples_leaf": 1, "classification__max_features": "sqrt", "classification__max_depth": 20, "classification__bootstrap": false}, "times": {"mean_fit_time": [1.2577351570129394, 4.508090877532959, 1.7228507041931151, 1.614341402053833, 4.714155864715576], "std_fit_time": [0.07578372120228631, 0.2774708200508408, 0.07579316613075811, 0.14464504783728263, 0.3728940810646489], "mean_score_time": [0.057686901092529295, 0.05821967124938965, 0.04614381790161133, 0.020428276062011717, 0.026838016510009766], "std_score_time": [0.03694110709501308, 0.02607713651952269, 0.03740889425068479, 0.020001574068854732, 0.007000415267768934]}, "score": 0.9683503496095408}, "KNeighborsClassifier": {"params": {"classification__weights": "uniform", "classification__n_neighbors": 13, "classification__metric": "euclidean", "classification__leaf_size": 20}, "times": {"mean_fit_time": [0.0959080696105957, 0.11853518486022949, 0.11962494850158692, 0.08476758003234863, 0.0959090232849121], "std_fit_time": [0.01163542567591094, 0.025232262834722987, 0.015051044133788369, 0.02119653443279609, 0.012877621521724808], "mean_score_time": [0.016931724548339844, 0.010528230667114257, 0.017849302291870116, 0.015750741958618163, 0.02208409309387207], "std_score_time": [0.007114764662722756, 0.001038402090392706, 0.009108737397157377, 0.006064723292016717, 0.007865582412304443]}, "score": 0.7747893058738647}, "ComplementNB": {"params": {"classification__alpha": 0.5}, "times": {"mean_fit_time": [0.3072521686553955, 0.32090582847595217, 0.25742425918579104, 0.31592702865600586, 0.2953940868377686], "std_fit_time": [0.056924887227101574, 0.08739876741955532, 0.033833931191643386, 0.08481880894348894, 0.03962684886358539], "mean_score_time": [0.0385685920715332, 0.03183298110961914, 0.08390121459960938, 0.02608003616333008, 0.043824052810668944], "std_score_time": [0.01099728227823894, 0.021672474226498286, 0.03687484729888267, 0.012821723077357914, 0.015670801878041755]}, "score": 0.5657787963670315}}