{"[NN]NeuralNetwork": {"params": {"classification__epochs": 20, "classification__batch_size": 25}, "times": {"mean_fit_time": [80.49478697776794, 61.5688220500946, 72.60968532562256, 48.47899613380432, 76.18227777481079, 78.26904082298279, 55.0761513710022, 79.56105303764343, 66.22276549339294, 72.48695931434631], "std_fit_time": [0.1931805335813496, 0.5383971450876862, 0.5892087667962804, 0.7043048450922555, 0.45606707495537624, 0.39082451306563476, 0.5123488681279726, 0.27375458655239937, 0.887584691269505, 2.471870997689194], "mean_score_time": [0.13603520393371582, 1.632484531402588, 0.8237701416015625, 1.5146358966827393, 0.41034793853759766, 0.2602369785308838, 2.897963619232178, 0.17855629920959473, 1.5802318096160888, 0.7691845893859863], "std_score_time": [0.040189522572657614, 0.36576832971905093, 0.17544495179036892, 0.5956666337269801, 0.1261608024190769, 0.03270477972864223, 0.1670845524989567, 0.04488013502983006, 0.41598008658265795, 0.2804826032163699]}, "score": 0.8754044920221391}, "RandomForestClassifier": {"params": {"classification__n_estimators": 50, "classification__min_samples_split": 10, "classification__min_samples_leaf": 1, "classification__max_features": "log2", "classification__max_depth": 100, "classification__bootstrap": true}, "times": {"mean_fit_time": [0.9551256179809571, 1.5003536701202393, 0.20635542869567872, 2.323282527923584, 0.49247031211853026], "std_fit_time": [0.0549129077421161, 0.05081058419883125, 0.029676291377259273, 0.05988941590392408, 0.148907060021163], "mean_score_time": [0.026457691192626955, 0.06773529052734376, 0.01176137924194336, 0.04113249778747559, 0.03441929817199707], "std_score_time": [0.01683690809901335, 0.0465735083418232, 0.006466153425512201, 0.024961409960032623, 0.029089280292044512]}, "score": 0.9666815210932859}, "KNeighborsClassifier": {"params": {"classification__weights": "uniform", "classification__n_neighbors": 1, "classification__metric": "minkowski", "classification__leaf_size": 26}, "times": {"mean_fit_time": [0.11688570976257324, 0.18204669952392577, 0.18998966217041016, 0.09802060127258301, 0.08129253387451171], "std_fit_time": [0.033188052592220046, 0.024912141605136457, 0.03674592996001947, 0.021495226365623264, 0.015202758870348675], "mean_score_time": [0.014664316177368164, 0.012397670745849609, 0.011227798461914063, 0.010128259658813477, 0.008823537826538086], "std_score_time": [0.008362628977121657, 0.003573099708995502, 0.010182469556863052, 0.002912765098801731, 0.003433897124004439]}, "score": 0.8954396910279263}, "ComplementNB": {"params": {"classification__alpha": 0.5}, "times": {"mean_fit_time": [0.2877177715301514, 0.21847758293151856, 0.31138596534729, 0.231831693649292, 0.2356027603149414], "std_fit_time": [0.08076042644228384, 0.061331381346143646, 0.05369170861759533, 0.04515929270278584, 0.0455922048657306], "mean_score_time": [0.08466730117797852, 0.04863796234130859, 0.03926935195922852, 0.10858964920043945, 0.09751739501953124], "std_score_time": [0.01557540825570647, 0.028362649971951703, 0.013414835971036508, 0.04533145123770596, 0.030030667580409762]}, "score": 0.5780048382989559}}