{"[NN]NeuralNetwork": {"params": {"classification__epochs": 20, "classification__batch_size": 25}, "times": {"mean_fit_time": [58.583657360076906, 62.48947191238403, 48.13630380630493, 77.7669713973999, 68.78193473815918, 68.76180696487427, 52.82547450065613, 79.5375403881073, 76.49593510627747, 72.83202061653137], "std_fit_time": [0.6068084311026699, 1.0273939806550456, 0.5985650275438159, 0.5010241355545245, 0.8621239028843117, 0.98832108770362, 0.5683657338483232, 0.19915509637115567, 0.46594635831961456, 0.4461037411897337], "mean_score_time": [1.4886459827423095, 1.2739673614501954, 2.797699308395386, 0.3360103130340576, 1.0822690010070801, 0.989060640335083, 2.6971943378448486, 0.16948537826538085, 0.4413014888763428, 0.4803786754608154], "std_score_time": [0.12632648443002212, 0.5666278285491914, 0.2711525556666727, 0.14789039246058513, 0.33058300728380846, 0.1763268652809865, 0.12200454425738948, 0.020670683012977177, 0.12555910805778236, 0.12136812808826698]}, "score": 0.8981504665862955}, "RandomForestClassifier": {"params": {"classification__n_estimators": 100, "classification__min_samples_split": 10, "classification__min_samples_leaf": 4, "classification__max_features": "log2", "classification__max_depth": 10, "classification__bootstrap": false}, "times": {"mean_fit_time": [35.25633225440979, 21.942161130905152, 0.43097267150878904, 21.85810022354126, 1.0296044826507569], "std_fit_time": [0.6744251360804999, 3.0157348271665887, 0.05678425338372823, 1.4250217318519103, 0.16186560782272874], "mean_score_time": [0.048282432556152347, 0.06160569190979004, 0.013042831420898437, 0.05846958160400391, 0.017906761169433592], "std_score_time": [0.033759843148458035, 0.01864685546780719, 0.015033568120522735, 0.02334190328241576, 0.00812610631030016]}, "score": 0.9686698921993038}, "KNeighborsClassifier": {"params": {"classification__weights": "uniform", "classification__n_neighbors": 9, "classification__metric": "minkowski", "classification__leaf_size": 16}, "times": {"mean_fit_time": [0.2942756175994873, 0.23591251373291017, 0.32602648735046386, 0.26556029319763186, 0.23274192810058594], "std_fit_time": [0.11554585547469458, 0.060348276148173126, 0.07180515096353324, 0.055012530268998015, 0.008865134560911467], "mean_score_time": [0.04696779251098633, 0.05950417518615723, 0.018227386474609374, 0.03986067771911621, 0.0586909294128418], "std_score_time": [0.018449338787622723, 0.02334168247180378, 0.011887444571809756, 0.028923170113114325, 0.01416030532553808]}, "score": 0.7926521517697989}, "ComplementNB": {"params": {"classification__alpha": 0.5}, "times": {"mean_fit_time": [0.8005736827850342, 0.6714940071105957, 0.7765204906463623, 0.3608875274658203, 0.3263864517211914], "std_fit_time": [0.37012128995623356, 0.3471210840762458, 0.46768034771226, 0.14602984470596103, 0.11751899285872192], "mean_score_time": [0.26599345207214353, 0.32736706733703613, 0.14936566352844238, 0.11717472076416016, 0.08585491180419921], "std_score_time": [0.17278382404910841, 0.13892028241433968, 0.11072138740759979, 0.04790272531001674, 0.04183531602973665]}, "score": 0.5858713182242594}}