{"[NN]NeuralNetwork": {"params": {"classification__epochs": 15, "classification__batch_size": 20}, "times": {"mean_fit_time": [86.1316463470459, 59.113412046432494, 70.7177755355835, 46.492361879348756, 74.3519148349762, 76.42839303016663, 52.46941795349121, 77.99385623931884, 63.097040033340456, 68.81628680229187], "std_fit_time": [14.017331736280276, 0.9161276742134199, 1.1391408298129497, 0.7492163378312569, 0.5429208732405467, 0.4466089320676169, 0.6982620517614239, 0.2690836086418465, 1.120962065906644, 1.099199716045184], "mean_score_time": [0.17458362579345704, 1.2400923252105713, 0.557951831817627, 1.6415975570678711, 0.4307272434234619, 0.46910991668701174, 1.8071700096130372, 0.2222456932067871, 1.4524632930755614, 0.5262982368469238], "std_score_time": [0.048564608100580275, 0.4230331531764518, 0.08081655787575451, 0.5550203989378644, 0.0848217407810874, 0.15814780687446187, 0.304788305384199, 0.05591501064379833, 0.30254257402034096, 0.14272374046567798]}, "score": 0.8853835459450433}, "RandomForestClassifier": {"params": {"classification__n_estimators": 50, "classification__min_samples_split": 10, "classification__min_samples_leaf": 1, "classification__max_features": "log2", "classification__max_depth": 100, "classification__bootstrap": true}, "times": {"mean_fit_time": [0.8954262256622314, 1.2756470680236816, 0.17658634185791017, 1.3269083023071289, 0.210496187210083], "std_fit_time": [0.030448266545707883, 0.08564151225745215, 0.018233638569650344, 0.06981690845085306, 0.014485841638900567], "mean_score_time": [0.025347042083740234, 0.026752662658691407, 0.016933774948120116, 0.03842849731445312, 0.018717050552368164], "std_score_time": [0.017974905158193985, 0.016920279746885463, 0.005623565551423712, 0.035446378238899234, 0.013501963076966291]}, "score": 0.9666815210932859}, "KNeighborsClassifier": {"params": {"classification__weights": "uniform", "classification__n_neighbors": 1, "classification__metric": "minkowski", "classification__leaf_size": 26}, "times": {"mean_fit_time": [0.13000130653381348, 0.2198802947998047, 0.235146427154541, 0.09421825408935547, 0.09461884498596192], "std_fit_time": [0.03764917262238176, 0.02988410137281021, 0.007121476648597566, 0.024439350457088158, 0.022311934800776673], "mean_score_time": [0.020649290084838866, 0.01848125457763672, 0.012505674362182617, 0.011924409866333007, 0.011754655838012695], "std_score_time": [0.011248742007526472, 0.00986278358223011, 0.002804557877755868, 0.007591689706750311, 0.001340401809549419]}, "score": 0.8954396910279263}, "ComplementNB": {"params": {"classification__alpha": 0.5}, "times": {"mean_fit_time": [0.30625362396240235, 0.2779961109161377, 0.34636898040771485, 0.3072711944580078, 0.26906781196594237], "std_fit_time": [0.027125697279327964, 0.08356483969490286, 0.055279293606314193, 0.07023987816848602, 0.077365729822807], "mean_score_time": [0.0685317039489746, 0.0967094898223877, 0.10510540008544922, 0.09866118431091309, 0.06601791381835938], "std_score_time": [0.029632741342168808, 0.02072597944910579, 0.03038558165332009, 0.019694668493532668, 0.023092806658150833]}, "score": 0.5780048382989559}}