{"[NN]NeuralNetwork": {"params": {"classification__epochs": 20, "classification__batch_size": 25}, "times": {"mean_fit_time": [83.95518860816955, 86.7962540626526, 53.10744886398315, 74.27864818572998, 73.37284421920776, 79.24587988853455, 57.7139087677002, 85.00901260375977, 81.56354684829712, 64.30705409049988], "std_fit_time": [0.6373348873045543, 0.19450921011809588, 1.1042141487497446, 1.0799742252143099, 1.8038162679657375, 0.9259851219630837, 1.0234359875247405, 0.3456177640634743, 0.8830620714433843, 0.9917252706039588], "mean_score_time": [0.32505483627319337, 0.1723548412322998, 1.8812932014465331, 0.9552722454071045, 0.9467831611633301, 0.7652811050415039, 2.0801161766052245, 0.33898320198059084, 0.2685436725616455, 1.2068599224090577], "std_score_time": [0.11738265498694211, 0.05433928421177565, 0.29013896613058876, 0.17394618894417754, 0.26412181976973204, 0.12244084335422076, 0.39677917635034876, 0.06761438801684244, 0.10268596589357558, 0.37142381478772435]}, "score": 0.895743765048578}, "RandomForestClassifier": {"params": {"classification__n_estimators": 300, "classification__min_samples_split": 10, "classification__min_samples_leaf": 1, "classification__max_features": "log2", "classification__max_depth": 80, "classification__bootstrap": false}, "times": {"mean_fit_time": [2.849666881561279, 3.227118444442749, 0.2927125930786133, 1.2121216773986816, 0.7797548770904541], "std_fit_time": [0.4151350402507517, 0.049440340369070974, 0.03283760539452686, 0.07015239777365635, 0.08146760257545263], "mean_score_time": [0.33234329223632814, 0.05494914054870605, 0.00929102897644043, 0.022040271759033205, 0.018813180923461913], "std_score_time": [0.3529553975532939, 0.027827902752569238, 0.007915119499094875, 0.016067793096421302, 0.014301482804817993]}, "score": 0.959881164587047}, "KNeighborsClassifier": {"params": {"classification__weights": "uniform", "classification__n_neighbors": 13, "classification__metric": "euclidean", "classification__leaf_size": 13}, "times": {"mean_fit_time": [0.13257050514221191, 0.19111161231994628, 0.1509833812713623, 0.0876572608947754, 0.09425320625305175], "std_fit_time": [0.04446306401396033, 0.05344688013676212, 0.0375289973917103, 0.008848217457176441, 0.014672385412805473], "mean_score_time": [0.017441701889038087, 0.008091211318969727, 0.03779878616333008, 0.019214630126953125, 0.015794992446899414], "std_score_time": [0.008317652340700938, 0.0021942279413823718, 0.02260624140247199, 0.004177868601877632, 0.004490839751499914]}, "score": 0.8125426534250065}, "ComplementNB": {"params": {"classification__alpha": 0.5}, "times": {"mean_fit_time": [0.2883949279785156, 0.20614299774169922, 0.24036712646484376, 0.24225912094116211, 0.21292338371276856], "std_fit_time": [0.03379165779870763, 0.05205750741982415, 0.06141830852736825, 0.06603822383917435, 0.06270353237723311], "mean_score_time": [0.09854016304016114, 0.09576406478881835, 0.08675642013549804, 0.048808956146240236, 0.04372835159301758], "std_score_time": [0.016790844331991156, 0.018365691790165645, 0.02042549379932876, 0.022582398392393968, 0.010077511893035438]}, "score": 0.5697843986079281}}