{"[NN]NeuralNetwork": {"params": {"classification__epochs": 20, "classification__batch_size": 25}, "times": {"mean_fit_time": [80.06463975906372, 61.735606002807614, 78.45752530097961, 56.04187088012695, 81.81482772827148, 51.519400691986085, 70.37447276115418, 76.00789804458618, 70.01016759872437, 47.08515062332153], "std_fit_time": [0.40539353778778486, 0.9809491504368607, 0.5291457250826552, 1.0103857000074656, 0.2602111376312355, 1.3819646617563954, 1.139719574256124, 0.5657073393346777, 1.329868665088672, 0.9610750192900027], "mean_score_time": [0.2835995674133301, 1.2500434875488282, 0.3427284717559814, 1.4573500156402588, 0.1621713161468506, 1.5599928379058838, 1.0906766414642335, 0.4147543430328369, 0.9273056507110595, 2.5051296234130858], "std_score_time": [0.0759879208158238, 0.15559377884798006, 0.15105690743207814, 0.47660530667045686, 0.04115375851479299, 0.4532728943813651, 0.22948565901535026, 0.08115671167583673, 0.20709719367882795, 0.4356054964417309]}, "score": 0.8797197247197246}, "RandomForestClassifier": {"params": {"classification__n_estimators": 400, "classification__min_samples_split": 10, "classification__min_samples_leaf": 4, "classification__max_features": "sqrt", "classification__max_depth": 30, "classification__bootstrap": true}, "times": {"mean_fit_time": [16.20567955970764, 3.5240476608276365, 4.810450887680053, 21.66172561645508, 4.307829809188843], "std_fit_time": [0.9993552546495521, 0.35430022617829887, 0.08308085612712778, 2.438186973403542, 0.19786846126741697], "mean_score_time": [0.0433812141418457, 0.20204834938049315, 0.03297691345214844, 0.06630382537841797, 0.03497133255004883], "std_score_time": [0.029680576350883076, 0.23701671356802126, 0.01867908896001775, 0.047003061544471196, 0.01769367961498139]}, "score": 0.9675448550632375}, "KNeighborsClassifier": {"params": {"classification__weights": "uniform", "classification__n_neighbors": 3, "classification__metric": "manhattan", "classification__leaf_size": 30}, "times": {"mean_fit_time": [0.2141725540161133, 0.556706428527832, 0.45609612464904786, 0.47506108283996584, 0.2856631278991699], "std_fit_time": [0.1533478647710433, 0.3393683705799219, 0.04194818516374971, 0.2797688520709913, 0.1837052949693536], "mean_score_time": [0.14229679107666016, 0.2588104248046875, 0.2097724437713623, 0.09607405662536621, 0.21027235984802245], "std_score_time": [0.16071072753325566, 0.2257366339387258, 0.07810639194008091, 0.08828387827461924, 0.06671124804639061]}, "score": 0.9326710646379764}, "ComplementNB": {"params": {"classification__alpha": 1.0}, "times": {"mean_fit_time": [0.2610354423522949, 0.29524765014648435, 0.37061362266540526, 0.31329951286315916, 0.28731813430786135], "std_fit_time": [0.027406851569468822, 0.11332793518014814, 0.099740812743975, 0.04102706987283663, 0.04743326463818017], "mean_score_time": [0.17430801391601564, 0.14005794525146484, 0.20617833137512206, 0.03892884254455566, 0.06532878875732422], "std_score_time": [0.09277220367434966, 0.08759777720932936, 0.048576838483086617, 0.04128826933355508, 0.04555631331784214]}, "score": 0.582033173117732}}