{"[NN]NeuralNetwork": {"params": {"classification__epochs": 20, "classification__batch_size": 20}, "times": {"mean_fit_time": [79.71620597839356, 74.35094962120056, 81.25160808563233, 62.84804081916809, 77.15808386802674, 46.62711009979248, 70.83444237709045, 82.71981711387635, 68.4742835521698, 53.20910325050354], "std_fit_time": [0.5020903583771505, 0.5803232383128523, 0.3541412278243348, 0.9166940819045389, 0.6088074996970553, 0.5812667470754163, 2.346493662029063, 0.2824019977233919, 0.868385783964425, 0.7484284062447382], "mean_score_time": [0.398775577545166, 1.0765536785125733, 0.27849669456481935, 1.3333412170410157, 0.58505220413208, 2.166970443725586, 1.0656260013580323, 0.1483530044555664, 1.6798383712768554, 1.8267521858215332], "std_score_time": [0.09179454082751659, 0.24970733628759564, 0.08149862124201977, 0.44175503088195406, 0.1687962491199341, 0.3140004802424627, 0.24584936427901183, 0.0069698094293633925, 0.26492598766291603, 0.46130467446114215]}, "score": 0.8930119746563596}, "RandomForestClassifier": {"params": {"classification__n_estimators": 1000, "classification__min_samples_split": 5, "classification__min_samples_leaf": 1, "classification__max_features": "log2", "classification__max_depth": null, "classification__bootstrap": false}, "times": {"mean_fit_time": [0.8004395961761475, 5.650508117675781, 0.12352614402770996, 1.0364459991455077, 5.987824392318726], "std_fit_time": [0.11632405775135052, 0.13551943481294063, 0.010825840508402221, 0.18769251634789227, 0.19251704515276863], "mean_score_time": [0.009026336669921874, 0.0797417163848877, 0.014389133453369141, 0.004666185379028321, 0.08744769096374512], "std_score_time": [0.006438220347791402, 0.049505801253877366, 0.007945071717374753, 0.0007531829344424614, 0.049543112448993]}, "score": 0.976545417409388}, "KNeighborsClassifier": {"params": {"classification__weights": "distance", "classification__n_neighbors": 5, "classification__metric": "manhattan", "classification__leaf_size": 23}, "times": {"mean_fit_time": [0.146238374710083, 0.12242412567138672, 0.181978178024292, 0.1273366928100586, 0.1590825080871582], "std_fit_time": [0.05444593058219147, 0.044840157065503726, 0.03300458618884856, 0.03728784879182153, 0.06794936374336251], "mean_score_time": [0.020638656616210938, 0.035044193267822266, 0.021674346923828126, 0.03675861358642578, 0.01848907470703125], "std_score_time": [0.005262635166855706, 0.019990588126278408, 0.01036572963599009, 0.02425597404473877, 0.006270733341541248]}, "score": 0.19828074601052542}, "ComplementNB": {"params": {"classification__alpha": 0.5}, "times": {"mean_fit_time": [0.19270172119140624, 0.27058753967285154, 0.29227848052978517, 0.32636141777038574, 0.283128023147583], "std_fit_time": [0.050152749589588735, 0.032179828874268276, 0.023848504166919155, 0.08521638976078638, 0.0553241803753777], "mean_score_time": [0.06831898689270019, 0.056582403182983396, 0.04939446449279785, 0.10981268882751465, 0.12263174057006836], "std_score_time": [0.011157076953797794, 0.02053434686245706, 0.021474616147043903, 0.045242608334944354, 0.03416218026083392]}, "score": 0.5738627079619726}}