{"[NN]NeuralNetwork": {"params": {"classification__epochs": 20, "classification__batch_size": 30}, "times": {"mean_fit_time": [47.34366064071655, 76.87056698799134, 69.53712453842164, 73.93324599266052, 55.18065495491028, 80.31025166511536, 63.410246753692626, 78.88697738647461, 51.35344486236572, 81.89956483840942], "std_fit_time": [1.1414829196031695, 1.2137330702722262, 1.4577380925267136, 0.931826440273702, 0.7814573050578458, 0.5336148374281402, 0.8479548135830095, 0.8106881245232727, 1.0650553279887889, 0.21209351174863933], "mean_score_time": [2.243211364746094, 0.46494832038879397, 0.9590622901916503, 0.7797896385192871, 1.3743094444274901, 0.29544677734375, 0.9549658298492432, 0.4232630729675293, 1.427849245071411, 0.15896315574645997], "std_score_time": [0.19248151874784872, 0.06324576524745633, 0.1268053664683665, 0.20558698473883183, 0.17111414679854997, 0.11243592149842185, 0.35567362698715654, 0.05057155770486654, 0.3032047085983086, 0.033067479891481205]}, "score": 0.9071203632968338}, "RandomForestClassifier": {"params": {"classification__n_estimators": 200, "classification__min_samples_split": 5, "classification__min_samples_leaf": 1, "classification__max_features": "sqrt", "classification__max_depth": 20, "classification__bootstrap": true}, "times": {"mean_fit_time": [0.8050858020782471, 1.1885454654693604, 2.8987311363220214, 1.9976755619049071, 1.2520968437194824], "std_fit_time": [0.13421978428335557, 0.08879817176788203, 0.04877966948581045, 0.09037045029337173, 0.04742863153309303], "mean_score_time": [0.004422378540039062, 0.03937382698059082, 0.038704299926757814, 0.03818211555480957, 0.04055805206298828], "std_score_time": [0.002433251055808502, 0.026026889811096653, 0.028327007222176452, 0.03281098625414181, 0.029657737582424935]}, "score": 0.9766467192937782}, "KNeighborsClassifier": {"params": {"classification__weights": "distance", "classification__n_neighbors": 5, "classification__metric": "euclidean", "classification__leaf_size": 30}, "times": {"mean_fit_time": [0.15725879669189452, 0.1836390495300293, 0.1162996768951416, 0.11887822151184083, 0.11596083641052246], "std_fit_time": [0.05427375738081235, 0.03272958990627314, 0.05408369427414961, 0.02372984637307204, 0.026739966782832143], "mean_score_time": [0.03234858512878418, 0.02982783317565918, 0.031527376174926756, 0.015559530258178711, 0.01147007942199707], "std_score_time": [0.019852486816356856, 0.01584663412033233, 0.017904742175447384, 0.006150626419429445, 0.002318973825720306]}, "score": 0.1655525846702317}, "ComplementNB": {"params": {"classification__alpha": 0}, "times": {"mean_fit_time": [0.32257661819458006, 0.3001998424530029, 0.34616761207580565, 0.3145621299743652, 0.32129878997802735], "std_fit_time": [0.08468231600291665, 0.055013268822102786, 0.10674305794781297, 0.04414416640256655, 0.0857364891589005], "mean_score_time": [0.12059550285339356, 0.13352541923522948, 0.12441248893737793, 0.11507420539855957, 0.11061902046203613], "std_score_time": [0.021746071120839955, 0.017782417751060264, 0.05178577934776579, 0.06772959206057393, 0.02109871966541697]}, "score": 0.55708853238265}}