{"[NN]NeuralNetwork": {"params": {"classification__epochs": 20, "classification__batch_size": 25}, "times": {"mean_fit_time": [66.02028765678406, 61.58302354812622, 81.9474410533905, 80.51011114120483, 48.77890157699585, 71.2036476612091, 52.28188443183899, 78.08257660865783, 75.9110378742218, 71.87950577735901], "std_fit_time": [1.2581128021163424, 0.7543959266547784, 0.13318534875592442, 0.3449846893428412, 0.7720572695495669, 0.5486825367285195, 0.8331323122878244, 0.5197960300823694, 0.5772881536223239, 0.6833209045100087], "mean_score_time": [1.2872344493865966, 1.045447540283203, 0.20914845466613768, 0.2884040832519531, 2.583767318725586, 1.4537387371063233, 1.6005661964416504, 0.41313939094543456, 0.45594286918640137, 1.3470513820648193], "std_score_time": [0.2804021820194672, 0.08989188487949384, 0.06312660536297825, 0.09173340931661014, 0.10369062275215644, 0.16301104188404797, 0.3114926656609599, 0.16856554454620834, 0.10845289213853355, 0.20661299792311333]}, "score": 0.8969807232775148}, "RandomForestClassifier": {"params": {"classification__n_estimators": 100, "classification__min_samples_split": 2, "classification__min_samples_leaf": 1, "classification__max_features": "log2", "classification__max_depth": 10, "classification__bootstrap": true}, "times": {"mean_fit_time": [0.5196164131164551, 0.5520712375640869, 16.30159797668457, 1.723181962966919, 1.7328809738159179], "std_fit_time": [0.09513409579633175, 0.06320673312160519, 1.5189913108323931, 0.15961728838305098, 0.3684989481395849], "mean_score_time": [0.01482534408569336, 0.0316673755645752, 0.01784648895263672, 0.09943323135375977, 0.07052288055419922], "std_score_time": [0.00712221781647867, 0.018830822507629384, 0.013896817805739016, 0.02528206031907705, 0.04333571606840921]}, "score": 0.9759650072150073}, "KNeighborsClassifier": {"params": {"classification__weights": "uniform", "classification__n_neighbors": 19, "classification__metric": "manhattan", "classification__leaf_size": 26}, "times": {"mean_fit_time": [0.38444905281066893, 0.6920107364654541, 0.6122717380523681, 0.1566335678100586, 0.19147853851318358], "std_fit_time": [0.1409392413621424, 0.11419122500869275, 0.191226953856464, 0.0670688366526749, 0.07517347450963971], "mean_score_time": [0.15384206771850586, 0.049493408203125, 0.12287206649780273, 0.04199705123901367, 0.01937527656555176], "std_score_time": [0.051183856497031825, 0.03878464079999371, 0.07296771144174873, 0.02267658237263458, 0.002795017439144199]}, "score": 0.8575297619047619}, "ComplementNB": {"params": {"classification__alpha": 0.5}, "times": {"mean_fit_time": [0.25589709281921386, 0.3030134677886963, 0.2899062156677246, 0.3127726078033447, 0.24711346626281738], "std_fit_time": [0.0901906231176094, 0.06032790798793905, 0.10762264378519026, 0.04125641384038104, 0.03850905370530152], "mean_score_time": [0.07511858940124512, 0.08912534713745117, 0.07276873588562012, 0.06338448524475097, 0.08391757011413574], "std_score_time": [0.01641612230849639, 0.0212539058056085, 0.01436272554956327, 0.02629470887428683, 0.0667056394611198]}, "score": 0.614366883116883}}