{"[NN]NeuralNetwork": {"params": {"classification__epochs": 20, "classification__batch_size": 25}, "times": {"mean_fit_time": [70.48307046890258, 65.41473836898804, 61.64648571014404, 47.98597054481506, 56.29006371498108, 51.30732617378235, 77.21221594810486, 78.78474106788636, 75.6853554725647, 69.6508924484253], "std_fit_time": [0.8736028960034848, 0.6430473311705538, 0.7665259199437682, 0.543164850596785, 0.893311862534732, 0.7965023761560046, 0.48325928177206534, 0.2335737440006269, 0.4227639886793534, 0.9655102911007779], "mean_score_time": [0.4632442474365234, 0.6096441268920898, 0.9199992656707764, 2.6199589729309083, 1.6832902431488037, 2.159315490722656, 0.31944808959960935, 0.1390291690826416, 0.5965900897979737, 0.5357946395874024], "std_score_time": [0.04627768440273282, 0.07633174293641035, 0.19493614084496194, 0.3849368895203714, 0.5345769707640168, 0.2359742658745471, 0.13980326918275418, 0.011385943984244007, 0.13368661900102868, 0.11052421777264293]}, "score": 0.8862878787878788}, "RandomForestClassifier": {"params": {"classification__n_estimators": 400, "classification__min_samples_split": 5, "classification__min_samples_leaf": 1, "classification__max_features": "log2", "classification__max_depth": 50, "classification__bootstrap": false}, "times": {"mean_fit_time": [3.3976893424987793, 2.8322985649108885, 0.6051319599151611, 3.134250545501709, 2.5400789737701417], "std_fit_time": [0.21119519359257413, 0.4266407706413524, 0.07524871806177759, 0.06894114033673156, 0.31631592993531593], "mean_score_time": [0.08050637245178223, 0.1028299331665039, 0.019875240325927735, 0.04481053352355957, 0.0990321159362793], "std_score_time": [0.058529447546214836, 0.05256793111248141, 0.02126874298578668, 0.0190523800252422, 0.06846817100130397]}, "score": 0.9720215813598166}, "KNeighborsClassifier": {"params": {"classification__weights": "uniform", "classification__n_neighbors": 11, "classification__metric": "manhattan", "classification__leaf_size": 30}, "times": {"mean_fit_time": [0.25646085739135743, 0.455783748626709, 0.40674638748168945, 0.6703265190124512, 0.538306999206543], "std_fit_time": [0.1282450920214539, 0.17389134706067377, 0.20153900959527732, 0.21867230094966508, 0.28069939832180807], "mean_score_time": [0.1564389705657959, 0.10808334350585938, 0.11727256774902343, 0.20011329650878906, 0.11686453819274903], "std_score_time": [0.04494541294910239, 0.08956325539211221, 0.07521099406794879, 0.1372796671292151, 0.0989450148552302]}, "score": 0.8841962959426194}, "ComplementNB": {"params": {"classification__alpha": 0.5}, "times": {"mean_fit_time": [0.363753604888916, 0.42159218788146974, 0.38420882225036623, 0.21654462814331055, 0.2314603328704834], "std_fit_time": [0.04856881769857419, 0.06961759148440023, 0.096607307718415, 0.054231704920060755, 0.05627147600874014], "mean_score_time": [0.09141044616699219, 0.11092677116394042, 0.07488780021667481, 0.06170754432678223, 0.0421842098236084], "std_score_time": [0.03402073701132107, 0.030793412912779355, 0.018240627852225556, 0.01282412964089881, 0.03023521397806792]}, "score": 0.5760371970757999}}