{"[NN]NeuralNetwork": {"params": {"classification__epochs": 20, "classification__batch_size": 30}, "times": {"mean_fit_time": [76.85114974975586, 60.117401885986325, 67.7896074295044, 44.464831304550174, 71.62576675415039, 74.40455799102783, 41.41140961647034, 75.93257203102112, 61.43478102684021, 66.64982891082764], "std_fit_time": [0.54087159238302, 6.467581857343722, 1.0553558245492585, 0.38210218700287635, 0.6373312300680778, 0.5039694261367956, 19.165844238762613, 0.5399218620561781, 0.6368928418291749, 1.17069338591844], "mean_score_time": [0.2566493511199951, 0.8149209022521973, 0.9760013103485108, 3.0127782344818117, 0.6343447685241699, 0.30916833877563477, 1.322069263458252, 0.27138609886169435, 1.5322993755340577, 0.9676682472229003], "std_score_time": [0.06552140687342536, 0.1136309904821785, 0.2878794828343304, 0.1514824028862916, 0.1511385547812895, 0.09363809025585143, 0.7602963984398873, 0.08606460840977216, 0.08554801927830723, 0.19656582109607976]}, "score": 0.8793206194676785}, "RandomForestClassifier": {"params": {"classification__n_estimators": 50, "classification__min_samples_split": 10, "classification__min_samples_leaf": 1, "classification__max_features": "log2", "classification__max_depth": 100, "classification__bootstrap": true}, "times": {"mean_fit_time": [1.1891619682312011, 1.5382138729095458, 0.2712430477142334, 1.4578231811523437, 0.19363794326782227], "std_fit_time": [0.02900415650846635, 0.0862631162848592, 0.02582348053703226, 0.09497600447579937, 0.022981716355130435], "mean_score_time": [0.03259739875793457, 0.0362736701965332, 0.02272377014160156, 0.02438511848449707, 0.012570476531982422], "std_score_time": [0.02867947720545915, 0.03971670210552835, 0.007080089287373976, 0.01353788439811234, 0.008895061423959126]}, "score": 0.9666815210932859}, "KNeighborsClassifier": {"params": {"classification__weights": "uniform", "classification__n_neighbors": 1, "classification__metric": "minkowski", "classification__leaf_size": 26}, "times": {"mean_fit_time": [0.14621615409851074, 0.18236522674560546, 0.2149073600769043, 0.0946340560913086, 0.11374640464782715], "std_fit_time": [0.05391191878590597, 0.06037625497285208, 0.02399170230765877, 0.01240275881445966, 0.027414565539211296], "mean_score_time": [0.016408824920654298, 0.03471527099609375, 0.015829992294311524, 0.017092800140380858, 0.021016979217529298], "std_score_time": [0.006767345943683539, 0.018962302850122074, 0.01167929862151377, 0.008343285087357577, 0.011759729252896827]}, "score": 0.8954396910279263}, "ComplementNB": {"params": {"classification__alpha": 0.5}, "times": {"mean_fit_time": [0.7079767704010009, 0.6904760837554932, 1.0205260276794434, 0.320222282409668, 0.2826701641082764], "std_fit_time": [0.3218161114924854, 0.35595264704339846, 0.3330100221847493, 0.015875381263371152, 0.05264625237064572], "mean_score_time": [0.2555527687072754, 0.23936762809753417, 0.29034762382507323, 0.08135037422180176, 0.060304450988769534], "std_score_time": [0.12192147013914287, 0.12376306903126562, 0.07641360279424929, 0.029224735514114523, 0.03606972023759261]}, "score": 0.5780048382989559}}