{"[NN]NeuralNetwork": {"params": {"classification__epochs": 20, "classification__batch_size": 25}, "times": {"mean_fit_time": [47.694620561599734, 77.47314786911011, 69.59002742767333, 74.52480421066284, 55.57277946472168, 80.91189465522766, 64.16730704307557, 79.11153273582458, 50.92081704139709, 82.39043011665345], "std_fit_time": [0.9389335399625761, 1.0444934146939526, 1.2971171951857485, 0.8075117910932847, 1.4971933269928024, 0.5265490142084391, 0.7617822649314969, 0.9687574469044476, 0.9107473767579323, 0.2766316904485098], "mean_score_time": [1.4638823032379151, 0.5664166450500489, 1.1793656826019288, 0.696342134475708, 1.4626079082489014, 0.2958442211151123, 1.4233757972717285, 0.46758408546447755, 2.5827892780303956, 0.13948421478271483], "std_score_time": [0.3989178874221566, 0.20857243090772706, 0.2699976996549615, 0.12547941967356857, 0.6509586677821219, 0.0613796640347883, 0.20500288525757904, 0.25045285632173886, 0.26461791579297644, 0.017713871532304987]}, "score": 0.8993213649096002}, "RandomForestClassifier": {"params": {"classification__n_estimators": 200, "classification__min_samples_split": 5, "classification__min_samples_leaf": 1, "classification__max_features": "sqrt", "classification__max_depth": 20, "classification__bootstrap": true}, "times": {"mean_fit_time": [0.8374305248260498, 1.2075086116790772, 1.7730565547943116, 2.4905052185058594, 1.8268700122833252], "std_fit_time": [0.13067461249799525, 0.07926459162017016, 0.12454548677442143, 0.11227287890573313, 0.07911172026191857], "mean_score_time": [0.005342817306518555, 0.01275787353515625, 0.028839635848999023, 0.01430649757385254, 0.029773950576782227], "std_score_time": [0.0034222277109159384, 0.006332187312657793, 0.020587651148664284, 0.006226761370011186, 0.02095913372618604]}, "score": 0.9766467192937782}, "KNeighborsClassifier": {"params": {"classification__weights": "distance", "classification__n_neighbors": 5, "classification__metric": "euclidean", "classification__leaf_size": 30}, "times": {"mean_fit_time": [0.18668246269226074, 0.2163076877593994, 0.18413848876953126, 0.1886068820953369, 0.16365413665771483], "std_fit_time": [0.04089752326158616, 0.0851784302773698, 0.06565713299934264, 0.025129517791777276, 0.026730191871842834], "mean_score_time": [0.03814964294433594, 0.011613416671752929, 0.04034190177917481, 0.013297939300537109, 0.015857744216918945], "std_score_time": [0.0216765692296836, 0.0062569775646790626, 0.033685256158089164, 0.005945431125528947, 0.006062088213465375]}, "score": 0.1655525846702317}, "ComplementNB": {"params": {"classification__alpha": 0}, "times": {"mean_fit_time": [0.22727041244506835, 0.34642853736877444, 0.2989522457122803, 0.22059144973754882, 0.24590816497802734], "std_fit_time": [0.042234202090954256, 0.0929937600889687, 0.10627021624099167, 0.037405620764925596, 0.027700898202794814], "mean_score_time": [0.08965549468994141, 0.11124496459960938, 0.11958150863647461, 0.05131587982177734, 0.05293464660644531], "std_score_time": [0.0680152922355915, 0.040257092805119424, 0.08404939096770642, 0.020145273895244606, 0.021145558531958108]}, "score": 0.55708853238265}}