{"[NN]NeuralNetwork": {"params": {"classification__epochs": 20, "classification__batch_size": 25}, "times": {"mean_fit_time": [47.25460543632507, 77.40180110931396, 69.84892501831055, 74.8185742855072, 55.40345888137817, 80.74725656509399, 64.59074273109437, 79.34644837379456, 50.77819027900696, 82.48390040397643], "std_fit_time": [0.8339787574322549, 0.8973579915661852, 1.0245123429027203, 1.1960866548422713, 1.0867425400981414, 0.5214871492670882, 1.0173489809813416, 0.5203907988133775, 1.0752774423756197, 0.3091321403660934], "mean_score_time": [2.9390866279602053, 0.43080339431762693, 0.7710715770721436, 0.7395119190216064, 1.2872117042541504, 0.2605430603027344, 1.154318380355835, 0.45293402671813965, 1.8907926559448243, 0.1298346996307373], "std_score_time": [0.19861814651974571, 0.13747344060417604, 0.1062613370452605, 0.26065394121455127, 0.3855728451689038, 0.05908286347387591, 0.24836843707557213, 0.19088022765776524, 0.30551503838717753, 0.013608519315796276]}, "score": 0.9056192173839233}, "RandomForestClassifier": {"params": {"classification__n_estimators": 200, "classification__min_samples_split": 5, "classification__min_samples_leaf": 1, "classification__max_features": "sqrt", "classification__max_depth": 20, "classification__bootstrap": true}, "times": {"mean_fit_time": [1.5328879356384277, 1.9480663776397704, 2.674492120742798, 1.7600793838500977, 1.166088342666626], "std_fit_time": [0.18179806035002333, 0.06502968096910931, 0.07940801900353507, 0.07034411036730315, 0.08498032234490883], "mean_score_time": [0.07194547653198242, 0.03896698951721191, 0.03433880805969238, 0.06034255027770996, 0.045024776458740236], "std_score_time": [0.03535402821298779, 0.028400856637273746, 0.028005967911833345, 0.034745560950595895, 0.022052996410505836]}, "score": 0.9766467192937782}, "KNeighborsClassifier": {"params": {"classification__weights": "distance", "classification__n_neighbors": 5, "classification__metric": "euclidean", "classification__leaf_size": 30}, "times": {"mean_fit_time": [0.1275872230529785, 0.19074044227600098, 0.15321798324584962, 0.1286381244659424, 0.14376158714294435], "std_fit_time": [0.06335464849725808, 0.06060544954860759, 0.0562886346885909, 0.04309691910020851, 0.05147217243196493], "mean_score_time": [0.012734317779541015, 0.028731584548950195, 0.019458532333374023, 0.024977970123291015, 0.03465037345886231], "std_score_time": [0.009002356215844122, 0.01712570154423139, 0.012025194337359988, 0.023911363291197436, 0.018819836601103836]}, "score": 0.1655525846702317}, "ComplementNB": {"params": {"classification__alpha": 0}, "times": {"mean_fit_time": [0.5915524005889893, 0.699403953552246, 0.45267434120178224, 0.37543702125549316, 0.28537840843200685], "std_fit_time": [0.268259083223678, 0.11056476341992476, 0.169337280464177, 0.07587182931684812, 0.11472764446712232], "mean_score_time": [0.1521052360534668, 0.247758150100708, 0.16200633049011232, 0.09280295372009277, 0.10290942192077637], "std_score_time": [0.053688591196844195, 0.05122649973588327, 0.08480859761219103, 0.021595258335879223, 0.05187575094571694]}, "score": 0.55708853238265}}