{"[NN]NeuralNetwork": {"params": {"classification__epochs": 20, "classification__batch_size": 25}, "times": {"mean_fit_time": [81.84350185394287, 84.73370213508606, 51.31297965049744, 72.18618092536926, 72.00486993789673, 76.76303911209106, 55.7122811794281, 83.01447410583496, 79.56737785339355, 62.86973466873169], "std_fit_time": [0.6655143384364357, 0.14238511854555289, 2.078069370850893, 1.5844826566981873, 1.2430826734239748, 0.7358653174923769, 1.9641569467732674, 0.3675648020791424, 0.6389964221046408, 0.9559959536115749], "mean_score_time": [0.3604274272918701, 0.17768139839172364, 1.6362473011016845, 0.7592411994934082, 0.8013218879699707, 0.7323206424713135, 1.5979254722595215, 0.2804088115692139, 0.4634366035461426, 1.1261548042297362], "std_score_time": [0.07678936758356286, 0.025719140086978117, 0.34058504279100843, 0.29553485460542633, 0.2776766303312407, 0.19090310915237363, 0.4968052025370586, 0.10950756267356933, 0.12915474317203862, 0.3471446738152481]}, "score": 0.9027391542899565}, "RandomForestClassifier": {"params": {"classification__n_estimators": 300, "classification__min_samples_split": 10, "classification__min_samples_leaf": 1, "classification__max_features": "log2", "classification__max_depth": 80, "classification__bootstrap": false}, "times": {"mean_fit_time": [0.9395536422729492, 1.329251194000244, 0.2754825115203857, 1.2230165481567383, 0.8521944522857666], "std_fit_time": [0.07024207478554241, 0.02345655699912894, 0.014219462943662832, 0.09415453142761293, 0.06095533810143071], "mean_score_time": [0.027477407455444337, 0.023322200775146483, 0.02048945426940918, 0.03335041999816894, 0.014242029190063477], "std_score_time": [0.024800243610766947, 0.016400320173902305, 0.011922016379350158, 0.030143246044000465, 0.0100015893197134]}, "score": 0.959881164587047}, "KNeighborsClassifier": {"params": {"classification__weights": "uniform", "classification__n_neighbors": 13, "classification__metric": "euclidean", "classification__leaf_size": 13}, "times": {"mean_fit_time": [0.1457491397857666, 0.20047731399536134, 0.19399819374084473, 0.10866971015930176, 0.10641417503356934], "std_fit_time": [0.057310298041620675, 0.06577572439237363, 0.08369854806656571, 0.015203190176485037, 0.027571136245981266], "mean_score_time": [0.033124113082885744, 0.046507740020751955, 0.055341577529907225, 0.018733501434326172, 0.01338200569152832], "std_score_time": [0.01655654915260459, 0.029248393244097455, 0.03699922690532206, 0.0035360631461053378, 0.004650095829771438]}, "score": 0.8125426534250065}, "ComplementNB": {"params": {"classification__alpha": 0.5}, "times": {"mean_fit_time": [0.2756083011627197, 0.31389608383178713, 0.32855563163757323, 0.3248967170715332, 0.47937617301940916], "std_fit_time": [0.05636350080285168, 0.07646114910616872, 0.07537980717407343, 0.11283781509245056, 0.12599593094971578], "mean_score_time": [0.07496304512023926, 0.09475975036621094, 0.10880565643310547, 0.09197511672973632, 0.1276395320892334], "std_score_time": [0.026355616508150916, 0.03054662884039711, 0.0383783872040086, 0.037048798107041564, 0.02762118317570872]}, "score": 0.5697843986079281}}