{"[NN]NeuralNetwork": {"params": {"classification__epochs": 20, "classification__batch_size": 30}, "times": {"mean_fit_time": [76.63215293884278, 64.33353753089905, 75.80893611907959, 60.36667017936706, 74.1048005580902, 50.582902097702025, 47.199535608291626, 68.57416834831238, 54.450982093811035, 69.62007284164429], "std_fit_time": [0.40426665837681025, 1.517163323699414, 0.32189657892245965, 0.7517217478019607, 0.5699694864948922, 0.7820087123542987, 0.8237453114903114, 1.155287610659552, 0.9249338574461577, 0.7685086425023003], "mean_score_time": [0.15910959243774414, 1.0931912422180177, 0.27947678565979006, 1.089306640625, 0.33408269882202146, 2.5483001232147218, 1.876862382888794, 0.9056403160095214, 1.8149143695831298, 0.6457792282104492], "std_score_time": [0.03409649878382369, 0.3321894249001323, 0.07240224348220464, 0.31464971581401147, 0.023260997551621476, 0.24489416117709822, 0.4584053554741101, 0.14532951959139162, 0.22962893155832598, 0.15140614759666138]}, "score": 0.8906105985517749}, "RandomForestClassifier": {"params": {"classification__n_estimators": 200, "classification__min_samples_split": 5, "classification__min_samples_leaf": 2, "classification__max_features": "log2", "classification__max_depth": 30, "classification__bootstrap": false}, "times": {"mean_fit_time": [1.166359043121338, 2.936797857284546, 32.00039448738098, 1.2872655868530274, 2.791483688354492], "std_fit_time": [0.03854885631052845, 0.23176244494897766, 2.680071181237056, 0.062167187454321086, 0.16140414438457004], "mean_score_time": [0.020485591888427735, 0.041788578033447266, 0.06743450164794922, 0.02973628044128418, 0.03880319595336914], "std_score_time": [0.021270432099219222, 0.039398144342488395, 0.03502731359619573, 0.019533395903693886, 0.041933033259903774]}, "score": 0.9685412953060013}, "KNeighborsClassifier": {"params": {"classification__weights": "uniform", "classification__n_neighbors": 7, "classification__metric": "manhattan", "classification__leaf_size": 20}, "times": {"mean_fit_time": [0.1354276180267334, 0.20414447784423828, 0.19912519454956054, 0.12232432365417481, 0.15099177360534669], "std_fit_time": [0.04169691210853603, 0.06010695568768599, 0.038930182159569116, 0.09135439984988997, 0.06424619352171278], "mean_score_time": [0.01989598274230957, 0.044861221313476564, 0.031116771697998046, 0.07528367042541503, 0.04373917579650879], "std_score_time": [0.008488874441965678, 0.03936061292790945, 0.0209735348699432, 0.04607317701782545, 0.015991610817246763]}, "score": 0.8953391053391053}, "ComplementNB": {"params": {"classification__alpha": 0.5}, "times": {"mean_fit_time": [0.521024227142334, 0.4928701877593994, 0.46916818618774414, 0.3686164379119873, 0.30239310264587405], "std_fit_time": [0.1861935485421377, 0.1457457608976415, 0.16248273087053847, 0.09968595359524446, 0.09475233742140683], "mean_score_time": [0.09721698760986328, 0.14251418113708497, 0.08417901992797852, 0.07732195854187011, 0.08836073875427246], "std_score_time": [0.07316831139775644, 0.07757914688371963, 0.04556122303768564, 0.020516589175612204, 0.03916701100259832]}, "score": 0.5815885748238689}}