{"[NN]NeuralNetwork": {"params": {"classification__epochs": 20, "classification__batch_size": 25}, "times": {"mean_fit_time": [80.85883660316468, 70.04532089233399, 79.39548325538635, 63.22490229606628, 53.22526035308838, 68.85376658439637, 77.13949131965637, 47.114311170578006, 82.45719547271729, 74.15694198608398], "std_fit_time": [0.42239669203313757, 0.7856746130570398, 0.5721951587605902, 0.9264650278304362, 0.8484201504013583, 1.015583286912223, 0.8220062399338683, 0.9680379017432752, 0.28173847793268547, 0.9632564013547253], "mean_score_time": [0.3294708251953125, 1.6416397571563721, 0.44605588912963867, 1.901669692993164, 1.883641004562378, 1.4642847061157227, 0.505024003982544, 2.6466548442840576, 0.19832758903503417, 1.1286051273345947], "std_score_time": [0.12110324084039738, 0.31221913021617015, 0.11248155880243471, 0.290863671162489, 0.1438542243501445, 0.46015830193188256, 0.07153945725982354, 0.5150233691362277, 0.06260620722566501, 0.44205989311765914]}, "score": 0.8842663590123483}, "RandomForestClassifier": {"params": {"classification__n_estimators": 300, "classification__min_samples_split": 10, "classification__min_samples_leaf": 4, "classification__max_features": "log2", "classification__max_depth": 60, "classification__bootstrap": true}, "times": {"mean_fit_time": [26.173890161514283, 1.3279287815093994, 0.20514001846313476, 0.2834154605865479, 1.4551214694976806], "std_fit_time": [4.537055635566291, 0.06134443265538149, 0.034330089647069385, 0.0344417231882635, 0.08214232280775376], "mean_score_time": [0.04876322746276855, 0.04540858268737793, 0.0072609901428222655, 0.020262670516967774, 0.017701339721679688], "std_score_time": [0.03072074504592874, 0.03985451797257923, 0.0051273276635367135, 0.017052077121007717, 0.013349584170628117]}, "score": 0.964308871275783}, "KNeighborsClassifier": {"params": {"classification__weights": "uniform", "classification__n_neighbors": 17, "classification__metric": "euclidean", "classification__leaf_size": 20}, "times": {"mean_fit_time": [0.1076925277709961, 0.10741896629333496, 0.1259974479675293, 0.09489827156066895, 0.08604326248168945], "std_fit_time": [0.015240912613776534, 0.026047182665941613, 0.028980492421275615, 0.02036282328783869, 0.01437092772396242], "mean_score_time": [0.023643112182617186, 0.018481016159057617, 0.01193389892578125, 0.014387035369873047, 0.019625520706176756], "std_score_time": [0.01028854577600593, 0.006872435874114851, 0.006786107499471361, 0.0030560304921188036, 0.009078178875848419]}, "score": 0.7572009485612426}, "ComplementNB": {"params": {"classification__alpha": 0.5}, "times": {"mean_fit_time": [0.2730982780456543, 0.26278839111328123, 0.32174034118652345, 0.3369398593902588, 0.3502059459686279], "std_fit_time": [0.05028599145540001, 0.08123214659500579, 0.06940270519343003, 0.03452128117582123, 0.05571684511126093], "mean_score_time": [0.054735660552978516, 0.11017260551452637, 0.10086550712585449, 0.14513692855834961, 0.15854597091674805], "std_score_time": [0.023132809013513316, 0.03442591542793677, 0.059526265796848256, 0.04782936873033986, 0.04391991261465767]}, "score": 0.5876315677786266}}