{"[NN]NeuralNetwork": {"params": {"classification__epochs": 20, "classification__batch_size": 25}, "times": {"mean_fit_time": [76.72443051338196, 64.6343288898468, 75.6550217628479, 61.54548425674439, 74.41610856056214, 49.72371039390564, 47.532231950759886, 70.9058316707611, 55.36561279296875, 69.7657057762146], "std_fit_time": [0.2629975516293797, 1.0822823835590274, 0.6200694896109561, 1.4638215336983291, 1.0363341146129015, 1.2398891264415088, 1.7438947595012009, 2.1172150106914414, 0.9846509183470531, 1.2666685499736199], "mean_score_time": [0.15434784889221193, 0.8610057353973388, 0.3017440319061279, 1.1291085243225099, 0.2691927433013916, 1.6934583187103271, 1.5378797054290771, 0.6149069309234619, 1.6865175247192383, 0.5460422992706299], "std_score_time": [0.0425182188887908, 0.39523069901681285, 0.06447095274293033, 0.3463982412302958, 0.06552739644118433, 0.4256302023788119, 0.33343373814050886, 0.18455310138124703, 0.4642555759566798, 0.14092207408927093]}, "score": 0.8881495628554452}, "RandomForestClassifier": {"params": {"classification__n_estimators": 200, "classification__min_samples_split": 5, "classification__min_samples_leaf": 2, "classification__max_features": "log2", "classification__max_depth": 30, "classification__bootstrap": false}, "times": {"mean_fit_time": [1.111954355239868, 2.9964485645294188, 33.15279479026795, 1.2670390605926514, 2.899919843673706], "std_fit_time": [0.09304015953009281, 0.20638747143745848, 3.686165492679577, 0.17467412020173279, 0.14481217663122517], "mean_score_time": [0.00920119285583496, 0.007898187637329102, 0.05564780235290527, 0.014297199249267579, 0.03191733360290527], "std_score_time": [0.005068189679120815, 0.004255725701669215, 0.039210024358282594, 0.015133354907300944, 0.02024130102244441]}, "score": 0.9685412953060013}, "KNeighborsClassifier": {"params": {"classification__weights": "uniform", "classification__n_neighbors": 7, "classification__metric": "manhattan", "classification__leaf_size": 20}, "times": {"mean_fit_time": [0.3850224018096924, 0.376786470413208, 0.4681682109832764, 0.5866542816162109, 0.5429048061370849], "std_fit_time": [0.1482396711954668, 0.05867569352685273, 0.10870414376384596, 0.1311332253949387, 0.2757286276336338], "mean_score_time": [0.08401484489440918, 0.1412890911102295, 0.061600542068481444, 0.203554105758667, 0.2091688632965088], "std_score_time": [0.043574583700180095, 0.072979215822957, 0.07654881850368905, 0.12597990499777234, 0.08181344422801866]}, "score": 0.8953391053391053}, "ComplementNB": {"params": {"classification__alpha": 0.5}, "times": {"mean_fit_time": [0.24155244827270508, 0.39023666381835936, 0.40102224349975585, 0.4254716396331787, 0.5531058788299561], "std_fit_time": [0.03952244546889871, 0.09593618958121253, 0.1035322015479447, 0.09394495721029417, 0.07682455333440598], "mean_score_time": [0.13000292778015138, 0.1520524501800537, 0.1534735679626465, 0.10864591598510742, 0.1606215476989746], "std_score_time": [0.049520508638307426, 0.027476950876284125, 0.006301720511254703, 0.05546985458254285, 0.032432070751745715]}, "score": 0.5815885748238689}}