{"[NN]NeuralNetwork": {"params": {"classification__epochs": 20, "classification__batch_size": 25}, "times": {"mean_fit_time": [80.30155639648437, 83.16119360923767, 49.334946632385254, 69.89274153709411, 69.45918364524842, 75.05075893402099, 54.01527643203735, 81.41104412078857, 78.40513715744018, 60.55770893096924], "std_fit_time": [0.7572076407610826, 0.22209168193195733, 1.277609638009775, 0.7133219142331777, 1.6752262447686206, 1.0202463227190894, 0.8435207039347533, 0.4240615781599692, 0.8963644918198197, 1.233268903607431], "mean_score_time": [0.3764340400695801, 0.1897871494293213, 1.9686607837677002, 1.4133712768554687, 1.5077264785766602, 0.9441948413848877, 2.578955888748169, 0.2807729721069336, 0.5295567989349366, 1.1532415390014648], "std_score_time": [0.09419422451728898, 0.046999572497742066, 0.23060636304538554, 0.16610965069120134, 0.15384723912208476, 0.2682883269488328, 0.40824428478924984, 0.06937434231903206, 0.12148812858543, 0.43605184828184107]}, "score": 0.9105462165087834}, "RandomForestClassifier": {"params": {"classification__n_estimators": 300, "classification__min_samples_split": 10, "classification__min_samples_leaf": 1, "classification__max_features": "log2", "classification__max_depth": 80, "classification__bootstrap": false}, "times": {"mean_fit_time": [1.5552140712738036, 2.0265594005584715, 0.519729471206665, 1.6951522827148438, 1.0842860698699952], "std_fit_time": [0.0974193063777648, 0.03382837843978219, 0.04704993487156318, 0.07245460001226178, 0.1201458977411827], "mean_score_time": [0.05032978057861328, 0.036861324310302736, 0.03316030502319336, 0.08275909423828125, 0.06442523002624512], "std_score_time": [0.03346104165200431, 0.022756389271821147, 0.02574777913490493, 0.0576778126283309, 0.03881544457998661]}, "score": 0.959881164587047}, "KNeighborsClassifier": {"params": {"classification__weights": "uniform", "classification__n_neighbors": 13, "classification__metric": "euclidean", "classification__leaf_size": 13}, "times": {"mean_fit_time": [0.15638418197631837, 0.1365206241607666, 0.1664033889770508, 0.1218325138092041, 0.11623330116271972], "std_fit_time": [0.05239103080820734, 0.040798764849201634, 0.05384882619882151, 0.028443121722066877, 0.026182355158276858], "mean_score_time": [0.03437204360961914, 0.02471580505371094, 0.02796926498413086, 0.020246553421020507, 0.02005467414855957], "std_score_time": [0.02277589082341022, 0.010418711986559531, 0.018663386167759942, 0.008480882684198282, 0.013855156597222387]}, "score": 0.8125426534250065}, "ComplementNB": {"params": {"classification__alpha": 0.5}, "times": {"mean_fit_time": [0.31071109771728517, 0.3169871807098389, 0.35735187530517576, 0.9594590187072753, 0.8380354404449463], "std_fit_time": [0.030817759805490386, 0.05430787148660191, 0.04442718798512484, 0.20103859018606773, 0.3366766158942798], "mean_score_time": [0.13456926345825196, 0.10194010734558105, 0.13847522735595702, 0.3195312023162842, 0.32550296783447263], "std_score_time": [0.028515249015102672, 0.02541324316667665, 0.023248995372849225, 0.08663760021460883, 0.10422167749857864]}, "score": 0.5697843986079281}}