{"[NN]NeuralNetwork": {"params": {"classification__epochs": 20, "classification__batch_size": 25}, "times": {"mean_fit_time": [77.55311598777772, 59.63533854484558, 75.77162919044494, 53.998512268066406, 79.3543568611145, 49.74196820259094, 67.9997440814972, 74.15165781974792, 67.73888359069824, 46.24211483001709], "std_fit_time": [0.37937295777050867, 0.5480323072451911, 0.6138693226628928, 1.407342368948084, 0.33058813938599135, 1.2051504463893676, 1.071154564125007, 0.698874983030142, 0.8787421217645028, 0.8741087815677597], "mean_score_time": [0.22319536209106444, 1.4669405937194824, 0.41086568832397463, 1.6709570407867431, 0.14603204727172853, 1.8273869514465333, 0.7321988105773926, 0.44245152473449706, 0.6986042499542237, 2.17010612487793], "std_score_time": [0.06990554923148337, 0.10380423680056038, 0.11700128394621208, 0.4810391188810336, 0.01202588173559986, 0.6574325234372915, 0.2997359599792649, 0.13403218052258456, 0.25042094858417274, 0.2959584345978473]}, "score": 0.881397834191952}, "RandomForestClassifier": {"params": {"classification__n_estimators": 400, "classification__min_samples_split": 10, "classification__min_samples_leaf": 4, "classification__max_features": "sqrt", "classification__max_depth": 30, "classification__bootstrap": true}, "times": {"mean_fit_time": [10.366459608078003, 1.6041722297668457, 2.2935853958129884, 19.16353120803833, 8.308905601501465], "std_fit_time": [1.0600300857928096, 0.10977813495772351, 0.11038033096102208, 2.843613744033208, 0.1303090954872258], "mean_score_time": [0.06155452728271484, 0.01951909065246582, 0.04630856513977051, 0.04962172508239746, 0.08085484504699707], "std_score_time": [0.07784535912555118, 0.012110018211931693, 0.03576735181646372, 0.02193615565786565, 0.0337324720849959]}, "score": 0.9675448550632375}, "KNeighborsClassifier": {"params": {"classification__weights": "uniform", "classification__n_neighbors": 3, "classification__metric": "manhattan", "classification__leaf_size": 30}, "times": {"mean_fit_time": [0.30210490226745607, 0.38912143707275393, 0.33854308128356936, 0.24106211662292482, 0.23272833824157715], "std_fit_time": [0.0744616644923071, 0.04030319484683771, 0.11464855351477062, 0.06353545952254408, 0.12216389068794113], "mean_score_time": [0.04210720062255859, 0.05782260894775391, 0.034427213668823245, 0.10865402221679688, 0.03195834159851074], "std_score_time": [0.022724824615847062, 0.03455088980880307, 0.020191139816245384, 0.0716977798261599, 0.011770498768283224]}, "score": 0.9326710646379764}, "ComplementNB": {"params": {"classification__alpha": 1.0}, "times": {"mean_fit_time": [0.9357304573059082, 0.9689888000488281, 0.7629437446594238, 0.602891492843628, 0.6796408653259277], "std_fit_time": [0.5862369862808399, 0.5158154942737654, 0.1437063754808455, 0.24178751729997033, 0.24949825637532683], "mean_score_time": [0.26312570571899413, 0.23463711738586426, 0.20897912979125977, 0.31061525344848634, 0.33473548889160154], "std_score_time": [0.09103164578149628, 0.11998270174324595, 0.061790371435648125, 0.1344821072171739, 0.05451766836226053]}, "score": 0.582033173117732}}