{"[NN]NeuralNetwork": {"params": {"classification__epochs": 20, "classification__batch_size": 20}, "times": {"mean_fit_time": [80.05012359619141, 83.13167638778687, 48.68191032409668, 70.1099835395813, 69.28644227981567, 83.20614757537842, 54.043412399291995, 81.04652862548828, 77.65191392898559, 60.118756437301634], "std_fit_time": [0.8746130975827809, 0.3116614788980819, 0.40477889002609974, 1.4738495803867573, 1.3474958386334126, 16.087616980041386, 1.5941666122047637, 0.3113559230735427, 0.7566166149552432, 0.8421458146098058], "mean_score_time": [0.3931753158569336, 0.1379861831665039, 2.727608346939087, 1.1091503143310546, 0.9836966037750244, 0.5030182361602783, 1.5095066547393798, 0.28798227310180663, 0.677416467666626, 1.1759339809417724], "std_score_time": [0.21203398318113958, 0.01730240258799865, 0.303836224207138, 0.2869975653500498, 0.41894705289422807, 0.26074170225260845, 0.5340814418303645, 0.07935527729958564, 0.15232065229635244, 0.3534999622178431]}, "score": 0.8988515505093047}, "RandomForestClassifier": {"params": {"classification__n_estimators": 300, "classification__min_samples_split": 10, "classification__min_samples_leaf": 1, "classification__max_features": "log2", "classification__max_depth": 80, "classification__bootstrap": false}, "times": {"mean_fit_time": [0.9087302684783936, 1.3657467365264893, 0.26722068786621095, 1.4036885738372802, 1.0286361217498778], "std_fit_time": [0.030944319459106206, 0.12702279512645587, 0.02012729486699517, 0.11018479701885177, 0.07875883368087036], "mean_score_time": [0.02838926315307617, 0.014818429946899414, 0.017235469818115235, 0.017406558990478514, 0.033078908920288086], "std_score_time": [0.016473864650543558, 0.010980659663101277, 0.006728917448982165, 0.010520947269758687, 0.033197396042633213]}, "score": 0.959881164587047}, "KNeighborsClassifier": {"params": {"classification__weights": "uniform", "classification__n_neighbors": 13, "classification__metric": "euclidean", "classification__leaf_size": 13}, "times": {"mean_fit_time": [0.14730515480041503, 0.1366175651550293, 0.14856290817260742, 0.10217938423156739, 0.08365354537963868], "std_fit_time": [0.05559337074855685, 0.050528990724267545, 0.051139023026425624, 0.01946473434007271, 0.024524093695492973], "mean_score_time": [0.021310997009277344, 0.03713388442993164, 0.024063587188720703, 0.01719388961791992, 0.016778850555419923], "std_score_time": [0.007659149465006126, 0.01970759401999619, 0.011201855206882851, 0.007712651693505238, 0.00680741193997407]}, "score": 0.8125426534250065}, "ComplementNB": {"params": {"classification__alpha": 0.5}, "times": {"mean_fit_time": [0.30220232009887693, 0.29284067153930665, 0.4046046257019043, 0.32105121612548826, 0.3431724548339844], "std_fit_time": [0.112748713200071, 0.1040441415008676, 0.04448887378158852, 0.08349877598191513, 0.10269666252591288], "mean_score_time": [0.09288954734802246, 0.11737174987792968, 0.10890140533447265, 0.07959508895874023, 0.06853156089782715], "std_score_time": [0.03205036166674881, 0.029688638520016263, 0.03029899764852226, 0.028639616347960323, 0.03105874758532002]}, "score": 0.5697843986079281}}