{"[NN]NeuralNetwork": {"params": {"classification__epochs": 20, "classification__batch_size": 20}, "times": {"mean_fit_time": [81.91243391036987, 71.04180493354798, 54.11940884590149, 65.09224925041198, 49.64537057876587, 78.78924379348754, 60.22396450042724, 70.28137264251708, 80.0664176940918, 75.0501935005188], "std_fit_time": [0.23532121430002428, 1.023901268651586, 0.5867665833208622, 0.8587880131310417, 0.7884343388507655, 0.48783188067191374, 1.1287115876297773, 1.1781149094788401, 0.30156180241413305, 0.670586020721358], "mean_score_time": [0.1901702880859375, 0.869226598739624, 1.5335847377777099, 1.0049825668334962, 2.257653284072876, 0.5070600986480713, 1.2019099235534667, 1.040688943862915, 0.24774599075317383, 0.8189733505249024], "std_score_time": [0.06124364863130242, 0.328213691175007, 0.49160825514114376, 0.35721583152621655, 0.30185934665410463, 0.15647192035853102, 0.4353530095920378, 0.23848813509699365, 0.07609119250942634, 0.12074835055972445]}, "score": 0.898951418951419}, "RandomForestClassifier": {"params": {"classification__n_estimators": 200, "classification__min_samples_split": 2, "classification__min_samples_leaf": 1, "classification__max_features": "log2", "classification__max_depth": 20, "classification__bootstrap": false}, "times": {"mean_fit_time": [1.252641487121582, 5.046086931228638, 3.272351551055908, 2.4054073810577394, 0.9709383964538574], "std_fit_time": [0.10568031414820087, 0.6756612118325667, 0.24270754696342423, 0.1435649751390724, 0.077305350906303], "mean_score_time": [0.05035896301269531, 0.015332317352294922, 0.059193992614746095, 0.03490433692932129, 0.04527883529663086], "std_score_time": [0.03204788615257617, 0.009452255829832298, 0.0378305937387651, 0.023311262243649388, 0.03217319277645616]}, "score": 0.9714374575587812}, "KNeighborsClassifier": {"params": {"classification__weights": "uniform", "classification__n_neighbors": 9, "classification__metric": "manhattan", "classification__leaf_size": 23}, "times": {"mean_fit_time": [0.21387782096862792, 0.2523034572601318, 0.20997004508972167, 0.28407726287841795, 0.22264161109924316], "std_fit_time": [0.03125555553422188, 0.09644836566854992, 0.053675492927424046, 0.13433607931992522, 0.08150241116406885], "mean_score_time": [0.05178709030151367, 0.030596542358398437, 0.05047941207885742, 0.03392777442932129, 0.07559151649475097], "std_score_time": [0.012954234118034532, 0.01656909168398323, 0.020111680239622193, 0.03941773168841346, 0.043574055863846446]}, "score": 0.8925455977845684}, "ComplementNB": {"params": {"classification__alpha": 0.5}, "times": {"mean_fit_time": [0.7077649116516114, 0.512724781036377, 1.020111083984375, 0.5523058891296386, 0.7062304973602295], "std_fit_time": [0.33426761716602615, 0.2505403427094954, 0.15602878974947254, 0.2556732412681152, 0.26135723693939883], "mean_score_time": [0.19360923767089844, 0.1440721035003662, 0.2416961669921875, 0.19524836540222168, 0.22575292587280274], "std_score_time": [0.0978859443335362, 0.12338884854993544, 0.08679996503673215, 0.0939906098539668, 0.12405358405291611]}, "score": 0.5675013793396146}}