{"[NN]NeuralNetwork": {"params": {"classification__epochs": 20, "classification__batch_size": 25}, "times": {"mean_fit_time": [78.1954167842865, 66.49724421501159, 77.267160987854, 62.20943818092346, 75.80218501091004, 52.68311877250672, 49.12311749458313, 72.58485598564148, 56.58086276054382, 71.11926493644714], "std_fit_time": [0.2732084896257503, 0.7910393638850955, 0.5120271854959059, 1.1229255589089433, 0.5960100672032604, 0.3316759631662917, 0.9491137983913245, 2.70422672082739, 0.2680023580540447, 0.8995911322605916], "mean_score_time": [0.19929628372192382, 0.7885542392730713, 0.3459485530853271, 1.0313679695129394, 0.2607120037078857, 2.5367293834686278, 2.554483938217163, 0.42354507446289064, 2.6436477184295653, 0.5218451976776123], "std_score_time": [0.07536683781737978, 0.09430985734067707, 0.03322085627697821, 0.3284328540901647, 0.09355114817164155, 0.1020686115920368, 0.4809449950069033, 0.1546229071380139, 0.2316748456916592, 0.23248416835774108]}, "score": 0.8842021867021869}, "RandomForestClassifier": {"params": {"classification__n_estimators": 200, "classification__min_samples_split": 5, "classification__min_samples_leaf": 2, "classification__max_features": "log2", "classification__max_depth": 30, "classification__bootstrap": false}, "times": {"mean_fit_time": [1.2269988536834717, 2.859560966491699, 32.571880435943605, 1.0337369918823243, 3.78969144821167], "std_fit_time": [0.16909708050672698, 0.241535169277464, 2.6339438743188124, 0.04351015925282173, 0.48748134929883363], "mean_score_time": [0.022605514526367186, 0.03309035301208496, 0.05994229316711426, 0.027296829223632812, 0.03632078170776367], "std_score_time": [0.022032762531765542, 0.01093269233289419, 0.045993324030922995, 0.010056895769235375, 0.01985366571003411]}, "score": 0.9685412953060013}, "KNeighborsClassifier": {"params": {"classification__weights": "uniform", "classification__n_neighbors": 7, "classification__metric": "manhattan", "classification__leaf_size": 20}, "times": {"mean_fit_time": [0.3427138805389404, 0.38723316192626955, 0.506939697265625, 0.2680976390838623, 0.35374937057495115], "std_fit_time": [0.10621976929707513, 0.09221460612477764, 0.04489111501584638, 0.05188816540926654, 0.11474011841054645], "mean_score_time": [0.07210206985473633, 0.09934234619140625, 0.06694416999816895, 0.029756736755371094, 0.0515800952911377], "std_score_time": [0.04853695751914163, 0.052373079387322066, 0.029798003413394423, 0.02605372581197614, 0.020301906741693698]}, "score": 0.8953391053391053}, "ComplementNB": {"params": {"classification__alpha": 0.5}, "times": {"mean_fit_time": [0.407164478302002, 0.3750314235687256, 0.33326897621154783, 0.46909136772155763, 0.4842546463012695], "std_fit_time": [0.12911011130512526, 0.06412575216491054, 0.052664971747433766, 0.07094285416822849, 0.04055749865348733], "mean_score_time": [0.05886926651000977, 0.08060431480407715, 0.06204442977905274, 0.0832132339477539, 0.1183504581451416], "std_score_time": [0.026465304328478507, 0.021931059141512173, 0.0066298490478143785, 0.038270243508076174, 0.012975075716672502]}, "score": 0.5815885748238689}}