{"[NN]NeuralNetwork": {"params": {"classification__epochs": 20, "classification__batch_size": 30}, "times": {"mean_fit_time": [65.35794768333434, 60.564566946029665, 81.93396940231324, 80.22108783721924, 47.717112159729005, 70.37079634666443, 51.26890206336975, 85.41847472190857, 75.3912956237793, 70.83336052894592], "std_fit_time": [1.4464571856697097, 0.9337293023696904, 0.25401129576181586, 0.37373247868341675, 0.8129031131568804, 1.094167432547345, 0.7128414885309022, 15.749970509705976, 0.8467703234604163, 1.117267636258877], "mean_score_time": [0.9748220920562745, 0.8693987846374511, 0.1948153018951416, 0.30280299186706544, 1.8468899250030517, 0.7254497051239014, 2.35338134765625, 0.4344167709350586, 0.639682674407959, 0.5720468044281006], "std_score_time": [0.2774059180241179, 0.18752380766721832, 0.06875603942763872, 0.06464661986176982, 0.31546039301218576, 0.15793827311005515, 0.30708987247092157, 0.22803461383985557, 0.15175978957319172, 0.10457186560836051]}, "score": 0.898069552748697}, "RandomForestClassifier": {"params": {"classification__n_estimators": 100, "classification__min_samples_split": 2, "classification__min_samples_leaf": 1, "classification__max_features": "log2", "classification__max_depth": 10, "classification__bootstrap": true}, "times": {"mean_fit_time": [0.4845913887023926, 0.4864396572113037, 9.057344818115235, 0.6208630561828613, 0.5731350898742675], "std_fit_time": [0.08477226470081718, 0.06976874051270313, 1.082613293545011, 0.05559843598714026, 0.07901436347567047], "mean_score_time": [0.024323225021362305, 0.016376304626464843, 0.04214663505554199, 0.0559722900390625, 0.10217394828796386], "std_score_time": [0.013846514678389831, 0.011485144125817928, 0.03267058128149196, 0.037873489939099385, 0.04025778725311244]}, "score": 0.9759650072150073}, "KNeighborsClassifier": {"params": {"classification__weights": "uniform", "classification__n_neighbors": 19, "classification__metric": "manhattan", "classification__leaf_size": 26}, "times": {"mean_fit_time": [0.154498291015625, 0.21025567054748534, 0.23758234977722167, 0.2104548454284668, 0.17036356925964355], "std_fit_time": [0.05648286167131223, 0.06771615664844945, 0.046484145221071, 0.07545272864523521, 0.07155276947931653], "mean_score_time": [0.02724285125732422, 0.01705760955810547, 0.00879049301147461, 0.03470449447631836, 0.028670501708984376], "std_score_time": [0.016887286476489856, 0.009162589962355978, 0.0031427589855302107, 0.023065904547255475, 0.008113699658596787]}, "score": 0.8575297619047619}, "ComplementNB": {"params": {"classification__alpha": 0.5}, "times": {"mean_fit_time": [0.4117752552032471, 0.21621041297912597, 0.5303629398345947, 0.31078567504882815, 0.2807093620300293], "std_fit_time": [0.14073171031688894, 0.04286597470378138, 0.17131809644953663, 0.06290922153246373, 0.04232510069017476], "mean_score_time": [0.2989161968231201, 0.1215144157409668, 0.26850137710571287, 0.08357396125793456, 0.08754816055297851], "std_score_time": [0.052465313733023114, 0.06939946204693392, 0.09797978549147861, 0.014873764614922128, 0.03186020894122585]}, "score": 0.614366883116883}}