{"[NN]NeuralNetwork": {"params": {"classification__epochs": 20, "classification__batch_size": 25}, "times": {"mean_fit_time": [92.69709115028381, 66.63847255706787, 51.243600845336914, 60.81109228134155, 46.263334131240846, 82.60937390327453, 56.216582679748534, 66.51894154548646, 76.01555275917053, 70.95946197509765], "std_fit_time": [17.89291785155185, 1.3123473034156512, 1.8341368210927107, 1.088572373662826, 0.44761534467036757, 16.304310812824955, 0.8560423158771967, 0.9214475933110934, 0.3806057468898159, 0.7043137089080049], "mean_score_time": [0.15268735885620116, 0.6561245918273926, 1.5283515453338623, 1.0500744342803956, 2.294142723083496, 0.701671028137207, 1.6343872547149658, 0.7295691490173339, 0.27986507415771483, 0.4953632354736328], "std_score_time": [0.04976082808375745, 0.07904161961332495, 0.4988587504282688, 0.28140680776976756, 0.34158142525302476, 0.39309320662668656, 0.26509568450178644, 0.17931941372528962, 0.05787400289394427, 0.13183984724603917]}, "score": 0.8795466570466571}, "RandomForestClassifier": {"params": {"classification__n_estimators": 200, "classification__min_samples_split": 2, "classification__min_samples_leaf": 1, "classification__max_features": "log2", "classification__max_depth": 20, "classification__bootstrap": false}, "times": {"mean_fit_time": [0.7788741588592529, 4.195332098007202, 2.799741506576538, 1.911726713180542, 0.8607452392578125], "std_fit_time": [0.04735594805131176, 0.439722850006413, 0.48038506383066165, 0.14286320854715018, 0.046107195751059295], "mean_score_time": [0.025098848342895507, 0.02324647903442383, 0.047193288803100586, 0.021869468688964843, 0.03847494125366211], "std_score_time": [0.014392452963183876, 0.005709407471433224, 0.037199406887597694, 0.011737993006176376, 0.04396178998455974]}, "score": 0.9714374575587812}, "KNeighborsClassifier": {"params": {"classification__weights": "uniform", "classification__n_neighbors": 9, "classification__metric": "manhattan", "classification__leaf_size": 23}, "times": {"mean_fit_time": [0.15585932731628419, 0.142594051361084, 0.15718588829040528, 0.15531444549560547, 0.17902750968933107], "std_fit_time": [0.08348727358223608, 0.0519593031123545, 0.05750130157089174, 0.04487460424591776, 0.0676764843199358], "mean_score_time": [0.025535202026367186, 0.02853050231933594, 0.035681724548339844, 0.04474000930786133, 0.02872886657714844], "std_score_time": [0.023358682058055604, 0.017807984715092217, 0.017517017145272876, 0.028658249941686652, 0.0055919338685975]}, "score": 0.8925455977845684}, "ComplementNB": {"params": {"classification__alpha": 0.5}, "times": {"mean_fit_time": [0.29178657531738283, 0.29631814956665037, 0.3371976375579834, 0.2790585994720459, 0.269880485534668], "std_fit_time": [0.10861521687820723, 0.13199928139532818, 0.10433088797244643, 0.02514399548782759, 0.10039198995966697], "mean_score_time": [0.18849830627441405, 0.11028985977172852, 0.19267425537109376, 0.08511300086975097, 0.10701313018798828], "std_score_time": [0.06651462054119027, 0.09692972602155335, 0.06153574309340309, 0.03499993173728108, 0.03191186247813065]}, "score": 0.5675013793396146}}