{"[NN]NeuralNetwork": {"params": {"classification__epochs": 20, "classification__batch_size": 20}, "times": {"mean_fit_time": [47.51738986968994, 77.06609506607056, 69.14180192947387, 73.92236399650574, 56.05721664428711, 80.83047137260436, 64.0324435710907, 79.3853307723999, 51.63290996551514, 82.42649817466736], "std_fit_time": [1.0137994182155168, 0.8168393789323877, 1.046158177777603, 0.8989347900153511, 0.6398469820467526, 0.5347049785576654, 1.0670318857752972, 0.6684786206024456, 0.8732914606496122, 0.31239986141923637], "mean_score_time": [1.8330886363983154, 0.6936215400695801, 1.2364056587219239, 0.7302815914154053, 2.285515642166138, 0.296671724319458, 1.4101372241973877, 0.46252903938293455, 2.0986123085021973, 0.12621026039123534], "std_score_time": [0.28354615942023986, 0.18668631169868322, 0.3144426222873279, 0.0987611493808226, 0.3378271671466838, 0.05313464431380063, 0.47981433555901476, 0.13520789131280833, 0.24147650078235824, 0.0113472214296648]}, "score": 0.9063071895424837}, "RandomForestClassifier": {"params": {"classification__n_estimators": 200, "classification__min_samples_split": 5, "classification__min_samples_leaf": 1, "classification__max_features": "sqrt", "classification__max_depth": 20, "classification__bootstrap": true}, "times": {"mean_fit_time": [0.9340842247009278, 2.763788414001465, 3.035699701309204, 1.9836208820343018, 1.2943077087402344], "std_fit_time": [0.16609340844264867, 0.2208882404543143, 0.05130310847971424, 0.05060255744307641, 0.09736054967005729], "mean_score_time": [0.015431594848632813, 0.11389169692993165, 0.049632930755615236, 0.02674093246459961, 0.064874267578125], "std_score_time": [0.010684106648545348, 0.061004809641699874, 0.016774988749616332, 0.016870456990933976, 0.060910610194306866]}, "score": 0.9766467192937782}, "KNeighborsClassifier": {"params": {"classification__weights": "distance", "classification__n_neighbors": 5, "classification__metric": "euclidean", "classification__leaf_size": 30}, "times": {"mean_fit_time": [0.20224385261535643, 0.15343017578125, 0.15694050788879393, 0.13978948593139648, 0.1457674503326416], "std_fit_time": [0.07717198036306129, 0.07631266586617298, 0.03400723648184171, 0.027566639370774037, 0.03181293190784714], "mean_score_time": [0.026169395446777342, 0.010814094543457031, 0.048096084594726564, 0.014685249328613282, 0.012289190292358398], "std_score_time": [0.014473320744010056, 0.009714352836863411, 0.02316433443706882, 0.00723185712121574, 0.006002798712468173]}, "score": 0.1655525846702317}, "ComplementNB": {"params": {"classification__alpha": 0}, "times": {"mean_fit_time": [0.575866413116455, 0.5141407966613769, 0.5121158599853516, 0.5174406051635743, 0.46423873901367185], "std_fit_time": [0.10815230806375407, 0.2391851452531012, 0.13666773732490028, 0.13780555898178473, 0.16082344012409464], "mean_score_time": [0.18373003005981445, 0.06808176040649414, 0.1433103561401367, 0.2304070472717285, 0.17685599327087403], "std_score_time": [0.01138771841977501, 0.02159558068336792, 0.04589904605765495, 0.08603146368407817, 0.08695196969639027]}, "score": 0.55708853238265}}