{"name": "RandomForestClassifier-doh_8.8.4.4-padding_random_block_both-5", "balanced_accuracy": 0.8111471861471862, "classification_report": {"alexa_swan_kettle": {"precision": 1.0, "recall": 0.8571428571428571, "f1-score": 0.923076923076923, "support": 7}, "aqara_hubM2": {"precision": 0.0, "recall": 0.0, "f1-score": 0.0, "support": 4}, "arlo_camera_pro4": {"precision": 0.8333333333333334, "recall": 1.0, "f1-score": 0.9090909090909091, "support": 5}, "boifun_baby": {"precision": 1.0, "recall": 1.0, "f1-score": 1.0, "support": 9}, "bose_speaker": {"precision": 1.0, "recall": 0.7, "f1-score": 0.8235294117647058, "support": 10}, "cosori_air_fryer": {"precision": 0.36363636363636365, "recall": 0.5714285714285714, "f1-score": 0.4444444444444444, "support": 7}, "echodot5": {"precision": 1.0, "recall": 1.0, "f1-score": 1.0, "support": 5}, "google_nest_doorbell": {"precision": 0.8571428571428571, "recall": 1.0, "f1-score": 0.923076923076923, "support": 12}, "google_nest_hub": {"precision": 0.8666666666666667, "recall": 1.0, "f1-score": 0.9285714285714286, "support": 13}, "govee_strip_light": {"precision": 1.0, "recall": 1.0, "f1-score": 1.0, "support": 15}, "iROBOT_roomba": {"precision": 1.0, "recall": 0.3, "f1-score": 0.4615384615384615, "support": 10}, "nest_cam": {"precision": 1.0, "recall": 0.9166666666666666, "f1-score": 0.9565217391304348, "support": 12}, "netatmo_weather_station": {"precision": 0.2857142857142857, "recall": 1.0, "f1-score": 0.4444444444444445, "support": 4}, "petsafe_feeder": {"precision": 0.875, "recall": 0.5, "f1-score": 0.6363636363636364, "support": 14}, "ring_chime_pro": {"precision": 1.0, "recall": 1.0, "f1-score": 1.0, "support": 9}, "simplicam": {"precision": 1.0, "recall": 1.0, "f1-score": 1.0, "support": 3}, "sonos_speaker": {"precision": 1.0, "recall": 1.0, "f1-score": 1.0, "support": 7}, "switchbot_hub_mini_1": {"precision": 0.7333333333333333, "recall": 1.0, "f1-score": 0.846153846153846, "support": 11}, "vtech_baby_monitor": {"precision": 1.0, "recall": 1.0, "f1-score": 1.0, "support": 13}, "withings_sleep_analyser": {"precision": 0.8888888888888888, "recall": 1.0, "f1-score": 0.9411764705882353, "support": 8}, "wiz_smart_bulb": {"precision": 0.0, "recall": 0.0, "f1-score": 0.0, "support": 4}, "wyze_cam_pan_v2": {"precision": 1.0, "recall": 1.0, "f1-score": 1.0, "support": 10}, "accuracy": 0.84375, "macro avg": {"precision": 0.8047143513052604, "recall": 0.8111471861471862, "f1-score": 0.7835449381020179, "support": 192}, "weighted avg": {"precision": 0.8689330056517557, "recall": 0.84375, "f1-score": 0.8339550423349976, "support": 192}}}
