{"name": "RandomForestClassifier-doh_8.8.4.4-padding_random_block_both-14", "balanced_accuracy": 0.8255411255411255, "classification_report": {"alexa_swan_kettle": {"precision": 1.0, "recall": 0.9, "f1-score": 0.9473684210526316, "support": 10}, "aqara_hubM2": {"precision": 0.0, "recall": 0.0, "f1-score": 0.0, "support": 7}, "arlo_camera_pro4": {"precision": 1.0, "recall": 1.0, "f1-score": 1.0, "support": 10}, "boifun_baby": {"precision": 0.875, "recall": 1.0, "f1-score": 0.9333333333333333, "support": 7}, "bose_speaker": {"precision": 1.0, "recall": 0.875, "f1-score": 0.9333333333333333, "support": 8}, "cosori_air_fryer": {"precision": 0.4166666666666667, "recall": 0.7142857142857143, "f1-score": 0.5263157894736842, "support": 7}, "echodot5": {"precision": 1.0, "recall": 0.875, "f1-score": 0.9333333333333333, "support": 8}, "google_nest_doorbell": {"precision": 1.0, "recall": 1.0, "f1-score": 1.0, "support": 9}, "google_nest_hub": {"precision": 0.875, "recall": 1.0, "f1-score": 0.9333333333333333, "support": 7}, "govee_strip_light": {"precision": 1.0, "recall": 1.0, "f1-score": 1.0, "support": 12}, "iROBOT_roomba": {"precision": 0.6, "recall": 0.21428571428571427, "f1-score": 0.3157894736842105, "support": 14}, "nest_cam": {"precision": 1.0, "recall": 1.0, "f1-score": 1.0, "support": 11}, "netatmo_weather_station": {"precision": 0.15789473684210525, "recall": 1.0, "f1-score": 0.2727272727272727, "support": 3}, "petsafe_feeder": {"precision": 0.6, "recall": 0.25, "f1-score": 0.35294117647058826, "support": 12}, "ring_chime_pro": {"precision": 1.0, "recall": 1.0, "f1-score": 1.0, "support": 8}, "simplicam": {"precision": 1.0, "recall": 1.0, "f1-score": 1.0, "support": 2}, "sonos_speaker": {"precision": 0.75, "recall": 0.75, "f1-score": 0.75, "support": 4}, "switchbot_hub_mini_1": {"precision": 0.5882352941176471, "recall": 1.0, "f1-score": 0.7407407407407407, "support": 10}, "vtech_baby_monitor": {"precision": 1.0, "recall": 1.0, "f1-score": 1.0, "support": 12}, "withings_sleep_analyser": {"precision": 1.0, "recall": 1.0, "f1-score": 1.0, "support": 8}, "wiz_smart_bulb": {"precision": 0.875, "recall": 0.5833333333333334, "f1-score": 0.7000000000000001, "support": 12}, "wyze_cam_pan_v2": {"precision": 1.0, "recall": 1.0, "f1-score": 1.0, "support": 11}, "accuracy": 0.8020833333333334, "macro avg": {"precision": 0.8062634862557463, "recall": 0.8255411255411255, "f1-score": 0.7881461912492028, "support": 192}, "weighted avg": {"precision": 0.8313682490540075, "recall": 0.8020833333333334, "f1-score": 0.7939574516232152, "support": 192}}}
