{"name": "RandomForestClassifier-doh_8.8.4.4-padding_128_bytes_both-9", "balanced_accuracy": 0.7827847657393111, "classification_report": {"alexa_swan_kettle": {"precision": 0.9333333333333333, "recall": 1.0, "f1-score": 0.9655172413793104, "support": 14}, "aqara_hubM2": {"precision": 0.0, "recall": 0.0, "f1-score": 0.0, "support": 8}, "arlo_camera_pro4": {"precision": 1.0, "recall": 1.0, "f1-score": 1.0, "support": 11}, "boifun_baby": {"precision": 0.7142857142857143, "recall": 1.0, "f1-score": 0.8333333333333333, "support": 5}, "bose_speaker": {"precision": 1.0, "recall": 1.0, "f1-score": 1.0, "support": 2}, "cosori_air_fryer": {"precision": 0.5, "recall": 0.625, "f1-score": 0.5555555555555556, "support": 8}, "echodot5": {"precision": 0.6666666666666666, "recall": 0.5714285714285714, "f1-score": 0.6153846153846153, "support": 7}, "google_nest_doorbell": {"precision": 1.0, "recall": 0.6153846153846154, "f1-score": 0.761904761904762, "support": 13}, "google_nest_hub": {"precision": 0.75, "recall": 0.8571428571428571, "f1-score": 0.7999999999999999, "support": 7}, "govee_strip_light": {"precision": 1.0, "recall": 1.0, "f1-score": 1.0, "support": 10}, "iROBOT_roomba": {"precision": 0.0, "recall": 0.0, "f1-score": 0.0, "support": 12}, "nest_cam": {"precision": 1.0, "recall": 0.8181818181818182, "f1-score": 0.9, "support": 11}, "netatmo_weather_station": {"precision": 0.23809523809523808, "recall": 1.0, "f1-score": 0.3846153846153846, "support": 5}, "petsafe_feeder": {"precision": 0.7142857142857143, "recall": 0.5555555555555556, "f1-score": 0.6250000000000001, "support": 9}, "ring_chime_pro": {"precision": 0.6666666666666666, "recall": 1.0, "f1-score": 0.8, "support": 6}, "simplicam": {"precision": 0.8888888888888888, "recall": 1.0, "f1-score": 0.9411764705882353, "support": 8}, "sonos_speaker": {"precision": 0.9285714285714286, "recall": 0.9285714285714286, "f1-score": 0.9285714285714286, "support": 14}, "switchbot_hub_mini_1": {"precision": 0.75, "recall": 0.75, "f1-score": 0.75, "support": 12}, "vtech_baby_monitor": {"precision": 1.0, "recall": 1.0, "f1-score": 1.0, "support": 10}, "withings_sleep_analyser": {"precision": 0.75, "recall": 1.0, "f1-score": 0.8571428571428571, "support": 6}, "wiz_smart_bulb": {"precision": 0.6, "recall": 0.5, "f1-score": 0.5454545454545454, "support": 6}, "wyze_cam_pan_v2": {"precision": 0.8888888888888888, "recall": 1.0, "f1-score": 0.9411764705882353, "support": 8}, "accuracy": 0.765625, "macro avg": {"precision": 0.7268037518037519, "recall": 0.7827847657393111, "f1-score": 0.7365833029326484, "support": 192}, "weighted avg": {"precision": 0.7473751653439153, "recall": 0.765625, "f1-score": 0.7430379769320249, "support": 192}}}
