{"name": "RandomForestClassifier-doh_1.1.1.1-iat_only-4", "balanced_accuracy": 0.6833509924419016, "classification_report": {"alexa_swan_kettle": {"precision": 1.0, "recall": 1.0, "f1-score": 1.0, "support": 4}, "aqara_hubM2": {"precision": 0.0, "recall": 0.0, "f1-score": 0.0, "support": 10}, "arlo_camera_pro4": {"precision": 1.0, "recall": 1.0, "f1-score": 1.0, "support": 8}, "boifun_baby": {"precision": 0.4, "recall": 0.36363636363636365, "f1-score": 0.380952380952381, "support": 11}, "bose_speaker": {"precision": 0.5, "recall": 0.6, "f1-score": 0.5454545454545454, "support": 5}, "cosori_air_fryer": {"precision": 0.8, "recall": 1.0, "f1-score": 0.888888888888889, "support": 8}, "echodot5": {"precision": 0.3333333333333333, "recall": 0.4444444444444444, "f1-score": 0.380952380952381, "support": 9}, "google_nest_doorbell": {"precision": 0.6428571428571429, "recall": 0.6923076923076923, "f1-score": 0.6666666666666666, "support": 13}, "google_nest_hub": {"precision": 0.75, "recall": 0.6666666666666666, "f1-score": 0.7058823529411765, "support": 9}, "govee_strip_light": {"precision": 1.0, "recall": 1.0, "f1-score": 1.0, "support": 18}, "iROBOT_roomba": {"precision": 0.0, "recall": 0.0, "f1-score": 0.0, "support": 13}, "nest_cam": {"precision": 1.0, "recall": 0.16666666666666666, "f1-score": 0.2857142857142857, "support": 6}, "netatmo_weather_station": {"precision": 0.125, "recall": 1.0, "f1-score": 0.2222222222222222, "support": 3}, "petsafe_feeder": {"precision": 1.0, "recall": 0.4, "f1-score": 0.5714285714285715, "support": 5}, "ring_chime_pro": {"precision": 1.0, "recall": 0.4666666666666667, "f1-score": 0.6363636363636364, "support": 15}, "simplicam": {"precision": 0.8888888888888888, "recall": 1.0, "f1-score": 0.9411764705882353, "support": 8}, "sonos_speaker": {"precision": 0.5714285714285714, "recall": 1.0, "f1-score": 0.7272727272727273, "support": 8}, "switchbot_hub_mini_1": {"precision": 0.8, "recall": 1.0, "f1-score": 0.888888888888889, "support": 8}, "vtech_baby_monitor": {"precision": 1.0, "recall": 1.0, "f1-score": 1.0, "support": 6}, "withings_sleep_analyser": {"precision": 0.6428571428571429, "recall": 1.0, "f1-score": 0.782608695652174, "support": 9}, "wiz_smart_bulb": {"precision": 1.0, "recall": 0.3333333333333333, "f1-score": 0.5, "support": 6}, "wyze_cam_pan_v2": {"precision": 0.6923076923076923, "recall": 0.9, "f1-score": 0.7826086956521738, "support": 10}, "accuracy": 0.6614583333333334, "macro avg": {"precision": 0.6884851259851259, "recall": 0.6833509924419016, "f1-score": 0.632140064074498, "support": 192}, "weighted avg": {"precision": 0.6800701757733009, "recall": 0.6614583333333334, "f1-score": 0.633275307268274, "support": 192}}}
