{"name": "RandomForestClassifier-doh_1.1.1.1-padding_random_block_up-9", "balanced_accuracy": 0.7933896911169639, "classification_report": {"alexa_swan_kettle": {"precision": 1.0, "recall": 1.0, "f1-score": 1.0, "support": 14}, "aqara_hubM2": {"precision": 0.0, "recall": 0.0, "f1-score": 0.0, "support": 8}, "arlo_camera_pro4": {"precision": 1.0, "recall": 1.0, "f1-score": 1.0, "support": 11}, "boifun_baby": {"precision": 1.0, "recall": 1.0, "f1-score": 1.0, "support": 5}, "bose_speaker": {"precision": 1.0, "recall": 1.0, "f1-score": 1.0, "support": 2}, "cosori_air_fryer": {"precision": 0.5, "recall": 0.625, "f1-score": 0.5555555555555556, "support": 8}, "echodot5": {"precision": 0.8333333333333334, "recall": 0.7142857142857143, "f1-score": 0.7692307692307692, "support": 7}, "google_nest_doorbell": {"precision": 1.0, "recall": 0.6923076923076923, "f1-score": 0.8181818181818181, "support": 13}, "google_nest_hub": {"precision": 0.5833333333333334, "recall": 1.0, "f1-score": 0.7368421052631579, "support": 7}, "govee_strip_light": {"precision": 1.0, "recall": 1.0, "f1-score": 1.0, "support": 10}, "iROBOT_roomba": {"precision": 0.0, "recall": 0.0, "f1-score": 0.0, "support": 12}, "nest_cam": {"precision": 1.0, "recall": 0.9090909090909091, "f1-score": 0.9523809523809523, "support": 11}, "netatmo_weather_station": {"precision": 0.21739130434782608, "recall": 1.0, "f1-score": 0.3571428571428571, "support": 5}, "petsafe_feeder": {"precision": 1.0, "recall": 0.5555555555555556, "f1-score": 0.7142857142857143, "support": 9}, "ring_chime_pro": {"precision": 0.75, "recall": 1.0, "f1-score": 0.8571428571428571, "support": 6}, "simplicam": {"precision": 1.0, "recall": 1.0, "f1-score": 1.0, "support": 8}, "sonos_speaker": {"precision": 0.875, "recall": 1.0, "f1-score": 0.9333333333333333, "support": 14}, "switchbot_hub_mini_1": {"precision": 0.8, "recall": 1.0, "f1-score": 0.888888888888889, "support": 12}, "vtech_baby_monitor": {"precision": 1.0, "recall": 1.0, "f1-score": 1.0, "support": 10}, "withings_sleep_analyser": {"precision": 0.75, "recall": 1.0, "f1-score": 0.8571428571428571, "support": 6}, "wiz_smart_bulb": {"precision": 0.4, "recall": 0.3333333333333333, "f1-score": 0.3636363636363636, "support": 6}, "wyze_cam_pan_v2": {"precision": 1.0, "recall": 0.625, "f1-score": 0.7692307692307693, "support": 8}, "accuracy": 0.7864583333333334, "macro avg": {"precision": 0.7595026350461134, "recall": 0.7933896911169639, "f1-score": 0.7533179473370861, "support": 192}, "weighted avg": {"precision": 0.7773626207729469, "recall": 0.7864583333333334, "f1-score": 0.7638984705596549, "support": 192}}}
