{"name": "RandomForestClassifier-dot_1.1.1.1-iat_only-1", "balanced_accuracy": 0.6998770169224715, "classification_report": {"alexa_swan_kettle": {"precision": 1.0, "recall": 0.8181818181818182, "f1-score": 0.9, "support": 11}, "aqara_hubM2": {"precision": 0.2631578947368421, "recall": 0.7142857142857143, "f1-score": 0.3846153846153846, "support": 7}, "arlo_camera_pro4": {"precision": 0.9166666666666666, "recall": 1.0, "f1-score": 0.9565217391304348, "support": 11}, "boifun_baby": {"precision": 0.4, "recall": 1.0, "f1-score": 0.5714285714285715, "support": 4}, "bose_speaker": {"precision": 1.0, "recall": 0.5454545454545454, "f1-score": 0.7058823529411764, "support": 11}, "cosori_air_fryer": {"precision": 0.6428571428571429, "recall": 0.8181818181818182, "f1-score": 0.7200000000000001, "support": 11}, "echodot5": {"precision": 0.2631578947368421, "recall": 1.0, "f1-score": 0.4166666666666667, "support": 5}, "google_nest_doorbell": {"precision": 0.8, "recall": 0.4, "f1-score": 0.5333333333333333, "support": 10}, "google_nest_hub": {"precision": 1.0, "recall": 0.9166666666666666, "f1-score": 0.9565217391304348, "support": 12}, "govee_strip_light": {"precision": 1.0, "recall": 1.0, "f1-score": 1.0, "support": 11}, "iROBOT_roomba": {"precision": 0.0, "recall": 0.0, "f1-score": 0.0, "support": 10}, "nest_cam": {"precision": 0.75, "recall": 0.25, "f1-score": 0.375, "support": 12}, "netatmo_weather_station": {"precision": 0.0, "recall": 0.0, "f1-score": 0.0, "support": 4}, "petsafe_feeder": {"precision": 1.0, "recall": 0.375, "f1-score": 0.5454545454545454, "support": 8}, "ring_chime_pro": {"precision": 0.3333333333333333, "recall": 0.2857142857142857, "f1-score": 0.30769230769230765, "support": 7}, "simplicam": {"precision": 1.0, "recall": 1.0, "f1-score": 1.0, "support": 10}, "sonos_speaker": {"precision": 1.0, "recall": 0.8571428571428571, "f1-score": 0.923076923076923, "support": 7}, "switchbot_hub_mini_1": {"precision": 0.7142857142857143, "recall": 1.0, "f1-score": 0.8333333333333333, "support": 10}, "vtech_baby_monitor": {"precision": 0.8333333333333334, "recall": 1.0, "f1-score": 0.9090909090909091, "support": 5}, "withings_sleep_analyser": {"precision": 0.75, "recall": 1.0, "f1-score": 0.8571428571428571, "support": 9}, "wiz_smart_bulb": {"precision": 0.8571428571428571, "recall": 0.75, "f1-score": 0.7999999999999999, "support": 8}, "wyze_cam_pan_v2": {"precision": 0.75, "recall": 0.6666666666666666, "f1-score": 0.7058823529411765, "support": 9}, "accuracy": 0.703125, "macro avg": {"precision": 0.6942697653223969, "recall": 0.6998770169224715, "f1-score": 0.6546201370899115, "support": 192}, "weighted avg": {"precision": 0.7443367533416875, "recall": 0.703125, "f1-score": 0.6864814076854517, "support": 192}}}
