{"name": "RandomForestClassifier-dot_1.1.1.1-padding_random_block_down-7", "balanced_accuracy": 0.8298848878394335, "classification_report": {"alexa_swan_kettle": {"precision": 0.875, "recall": 0.875, "f1-score": 0.875, "support": 8}, "aqara_hubM2": {"precision": 0.0, "recall": 0.0, "f1-score": 0.0, "support": 6}, "arlo_camera_pro4": {"precision": 1.0, "recall": 1.0, "f1-score": 1.0, "support": 11}, "boifun_baby": {"precision": 1.0, "recall": 1.0, "f1-score": 1.0, "support": 9}, "bose_speaker": {"precision": 1.0, "recall": 0.8, "f1-score": 0.888888888888889, "support": 5}, "cosori_air_fryer": {"precision": 0.625, "recall": 1.0, "f1-score": 0.7692307692307693, "support": 10}, "echodot5": {"precision": 1.0, "recall": 0.8, "f1-score": 0.888888888888889, "support": 5}, "google_nest_doorbell": {"precision": 1.0, "recall": 1.0, "f1-score": 1.0, "support": 7}, "google_nest_hub": {"precision": 0.8888888888888888, "recall": 1.0, "f1-score": 0.9411764705882353, "support": 8}, "govee_strip_light": {"precision": 0.9090909090909091, "recall": 0.9090909090909091, "f1-score": 0.9090909090909091, "support": 11}, "iROBOT_roomba": {"precision": 0.0, "recall": 0.0, "f1-score": 0.0, "support": 11}, "nest_cam": {"precision": 1.0, "recall": 1.0, "f1-score": 1.0, "support": 9}, "netatmo_weather_station": {"precision": 0.1111111111111111, "recall": 1.0, "f1-score": 0.19999999999999998, "support": 2}, "petsafe_feeder": {"precision": 1.0, "recall": 0.3333333333333333, "f1-score": 0.5, "support": 9}, "ring_chime_pro": {"precision": 1.0, "recall": 1.0, "f1-score": 1.0, "support": 8}, "simplicam": {"precision": 1.0, "recall": 1.0, "f1-score": 1.0, "support": 14}, "sonos_speaker": {"precision": 0.9230769230769231, "recall": 1.0, "f1-score": 0.9600000000000001, "support": 12}, "switchbot_hub_mini_1": {"precision": 0.8, "recall": 1.0, "f1-score": 0.888888888888889, "support": 12}, "vtech_baby_monitor": {"precision": 0.8333333333333334, "recall": 1.0, "f1-score": 0.9090909090909091, "support": 5}, "withings_sleep_analyser": {"precision": 0.9090909090909091, "recall": 0.9090909090909091, "f1-score": 0.9090909090909091, "support": 11}, "wiz_smart_bulb": {"precision": 1.0, "recall": 0.7142857142857143, "f1-score": 0.8333333333333333, "support": 7}, "wyze_cam_pan_v2": {"precision": 1.0, "recall": 0.9166666666666666, "f1-score": 0.9565217391304348, "support": 12}, "accuracy": 0.8385416666666666, "macro avg": {"precision": 0.8124814579360033, "recall": 0.8298848878394335, "f1-score": 0.7922364411919165, "support": 192}, "weighted avg": {"precision": 0.8407652243589744, "recall": 0.8385416666666666, "f1-score": 0.82319960292147, "support": 192}}}
