{"name": "RandomForestClassifier-doh_1.1.1.1-padding_random_block_both-6", "balanced_accuracy": 0.815494227994228, "classification_report": {"alexa_swan_kettle": {"precision": 0.9230769230769231, "recall": 1.0, "f1-score": 0.9600000000000001, "support": 12}, "aqara_hubM2": {"precision": 0.0, "recall": 0.0, "f1-score": 0.0, "support": 5}, "arlo_camera_pro4": {"precision": 1.0, "recall": 1.0, "f1-score": 1.0, "support": 8}, "boifun_baby": {"precision": 1.0, "recall": 1.0, "f1-score": 1.0, "support": 9}, "bose_speaker": {"precision": 0.8888888888888888, "recall": 0.8, "f1-score": 0.8421052631578948, "support": 10}, "cosori_air_fryer": {"precision": 0.5, "recall": 0.75, "f1-score": 0.6, "support": 8}, "echodot5": {"precision": 1.0, "recall": 1.0, "f1-score": 1.0, "support": 6}, "google_nest_doorbell": {"precision": 0.8571428571428571, "recall": 1.0, "f1-score": 0.923076923076923, "support": 6}, "google_nest_hub": {"precision": 0.9333333333333333, "recall": 1.0, "f1-score": 0.9655172413793104, "support": 14}, "govee_strip_light": {"precision": 0.9285714285714286, "recall": 0.9285714285714286, "f1-score": 0.9285714285714286, "support": 14}, "iROBOT_roomba": {"precision": 0.0, "recall": 0.0, "f1-score": 0.0, "support": 10}, "nest_cam": {"precision": 1.0, "recall": 1.0, "f1-score": 1.0, "support": 17}, "netatmo_weather_station": {"precision": 0.06666666666666667, "recall": 1.0, "f1-score": 0.125, "support": 1}, "petsafe_feeder": {"precision": 1.0, "recall": 0.14285714285714285, "f1-score": 0.25, "support": 14}, "ring_chime_pro": {"precision": 1.0, "recall": 0.875, "f1-score": 0.9333333333333333, "support": 8}, "simplicam": {"precision": 1.0, "recall": 1.0, "f1-score": 1.0, "support": 4}, "sonos_speaker": {"precision": 1.0, "recall": 1.0, "f1-score": 1.0, "support": 4}, "switchbot_hub_mini_1": {"precision": 0.47058823529411764, "recall": 1.0, "f1-score": 0.6399999999999999, "support": 8}, "vtech_baby_monitor": {"precision": 1.0, "recall": 1.0, "f1-score": 1.0, "support": 10}, "withings_sleep_analyser": {"precision": 0.8, "recall": 0.8888888888888888, "f1-score": 0.8421052631578948, "support": 9}, "wiz_smart_bulb": {"precision": 0.7142857142857143, "recall": 0.5555555555555556, "f1-score": 0.6250000000000001, "support": 9}, "wyze_cam_pan_v2": {"precision": 1.0, "recall": 1.0, "f1-score": 1.0, "support": 6}, "accuracy": 0.8020833333333334, "macro avg": {"precision": 0.7764797294209059, "recall": 0.815494227994228, "f1-score": 0.756123156939854, "support": 192}, "weighted avg": {"precision": 0.826225415379827, "recall": 0.8020833333333334, "f1-score": 0.7823560915856174, "support": 192}}}
