{"name": "RandomForestClassifier-dot_1.1.1.1-iat_only-6", "balanced_accuracy": 0.7294202529496647, "classification_report": {"alexa_swan_kettle": {"precision": 0.9230769230769231, "recall": 1.0, "f1-score": 0.9600000000000001, "support": 12}, "aqara_hubM2": {"precision": 0.0, "recall": 0.0, "f1-score": 0.0, "support": 5}, "arlo_camera_pro4": {"precision": 1.0, "recall": 1.0, "f1-score": 1.0, "support": 8}, "boifun_baby": {"precision": 0.6666666666666666, "recall": 0.8888888888888888, "f1-score": 0.761904761904762, "support": 9}, "bose_speaker": {"precision": 0.8571428571428571, "recall": 0.6, "f1-score": 0.7058823529411764, "support": 10}, "cosori_air_fryer": {"precision": 0.5, "recall": 0.75, "f1-score": 0.6, "support": 8}, "echodot5": {"precision": 0.6666666666666666, "recall": 0.3333333333333333, "f1-score": 0.4444444444444444, "support": 6}, "google_nest_doorbell": {"precision": 0.8333333333333334, "recall": 0.8333333333333334, "f1-score": 0.8333333333333334, "support": 6}, "google_nest_hub": {"precision": 1.0, "recall": 0.9285714285714286, "f1-score": 0.962962962962963, "support": 14}, "govee_strip_light": {"precision": 1.0, "recall": 1.0, "f1-score": 1.0, "support": 14}, "iROBOT_roomba": {"precision": 0.6666666666666666, "recall": 1.0, "f1-score": 0.8, "support": 10}, "nest_cam": {"precision": 0.52, "recall": 0.7647058823529411, "f1-score": 0.6190476190476191, "support": 17}, "netatmo_weather_station": {"precision": 0.0, "recall": 0.0, "f1-score": 0.0, "support": 1}, "petsafe_feeder": {"precision": 1.0, "recall": 0.14285714285714285, "f1-score": 0.25, "support": 14}, "ring_chime_pro": {"precision": 0.5, "recall": 0.25, "f1-score": 0.3333333333333333, "support": 8}, "simplicam": {"precision": 1.0, "recall": 1.0, "f1-score": 1.0, "support": 4}, "sonos_speaker": {"precision": 1.0, "recall": 1.0, "f1-score": 1.0, "support": 4}, "switchbot_hub_mini_1": {"precision": 0.47058823529411764, "recall": 1.0, "f1-score": 0.6399999999999999, "support": 8}, "vtech_baby_monitor": {"precision": 1.0, "recall": 1.0, "f1-score": 1.0, "support": 10}, "withings_sleep_analyser": {"precision": 0.9, "recall": 1.0, "f1-score": 0.9473684210526316, "support": 9}, "wiz_smart_bulb": {"precision": 0.7142857142857143, "recall": 0.5555555555555556, "f1-score": 0.6250000000000001, "support": 9}, "wyze_cam_pan_v2": {"precision": 1.0, "recall": 1.0, "f1-score": 1.0, "support": 6}, "accuracy": 0.765625, "macro avg": {"precision": 0.7372012301424067, "recall": 0.7294202529496647, "f1-score": 0.7037853285918302, "support": 192}, "weighted avg": {"precision": 0.7835848730517848, "recall": 0.765625, "f1-score": 0.7361765964304826, "support": 192}}}
