{"name": "RandomForestClassifier-doh_8.8.4.4-padding_128_bytes_both-5", "balanced_accuracy": 0.7743862198407654, "classification_report": {"alexa_swan_kettle": {"precision": 1.0, "recall": 1.0, "f1-score": 1.0, "support": 7}, "aqara_hubM2": {"precision": 0.1875, "recall": 0.75, "f1-score": 0.3, "support": 4}, "arlo_camera_pro4": {"precision": 0.8333333333333334, "recall": 1.0, "f1-score": 0.9090909090909091, "support": 5}, "boifun_baby": {"precision": 1.0, "recall": 1.0, "f1-score": 1.0, "support": 9}, "bose_speaker": {"precision": 1.0, "recall": 0.9, "f1-score": 0.9473684210526316, "support": 10}, "cosori_air_fryer": {"precision": 0.4, "recall": 0.5714285714285714, "f1-score": 0.47058823529411764, "support": 7}, "echodot5": {"precision": 0.8, "recall": 0.8, "f1-score": 0.8000000000000002, "support": 5}, "google_nest_doorbell": {"precision": 1.0, "recall": 0.8333333333333334, "f1-score": 0.9090909090909091, "support": 12}, "google_nest_hub": {"precision": 0.9230769230769231, "recall": 0.9230769230769231, "f1-score": 0.9230769230769231, "support": 13}, "govee_strip_light": {"precision": 1.0, "recall": 1.0, "f1-score": 1.0, "support": 15}, "iROBOT_roomba": {"precision": 1.0, "recall": 0.1, "f1-score": 0.18181818181818182, "support": 10}, "nest_cam": {"precision": 1.0, "recall": 0.8333333333333334, "f1-score": 0.9090909090909091, "support": 12}, "netatmo_weather_station": {"precision": 0.0, "recall": 0.0, "f1-score": 0.0, "support": 4}, "petsafe_feeder": {"precision": 0.7142857142857143, "recall": 0.35714285714285715, "f1-score": 0.4761904761904762, "support": 14}, "ring_chime_pro": {"precision": 0.9, "recall": 1.0, "f1-score": 0.9473684210526316, "support": 9}, "simplicam": {"precision": 0.75, "recall": 1.0, "f1-score": 0.8571428571428571, "support": 3}, "sonos_speaker": {"precision": 0.875, "recall": 1.0, "f1-score": 0.9333333333333333, "support": 7}, "switchbot_hub_mini_1": {"precision": 0.6428571428571429, "recall": 0.8181818181818182, "f1-score": 0.7200000000000001, "support": 11}, "vtech_baby_monitor": {"precision": 1.0, "recall": 1.0, "f1-score": 1.0, "support": 13}, "withings_sleep_analyser": {"precision": 0.8888888888888888, "recall": 1.0, "f1-score": 0.9411764705882353, "support": 8}, "wiz_smart_bulb": {"precision": 0.2, "recall": 0.25, "f1-score": 0.22222222222222224, "support": 4}, "wyze_cam_pan_v2": {"precision": 0.8181818181818182, "recall": 0.9, "f1-score": 0.8571428571428572, "support": 10}, "accuracy": 0.796875, "macro avg": {"precision": 0.7696874463919918, "recall": 0.7743862198407654, "f1-score": 0.7411227784630543, "support": 192}, "weighted avg": {"precision": 0.8403959610990862, "recall": 0.796875, "f1-score": 0.7883181959652549, "support": 192}}}
