{"name": "RandomForestClassifier-dot_1.1.1.1-iat_only-9", "balanced_accuracy": 0.7244060232696596, "classification_report": {"alexa_swan_kettle": {"precision": 1.0, "recall": 1.0, "f1-score": 1.0, "support": 14}, "aqara_hubM2": {"precision": 0.0, "recall": 0.0, "f1-score": 0.0, "support": 8}, "arlo_camera_pro4": {"precision": 1.0, "recall": 1.0, "f1-score": 1.0, "support": 11}, "boifun_baby": {"precision": 0.36363636363636365, "recall": 0.8, "f1-score": 0.5000000000000001, "support": 5}, "bose_speaker": {"precision": 0.6666666666666666, "recall": 1.0, "f1-score": 0.8, "support": 2}, "cosori_air_fryer": {"precision": 0.5, "recall": 0.625, "f1-score": 0.5555555555555556, "support": 8}, "echodot5": {"precision": 0.3333333333333333, "recall": 0.5714285714285714, "f1-score": 0.4210526315789474, "support": 7}, "google_nest_doorbell": {"precision": 0.8181818181818182, "recall": 0.6923076923076923, "f1-score": 0.7500000000000001, "support": 13}, "google_nest_hub": {"precision": 1.0, "recall": 0.5714285714285714, "f1-score": 0.7272727272727273, "support": 7}, "govee_strip_light": {"precision": 1.0, "recall": 1.0, "f1-score": 1.0, "support": 10}, "iROBOT_roomba": {"precision": 0.5454545454545454, "recall": 1.0, "f1-score": 0.7058823529411764, "support": 12}, "nest_cam": {"precision": 1.0, "recall": 0.45454545454545453, "f1-score": 0.625, "support": 11}, "netatmo_weather_station": {"precision": 0.0, "recall": 0.0, "f1-score": 0.0, "support": 5}, "petsafe_feeder": {"precision": 1.0, "recall": 0.5555555555555556, "f1-score": 0.7142857142857143, "support": 9}, "ring_chime_pro": {"precision": 1.0, "recall": 0.3333333333333333, "f1-score": 0.5, "support": 6}, "simplicam": {"precision": 1.0, "recall": 1.0, "f1-score": 1.0, "support": 8}, "sonos_speaker": {"precision": 1.0, "recall": 1.0, "f1-score": 1.0, "support": 14}, "switchbot_hub_mini_1": {"precision": 0.8, "recall": 1.0, "f1-score": 0.888888888888889, "support": 12}, "vtech_baby_monitor": {"precision": 1.0, "recall": 1.0, "f1-score": 1.0, "support": 10}, "withings_sleep_analyser": {"precision": 0.75, "recall": 1.0, "f1-score": 0.8571428571428571, "support": 6}, "wiz_smart_bulb": {"precision": 0.4, "recall": 0.3333333333333333, "f1-score": 0.3636363636363636, "support": 6}, "wyze_cam_pan_v2": {"precision": 0.7272727272727273, "recall": 1.0, "f1-score": 0.8421052631578948, "support": 8}, "accuracy": 0.765625, "macro avg": {"precision": 0.7229338842975207, "recall": 0.7244060232696596, "f1-score": 0.6932191979300057, "support": 192}, "weighted avg": {"precision": 0.7759627525252526, "recall": 0.765625, "f1-score": 0.7439326339420669, "support": 192}}}
