{"name": "RandomForestClassifier-doh_1.1.1.1-padding_random_block_both-5", "balanced_accuracy": 0.7988095238095237, "classification_report": {"alexa_swan_kettle": {"precision": 1.0, "recall": 0.8571428571428571, "f1-score": 0.923076923076923, "support": 7}, "aqara_hubM2": {"precision": 0.0, "recall": 0.0, "f1-score": 0.0, "support": 4}, "arlo_camera_pro4": {"precision": 0.8333333333333334, "recall": 1.0, "f1-score": 0.9090909090909091, "support": 5}, "boifun_baby": {"precision": 1.0, "recall": 1.0, "f1-score": 1.0, "support": 9}, "bose_speaker": {"precision": 1.0, "recall": 0.9, "f1-score": 0.9473684210526316, "support": 10}, "cosori_air_fryer": {"precision": 0.5, "recall": 0.14285714285714285, "f1-score": 0.22222222222222224, "support": 7}, "echodot5": {"precision": 0.8333333333333334, "recall": 1.0, "f1-score": 0.9090909090909091, "support": 5}, "google_nest_doorbell": {"precision": 0.7692307692307693, "recall": 0.8333333333333334, "f1-score": 0.8, "support": 12}, "google_nest_hub": {"precision": 1.0, "recall": 1.0, "f1-score": 1.0, "support": 13}, "govee_strip_light": {"precision": 1.0, "recall": 1.0, "f1-score": 1.0, "support": 15}, "iROBOT_roomba": {"precision": 0.5882352941176471, "recall": 1.0, "f1-score": 0.7407407407407407, "support": 10}, "nest_cam": {"precision": 1.0, "recall": 0.8333333333333334, "f1-score": 0.9090909090909091, "support": 12}, "netatmo_weather_station": {"precision": 0.0, "recall": 0.0, "f1-score": 0.0, "support": 4}, "petsafe_feeder": {"precision": 1.0, "recall": 0.35714285714285715, "f1-score": 0.5263157894736842, "support": 14}, "ring_chime_pro": {"precision": 0.8181818181818182, "recall": 1.0, "f1-score": 0.9, "support": 9}, "simplicam": {"precision": 1.0, "recall": 1.0, "f1-score": 1.0, "support": 3}, "sonos_speaker": {"precision": 1.0, "recall": 1.0, "f1-score": 1.0, "support": 7}, "switchbot_hub_mini_1": {"precision": 0.6875, "recall": 1.0, "f1-score": 0.8148148148148148, "support": 11}, "vtech_baby_monitor": {"precision": 1.0, "recall": 1.0, "f1-score": 1.0, "support": 13}, "withings_sleep_analyser": {"precision": 0.8888888888888888, "recall": 1.0, "f1-score": 0.9411764705882353, "support": 8}, "wiz_smart_bulb": {"precision": 0.23076923076923078, "recall": 0.75, "f1-score": 0.3529411764705882, "support": 4}, "wyze_cam_pan_v2": {"precision": 1.0, "recall": 0.9, "f1-score": 0.9473684210526316, "support": 10}, "accuracy": 0.8385416666666666, "macro avg": {"precision": 0.7795214849025011, "recall": 0.7988095238095237, "f1-score": 0.7656044412166, "support": 192}, "weighted avg": {"precision": 0.8484728119953305, "recall": 0.8385416666666666, "f1-score": 0.8195022413111294, "support": 192}}}
