{"name": "RandomForestClassifier-dot_1.1.1.1-padding_128_bytes_down-3", "balanced_accuracy": 0.81504329004329, "classification_report": {"alexa_swan_kettle": {"precision": 1.0, "recall": 1.0, "f1-score": 1.0, "support": 11}, "aqara_hubM2": {"precision": 0.0, "recall": 0.0, "f1-score": 0.0, "support": 6}, "arlo_camera_pro4": {"precision": 1.0, "recall": 1.0, "f1-score": 1.0, "support": 19}, "boifun_baby": {"precision": 1.0, "recall": 1.0, "f1-score": 1.0, "support": 7}, "bose_speaker": {"precision": 1.0, "recall": 1.0, "f1-score": 1.0, "support": 11}, "cosori_air_fryer": {"precision": 0.5333333333333333, "recall": 0.6666666666666666, "f1-score": 0.5925925925925926, "support": 12}, "echodot5": {"precision": 1.0, "recall": 0.875, "f1-score": 0.9333333333333333, "support": 8}, "google_nest_doorbell": {"precision": 0.8571428571428571, "recall": 0.8571428571428571, "f1-score": 0.8571428571428571, "support": 7}, "google_nest_hub": {"precision": 1.0, "recall": 1.0, "f1-score": 1.0, "support": 7}, "govee_strip_light": {"precision": 1.0, "recall": 1.0, "f1-score": 1.0, "support": 11}, "iROBOT_roomba": {"precision": 0.0, "recall": 0.0, "f1-score": 0.0, "support": 7}, "nest_cam": {"precision": 0.9, "recall": 1.0, "f1-score": 0.9473684210526316, "support": 9}, "netatmo_weather_station": {"precision": 0.3125, "recall": 1.0, "f1-score": 0.47619047619047616, "support": 5}, "petsafe_feeder": {"precision": 1.0, "recall": 0.4, "f1-score": 0.5714285714285715, "support": 10}, "ring_chime_pro": {"precision": 0.8181818181818182, "recall": 0.9, "f1-score": 0.8571428571428572, "support": 10}, "simplicam": {"precision": 1.0, "recall": 1.0, "f1-score": 1.0, "support": 2}, "sonos_speaker": {"precision": 1.0, "recall": 1.0, "f1-score": 1.0, "support": 11}, "switchbot_hub_mini_1": {"precision": 0.6875, "recall": 1.0, "f1-score": 0.8148148148148148, "support": 11}, "vtech_baby_monitor": {"precision": 1.0, "recall": 0.8571428571428571, "f1-score": 0.923076923076923, "support": 7}, "withings_sleep_analyser": {"precision": 0.6, "recall": 1.0, "f1-score": 0.7499999999999999, "support": 3}, "wiz_smart_bulb": {"precision": 0.5, "recall": 0.375, "f1-score": 0.42857142857142855, "support": 8}, "wyze_cam_pan_v2": {"precision": 1.0, "recall": 1.0, "f1-score": 1.0, "support": 10}, "accuracy": 0.8333333333333334, "macro avg": {"precision": 0.7822117276662731, "recall": 0.81504329004329, "f1-score": 0.7796210125157493, "support": 192}, "weighted avg": {"precision": 0.8208688446969697, "recall": 0.8333333333333334, "f1-score": 0.8118428806614113, "support": 192}}}
