{"name": "RandomForestClassifier-doh_8.8.4.4-padding_128_bytes_both-14", "balanced_accuracy": 0.8179456906729634, "classification_report": {"alexa_swan_kettle": {"precision": 1.0, "recall": 0.9, "f1-score": 0.9473684210526316, "support": 10}, "aqara_hubM2": {"precision": 0.0, "recall": 0.0, "f1-score": 0.0, "support": 7}, "arlo_camera_pro4": {"precision": 1.0, "recall": 1.0, "f1-score": 1.0, "support": 10}, "boifun_baby": {"precision": 0.875, "recall": 1.0, "f1-score": 0.9333333333333333, "support": 7}, "bose_speaker": {"precision": 1.0, "recall": 0.875, "f1-score": 0.9333333333333333, "support": 8}, "cosori_air_fryer": {"precision": 0.5, "recall": 0.8571428571428571, "f1-score": 0.631578947368421, "support": 7}, "echodot5": {"precision": 1.0, "recall": 0.625, "f1-score": 0.7692307692307693, "support": 8}, "google_nest_doorbell": {"precision": 1.0, "recall": 1.0, "f1-score": 1.0, "support": 9}, "google_nest_hub": {"precision": 0.7777777777777778, "recall": 1.0, "f1-score": 0.8750000000000001, "support": 7}, "govee_strip_light": {"precision": 1.0, "recall": 1.0, "f1-score": 1.0, "support": 12}, "iROBOT_roomba": {"precision": 0.6190476190476191, "recall": 0.9285714285714286, "f1-score": 0.742857142857143, "support": 14}, "nest_cam": {"precision": 0.8461538461538461, "recall": 1.0, "f1-score": 0.9166666666666666, "support": 11}, "netatmo_weather_station": {"precision": 0.3333333333333333, "recall": 0.3333333333333333, "f1-score": 0.3333333333333333, "support": 3}, "petsafe_feeder": {"precision": 0.75, "recall": 0.25, "f1-score": 0.375, "support": 12}, "ring_chime_pro": {"precision": 1.0, "recall": 1.0, "f1-score": 1.0, "support": 8}, "simplicam": {"precision": 1.0, "recall": 1.0, "f1-score": 1.0, "support": 2}, "sonos_speaker": {"precision": 0.75, "recall": 0.75, "f1-score": 0.75, "support": 4}, "switchbot_hub_mini_1": {"precision": 0.5625, "recall": 0.9, "f1-score": 0.6923076923076923, "support": 10}, "vtech_baby_monitor": {"precision": 1.0, "recall": 1.0, "f1-score": 1.0, "support": 12}, "withings_sleep_analyser": {"precision": 1.0, "recall": 1.0, "f1-score": 1.0, "support": 8}, "wiz_smart_bulb": {"precision": 0.8, "recall": 0.6666666666666666, "f1-score": 0.7272727272727272, "support": 12}, "wyze_cam_pan_v2": {"precision": 1.0, "recall": 0.9090909090909091, "f1-score": 0.9523809523809523, "support": 11}, "accuracy": 0.8333333333333334, "macro avg": {"precision": 0.8097187534687534, "recall": 0.8179456906729634, "f1-score": 0.7990756054153184, "support": 192}, "weighted avg": {"precision": 0.8295250178062678, "recall": 0.8333333333333334, "f1-score": 0.8139763357074211, "support": 192}}}
