{"name": "RandomForestClassifier-doh_8.8.4.4-iat_only-4", "balanced_accuracy": 0.7118563254926892, "classification_report": {"alexa_swan_kettle": {"precision": 0.75, "recall": 0.75, "f1-score": 0.75, "support": 4}, "aqara_hubM2": {"precision": 0.0, "recall": 0.0, "f1-score": 0.0, "support": 10}, "arlo_camera_pro4": {"precision": 0.8888888888888888, "recall": 1.0, "f1-score": 0.9411764705882353, "support": 8}, "boifun_baby": {"precision": 0.75, "recall": 0.5454545454545454, "f1-score": 0.631578947368421, "support": 11}, "bose_speaker": {"precision": 0.5714285714285714, "recall": 0.8, "f1-score": 0.6666666666666666, "support": 5}, "cosori_air_fryer": {"precision": 0.5833333333333334, "recall": 0.875, "f1-score": 0.7000000000000001, "support": 8}, "echodot5": {"precision": 0.42857142857142855, "recall": 0.6666666666666666, "f1-score": 0.5217391304347826, "support": 9}, "google_nest_doorbell": {"precision": 0.6153846153846154, "recall": 0.6153846153846154, "f1-score": 0.6153846153846154, "support": 13}, "google_nest_hub": {"precision": 0.8571428571428571, "recall": 0.6666666666666666, "f1-score": 0.75, "support": 9}, "govee_strip_light": {"precision": 1.0, "recall": 1.0, "f1-score": 1.0, "support": 18}, "iROBOT_roomba": {"precision": 0.5416666666666666, "recall": 1.0, "f1-score": 0.7027027027027027, "support": 13}, "nest_cam": {"precision": 0.6666666666666666, "recall": 0.6666666666666666, "f1-score": 0.6666666666666666, "support": 6}, "netatmo_weather_station": {"precision": 0.0, "recall": 0.0, "f1-score": 0.0, "support": 3}, "petsafe_feeder": {"precision": 1.0, "recall": 0.4, "f1-score": 0.5714285714285715, "support": 5}, "ring_chime_pro": {"precision": 0.875, "recall": 0.4666666666666667, "f1-score": 0.608695652173913, "support": 15}, "simplicam": {"precision": 0.8888888888888888, "recall": 1.0, "f1-score": 0.9411764705882353, "support": 8}, "sonos_speaker": {"precision": 1.0, "recall": 0.875, "f1-score": 0.9333333333333333, "support": 8}, "switchbot_hub_mini_1": {"precision": 0.8, "recall": 1.0, "f1-score": 0.888888888888889, "support": 8}, "vtech_baby_monitor": {"precision": 1.0, "recall": 1.0, "f1-score": 1.0, "support": 6}, "withings_sleep_analyser": {"precision": 0.8181818181818182, "recall": 1.0, "f1-score": 0.9, "support": 9}, "wiz_smart_bulb": {"precision": 1.0, "recall": 0.3333333333333333, "f1-score": 0.5, "support": 6}, "wyze_cam_pan_v2": {"precision": 0.6666666666666666, "recall": 1.0, "f1-score": 0.8, "support": 10}, "accuracy": 0.7395833333333334, "macro avg": {"precision": 0.7137191091736547, "recall": 0.7118563254926892, "f1-score": 0.6858835507375015, "support": 192}, "weighted avg": {"precision": 0.7300230729918229, "recall": 0.7395833333333334, "f1-score": 0.7093003542207043, "support": 192}}}
