{"name": "RandomForestClassifier-dot_8.8.8.8-iat_only-4", "balanced_accuracy": 0.7096568835205199, "classification_report": {"alexa_swan_kettle": {"precision": 1.0, "recall": 1.0, "f1-score": 1.0, "support": 4}, "aqara_hubM2": {"precision": 1.0, "recall": 0.2, "f1-score": 0.33333333333333337, "support": 10}, "arlo_camera_pro4": {"precision": 1.0, "recall": 1.0, "f1-score": 1.0, "support": 8}, "boifun_baby": {"precision": 0.5555555555555556, "recall": 0.45454545454545453, "f1-score": 0.5, "support": 11}, "bose_speaker": {"precision": 0.5714285714285714, "recall": 0.8, "f1-score": 0.6666666666666666, "support": 5}, "cosori_air_fryer": {"precision": 0.5833333333333334, "recall": 0.875, "f1-score": 0.7000000000000001, "support": 8}, "echodot5": {"precision": 0.38461538461538464, "recall": 0.5555555555555556, "f1-score": 0.4545454545454546, "support": 9}, "google_nest_doorbell": {"precision": 0.5833333333333334, "recall": 0.5384615384615384, "f1-score": 0.5599999999999999, "support": 13}, "google_nest_hub": {"precision": 0.5, "recall": 0.5555555555555556, "f1-score": 0.5263157894736842, "support": 9}, "govee_strip_light": {"precision": 1.0, "recall": 1.0, "f1-score": 1.0, "support": 18}, "iROBOT_roomba": {"precision": 0.0, "recall": 0.0, "f1-score": 0.0, "support": 13}, "nest_cam": {"precision": 0.6666666666666666, "recall": 0.6666666666666666, "f1-score": 0.6666666666666666, "support": 6}, "netatmo_weather_station": {"precision": 0.125, "recall": 1.0, "f1-score": 0.2222222222222222, "support": 3}, "petsafe_feeder": {"precision": 1.0, "recall": 0.4, "f1-score": 0.5714285714285715, "support": 5}, "ring_chime_pro": {"precision": 0.8888888888888888, "recall": 0.5333333333333333, "f1-score": 0.6666666666666667, "support": 15}, "simplicam": {"precision": 0.8888888888888888, "recall": 1.0, "f1-score": 0.9411764705882353, "support": 8}, "sonos_speaker": {"precision": 1.0, "recall": 1.0, "f1-score": 1.0, "support": 8}, "switchbot_hub_mini_1": {"precision": 0.8, "recall": 1.0, "f1-score": 0.888888888888889, "support": 8}, "vtech_baby_monitor": {"precision": 1.0, "recall": 1.0, "f1-score": 1.0, "support": 6}, "withings_sleep_analyser": {"precision": 1.0, "recall": 1.0, "f1-score": 1.0, "support": 9}, "wiz_smart_bulb": {"precision": 0.6666666666666666, "recall": 0.3333333333333333, "f1-score": 0.4444444444444444, "support": 6}, "wyze_cam_pan_v2": {"precision": 0.6363636363636364, "recall": 0.7, "f1-score": 0.6666666666666666, "support": 10}, "accuracy": 0.6770833333333334, "macro avg": {"precision": 0.7204882238973149, "recall": 0.7096568835205199, "f1-score": 0.6731373564359774, "support": 192}, "weighted avg": {"precision": 0.7227232981139232, "recall": 0.6770833333333334, "f1-score": 0.668604602061452, "support": 192}}}
