{"name": "RandomForestClassifier-dot_1.1.1.1-padding_128_bytes_down-12", "balanced_accuracy": 0.8071969696969696, "classification_report": {"alexa_swan_kettle": {"precision": 1.0, "recall": 1.0, "f1-score": 1.0, "support": 9}, "aqara_hubM2": {"precision": 0.0, "recall": 0.0, "f1-score": 0.0, "support": 6}, "arlo_camera_pro4": {"precision": 1.0, "recall": 1.0, "f1-score": 1.0, "support": 7}, "boifun_baby": {"precision": 0.8888888888888888, "recall": 1.0, "f1-score": 0.9411764705882353, "support": 8}, "bose_speaker": {"precision": 0.9, "recall": 1.0, "f1-score": 0.9473684210526316, "support": 9}, "cosori_air_fryer": {"precision": 0.45454545454545453, "recall": 0.8333333333333334, "f1-score": 0.5882352941176471, "support": 6}, "echodot5": {"precision": 1.0, "recall": 0.6, "f1-score": 0.7499999999999999, "support": 5}, "google_nest_doorbell": {"precision": 1.0, "recall": 0.875, "f1-score": 0.9333333333333333, "support": 8}, "google_nest_hub": {"precision": 0.9, "recall": 1.0, "f1-score": 0.9473684210526316, "support": 9}, "govee_strip_light": {"precision": 1.0, "recall": 1.0, "f1-score": 1.0, "support": 13}, "iROBOT_roomba": {"precision": 0.0, "recall": 0.0, "f1-score": 0.0, "support": 9}, "nest_cam": {"precision": 0.9285714285714286, "recall": 1.0, "f1-score": 0.962962962962963, "support": 13}, "netatmo_weather_station": {"precision": 0.17647058823529413, "recall": 1.0, "f1-score": 0.3, "support": 3}, "petsafe_feeder": {"precision": 1.0, "recall": 0.4, "f1-score": 0.5714285714285715, "support": 10}, "ring_chime_pro": {"precision": 0.9, "recall": 0.9, "f1-score": 0.9, "support": 10}, "simplicam": {"precision": 0.8333333333333334, "recall": 1.0, "f1-score": 0.9090909090909091, "support": 5}, "sonos_speaker": {"precision": 1.0, "recall": 0.9166666666666666, "f1-score": 0.9565217391304348, "support": 12}, "switchbot_hub_mini_1": {"precision": 0.6875, "recall": 1.0, "f1-score": 0.8148148148148148, "support": 11}, "vtech_baby_monitor": {"precision": 1.0, "recall": 0.9, "f1-score": 0.9473684210526316, "support": 10}, "withings_sleep_analyser": {"precision": 0.75, "recall": 1.0, "f1-score": 0.8571428571428571, "support": 9}, "wiz_smart_bulb": {"precision": 1.0, "recall": 0.5, "f1-score": 0.6666666666666666, "support": 8}, "wyze_cam_pan_v2": {"precision": 1.0, "recall": 0.8333333333333334, "f1-score": 0.9090909090909091, "support": 12}, "accuracy": 0.8229166666666666, "macro avg": {"precision": 0.7917868042533818, "recall": 0.8071969696969696, "f1-score": 0.7682986268875108, "support": 192}, "weighted avg": {"precision": 0.8339499522978384, "recall": 0.8229166666666666, "f1-score": 0.8066562424637972, "support": 192}}}
