{"name": "RandomForestClassifier-doh_8.8.4.4-padding_random_block_both-4", "balanced_accuracy": 0.8217127569400297, "classification_report": {"alexa_swan_kettle": {"precision": 1.0, "recall": 0.75, "f1-score": 0.8571428571428571, "support": 4}, "aqara_hubM2": {"precision": 0.6666666666666666, "recall": 0.2, "f1-score": 0.30769230769230765, "support": 10}, "arlo_camera_pro4": {"precision": 0.8, "recall": 1.0, "f1-score": 0.888888888888889, "support": 8}, "boifun_baby": {"precision": 0.9090909090909091, "recall": 0.9090909090909091, "f1-score": 0.9090909090909091, "support": 11}, "bose_speaker": {"precision": 0.8333333333333334, "recall": 1.0, "f1-score": 0.9090909090909091, "support": 5}, "cosori_air_fryer": {"precision": 0.6153846153846154, "recall": 1.0, "f1-score": 0.761904761904762, "support": 8}, "echodot5": {"precision": 1.0, "recall": 0.7777777777777778, "f1-score": 0.8750000000000001, "support": 9}, "google_nest_doorbell": {"precision": 1.0, "recall": 1.0, "f1-score": 1.0, "support": 13}, "google_nest_hub": {"precision": 1.0, "recall": 1.0, "f1-score": 1.0, "support": 9}, "govee_strip_light": {"precision": 0.9473684210526315, "recall": 1.0, "f1-score": 0.972972972972973, "support": 18}, "iROBOT_roomba": {"precision": 1.0, "recall": 0.07692307692307693, "f1-score": 0.14285714285714288, "support": 13}, "nest_cam": {"precision": 1.0, "recall": 1.0, "f1-score": 1.0, "support": 6}, "netatmo_weather_station": {"precision": 0.14285714285714285, "recall": 1.0, "f1-score": 0.25, "support": 3}, "petsafe_feeder": {"precision": 1.0, "recall": 0.4, "f1-score": 0.5714285714285715, "support": 5}, "ring_chime_pro": {"precision": 1.0, "recall": 0.8666666666666667, "f1-score": 0.9285714285714286, "support": 15}, "simplicam": {"precision": 0.8888888888888888, "recall": 1.0, "f1-score": 0.9411764705882353, "support": 8}, "sonos_speaker": {"precision": 0.7777777777777778, "recall": 0.875, "f1-score": 0.823529411764706, "support": 8}, "switchbot_hub_mini_1": {"precision": 0.8, "recall": 1.0, "f1-score": 0.888888888888889, "support": 8}, "vtech_baby_monitor": {"precision": 1.0, "recall": 1.0, "f1-score": 1.0, "support": 6}, "withings_sleep_analyser": {"precision": 0.8888888888888888, "recall": 0.8888888888888888, "f1-score": 0.8888888888888888, "support": 9}, "wiz_smart_bulb": {"precision": 1.0, "recall": 0.3333333333333333, "f1-score": 0.5, "support": 6}, "wyze_cam_pan_v2": {"precision": 1.0, "recall": 1.0, "f1-score": 1.0, "support": 10}, "accuracy": 0.8177083333333334, "macro avg": {"precision": 0.8759207565427662, "recall": 0.8217127569400297, "f1-score": 0.7916874731714305, "support": 192}, "weighted avg": {"precision": 0.9029736801940751, "recall": 0.8177083333333334, "f1-score": 0.8086845160604352, "support": 192}}}
