{"name": "RandomForestClassifier-doh_1.1.1.1-iat_only-4", "balanced_accuracy": 0.6286651479833298, "classification_report": {"alexa_swan_kettle": {"precision": 1.0, "recall": 1.0, "f1-score": 1.0, "support": 4}, "aqara_hubM2": {"precision": 0.0, "recall": 0.0, "f1-score": 0.0, "support": 10}, "arlo_camera_pro4": {"precision": 0.875, "recall": 0.875, "f1-score": 0.875, "support": 8}, "boifun_baby": {"precision": 0.3, "recall": 0.2727272727272727, "f1-score": 0.28571428571428564, "support": 11}, "bose_speaker": {"precision": 0.8, "recall": 0.8, "f1-score": 0.8000000000000002, "support": 5}, "cosori_air_fryer": {"precision": 0.6666666666666666, "recall": 0.75, "f1-score": 0.7058823529411765, "support": 8}, "echodot5": {"precision": 0.16666666666666666, "recall": 0.2222222222222222, "f1-score": 0.1904761904761905, "support": 9}, "google_nest_doorbell": {"precision": 0.5384615384615384, "recall": 0.5384615384615384, "f1-score": 0.5384615384615384, "support": 13}, "google_nest_hub": {"precision": 0.5, "recall": 0.5555555555555556, "f1-score": 0.5263157894736842, "support": 9}, "govee_strip_light": {"precision": 1.0, "recall": 1.0, "f1-score": 1.0, "support": 18}, "iROBOT_roomba": {"precision": 0.0, "recall": 0.0, "f1-score": 0.0, "support": 13}, "nest_cam": {"precision": 0.5, "recall": 0.16666666666666666, "f1-score": 0.25, "support": 6}, "netatmo_weather_station": {"precision": 0.12, "recall": 1.0, "f1-score": 0.21428571428571425, "support": 3}, "petsafe_feeder": {"precision": 1.0, "recall": 0.4, "f1-score": 0.5714285714285715, "support": 5}, "ring_chime_pro": {"precision": 1.0, "recall": 0.26666666666666666, "f1-score": 0.4210526315789474, "support": 15}, "simplicam": {"precision": 0.7272727272727273, "recall": 1.0, "f1-score": 0.8421052631578948, "support": 8}, "sonos_speaker": {"precision": 0.6, "recall": 0.75, "f1-score": 0.6666666666666665, "support": 8}, "switchbot_hub_mini_1": {"precision": 0.8, "recall": 1.0, "f1-score": 0.888888888888889, "support": 8}, "vtech_baby_monitor": {"precision": 0.8333333333333334, "recall": 0.8333333333333334, "f1-score": 0.8333333333333334, "support": 6}, "withings_sleep_analyser": {"precision": 0.75, "recall": 1.0, "f1-score": 0.8571428571428571, "support": 9}, "wiz_smart_bulb": {"precision": 0.75, "recall": 0.5, "f1-score": 0.6, "support": 6}, "wyze_cam_pan_v2": {"precision": 0.5294117647058824, "recall": 0.9, "f1-score": 0.6666666666666667, "support": 10}, "accuracy": 0.59375, "macro avg": {"precision": 0.6116733044139461, "recall": 0.6286651479833298, "f1-score": 0.5787918522825644, "support": 192}, "weighted avg": {"precision": 0.6070605874925729, "recall": 0.59375, "f1-score": 0.5662451676577064, "support": 192}}}
