{"name": "RandomForestClassifier-dot_1.1.1.1-iat_only-1", "balanced_accuracy": 0.6803751803751804, "classification_report": {"alexa_swan_kettle": {"precision": 0.9, "recall": 0.8181818181818182, "f1-score": 0.8571428571428572, "support": 11}, "aqara_hubM2": {"precision": 0.2222222222222222, "recall": 0.5714285714285714, "f1-score": 0.32, "support": 7}, "arlo_camera_pro4": {"precision": 0.9166666666666666, "recall": 1.0, "f1-score": 0.9565217391304348, "support": 11}, "boifun_baby": {"precision": 0.36363636363636365, "recall": 1.0, "f1-score": 0.5333333333333333, "support": 4}, "bose_speaker": {"precision": 0.625, "recall": 0.45454545454545453, "f1-score": 0.5263157894736842, "support": 11}, "cosori_air_fryer": {"precision": 0.5714285714285714, "recall": 0.7272727272727273, "f1-score": 0.64, "support": 11}, "echodot5": {"precision": 0.25, "recall": 0.8, "f1-score": 0.38095238095238093, "support": 5}, "google_nest_doorbell": {"precision": 0.875, "recall": 0.7, "f1-score": 0.7777777777777777, "support": 10}, "google_nest_hub": {"precision": 1.0, "recall": 0.75, "f1-score": 0.8571428571428571, "support": 12}, "govee_strip_light": {"precision": 1.0, "recall": 1.0, "f1-score": 1.0, "support": 11}, "iROBOT_roomba": {"precision": 0.0, "recall": 0.0, "f1-score": 0.0, "support": 10}, "nest_cam": {"precision": 0.6666666666666666, "recall": 0.3333333333333333, "f1-score": 0.4444444444444444, "support": 12}, "netatmo_weather_station": {"precision": 0.0, "recall": 0.0, "f1-score": 0.0, "support": 4}, "petsafe_feeder": {"precision": 1.0, "recall": 0.25, "f1-score": 0.4, "support": 8}, "ring_chime_pro": {"precision": 0.75, "recall": 0.42857142857142855, "f1-score": 0.5454545454545454, "support": 7}, "simplicam": {"precision": 1.0, "recall": 1.0, "f1-score": 1.0, "support": 10}, "sonos_speaker": {"precision": 1.0, "recall": 0.8571428571428571, "f1-score": 0.923076923076923, "support": 7}, "switchbot_hub_mini_1": {"precision": 0.7142857142857143, "recall": 1.0, "f1-score": 0.8333333333333333, "support": 10}, "vtech_baby_monitor": {"precision": 1.0, "recall": 1.0, "f1-score": 1.0, "support": 5}, "withings_sleep_analyser": {"precision": 0.75, "recall": 1.0, "f1-score": 0.8571428571428571, "support": 9}, "wiz_smart_bulb": {"precision": 0.5714285714285714, "recall": 0.5, "f1-score": 0.5333333333333333, "support": 8}, "wyze_cam_pan_v2": {"precision": 0.875, "recall": 0.7777777777777778, "f1-score": 0.823529411764706, "support": 9}, "accuracy": 0.6875, "macro avg": {"precision": 0.6841515807424897, "recall": 0.6803751803751804, "f1-score": 0.6458864356137941, "support": 192}, "weighted avg": {"precision": 0.7226220538720539, "recall": 0.6875, "f1-score": 0.6753149769688839, "support": 192}}}
