{"name": "RandomForestClassifier-dot_8.8.8.8-padding_random_block_both-0", "balanced_accuracy": 0.8136451931906478, "classification_report": {"alexa_swan_kettle": {"precision": 1.0, "recall": 0.9, "f1-score": 0.9473684210526316, "support": 10}, "aqara_hubM2": {"precision": 0.0, "recall": 0.0, "f1-score": 0.0, "support": 4}, "arlo_camera_pro4": {"precision": 0.8333333333333334, "recall": 1.0, "f1-score": 0.9090909090909091, "support": 5}, "boifun_baby": {"precision": 1.0, "recall": 1.0, "f1-score": 1.0, "support": 7}, "bose_speaker": {"precision": 1.0, "recall": 0.75, "f1-score": 0.8571428571428571, "support": 4}, "cosori_air_fryer": {"precision": 0.6470588235294118, "recall": 0.8461538461538461, "f1-score": 0.7333333333333334, "support": 13}, "echodot5": {"precision": 0.8333333333333334, "recall": 1.0, "f1-score": 0.9090909090909091, "support": 5}, "google_nest_doorbell": {"precision": 1.0, "recall": 0.7272727272727273, "f1-score": 0.8421052631578948, "support": 11}, "google_nest_hub": {"precision": 0.9166666666666666, "recall": 0.9166666666666666, "f1-score": 0.9166666666666666, "support": 12}, "govee_strip_light": {"precision": 1.0, "recall": 0.9166666666666666, "f1-score": 0.9565217391304348, "support": 12}, "iROBOT_roomba": {"precision": 0.47058823529411764, "recall": 1.0, "f1-score": 0.6399999999999999, "support": 8}, "nest_cam": {"precision": 0.8888888888888888, "recall": 0.8888888888888888, "f1-score": 0.8888888888888888, "support": 9}, "netatmo_weather_station": {"precision": 0.0, "recall": 0.0, "f1-score": 0.0, "support": 5}, "petsafe_feeder": {"precision": 1.0, "recall": 0.45454545454545453, "f1-score": 0.625, "support": 11}, "ring_chime_pro": {"precision": 0.8181818181818182, "recall": 1.0, "f1-score": 0.9, "support": 9}, "simplicam": {"precision": 1.0, "recall": 1.0, "f1-score": 1.0, "support": 11}, "sonos_speaker": {"precision": 1.0, "recall": 1.0, "f1-score": 1.0, "support": 9}, "switchbot_hub_mini_1": {"precision": 0.7777777777777778, "recall": 1.0, "f1-score": 0.8750000000000001, "support": 14}, "vtech_baby_monitor": {"precision": 1.0, "recall": 1.0, "f1-score": 1.0, "support": 10}, "withings_sleep_analyser": {"precision": 1.0, "recall": 1.0, "f1-score": 1.0, "support": 9}, "wiz_smart_bulb": {"precision": 0.6, "recall": 0.5, "f1-score": 0.5454545454545454, "support": 6}, "wyze_cam_pan_v2": {"precision": 0.8888888888888888, "recall": 1.0, "f1-score": 0.9411764705882353, "support": 8}, "accuracy": 0.8541666666666666, "macro avg": {"precision": 0.8033962620861018, "recall": 0.8136451931906478, "f1-score": 0.7948563637998777, "support": 192}, "weighted avg": {"precision": 0.8462158348187759, "recall": 0.8541666666666666, "f1-score": 0.835495082630601, "support": 192}}}
