{"name": "RandomForestClassifier-doh_1.1.1.1-iat_only-2", "balanced_accuracy": 0.6451002280547736, "classification_report": {"alexa_swan_kettle": {"precision": 1.0, "recall": 1.0, "f1-score": 1.0, "support": 5}, "aqara_hubM2": {"precision": 0.0, "recall": 0.0, "f1-score": 0.0, "support": 6}, "arlo_camera_pro4": {"precision": 1.0, "recall": 1.0, "f1-score": 1.0, "support": 6}, "boifun_baby": {"precision": 0.5555555555555556, "recall": 0.5, "f1-score": 0.5263157894736842, "support": 10}, "bose_speaker": {"precision": 0.5, "recall": 0.4, "f1-score": 0.4444444444444445, "support": 10}, "cosori_air_fryer": {"precision": 0.5625, "recall": 0.9, "f1-score": 0.6923076923076923, "support": 10}, "echodot5": {"precision": 0.15384615384615385, "recall": 0.25, "f1-score": 0.1904761904761905, "support": 8}, "google_nest_doorbell": {"precision": 0.8181818181818182, "recall": 0.6428571428571429, "f1-score": 0.7200000000000001, "support": 14}, "google_nest_hub": {"precision": 1.0, "recall": 0.75, "f1-score": 0.8571428571428571, "support": 8}, "govee_strip_light": {"precision": 0.9166666666666666, "recall": 1.0, "f1-score": 0.9565217391304348, "support": 11}, "iROBOT_roomba": {"precision": 0.5, "recall": 1.0, "f1-score": 0.6666666666666666, "support": 8}, "nest_cam": {"precision": 0.5, "recall": 0.2857142857142857, "f1-score": 0.36363636363636365, "support": 7}, "netatmo_weather_station": {"precision": 0.0, "recall": 0.0, "f1-score": 0.0, "support": 2}, "petsafe_feeder": {"precision": 0.75, "recall": 0.23076923076923078, "f1-score": 0.3529411764705882, "support": 13}, "ring_chime_pro": {"precision": 1.0, "recall": 0.3333333333333333, "f1-score": 0.5, "support": 12}, "simplicam": {"precision": 0.9166666666666666, "recall": 1.0, "f1-score": 0.9565217391304348, "support": 11}, "sonos_speaker": {"precision": 0.5294117647058824, "recall": 0.8181818181818182, "f1-score": 0.6428571428571428, "support": 11}, "switchbot_hub_mini_1": {"precision": 0.5, "recall": 1.0, "f1-score": 0.6666666666666666, "support": 6}, "vtech_baby_monitor": {"precision": 1.0, "recall": 1.0, "f1-score": 1.0, "support": 10}, "withings_sleep_analyser": {"precision": 0.875, "recall": 0.875, "f1-score": 0.875, "support": 8}, "wiz_smart_bulb": {"precision": 0.75, "recall": 0.42857142857142855, "f1-score": 0.5454545454545454, "support": 7}, "wyze_cam_pan_v2": {"precision": 0.4666666666666667, "recall": 0.7777777777777778, "f1-score": 0.5833333333333334, "support": 9}, "accuracy": 0.6614583333333334, "macro avg": {"precision": 0.6497497860131549, "recall": 0.6451002280547736, "f1-score": 0.6154675612359566, "support": 192}, "weighted avg": {"precision": 0.6903961787463625, "recall": 0.6614583333333334, "f1-score": 0.6392799138885212, "support": 192}}}
