{"name": "RandomForestClassifier-dot_1.1.1.1-iat_only-4", "balanced_accuracy": 0.6925434414070778, "classification_report": {"alexa_swan_kettle": {"precision": 1.0, "recall": 1.0, "f1-score": 1.0, "support": 4}, "aqara_hubM2": {"precision": 0.3333333333333333, "recall": 0.8, "f1-score": 0.47058823529411764, "support": 10}, "arlo_camera_pro4": {"precision": 1.0, "recall": 0.875, "f1-score": 0.9333333333333333, "support": 8}, "boifun_baby": {"precision": 0.625, "recall": 0.45454545454545453, "f1-score": 0.5263157894736842, "support": 11}, "bose_speaker": {"precision": 0.5714285714285714, "recall": 0.8, "f1-score": 0.6666666666666666, "support": 5}, "cosori_air_fryer": {"precision": 0.6363636363636364, "recall": 0.875, "f1-score": 0.7368421052631579, "support": 8}, "echodot5": {"precision": 0.3333333333333333, "recall": 0.4444444444444444, "f1-score": 0.380952380952381, "support": 9}, "google_nest_doorbell": {"precision": 0.6666666666666666, "recall": 0.9230769230769231, "f1-score": 0.7741935483870968, "support": 13}, "google_nest_hub": {"precision": 0.8, "recall": 0.8888888888888888, "f1-score": 0.8421052631578948, "support": 9}, "govee_strip_light": {"precision": 1.0, "recall": 1.0, "f1-score": 1.0, "support": 18}, "iROBOT_roomba": {"precision": 0.0, "recall": 0.0, "f1-score": 0.0, "support": 13}, "nest_cam": {"precision": 0.4, "recall": 0.3333333333333333, "f1-score": 0.3636363636363636, "support": 6}, "netatmo_weather_station": {"precision": 0.0, "recall": 0.0, "f1-score": 0.0, "support": 3}, "petsafe_feeder": {"precision": 1.0, "recall": 0.4, "f1-score": 0.5714285714285715, "support": 5}, "ring_chime_pro": {"precision": 0.7142857142857143, "recall": 0.3333333333333333, "f1-score": 0.4545454545454545, "support": 15}, "simplicam": {"precision": 0.8888888888888888, "recall": 1.0, "f1-score": 0.9411764705882353, "support": 8}, "sonos_speaker": {"precision": 0.875, "recall": 0.875, "f1-score": 0.875, "support": 8}, "switchbot_hub_mini_1": {"precision": 0.8, "recall": 1.0, "f1-score": 0.888888888888889, "support": 8}, "vtech_baby_monitor": {"precision": 1.0, "recall": 0.8333333333333334, "f1-score": 0.9090909090909091, "support": 6}, "withings_sleep_analyser": {"precision": 0.9, "recall": 1.0, "f1-score": 0.9473684210526316, "support": 9}, "wiz_smart_bulb": {"precision": 0.75, "recall": 0.5, "f1-score": 0.6, "support": 6}, "wyze_cam_pan_v2": {"precision": 0.75, "recall": 0.9, "f1-score": 0.8181818181818182, "support": 10}, "accuracy": 0.703125, "macro avg": {"precision": 0.6838318247409156, "recall": 0.6925434414070778, "f1-score": 0.6681961009064185, "support": 192}, "weighted avg": {"precision": 0.6861898373617125, "recall": 0.703125, "f1-score": 0.6745962133545774, "support": 192}}}
