{"name": "RandomForestClassifier-doh_1.1.1.1-padding_random_block_both-1", "balanced_accuracy": 0.8113898727535092, "classification_report": {"alexa_swan_kettle": {"precision": 0.9, "recall": 0.8181818181818182, "f1-score": 0.8571428571428572, "support": 11}, "aqara_hubM2": {"precision": 0.0, "recall": 0.0, "f1-score": 0.0, "support": 7}, "arlo_camera_pro4": {"precision": 0.9166666666666666, "recall": 1.0, "f1-score": 0.9565217391304348, "support": 11}, "boifun_baby": {"precision": 0.8, "recall": 1.0, "f1-score": 0.888888888888889, "support": 4}, "bose_speaker": {"precision": 1.0, "recall": 0.9090909090909091, "f1-score": 0.9523809523809523, "support": 11}, "cosori_air_fryer": {"precision": 0.5714285714285714, "recall": 0.7272727272727273, "f1-score": 0.64, "support": 11}, "echodot5": {"precision": 1.0, "recall": 1.0, "f1-score": 1.0, "support": 5}, "google_nest_doorbell": {"precision": 1.0, "recall": 0.9, "f1-score": 0.9473684210526316, "support": 10}, "google_nest_hub": {"precision": 1.0, "recall": 1.0, "f1-score": 1.0, "support": 12}, "govee_strip_light": {"precision": 1.0, "recall": 1.0, "f1-score": 1.0, "support": 11}, "iROBOT_roomba": {"precision": 0.5263157894736842, "recall": 1.0, "f1-score": 0.6896551724137931, "support": 10}, "nest_cam": {"precision": 0.9230769230769231, "recall": 1.0, "f1-score": 0.9600000000000001, "support": 12}, "netatmo_weather_station": {"precision": 0.0, "recall": 0.0, "f1-score": 0.0, "support": 4}, "petsafe_feeder": {"precision": 1.0, "recall": 0.25, "f1-score": 0.4, "support": 8}, "ring_chime_pro": {"precision": 0.875, "recall": 1.0, "f1-score": 0.9333333333333333, "support": 7}, "simplicam": {"precision": 1.0, "recall": 1.0, "f1-score": 1.0, "support": 10}, "sonos_speaker": {"precision": 1.0, "recall": 0.8571428571428571, "f1-score": 0.923076923076923, "support": 7}, "switchbot_hub_mini_1": {"precision": 0.7142857142857143, "recall": 1.0, "f1-score": 0.8333333333333333, "support": 10}, "vtech_baby_monitor": {"precision": 1.0, "recall": 1.0, "f1-score": 1.0, "support": 5}, "withings_sleep_analyser": {"precision": 0.75, "recall": 1.0, "f1-score": 0.8571428571428571, "support": 9}, "wiz_smart_bulb": {"precision": 0.5714285714285714, "recall": 0.5, "f1-score": 0.5333333333333333, "support": 8}, "wyze_cam_pan_v2": {"precision": 1.0, "recall": 0.8888888888888888, "f1-score": 0.9411764705882353, "support": 9}, "accuracy": 0.84375, "macro avg": {"precision": 0.7976455561981877, "recall": 0.8113898727535092, "f1-score": 0.7869706491735261, "support": 192}, "weighted avg": {"precision": 0.8249917411718398, "recall": 0.84375, "f1-score": 0.8171460326555633, "support": 192}}}
