{"name": "RandomForestClassifier-doh_1.1.1.1-iat_only-7", "balanced_accuracy": 0.6533533385806113, "classification_report": {"alexa_swan_kettle": {"precision": 1.0, "recall": 1.0, "f1-score": 1.0, "support": 8}, "aqara_hubM2": {"precision": 0.0, "recall": 0.0, "f1-score": 0.0, "support": 6}, "arlo_camera_pro4": {"precision": 0.8333333333333334, "recall": 0.9090909090909091, "f1-score": 0.8695652173913043, "support": 11}, "boifun_baby": {"precision": 0.75, "recall": 0.6666666666666666, "f1-score": 0.7058823529411765, "support": 9}, "bose_speaker": {"precision": 0.5, "recall": 0.6, "f1-score": 0.5454545454545454, "support": 5}, "cosori_air_fryer": {"precision": 0.5714285714285714, "recall": 0.8, "f1-score": 0.6666666666666666, "support": 10}, "echodot5": {"precision": 0.14285714285714285, "recall": 0.4, "f1-score": 0.21052631578947364, "support": 5}, "google_nest_doorbell": {"precision": 0.5, "recall": 0.5714285714285714, "f1-score": 0.5333333333333333, "support": 7}, "google_nest_hub": {"precision": 1.0, "recall": 0.75, "f1-score": 0.8571428571428571, "support": 8}, "govee_strip_light": {"precision": 1.0, "recall": 1.0, "f1-score": 1.0, "support": 11}, "iROBOT_roomba": {"precision": 0.0, "recall": 0.0, "f1-score": 0.0, "support": 11}, "nest_cam": {"precision": 0.5, "recall": 0.1111111111111111, "f1-score": 0.1818181818181818, "support": 9}, "netatmo_weather_station": {"precision": 0.1111111111111111, "recall": 1.0, "f1-score": 0.19999999999999998, "support": 2}, "petsafe_feeder": {"precision": 1.0, "recall": 0.3333333333333333, "f1-score": 0.5, "support": 9}, "ring_chime_pro": {"precision": 0.5, "recall": 0.125, "f1-score": 0.2, "support": 8}, "simplicam": {"precision": 0.8125, "recall": 0.9285714285714286, "f1-score": 0.8666666666666666, "support": 14}, "sonos_speaker": {"precision": 1.0, "recall": 0.9166666666666666, "f1-score": 0.9565217391304348, "support": 12}, "switchbot_hub_mini_1": {"precision": 0.75, "recall": 1.0, "f1-score": 0.8571428571428571, "support": 12}, "vtech_baby_monitor": {"precision": 1.0, "recall": 1.0, "f1-score": 1.0, "support": 5}, "withings_sleep_analyser": {"precision": 0.8461538461538461, "recall": 1.0, "f1-score": 0.9166666666666666, "support": 11}, "wiz_smart_bulb": {"precision": 0.75, "recall": 0.42857142857142855, "f1-score": 0.5454545454545454, "support": 7}, "wyze_cam_pan_v2": {"precision": 0.6666666666666666, "recall": 0.8333333333333334, "f1-score": 0.7407407407407408, "support": 12}, "accuracy": 0.6770833333333334, "macro avg": {"precision": 0.6470023032523033, "recall": 0.6533533385806113, "f1-score": 0.6069810311972477, "support": 192}, "weighted avg": {"precision": 0.6927091282560033, "recall": 0.6770833333333334, "f1-score": 0.6551004265443666, "support": 192}}}
