{"name": "RandomForestClassifier-dot_1.1.1.1-iat_only-10", "balanced_accuracy": 0.7337801718483538, "classification_report": {"alexa_swan_kettle": {"precision": 1.0, "recall": 1.0, "f1-score": 1.0, "support": 10}, "aqara_hubM2": {"precision": 0.0, "recall": 0.0, "f1-score": 0.0, "support": 4}, "arlo_camera_pro4": {"precision": 1.0, "recall": 1.0, "f1-score": 1.0, "support": 6}, "boifun_baby": {"precision": 0.4, "recall": 0.8, "f1-score": 0.5333333333333333, "support": 5}, "bose_speaker": {"precision": 1.0, "recall": 0.5625, "f1-score": 0.72, "support": 16}, "cosori_air_fryer": {"precision": 0.5625, "recall": 0.8181818181818182, "f1-score": 0.6666666666666666, "support": 11}, "echodot5": {"precision": 0.38461538461538464, "recall": 0.5555555555555556, "f1-score": 0.4545454545454546, "support": 9}, "google_nest_doorbell": {"precision": 0.9090909090909091, "recall": 0.7142857142857143, "f1-score": 0.8, "support": 14}, "google_nest_hub": {"precision": 0.8333333333333334, "recall": 0.7142857142857143, "f1-score": 0.7692307692307692, "support": 7}, "govee_strip_light": {"precision": 1.0, "recall": 1.0, "f1-score": 1.0, "support": 13}, "iROBOT_roomba": {"precision": 0.0, "recall": 0.0, "f1-score": 0.0, "support": 13}, "nest_cam": {"precision": 0.4444444444444444, "recall": 0.5, "f1-score": 0.47058823529411764, "support": 8}, "netatmo_weather_station": {"precision": 0.19047619047619047, "recall": 1.0, "f1-score": 0.32, "support": 4}, "petsafe_feeder": {"precision": 0.8333333333333334, "recall": 0.5, "f1-score": 0.625, "support": 10}, "ring_chime_pro": {"precision": 0.6, "recall": 0.6666666666666666, "f1-score": 0.631578947368421, "support": 9}, "simplicam": {"precision": 0.8571428571428571, "recall": 1.0, "f1-score": 0.923076923076923, "support": 6}, "sonos_speaker": {"precision": 1.0, "recall": 1.0, "f1-score": 1.0, "support": 8}, "switchbot_hub_mini_1": {"precision": 0.7857142857142857, "recall": 1.0, "f1-score": 0.88, "support": 11}, "vtech_baby_monitor": {"precision": 1.0, "recall": 0.8571428571428571, "f1-score": 0.923076923076923, "support": 7}, "withings_sleep_analyser": {"precision": 1.0, "recall": 1.0, "f1-score": 1.0, "support": 6}, "wiz_smart_bulb": {"precision": 0.7142857142857143, "recall": 0.45454545454545453, "f1-score": 0.5555555555555556, "support": 11}, "wyze_cam_pan_v2": {"precision": 1.0, "recall": 1.0, "f1-score": 1.0, "support": 4}, "accuracy": 0.7083333333333334, "macro avg": {"precision": 0.7052243842016569, "recall": 0.7337801718483538, "f1-score": 0.6942114912794621, "support": 192}, "weighted avg": {"precision": 0.7286629964364338, "recall": 0.7083333333333334, "f1-score": 0.6977372499755433, "support": 192}}}
