{"name": "RandomForestClassifier-doh_1.1.1.1-padding_random_block_up-6", "balanced_accuracy": 0.817690561072914, "classification_report": {"alexa_swan_kettle": {"precision": 1.0, "recall": 1.0, "f1-score": 1.0, "support": 12}, "aqara_hubM2": {"precision": 0.0, "recall": 0.0, "f1-score": 0.0, "support": 5}, "arlo_camera_pro4": {"precision": 1.0, "recall": 1.0, "f1-score": 1.0, "support": 8}, "boifun_baby": {"precision": 1.0, "recall": 1.0, "f1-score": 1.0, "support": 9}, "bose_speaker": {"precision": 1.0, "recall": 0.8, "f1-score": 0.888888888888889, "support": 10}, "cosori_air_fryer": {"precision": 0.4117647058823529, "recall": 0.875, "f1-score": 0.56, "support": 8}, "echodot5": {"precision": 0.8571428571428571, "recall": 1.0, "f1-score": 0.923076923076923, "support": 6}, "google_nest_doorbell": {"precision": 1.0, "recall": 1.0, "f1-score": 1.0, "support": 6}, "google_nest_hub": {"precision": 0.875, "recall": 1.0, "f1-score": 0.9333333333333333, "support": 14}, "govee_strip_light": {"precision": 0.9166666666666666, "recall": 0.7857142857142857, "f1-score": 0.8461538461538461, "support": 14}, "iROBOT_roomba": {"precision": 0.0, "recall": 0.0, "f1-score": 0.0, "support": 10}, "nest_cam": {"precision": 1.0, "recall": 0.9411764705882353, "f1-score": 0.9696969696969697, "support": 17}, "netatmo_weather_station": {"precision": 0.06666666666666667, "recall": 1.0, "f1-score": 0.125, "support": 1}, "petsafe_feeder": {"precision": 0.6666666666666666, "recall": 0.14285714285714285, "f1-score": 0.23529411764705882, "support": 14}, "ring_chime_pro": {"precision": 1.0, "recall": 1.0, "f1-score": 1.0, "support": 8}, "simplicam": {"precision": 1.0, "recall": 1.0, "f1-score": 1.0, "support": 4}, "sonos_speaker": {"precision": 1.0, "recall": 1.0, "f1-score": 1.0, "support": 4}, "switchbot_hub_mini_1": {"precision": 0.5714285714285714, "recall": 1.0, "f1-score": 0.7272727272727273, "support": 8}, "vtech_baby_monitor": {"precision": 1.0, "recall": 1.0, "f1-score": 1.0, "support": 10}, "withings_sleep_analyser": {"precision": 0.7272727272727273, "recall": 0.8888888888888888, "f1-score": 0.7999999999999999, "support": 9}, "wiz_smart_bulb": {"precision": 0.8333333333333334, "recall": 0.5555555555555556, "f1-score": 0.6666666666666667, "support": 9}, "wyze_cam_pan_v2": {"precision": 1.0, "recall": 1.0, "f1-score": 1.0, "support": 6}, "accuracy": 0.796875, "macro avg": {"precision": 0.7693610088663564, "recall": 0.817690561072914, "f1-score": 0.7579719760334733, "support": 192}, "weighted avg": {"precision": 0.8100895377090228, "recall": 0.796875, "f1-score": 0.779907910886771, "support": 192}}}
