{"name": "RandomForestClassifier-dot_1.1.1.1-iat_only-8", "balanced_accuracy": 0.7002358752358753, "classification_report": {"alexa_swan_kettle": {"precision": 1.0, "recall": 1.0, "f1-score": 1.0, "support": 9}, "aqara_hubM2": {"precision": 0.0, "recall": 0.0, "f1-score": 0.0, "support": 8}, "arlo_camera_pro4": {"precision": 1.0, "recall": 1.0, "f1-score": 1.0, "support": 11}, "boifun_baby": {"precision": 0.4166666666666667, "recall": 0.8333333333333334, "f1-score": 0.5555555555555556, "support": 6}, "bose_speaker": {"precision": 0.8333333333333334, "recall": 0.5555555555555556, "f1-score": 0.6666666666666667, "support": 9}, "cosori_air_fryer": {"precision": 0.5, "recall": 0.6666666666666666, "f1-score": 0.5714285714285715, "support": 9}, "echodot5": {"precision": 0.13333333333333333, "recall": 0.6666666666666666, "f1-score": 0.2222222222222222, "support": 3}, "google_nest_doorbell": {"precision": 0.8571428571428571, "recall": 0.46153846153846156, "f1-score": 0.6, "support": 13}, "google_nest_hub": {"precision": 1.0, "recall": 0.75, "f1-score": 0.8571428571428571, "support": 8}, "govee_strip_light": {"precision": 1.0, "recall": 1.0, "f1-score": 1.0, "support": 14}, "iROBOT_roomba": {"precision": 0.3125, "recall": 1.0, "f1-score": 0.47619047619047616, "support": 5}, "nest_cam": {"precision": 0.3, "recall": 0.21428571428571427, "f1-score": 0.25, "support": 14}, "netatmo_weather_station": {"precision": 0.0, "recall": 0.0, "f1-score": 0.0, "support": 6}, "petsafe_feeder": {"precision": 1.0, "recall": 0.4, "f1-score": 0.5714285714285715, "support": 10}, "ring_chime_pro": {"precision": 0.8571428571428571, "recall": 0.6, "f1-score": 0.7058823529411764, "support": 10}, "simplicam": {"precision": 1.0, "recall": 1.0, "f1-score": 1.0, "support": 8}, "sonos_speaker": {"precision": 0.9230769230769231, "recall": 1.0, "f1-score": 0.9600000000000001, "support": 12}, "switchbot_hub_mini_1": {"precision": 0.6428571428571429, "recall": 1.0, "f1-score": 0.782608695652174, "support": 9}, "vtech_baby_monitor": {"precision": 1.0, "recall": 0.9, "f1-score": 0.9473684210526316, "support": 10}, "withings_sleep_analyser": {"precision": 0.5, "recall": 1.0, "f1-score": 0.6666666666666666, "support": 3}, "wiz_smart_bulb": {"precision": 0.6666666666666666, "recall": 0.5, "f1-score": 0.5714285714285715, "support": 8}, "wyze_cam_pan_v2": {"precision": 0.8571428571428571, "recall": 0.8571428571428571, "f1-score": 0.8571428571428571, "support": 7}, "accuracy": 0.6927083333333334, "macro avg": {"precision": 0.672721028971029, "recall": 0.7002358752358753, "f1-score": 0.6482605675235908, "support": 192}, "weighted avg": {"precision": 0.7295456063034189, "recall": 0.6927083333333334, "f1-score": 0.6826179826430954, "support": 192}}}
