{"name": "RandomForestClassifier-doh_8.8.4.4-padding_random_block_down-12", "balanced_accuracy": 0.7986402486402485, "classification_report": {"alexa_swan_kettle": {"precision": 1.0, "recall": 0.8888888888888888, "f1-score": 0.9411764705882353, "support": 9}, "aqara_hubM2": {"precision": 0.0, "recall": 0.0, "f1-score": 0.0, "support": 6}, "arlo_camera_pro4": {"precision": 1.0, "recall": 1.0, "f1-score": 1.0, "support": 7}, "boifun_baby": {"precision": 0.8888888888888888, "recall": 1.0, "f1-score": 0.9411764705882353, "support": 8}, "bose_speaker": {"precision": 1.0, "recall": 1.0, "f1-score": 1.0, "support": 9}, "cosori_air_fryer": {"precision": 0.4166666666666667, "recall": 0.8333333333333334, "f1-score": 0.5555555555555556, "support": 6}, "echodot5": {"precision": 0.625, "recall": 1.0, "f1-score": 0.7692307692307693, "support": 5}, "google_nest_doorbell": {"precision": 1.0, "recall": 0.75, "f1-score": 0.8571428571428571, "support": 8}, "google_nest_hub": {"precision": 0.9, "recall": 1.0, "f1-score": 0.9473684210526316, "support": 9}, "govee_strip_light": {"precision": 1.0, "recall": 1.0, "f1-score": 1.0, "support": 13}, "iROBOT_roomba": {"precision": 0.25, "recall": 0.1111111111111111, "f1-score": 0.15384615384615383, "support": 9}, "nest_cam": {"precision": 1.0, "recall": 0.6923076923076923, "f1-score": 0.8181818181818181, "support": 13}, "netatmo_weather_station": {"precision": 0.16666666666666666, "recall": 0.6666666666666666, "f1-score": 0.26666666666666666, "support": 3}, "petsafe_feeder": {"precision": 1.0, "recall": 0.6, "f1-score": 0.7499999999999999, "support": 10}, "ring_chime_pro": {"precision": 0.9090909090909091, "recall": 1.0, "f1-score": 0.9523809523809523, "support": 10}, "simplicam": {"precision": 0.8333333333333334, "recall": 1.0, "f1-score": 0.9090909090909091, "support": 5}, "sonos_speaker": {"precision": 1.0, "recall": 0.9166666666666666, "f1-score": 0.9565217391304348, "support": 12}, "switchbot_hub_mini_1": {"precision": 0.8461538461538461, "recall": 1.0, "f1-score": 0.9166666666666666, "support": 11}, "vtech_baby_monitor": {"precision": 1.0, "recall": 1.0, "f1-score": 1.0, "support": 10}, "withings_sleep_analyser": {"precision": 0.7, "recall": 0.7777777777777778, "f1-score": 0.7368421052631577, "support": 9}, "wiz_smart_bulb": {"precision": 0.8, "recall": 0.5, "f1-score": 0.6153846153846154, "support": 8}, "wyze_cam_pan_v2": {"precision": 1.0, "recall": 0.8333333333333334, "f1-score": 0.9090909090909091, "support": 12}, "accuracy": 0.8125, "macro avg": {"precision": 0.787990923218196, "recall": 0.7986402486402485, "f1-score": 0.7725601399936622, "support": 192}, "weighted avg": {"precision": 0.8429759332103083, "recall": 0.8125, "f1-score": 0.8123881765561541, "support": 192}}}
