{"name": "RandomForestClassifier-dot_8.8.8.8-iat_only-2", "balanced_accuracy": 0.6358705688251143, "classification_report": {"alexa_swan_kettle": {"precision": 1.0, "recall": 1.0, "f1-score": 1.0, "support": 5}, "aqara_hubM2": {"precision": 0.0, "recall": 0.0, "f1-score": 0.0, "support": 6}, "arlo_camera_pro4": {"precision": 1.0, "recall": 1.0, "f1-score": 1.0, "support": 6}, "boifun_baby": {"precision": 0.5555555555555556, "recall": 0.5, "f1-score": 0.5263157894736842, "support": 10}, "bose_speaker": {"precision": 0.6363636363636364, "recall": 0.7, "f1-score": 0.6666666666666666, "support": 10}, "cosori_air_fryer": {"precision": 0.5294117647058824, "recall": 0.9, "f1-score": 0.6666666666666667, "support": 10}, "echodot5": {"precision": 0.15384615384615385, "recall": 0.25, "f1-score": 0.1904761904761905, "support": 8}, "google_nest_doorbell": {"precision": 0.7272727272727273, "recall": 0.5714285714285714, "f1-score": 0.64, "support": 14}, "google_nest_hub": {"precision": 0.45454545454545453, "recall": 0.625, "f1-score": 0.5263157894736842, "support": 8}, "govee_strip_light": {"precision": 0.9166666666666666, "recall": 1.0, "f1-score": 0.9565217391304348, "support": 11}, "iROBOT_roomba": {"precision": 0.4666666666666667, "recall": 0.875, "f1-score": 0.608695652173913, "support": 8}, "nest_cam": {"precision": 0.5, "recall": 0.2857142857142857, "f1-score": 0.36363636363636365, "support": 7}, "netatmo_weather_station": {"precision": 0.0, "recall": 0.0, "f1-score": 0.0, "support": 2}, "petsafe_feeder": {"precision": 1.0, "recall": 0.07692307692307693, "f1-score": 0.14285714285714288, "support": 13}, "ring_chime_pro": {"precision": 0.7142857142857143, "recall": 0.4166666666666667, "f1-score": 0.5263157894736842, "support": 12}, "simplicam": {"precision": 1.0, "recall": 1.0, "f1-score": 1.0, "support": 11}, "sonos_speaker": {"precision": 0.9, "recall": 0.8181818181818182, "f1-score": 0.8571428571428572, "support": 11}, "switchbot_hub_mini_1": {"precision": 0.42857142857142855, "recall": 1.0, "f1-score": 0.6, "support": 6}, "vtech_baby_monitor": {"precision": 1.0, "recall": 1.0, "f1-score": 1.0, "support": 10}, "withings_sleep_analyser": {"precision": 0.7777777777777778, "recall": 0.875, "f1-score": 0.823529411764706, "support": 8}, "wiz_smart_bulb": {"precision": 0.75, "recall": 0.42857142857142855, "f1-score": 0.5454545454545454, "support": 7}, "wyze_cam_pan_v2": {"precision": 0.5, "recall": 0.6666666666666666, "f1-score": 0.5714285714285715, "support": 9}, "accuracy": 0.6510416666666666, "macro avg": {"precision": 0.6368619793753484, "recall": 0.6358705688251143, "f1-score": 0.6005465079917778, "support": 192}, "weighted avg": {"precision": 0.6853854512861867, "recall": 0.6510416666666666, "f1-score": 0.6248873123724213, "support": 192}}}
