{"name": "RandomForestClassifier-doh_8.8.4.4-padding_random_block_both-5", "balanced_accuracy": 0.8193553920826647, "classification_report": {"alexa_swan_kettle": {"precision": 1.0, "recall": 1.0, "f1-score": 1.0, "support": 7}, "aqara_hubM2": {"precision": 0.0, "recall": 0.0, "f1-score": 0.0, "support": 4}, "arlo_camera_pro4": {"precision": 0.8333333333333334, "recall": 1.0, "f1-score": 0.9090909090909091, "support": 5}, "boifun_baby": {"precision": 1.0, "recall": 1.0, "f1-score": 1.0, "support": 9}, "bose_speaker": {"precision": 1.0, "recall": 0.8, "f1-score": 0.888888888888889, "support": 10}, "cosori_air_fryer": {"precision": 0.625, "recall": 0.7142857142857143, "f1-score": 0.6666666666666666, "support": 7}, "echodot5": {"precision": 0.8333333333333334, "recall": 1.0, "f1-score": 0.9090909090909091, "support": 5}, "google_nest_doorbell": {"precision": 1.0, "recall": 0.9166666666666666, "f1-score": 0.9565217391304348, "support": 12}, "google_nest_hub": {"precision": 0.8571428571428571, "recall": 0.9230769230769231, "f1-score": 0.888888888888889, "support": 13}, "govee_strip_light": {"precision": 1.0, "recall": 1.0, "f1-score": 1.0, "support": 15}, "iROBOT_roomba": {"precision": 0.5, "recall": 0.1, "f1-score": 0.16666666666666669, "support": 10}, "nest_cam": {"precision": 1.0, "recall": 0.9166666666666666, "f1-score": 0.9565217391304348, "support": 12}, "netatmo_weather_station": {"precision": 0.1875, "recall": 0.75, "f1-score": 0.3, "support": 4}, "petsafe_feeder": {"precision": 0.8333333333333334, "recall": 0.35714285714285715, "f1-score": 0.5, "support": 14}, "ring_chime_pro": {"precision": 1.0, "recall": 0.8888888888888888, "f1-score": 0.9411764705882353, "support": 9}, "simplicam": {"precision": 1.0, "recall": 1.0, "f1-score": 1.0, "support": 3}, "sonos_speaker": {"precision": 1.0, "recall": 1.0, "f1-score": 1.0, "support": 7}, "switchbot_hub_mini_1": {"precision": 0.5882352941176471, "recall": 0.9090909090909091, "f1-score": 0.7142857142857143, "support": 11}, "vtech_baby_monitor": {"precision": 1.0, "recall": 1.0, "f1-score": 1.0, "support": 13}, "withings_sleep_analyser": {"precision": 1.0, "recall": 1.0, "f1-score": 1.0, "support": 8}, "wiz_smart_bulb": {"precision": 0.6, "recall": 0.75, "f1-score": 0.6666666666666665, "support": 4}, "wyze_cam_pan_v2": {"precision": 0.8333333333333334, "recall": 1.0, "f1-score": 0.9090909090909091, "support": 10}, "accuracy": 0.828125, "macro avg": {"precision": 0.8041459765724472, "recall": 0.8193553920826647, "f1-score": 0.7897070985538783, "support": 192}, "weighted avg": {"precision": 0.8514155141223156, "recall": 0.828125, "f1-score": 0.8182839346761982, "support": 192}}}
