{"name": "RandomForestClassifier-doh_8.8.4.4-padding_128_bytes_down-11", "balanced_accuracy": 0.8042207792207793, "classification_report": {"alexa_swan_kettle": {"precision": 0.7777777777777778, "recall": 1.0, "f1-score": 0.8750000000000001, "support": 7}, "aqara_hubM2": {"precision": 0.0, "recall": 0.0, "f1-score": 0.0, "support": 8}, "arlo_camera_pro4": {"precision": 1.0, "recall": 1.0, "f1-score": 1.0, "support": 12}, "boifun_baby": {"precision": 0.875, "recall": 1.0, "f1-score": 0.9333333333333333, "support": 7}, "bose_speaker": {"precision": 1.0, "recall": 1.0, "f1-score": 1.0, "support": 5}, "cosori_air_fryer": {"precision": 0.625, "recall": 0.5555555555555556, "f1-score": 0.5882352941176471, "support": 9}, "echodot5": {"precision": 0.8571428571428571, "recall": 0.8571428571428571, "f1-score": 0.8571428571428571, "support": 7}, "google_nest_doorbell": {"precision": 0.9166666666666666, "recall": 0.7857142857142857, "f1-score": 0.8461538461538461, "support": 14}, "google_nest_hub": {"precision": 0.8333333333333334, "recall": 1.0, "f1-score": 0.9090909090909091, "support": 10}, "govee_strip_light": {"precision": 1.0, "recall": 1.0, "f1-score": 1.0, "support": 12}, "iROBOT_roomba": {"precision": 0.0, "recall": 0.0, "f1-score": 0.0, "support": 15}, "nest_cam": {"precision": 0.8888888888888888, "recall": 0.8888888888888888, "f1-score": 0.8888888888888888, "support": 9}, "netatmo_weather_station": {"precision": 0.09090909090909091, "recall": 0.6666666666666666, "f1-score": 0.16, "support": 3}, "petsafe_feeder": {"precision": 0.8571428571428571, "recall": 0.5, "f1-score": 0.631578947368421, "support": 12}, "ring_chime_pro": {"precision": 0.9166666666666666, "recall": 0.9166666666666666, "f1-score": 0.9166666666666666, "support": 12}, "simplicam": {"precision": 1.0, "recall": 1.0, "f1-score": 1.0, "support": 4}, "sonos_speaker": {"precision": 1.0, "recall": 0.8888888888888888, "f1-score": 0.9411764705882353, "support": 9}, "switchbot_hub_mini_1": {"precision": 0.6666666666666666, "recall": 1.0, "f1-score": 0.8, "support": 10}, "vtech_baby_monitor": {"precision": 1.0, "recall": 1.0, "f1-score": 1.0, "support": 6}, "withings_sleep_analyser": {"precision": 0.625, "recall": 1.0, "f1-score": 0.7692307692307693, "support": 5}, "wiz_smart_bulb": {"precision": 0.8888888888888888, "recall": 0.8, "f1-score": 0.8421052631578948, "support": 10}, "wyze_cam_pan_v2": {"precision": 1.0, "recall": 0.8333333333333334, "f1-score": 0.9090909090909091, "support": 6}, "accuracy": 0.7708333333333334, "macro avg": {"precision": 0.7645038042765315, "recall": 0.8042207792207793, "f1-score": 0.7667133706741083, "support": 192}, "weighted avg": {"precision": 0.7635422303391054, "recall": 0.7708333333333334, "f1-score": 0.7559416742367112, "support": 192}}}
