{"name": "RandomForestClassifier-doh_8.8.4.4-padding_random_block_down-4", "balanced_accuracy": 0.826048951048951, "classification_report": {"alexa_swan_kettle": {"precision": 1.0, "recall": 1.0, "f1-score": 1.0, "support": 4}, "aqara_hubM2": {"precision": 0.6666666666666666, "recall": 0.2, "f1-score": 0.30769230769230765, "support": 10}, "arlo_camera_pro4": {"precision": 1.0, "recall": 0.875, "f1-score": 0.9333333333333333, "support": 8}, "boifun_baby": {"precision": 1.0, "recall": 1.0, "f1-score": 1.0, "support": 11}, "bose_speaker": {"precision": 1.0, "recall": 1.0, "f1-score": 1.0, "support": 5}, "cosori_air_fryer": {"precision": 0.7, "recall": 0.875, "f1-score": 0.7777777777777777, "support": 8}, "echodot5": {"precision": 1.0, "recall": 0.7777777777777778, "f1-score": 0.8750000000000001, "support": 9}, "google_nest_doorbell": {"precision": 1.0, "recall": 0.8461538461538461, "f1-score": 0.9166666666666666, "support": 13}, "google_nest_hub": {"precision": 0.8888888888888888, "recall": 0.8888888888888888, "f1-score": 0.8888888888888888, "support": 9}, "govee_strip_light": {"precision": 1.0, "recall": 1.0, "f1-score": 1.0, "support": 18}, "iROBOT_roomba": {"precision": 1.0, "recall": 0.07692307692307693, "f1-score": 0.14285714285714288, "support": 13}, "nest_cam": {"precision": 1.0, "recall": 1.0, "f1-score": 1.0, "support": 6}, "netatmo_weather_station": {"precision": 0.09090909090909091, "recall": 0.6666666666666666, "f1-score": 0.16, "support": 3}, "petsafe_feeder": {"precision": 1.0, "recall": 0.4, "f1-score": 0.5714285714285715, "support": 5}, "ring_chime_pro": {"precision": 0.8823529411764706, "recall": 1.0, "f1-score": 0.9375, "support": 15}, "simplicam": {"precision": 0.8, "recall": 1.0, "f1-score": 0.888888888888889, "support": 8}, "sonos_speaker": {"precision": 0.8888888888888888, "recall": 1.0, "f1-score": 0.9411764705882353, "support": 8}, "switchbot_hub_mini_1": {"precision": 0.8, "recall": 1.0, "f1-score": 0.888888888888889, "support": 8}, "vtech_baby_monitor": {"precision": 1.0, "recall": 1.0, "f1-score": 1.0, "support": 6}, "withings_sleep_analyser": {"precision": 1.0, "recall": 1.0, "f1-score": 1.0, "support": 9}, "wiz_smart_bulb": {"precision": 0.8, "recall": 0.6666666666666666, "f1-score": 0.7272727272727272, "support": 6}, "wyze_cam_pan_v2": {"precision": 0.9, "recall": 0.9, "f1-score": 0.9, "support": 10}, "accuracy": 0.8229166666666666, "macro avg": {"precision": 0.8826230216604549, "recall": 0.826048951048951, "f1-score": 0.811698712012883, "support": 192}, "weighted avg": {"precision": 0.9087802040007923, "recall": 0.8229166666666666, "f1-score": 0.822549659881921, "support": 192}}}
