{"name": "RandomForestClassifier-doh_1.1.1.1-padding_random_block_down-2", "balanced_accuracy": 0.8200641530186985, "classification_report": {"alexa_swan_kettle": {"precision": 0.8333333333333334, "recall": 1.0, "f1-score": 0.9090909090909091, "support": 5}, "aqara_hubM2": {"precision": 0.0, "recall": 0.0, "f1-score": 0.0, "support": 6}, "arlo_camera_pro4": {"precision": 1.0, "recall": 1.0, "f1-score": 1.0, "support": 6}, "boifun_baby": {"precision": 0.9090909090909091, "recall": 1.0, "f1-score": 0.9523809523809523, "support": 10}, "bose_speaker": {"precision": 1.0, "recall": 0.9, "f1-score": 0.9473684210526316, "support": 10}, "cosori_air_fryer": {"precision": 0.5294117647058824, "recall": 0.9, "f1-score": 0.6666666666666667, "support": 10}, "echodot5": {"precision": 1.0, "recall": 1.0, "f1-score": 1.0, "support": 8}, "google_nest_doorbell": {"precision": 1.0, "recall": 1.0, "f1-score": 1.0, "support": 14}, "google_nest_hub": {"precision": 0.8888888888888888, "recall": 1.0, "f1-score": 0.9411764705882353, "support": 8}, "govee_strip_light": {"precision": 0.9090909090909091, "recall": 0.9090909090909091, "f1-score": 0.9090909090909091, "support": 11}, "iROBOT_roomba": {"precision": 0.5, "recall": 1.0, "f1-score": 0.6666666666666666, "support": 8}, "nest_cam": {"precision": 1.0, "recall": 1.0, "f1-score": 1.0, "support": 7}, "netatmo_weather_station": {"precision": 0.0, "recall": 0.0, "f1-score": 0.0, "support": 2}, "petsafe_feeder": {"precision": 1.0, "recall": 0.23076923076923078, "f1-score": 0.375, "support": 13}, "ring_chime_pro": {"precision": 1.0, "recall": 1.0, "f1-score": 1.0, "support": 12}, "simplicam": {"precision": 1.0, "recall": 1.0, "f1-score": 1.0, "support": 11}, "sonos_speaker": {"precision": 1.0, "recall": 0.9090909090909091, "f1-score": 0.9523809523809523, "support": 11}, "switchbot_hub_mini_1": {"precision": 0.5, "recall": 1.0, "f1-score": 0.6666666666666666, "support": 6}, "vtech_baby_monitor": {"precision": 1.0, "recall": 1.0, "f1-score": 1.0, "support": 10}, "withings_sleep_analyser": {"precision": 0.875, "recall": 0.875, "f1-score": 0.875, "support": 8}, "wiz_smart_bulb": {"precision": 0.75, "recall": 0.42857142857142855, "f1-score": 0.5454545454545454, "support": 7}, "wyze_cam_pan_v2": {"precision": 1.0, "recall": 0.8888888888888888, "f1-score": 0.9411764705882353, "support": 9}, "accuracy": 0.8541666666666666, "macro avg": {"precision": 0.8043098093231783, "recall": 0.8200641530186985, "f1-score": 0.7885508923012441, "support": 192}, "weighted avg": {"precision": 0.8641291901861754, "recall": 0.8541666666666666, "f1-score": 0.8318350029904306, "support": 192}}}
