{"name": "RandomForestClassifier-doh_8.8.4.4-iat_only-10", "balanced_accuracy": 0.7232101862783682, "classification_report": {"alexa_swan_kettle": {"precision": 1.0, "recall": 1.0, "f1-score": 1.0, "support": 10}, "aqara_hubM2": {"precision": 0.0, "recall": 0.0, "f1-score": 0.0, "support": 4}, "arlo_camera_pro4": {"precision": 1.0, "recall": 1.0, "f1-score": 1.0, "support": 6}, "boifun_baby": {"precision": 0.45454545454545453, "recall": 1.0, "f1-score": 0.625, "support": 5}, "bose_speaker": {"precision": 1.0, "recall": 0.5625, "f1-score": 0.72, "support": 16}, "cosori_air_fryer": {"precision": 0.5625, "recall": 0.8181818181818182, "f1-score": 0.6666666666666666, "support": 11}, "echodot5": {"precision": 0.35294117647058826, "recall": 0.6666666666666666, "f1-score": 0.46153846153846156, "support": 9}, "google_nest_doorbell": {"precision": 0.8181818181818182, "recall": 0.6428571428571429, "f1-score": 0.7200000000000001, "support": 14}, "google_nest_hub": {"precision": 0.7142857142857143, "recall": 0.7142857142857143, "f1-score": 0.7142857142857143, "support": 7}, "govee_strip_light": {"precision": 1.0, "recall": 1.0, "f1-score": 1.0, "support": 13}, "iROBOT_roomba": {"precision": 0.6190476190476191, "recall": 1.0, "f1-score": 0.7647058823529412, "support": 13}, "nest_cam": {"precision": 0.5, "recall": 0.5, "f1-score": 0.5, "support": 8}, "netatmo_weather_station": {"precision": 0.0, "recall": 0.0, "f1-score": 0.0, "support": 4}, "petsafe_feeder": {"precision": 0.8333333333333334, "recall": 0.5, "f1-score": 0.625, "support": 10}, "ring_chime_pro": {"precision": 1.0, "recall": 0.4444444444444444, "f1-score": 0.6153846153846153, "support": 9}, "simplicam": {"precision": 0.8571428571428571, "recall": 1.0, "f1-score": 0.923076923076923, "support": 6}, "sonos_speaker": {"precision": 1.0, "recall": 1.0, "f1-score": 1.0, "support": 8}, "switchbot_hub_mini_1": {"precision": 0.7857142857142857, "recall": 1.0, "f1-score": 0.88, "support": 11}, "vtech_baby_monitor": {"precision": 1.0, "recall": 0.8571428571428571, "f1-score": 0.923076923076923, "support": 7}, "withings_sleep_analyser": {"precision": 1.0, "recall": 1.0, "f1-score": 1.0, "support": 6}, "wiz_smart_bulb": {"precision": 0.7142857142857143, "recall": 0.45454545454545453, "f1-score": 0.5555555555555556, "support": 11}, "wyze_cam_pan_v2": {"precision": 0.6, "recall": 0.75, "f1-score": 0.6666666666666665, "support": 4}, "accuracy": 0.7447916666666666, "macro avg": {"precision": 0.7187262715003357, "recall": 0.7232101862783682, "f1-score": 0.6982253367547485, "support": 192}, "weighted avg": {"precision": 0.7683075668714455, "recall": 0.7447916666666666, "f1-score": 0.7312478920521199, "support": 192}}}
