{"name": "RandomForestClassifier-dot_8.8.8.8-padding_random_block_both-11", "balanced_accuracy": 0.822871572871573, "classification_report": {"alexa_swan_kettle": {"precision": 1.0, "recall": 1.0, "f1-score": 1.0, "support": 7}, "aqara_hubM2": {"precision": 0.0, "recall": 0.0, "f1-score": 0.0, "support": 8}, "arlo_camera_pro4": {"precision": 1.0, "recall": 1.0, "f1-score": 1.0, "support": 12}, "boifun_baby": {"precision": 1.0, "recall": 0.8571428571428571, "f1-score": 0.923076923076923, "support": 7}, "bose_speaker": {"precision": 1.0, "recall": 1.0, "f1-score": 1.0, "support": 5}, "cosori_air_fryer": {"precision": 0.42857142857142855, "recall": 0.6666666666666666, "f1-score": 0.5217391304347826, "support": 9}, "echodot5": {"precision": 0.7777777777777778, "recall": 1.0, "f1-score": 0.8750000000000001, "support": 7}, "google_nest_doorbell": {"precision": 1.0, "recall": 0.8571428571428571, "f1-score": 0.923076923076923, "support": 14}, "google_nest_hub": {"precision": 0.7692307692307693, "recall": 1.0, "f1-score": 0.8695652173913044, "support": 10}, "govee_strip_light": {"precision": 1.0, "recall": 1.0, "f1-score": 1.0, "support": 12}, "iROBOT_roomba": {"precision": 0.0, "recall": 0.0, "f1-score": 0.0, "support": 15}, "nest_cam": {"precision": 1.0, "recall": 1.0, "f1-score": 1.0, "support": 9}, "netatmo_weather_station": {"precision": 0.125, "recall": 1.0, "f1-score": 0.2222222222222222, "support": 3}, "petsafe_feeder": {"precision": 1.0, "recall": 0.4166666666666667, "f1-score": 0.5882352941176471, "support": 12}, "ring_chime_pro": {"precision": 1.0, "recall": 0.9166666666666666, "f1-score": 0.9565217391304348, "support": 12}, "simplicam": {"precision": 1.0, "recall": 1.0, "f1-score": 1.0, "support": 4}, "sonos_speaker": {"precision": 1.0, "recall": 0.8888888888888888, "f1-score": 0.9411764705882353, "support": 9}, "switchbot_hub_mini_1": {"precision": 0.6666666666666666, "recall": 1.0, "f1-score": 0.8, "support": 10}, "vtech_baby_monitor": {"precision": 1.0, "recall": 1.0, "f1-score": 1.0, "support": 6}, "withings_sleep_analyser": {"precision": 0.7142857142857143, "recall": 1.0, "f1-score": 0.8333333333333333, "support": 5}, "wiz_smart_bulb": {"precision": 0.7142857142857143, "recall": 0.5, "f1-score": 0.588235294117647, "support": 10}, "wyze_cam_pan_v2": {"precision": 1.0, "recall": 1.0, "f1-score": 1.0, "support": 6}, "accuracy": 0.7760416666666666, "macro avg": {"precision": 0.7816280941280941, "recall": 0.822871572871573, "f1-score": 0.7746446612495208, "support": 192}, "weighted avg": {"precision": 0.7799471217439967, "recall": 0.7760416666666666, "f1-score": 0.7584597845896998, "support": 192}}}
