{"name": "RandomForestClassifier-doh_8.8.4.4-padding_random_block_up-2", "balanced_accuracy": 0.7985470337743066, "classification_report": {"alexa_swan_kettle": {"precision": 1.0, "recall": 1.0, "f1-score": 1.0, "support": 5}, "aqara_hubM2": {"precision": 0.0, "recall": 0.0, "f1-score": 0.0, "support": 6}, "arlo_camera_pro4": {"precision": 1.0, "recall": 1.0, "f1-score": 1.0, "support": 6}, "boifun_baby": {"precision": 0.8333333333333334, "recall": 1.0, "f1-score": 0.9090909090909091, "support": 10}, "bose_speaker": {"precision": 1.0, "recall": 0.8, "f1-score": 0.888888888888889, "support": 10}, "cosori_air_fryer": {"precision": 0.5294117647058824, "recall": 0.9, "f1-score": 0.6666666666666667, "support": 10}, "echodot5": {"precision": 1.0, "recall": 0.75, "f1-score": 0.8571428571428571, "support": 8}, "google_nest_doorbell": {"precision": 0.9285714285714286, "recall": 0.9285714285714286, "f1-score": 0.9285714285714286, "support": 14}, "google_nest_hub": {"precision": 0.7272727272727273, "recall": 1.0, "f1-score": 0.8421052631578948, "support": 8}, "govee_strip_light": {"precision": 0.9166666666666666, "recall": 1.0, "f1-score": 0.9565217391304348, "support": 11}, "iROBOT_roomba": {"precision": 0.5, "recall": 1.0, "f1-score": 0.6666666666666666, "support": 8}, "nest_cam": {"precision": 0.8571428571428571, "recall": 0.8571428571428571, "f1-score": 0.8571428571428571, "support": 7}, "netatmo_weather_station": {"precision": 0.0, "recall": 0.0, "f1-score": 0.0, "support": 2}, "petsafe_feeder": {"precision": 1.0, "recall": 0.23076923076923078, "f1-score": 0.375, "support": 13}, "ring_chime_pro": {"precision": 1.0, "recall": 1.0, "f1-score": 1.0, "support": 12}, "simplicam": {"precision": 1.0, "recall": 1.0, "f1-score": 1.0, "support": 11}, "sonos_speaker": {"precision": 1.0, "recall": 0.9090909090909091, "f1-score": 0.9523809523809523, "support": 11}, "switchbot_hub_mini_1": {"precision": 0.5, "recall": 1.0, "f1-score": 0.6666666666666666, "support": 6}, "vtech_baby_monitor": {"precision": 1.0, "recall": 1.0, "f1-score": 1.0, "support": 10}, "withings_sleep_analyser": {"precision": 0.875, "recall": 0.875, "f1-score": 0.875, "support": 8}, "wiz_smart_bulb": {"precision": 0.75, "recall": 0.42857142857142855, "f1-score": 0.5454545454545454, "support": 7}, "wyze_cam_pan_v2": {"precision": 1.0, "recall": 0.8888888888888888, "f1-score": 0.9411764705882353, "support": 9}, "accuracy": 0.8333333333333334, "macro avg": {"precision": 0.7916999444405861, "recall": 0.7985470337743066, "f1-score": 0.769476177797682, "support": 192}, "weighted avg": {"precision": 0.8478071152703506, "recall": 0.8333333333333334, "f1-score": 0.8111223052203395, "support": 192}}}
