{"[NN]NeuralNetwork": {"params": {"classification__epochs": 20, "classification__batch_size": 30}, "times": {"mean_fit_time": [3.556378126144409, 3.1217506885528565, 2.848435068130493, 2.4548895359039307, 2.909573125839233, 2.2399550437927247, 2.640762758255005, 2.7355630874633787, 2.0062094211578367, 2.340486431121826], "std_fit_time": [0.7019493007712574, 0.7804915046758895, 0.4510976824979733, 0.5429241925910315, 0.5475690520179665, 0.3673595363089728, 0.5960144015401121, 0.7513066401365879, 0.1458178244290056, 0.41525262389983464], "mean_score_time": [0.22815437316894532, 0.24435868263244628, 0.20429329872131347, 0.21871466636657716, 0.23012614250183105, 0.24514660835266114, 0.20898866653442383, 0.21023249626159668, 0.22362833023071288, 0.18954024314880372], "std_score_time": [0.05816279405247099, 0.017486927500368486, 0.019559782065240477, 0.07066453187063834, 0.02214344384617955, 0.045396858866075085, 0.03829388943876276, 0.023675641639887265, 0.027349091676913195, 0.02305995539659686]}, "score": 0.9364761904761905}, "RandomForestClassifier": {"params": {"classification__n_estimators": 10, "classification__min_samples_split": 2, "classification__min_samples_leaf": 4, "classification__max_features": "sqrt", "classification__max_depth": 70, "classification__bootstrap": true}, "times": {"mean_fit_time": [0.20896987915039061, 3.624228811264038, 0.04266138076782226, 0.05154123306274414, 0.23576726913452148], "std_fit_time": [0.008053726619593613, 0.08441111875269705, 0.01017960086630721, 0.012071362000678385, 0.028988946287368582], "mean_score_time": [0.0014615535736083984, 0.0035953521728515625, 0.001497364044189453, 0.001596546173095703, 0.0015093326568603516], "std_score_time": [0.00012625675509712826, 0.0004710719874563299, 0.00017852573057307243, 0.00025499722942131563, 0.00020315594382654657]}, "score": 0.9786666666666667}, "KNeighborsClassifier": {"params": {"classification__weights": "distance", "classification__n_neighbors": 5, "classification__metric": "manhattan", "classification__leaf_size": 23}, "times": {"mean_fit_time": [0.023967552185058593, 0.029915285110473634, 0.030454349517822266, 0.03131427764892578, 0.030681657791137695], "std_fit_time": [0.003687095456470905, 0.012129005463140646, 0.012135236230680635, 0.007905941845834864, 0.006162105935038821], "mean_score_time": [0.013032674789428711, 0.010682964324951172, 0.010223054885864257, 0.011283016204833985, 0.011220598220825195], "std_score_time": [0.0010232201912394395, 0.0009890084613581515, 0.0014201398099147498, 0.002042715235953201, 0.0038855593050517298]}, "score": 0.5981904761904762}, "ComplementNB": {"params": {"classification__alpha": 0.5}, "times": {"mean_fit_time": [0.005055904388427734, 0.00467529296875, 0.005053663253784179, 0.007535362243652343, 0.007963752746582032], "std_fit_time": [0.0007632581819908106, 0.0006693002537273064, 0.000738304475577921, 0.0010415414408791353, 0.000712482122755421], "mean_score_time": [0.0013547897338867187, 0.001439380645751953, 0.0013657093048095703, 0.0016025543212890626, 0.0020191192626953123], "std_score_time": [0.00023336712562841902, 0.00021292700792927067, 0.00018761269336010802, 0.00021791690808479285, 0.00017073856106816185]}, "score": 0.8933333333333333}, "LogisticRegression": {"params": {"classification__solver": "newton-cg", "classification__C": 10}, "times": {"mean_fit_time": [0.6904422283172608, 0.5391698837280273, 0.3408032417297363, 0.9337273120880127, 0.7012697696685791], "std_fit_time": [0.07938533520589693, 0.07289651917288904, 0.12465230353323714, 0.05183794280521481, 0.23993013934322222], "mean_score_time": [0.0017848491668701171, 0.00222926139831543, 0.0020308494567871094, 0.002679586410522461, 0.0018929481506347657], "std_score_time": [0.0002517676443652623, 0.00043760030576288095, 0.000568387732405686, 0.0003928849119367746, 0.0002882309088955237]}, "score": 0.9506666666666665}}