{"[NN]NeuralNetwork": {"params": {"classification__epochs": 5, "classification__batch_size": 20}, "times": {"mean_fit_time": [3.6241268634796144, 3.7981516838073732, 3.0195220947265624, 3.042402505874634, 3.3782726287841798, 3.0921069622039794, 3.1899627685546874, 3.0328091621398925, 3.3753124713897704, 2.4097847938537598], "std_fit_time": [0.5526444919429747, 0.16270724193203084, 0.5172579035278227, 0.3156384336876568, 0.6868591631469273, 0.4221171205259296, 0.6784717379550225, 0.5756350060024347, 0.34347431829210046, 0.4336391265849036], "mean_score_time": [0.2989477634429932, 0.286297607421875, 0.26883392333984374, 0.2637367248535156, 0.29227094650268554, 0.27869606018066406, 0.24617209434509277, 0.23617205619812012, 0.27265119552612305, 0.2374086856842041], "std_score_time": [0.08951598706927251, 0.0890540069427133, 0.05442056739529021, 0.03487270194963825, 0.06107704515061485, 0.09880131924449688, 0.06545655978416857, 0.01774424826684442, 0.04044753878725304, 0.01948482832681651]}, "score": 0.9716666666666667}, "RandomForestClassifier": {"params": {"classification__n_estimators": 300, "classification__min_samples_split": 2, "classification__min_samples_leaf": 4, "classification__max_features": "log2", "classification__max_depth": 100, "classification__bootstrap": false}, "times": {"mean_fit_time": [2.339527893066406, 1.2228672504425049, 0.8444515228271484], "std_fit_time": [0.23245204074208534, 0.2505012763338219, 0.0553719207188498], "mean_score_time": [0.004263544082641601, 0.0017387866973876953, 0.007157373428344727], "std_score_time": [0.0012478503240124276, 0.00020983197339313915, 0.010897613864665708]}, "score": 0.9833333333333332}, "KNeighborsClassifier": {"params": {"classification__weights": "uniform", "classification__n_neighbors": 3, "classification__metric": "manhattan", "classification__leaf_size": 30}, "times": {"mean_fit_time": [0.03058967590332031, 0.02343263626098633, 0.03125758171081543], "std_fit_time": [0.0025182259102881164, 0.0048775800328503625, 0.0016138048307792485], "mean_score_time": [0.009656095504760742, 0.008592653274536132, 0.008598423004150391], "std_score_time": [0.0008067592026387001, 0.0005470319522300501, 0.0006014711828958133]}, "score": 1.0}, "ComplementNB": {"params": {"classification__alpha": 0}, "times": {"mean_fit_time": [0.0037663936614990234, 0.005675554275512695, 0.005753660202026367], "std_fit_time": [0.0002938194422491993, 0.0008736993836224815, 0.0008117003520577746], "mean_score_time": [0.0010808944702148438, 0.0014315128326416015, 0.0014451026916503906], "std_score_time": [7.735183538206504e-05, 0.00022668687043989974, 0.00011604960600115136]}, "score": 0.9283333333333333}, "LogisticRegression": {"params": {"classification__solver": "sag", "classification__C": 10}, "times": {"mean_fit_time": [0.6544166564941406, 0.5144179344177247, 0.7036419868469238], "std_fit_time": [0.11135456164441242, 0.04887428905529695, 0.03719013356951619], "mean_score_time": [0.03345365524291992, 0.034735107421875, 0.040280818939208984], "std_score_time": [0.010642318624811267, 0.010117952539552798, 0.011106729845741186]}, "score": 0.9041666666666666}}