{"[NN]NeuralNetwork": {"params": {"classification__epochs": 15, "classification__batch_size": 20}, "times": {"mean_fit_time": [4.025447654724121, 4.4581383228302, 4.654287385940552, 3.6886990070343018, 3.577740287780762, 3.1426255226135256, 3.313360643386841, 3.824431848526001, 3.865045738220215, 3.867010307312012], "std_fit_time": [0.7774357925820141, 0.5229052317810249, 0.7015254983644886, 0.779688164508356, 0.8451050510131329, 0.5606993299325876, 0.4985552639274325, 1.040645746936972, 0.2992979792232183, 0.7169170756654109], "mean_score_time": [0.4011842727661133, 0.2935014724731445, 0.2650193214416504, 0.30608692169189455, 0.30332388877868655, 0.25427994728088377, 0.242301082611084, 0.25080318450927735, 0.30196704864501955, 0.1708852767944336], "std_score_time": [0.20244546568810334, 0.09662021572584609, 0.08818497722837229, 0.10807680661170965, 0.029803257217470236, 0.05552221917505707, 0.0425330271114197, 0.0443696320002367, 0.04896604346461969, 0.03919739212372594]}, "score": 0.99}, "RandomForestClassifier": {"params": {"classification__n_estimators": 1000, "classification__min_samples_split": 2, "classification__min_samples_leaf": 2, "classification__max_features": "sqrt", "classification__max_depth": null, "classification__bootstrap": true}, "times": {"mean_fit_time": [4.515377807617187, 4.6501851081848145, 2.888907814025879, 3.9470452785491945, 2.461944055557251], "std_fit_time": [0.2629280304845788, 0.3962880349033014, 0.22309857572823302, 0.23310250922630513, 0.2533347384384266], "mean_score_time": [0.004674673080444336, 0.004279565811157226, 0.004817485809326172, 0.003397035598754883, 0.0033505916595458984], "std_score_time": [0.0010352801618174817, 0.0010785466189803259, 0.001550001669147246, 0.0010469162323725467, 0.000823191120149298]}, "score": 0.9775}, "KNeighborsClassifier": {"params": {"classification__weights": "uniform", "classification__n_neighbors": 11, "classification__metric": "manhattan", "classification__leaf_size": 30}, "times": {"mean_fit_time": [0.028978729248046876, 0.03916754722595215, 0.04473094940185547, 0.032961130142211914, 0.04246368408203125], "std_fit_time": [0.006341075849168054, 0.012170475285322283, 0.023241605757432372, 0.012185248546187652, 0.010484255770995914], "mean_score_time": [0.007805967330932617, 0.008082056045532226, 0.009407520294189453, 0.01238861083984375, 0.01058659553527832], "std_score_time": [0.0006000252599261946, 0.0004719352677843292, 0.001126575201540374, 0.004517421405860178, 0.00040868173135629425]}, "score": 0.9875}, "ComplementNB": {"params": {"classification__alpha": 0.5}, "times": {"mean_fit_time": [0.0069180488586425785, 0.006294918060302734, 0.0053021907806396484, 0.005965757369995117, 0.006719255447387695], "std_fit_time": [0.0010233777020544133, 0.00031677055076940124, 0.000959067425734313, 0.0011458031529074963, 0.0009918389020786428], "mean_score_time": [0.0016852378845214843, 0.0018696784973144531, 0.0015532970428466797, 0.0015259742736816405, 0.0016457557678222657], "std_score_time": [0.000232874819589217, 0.00015805961454747993, 0.0003245656839786181, 0.00032099853001850285, 0.00018164513060262138]}, "score": 0.9675}, "LogisticRegression": {"params": {"classification__solver": "saga", "classification__C": 100}, "times": {"mean_fit_time": [0.583962345123291, 0.5718267917633056, 0.4722423553466797, 1.0111944675445557, 0.8287797927856445], "std_fit_time": [0.16608802328971276, 0.10797076551234425, 0.09832750745143853, 0.02691988616315008, 0.05850253326652871], "mean_score_time": [0.0027173519134521484, 0.003338003158569336, 0.002459812164306641, 0.002297210693359375, 0.0026911258697509765], "std_score_time": [0.0012135347222903164, 0.001029574935038482, 0.0007962401489022564, 0.00032846429844869457, 0.0007446875467280281]}, "score": 0.9675}}