{"[NN]NeuralNetwork": {"params": {"classification__epochs": 15, "classification__batch_size": 30}, "times": {"mean_fit_time": [5.261828470230102, 4.285915422439575, 5.354334497451783, 4.8808448791503904, 4.62115249633789, 4.684292650222778, 5.5012712478637695, 5.82583475112915, 4.491547870635986, 5.225881099700928], "std_fit_time": [0.561727007699373, 0.484288782754551, 0.6007391669995303, 0.49919939625294263, 0.6785203679689751, 0.4532184491150728, 0.22273056559509488, 0.6573913504035556, 0.8408163739720023, 0.5253828978588581], "mean_score_time": [0.5935594081878662, 0.6741079330444336, 0.5742918491363526, 0.528698205947876, 0.6458271980285645, 0.5998500347137451, 0.6807194709777832, 0.597562599182129, 0.604705810546875, 0.7331568717956543], "std_score_time": [0.11236425314736267, 0.15714332265422104, 0.12039957461865693, 0.1146520182072985, 0.1732950434041934, 0.12172988710138935, 0.07433662786859192, 0.19516222356727125, 0.12049638482267969, 0.10402824151691942]}, "score": 0.9833116883116884}, "RandomForestClassifier": {"params": {"classification__n_estimators": 400, "classification__min_samples_split": 5, "classification__min_samples_leaf": 1, "classification__max_features": "log2", "classification__max_depth": 50, "classification__bootstrap": false}, "times": {"mean_fit_time": [1.5460963249206543, 1.1694352149963378, 0.19114036560058595, 1.5240973949432373, 0.3486611843109131], "std_fit_time": [0.19727371284222367, 0.17049189155625488, 0.006487851309700833, 0.2420016115255929, 0.03358630894699334], "mean_score_time": [0.002481365203857422, 0.0022900581359863283, 0.001244497299194336, 0.0028826713562011717, 0.001521921157836914], "std_score_time": [0.000890086796122307, 0.0007672051507785253, 0.00022273402067540191, 0.00038730824532074934, 0.00012615390077755863]}, "score": 1.0}, "KNeighborsClassifier": {"params": {"classification__weights": "uniform", "classification__n_neighbors": 11, "classification__metric": "manhattan", "classification__leaf_size": 30}, "times": {"mean_fit_time": [0.027000617980957032, 0.027594327926635742, 0.03618950843811035, 0.03240776062011719, 0.032236480712890626], "std_fit_time": [0.004588806530313909, 0.009983792877755538, 0.010171515415896878, 0.004081197887186308, 0.010666901204616797], "mean_score_time": [0.009140110015869141, 0.010419130325317383, 0.010415935516357422, 0.009129476547241212, 0.010783052444458008], "std_score_time": [0.000531640941328511, 0.0009535876592365531, 0.0016887656245349024, 0.0012050426298961946, 0.0016636923384996524]}, "score": 0.9875}, "ComplementNB": {"params": {"classification__alpha": 0.5}, "times": {"mean_fit_time": [0.005758094787597656, 0.004664897918701172, 0.004946708679199219, 0.0056365966796875, 0.007187318801879883], "std_fit_time": [0.0009726093044044466, 0.0006753115409280464, 0.000625349545050815, 0.0010101602197747697, 0.00044260382060061856], "mean_score_time": [0.0016674518585205079, 0.0013094902038574218, 0.001337432861328125, 0.0015799045562744141, 0.0018963813781738281], "std_score_time": [0.0005891099602919151, 0.00016611802137402444, 0.0001979508126076591, 0.00029621524187865264, 0.00018435766540383315]}, "score": 0.9875}, "LogisticRegression": {"params": {"classification__solver": "newton-cg", "classification__C": 0.1}, "times": {"mean_fit_time": [0.494561767578125, 0.2568826198577881, 0.18185572624206542, 0.31284356117248535, 0.23635563850402833], "std_fit_time": [0.04470377531276879, 0.09493138355872814, 0.0599359792244407, 0.12745265227791133, 0.08146422355729903], "mean_score_time": [0.0028957843780517576, 0.00178985595703125, 0.0016832351684570312, 0.0016467571258544922, 0.0016376018524169923], "std_score_time": [0.0010540049510901052, 0.00026271989629914766, 0.00028661146156132604, 5.956171397049474e-05, 6.393346125853007e-05]}, "score": 0.9875}}