{"[NN]NeuralNetwork": {"params": {"classification__epochs": 10, "classification__batch_size": 20}, "times": {"mean_fit_time": [3.9895904541015623, 3.6861265659332276, 3.1264554500579833, 3.8815104961395264, 3.617457056045532, 4.167025518417359, 4.054734706878662, 3.3451297760009764, 4.066247367858887, 3.3654311180114744], "std_fit_time": [0.33413815205817604, 0.6515616519058721, 0.8535046304342098, 0.5500398030232728, 0.9297559156410935, 0.6722317580855711, 0.6619488516640579, 0.7770659341673288, 0.8852364297979063, 0.9303125435005204], "mean_score_time": [0.24366455078125, 0.2890063762664795, 0.23177356719970704, 0.2382296085357666, 0.2442880630493164, 0.2272946834564209, 0.22927560806274414, 0.22069406509399414, 0.22119345664978027, 0.24969258308410644], "std_score_time": [0.020785992821127912, 0.04321697190993839, 0.03004824805744825, 0.0332115013586459, 0.04202644726146528, 0.0735704072050699, 0.022868946595040896, 0.027870174518373366, 0.04140222367319312, 0.03666677101242558]}, "score": 0.9574999999999999}, "RandomForestClassifier": {"params": {"classification__n_estimators": 400, "classification__min_samples_split": 5, "classification__min_samples_leaf": 2, "classification__max_features": "log2", "classification__max_depth": 40, "classification__bootstrap": true}, "times": {"mean_fit_time": [1.4635306358337403, 1.1406128883361817, 1.1098475456237793], "std_fit_time": [0.03060348216317285, 0.03392118007742569, 0.02345282691015034], "mean_score_time": [0.0017708778381347657, 0.001897287368774414, 0.0031938076019287108], "std_score_time": [6.955526065148741e-05, 0.0002730831626118068, 0.0012793154609354726]}, "score": 0.9633333333333333}, "KNeighborsClassifier": {"params": {"classification__weights": "uniform", "classification__n_neighbors": 15, "classification__metric": "minkowski", "classification__leaf_size": 26}, "times": {"mean_fit_time": [0.03443789482116699, 0.02425236701965332, 0.027291393280029295], "std_fit_time": [0.005860507415687079, 0.0035712246131198947, 0.00471081272205256], "mean_score_time": [0.014434194564819336, 0.009422683715820312, 0.009181499481201172], "std_score_time": [0.0026927563136236645, 0.0011782096346689601, 0.0013039085018822485]}, "score": 0.9166666666666666}, "ComplementNB": {"params": {"classification__alpha": 1.0}, "times": {"mean_fit_time": [0.004641580581665039, 0.005724477767944336, 0.005777788162231445], "std_fit_time": [0.0008497338422832362, 0.0011114620365582247, 0.0007716120990907911], "mean_score_time": [0.0013988018035888672, 0.0014143943786621093, 0.0014360904693603515], "std_score_time": [0.000242833600734582, 0.00020535725065951027, 0.0001637973188055923]}, "score": 0.9283333333333333}, "LogisticRegression": {"params": {"classification__solver": "lbfgs", "classification__C": 0.01}, "times": {"mean_fit_time": [0.46324987411499025, 0.34680876731872556, 0.3611146450042725], "std_fit_time": [0.05896849813436076, 0.025831168004256333, 0.06809490714907211], "mean_score_time": [0.02840142250061035, 0.0026369571685791017, 0.002698802947998047], "std_score_time": [0.005095505443056549, 0.0006804660120703602, 0.0005677443276908614]}, "score": 0.9116666666666667}}