{"[NN]NeuralNetwork": {"params": {"classification__epochs": 15, "classification__batch_size": 20}, "times": {"mean_fit_time": [2.50030517578125, 2.5402230262756347, 2.4997430801391602, 2.410457181930542, 2.1697904586791994, 1.990565299987793, 2.0924140930175783, 1.8833898544311523, 2.163452672958374, 1.7293850421905517], "std_fit_time": [0.35898522877722483, 0.5249339555846, 0.4230735741699924, 0.3885012487895441, 0.4150837438701955, 0.31512683803580316, 0.2494808486669497, 0.2005054432906577, 0.10835631033954933, 0.2592359301081283], "mean_score_time": [0.20466885566711426, 0.1949134349822998, 0.2139194965362549, 0.20053682327270508, 0.17718286514282228, 0.16835880279541016, 0.15989456176757813, 0.2138533592224121, 0.20913128852844237, 0.2018056869506836], "std_score_time": [0.027068435902475117, 0.019325969625018386, 0.029310874695192786, 0.034937020481082666, 0.03302824125226355, 0.024713151745453705, 0.012935483810322803, 0.039662147175964016, 0.01809901380600065, 0.016017877561972652]}, "score": 1.0}, "RandomForestClassifier": {"params": {"classification__n_estimators": 10, "classification__min_samples_split": 5, "classification__min_samples_leaf": 2, "classification__max_features": null, "classification__max_depth": 80, "classification__bootstrap": true}, "times": {"mean_fit_time": [0.04032459259033203], "std_fit_time": [0.0060125061393474745], "mean_score_time": [0.001492786407470703], "std_score_time": [0.000395822907022435]}, "score": 1.0}, "KNeighborsClassifier": {"params": {"classification__weights": "distance", "classification__n_neighbors": 9, "classification__metric": "euclidean", "classification__leaf_size": 23}, "times": {"mean_fit_time": [0.030260610580444335], "std_fit_time": [0.0034205460430735504], "mean_score_time": [0.0056893348693847655], "std_score_time": [0.00046102446234504727]}, "score": 0.375}, "ComplementNB": {"params": {"classification__alpha": 0.5}, "times": {"mean_fit_time": [0.003351926803588867], "std_fit_time": [0.00028342071141034567], "mean_score_time": [0.0008847713470458984], "std_score_time": [0.00012280246470219825]}, "score": 0.9}, "LogisticRegression": {"params": {"classification__solver": "sag", "classification__C": 0.1}, "times": {"mean_fit_time": [0.2752537727355957], "std_fit_time": [0.01961063316434411], "mean_score_time": [0.03035707473754883], "std_score_time": [0.004245959485036566]}, "score": 0.8333333333333333}}