{"[NN]NeuralNetwork": {"params": {"classification__epochs": 10, "classification__batch_size": 20}, "times": {"mean_fit_time": [3.3760577201843263, 3.2674506187438963, 3.188821268081665, 3.762216567993164, 2.747622489929199, 3.418890142440796, 3.325101375579834, 2.672253227233887, 3.1659910678863525, 2.586948537826538], "std_fit_time": [0.2208125238235674, 0.6955733152769166, 0.5943172992083426, 0.5658909204309582, 0.3597109329808583, 0.6420317582007835, 0.6688690062949257, 0.4540277469168554, 0.2560199433593284, 0.45294630620140697], "mean_score_time": [0.30106401443481445, 0.3900956630706787, 0.33763551712036133, 0.2511575698852539, 0.3618439197540283, 0.247294282913208, 0.31133437156677246, 0.33052563667297363, 0.2628699779510498, 0.27193169593811034], "std_score_time": [0.10233775554813924, 0.07929290802628695, 0.07684044913479582, 0.02316662921241223, 0.09560946264441436, 0.02341997183208797, 0.09518667401220554, 0.08647526047659426, 0.022189226814969078, 0.04665512188241488]}, "score": 0.9574999999999999}, "RandomForestClassifier": {"params": {"classification__n_estimators": 400, "classification__min_samples_split": 5, "classification__min_samples_leaf": 2, "classification__max_features": "log2", "classification__max_depth": 40, "classification__bootstrap": true}, "times": {"mean_fit_time": [1.3832213401794433, 1.0445391654968261, 1.2867016315460205], "std_fit_time": [0.09993224873849142, 0.07224849357212396, 0.06451967509869655], "mean_score_time": [0.0018358707427978515, 0.0020110607147216797, 0.002231264114379883], "std_score_time": [0.00042771680161965555, 0.0003341084013278152, 0.0005330705802864383]}, "score": 0.9633333333333333}, "KNeighborsClassifier": {"params": {"classification__weights": "uniform", "classification__n_neighbors": 15, "classification__metric": "minkowski", "classification__leaf_size": 26}, "times": {"mean_fit_time": [0.04107136726379394, 0.0366549015045166, 0.03704304695129394], "std_fit_time": [0.012884724610800886, 0.006769521814949826, 0.007868809751618236], "mean_score_time": [0.008775711059570312, 0.010965633392333984, 0.008523941040039062], "std_score_time": [0.00048126669096536023, 0.00380313020034356, 0.0007914664759048144]}, "score": 0.9166666666666666}, "ComplementNB": {"params": {"classification__alpha": 1.0}, "times": {"mean_fit_time": [0.004563236236572265, 0.005352163314819336, 0.006475019454956055], "std_fit_time": [0.0008484412290010481, 0.0012715863677182039, 0.000747801375011321], "mean_score_time": [0.0013998031616210937, 0.001394939422607422, 0.001696014404296875], "std_score_time": [0.0002402908908947335, 0.00023247155859780686, 0.00018960640396938988]}, "score": 0.9283333333333333}, "LogisticRegression": {"params": {"classification__solver": "lbfgs", "classification__C": 0.01}, "times": {"mean_fit_time": [0.40484156608581545, 0.27300710678100587, 0.3006604194641113], "std_fit_time": [0.02440618744729434, 0.05717532291622027, 0.0429574849934017], "mean_score_time": [0.033312225341796876, 0.0016386032104492188, 0.00196223258972168], "std_score_time": [0.002854122186609824, 0.00012155638858459099, 0.00033055579646397063]}, "score": 0.9491666666666667}}