{"[NN]NeuralNetwork": {"params": {"classification__epochs": 10, "classification__batch_size": 20}, "times": {"mean_fit_time": [3.750336933135986, 4.861298227310181, 4.362993335723877, 4.902647638320923, 4.320971918106079, 5.349016523361206, 4.359095907211303, 4.529109525680542, 4.869377326965332, 4.718263864517212], "std_fit_time": [0.23768047843698772, 0.729629469169526, 0.5927411083387171, 0.6838688513861938, 0.808031014967071, 0.4500829825717322, 0.4123278940021741, 0.7543519557178525, 0.6076737180534089, 0.772267472293303], "mean_score_time": [0.5764212608337402, 0.5640331745147705, 0.6224345207214356, 0.36481666564941406, 0.4028502941131592, 0.4452092170715332, 0.5654244899749756, 0.31879558563232424, 0.4263278961181641, 0.3863560676574707], "std_score_time": [0.1525192583531821, 0.216949943992736, 0.23184552072622855, 0.09117784214022963, 0.1655813577944021, 0.1475352996548819, 0.19945003912271975, 0.06577856905432428, 0.13752441784051503, 0.10070957429735017]}, "score": 0.9741666666666667}, "RandomForestClassifier": {"params": {"classification__n_estimators": 500, "classification__min_samples_split": 2, "classification__min_samples_leaf": 1, "classification__max_features": null, "classification__max_depth": 60, "classification__bootstrap": false}, "times": {"mean_fit_time": [5.705240869522095, 2.5063154220581056, 0.12425951957702637, 2.145290994644165, 0.15001969337463378], "std_fit_time": [0.3542794310306924, 0.15287905431520474, 0.02809391462896654, 0.014036178738385021, 0.012922454542045018], "mean_score_time": [0.003045177459716797, 0.0033550262451171875, 0.0017557144165039062, 0.0033973217010498046, 0.0014258384704589843], "std_score_time": [0.0001896977001362259, 0.0003640006338550287, 0.0003308764416597779, 0.0014095424363180784, 0.00034595229551377844]}, "score": 0.9833333333333334}, "KNeighborsClassifier": {"params": {"classification__weights": "uniform", "classification__n_neighbors": 9, "classification__metric": "minkowski", "classification__leaf_size": 16}, "times": {"mean_fit_time": [0.03843841552734375, 0.035638046264648435, 0.036219024658203126, 0.028342247009277344, 0.03586845397949219], "std_fit_time": [0.009632931095528688, 0.012570248021693431, 0.020146007880281362, 0.005227561700758971, 0.013657306109283115], "mean_score_time": [0.008699512481689453, 0.009871721267700195, 0.009231281280517579, 0.008847475051879883, 0.009047460556030274], "std_score_time": [0.0003693464586625142, 0.001010885148632348, 0.0007515106012038375, 0.000627785284304392, 0.0007827058548401484]}, "score": 0.9816666666666667}, "ComplementNB": {"params": {"classification__alpha": 0.5}, "times": {"mean_fit_time": [0.005117177963256836, 0.00433497428894043, 0.0041122913360595705, 0.005140352249145508, 0.006788778305053711], "std_fit_time": [0.0008126101544355929, 0.0003013368412721112, 0.000280852325865424, 0.0003054302391527814, 0.0016706599221290067], "mean_score_time": [0.0013621330261230468, 0.0012541770935058593, 0.0012253284454345702, 0.0013806819915771484, 0.0017443180084228515], "std_score_time": [0.00022124485709904435, 4.631156778574767e-05, 0.00010101506805534908, 2.624684289315392e-05, 0.0003630889182983349]}, "score": 0.975}, "LogisticRegression": {"params": {"classification__solver": "lbfgs", "classification__C": 10}, "times": {"mean_fit_time": [0.06434149742126465, 0.05741477012634277, 0.3912266731262207, 0.12704124450683593, 0.7783483505249024], "std_fit_time": [0.024593017593159888, 0.0298014124224024, 0.0740162419302153, 0.028527440006391167, 0.03862470126023993], "mean_score_time": [0.0016045093536376954, 0.0018088817596435547, 0.0017891883850097655, 0.0018485069274902343, 0.002324676513671875], "std_score_time": [0.00017999894715589411, 0.00026376724863821287, 0.00013501807275332446, 0.0002606697130947814, 0.00045934338982805105]}, "score": 0.975}}