{"[NN]NeuralNetwork": {"params": {"classification__epochs": 15, "classification__batch_size": 30}, "times": {"mean_fit_time": [3.680158090591431, 3.3864200115203857, 3.2114953994750977, 3.138170909881592, 3.00092134475708, 3.086976480484009, 3.0584322452545165, 2.5746721267700194, 3.047475576400757, 3.0021148681640626], "std_fit_time": [0.45060573616429483, 0.4556586664274315, 0.478950829948434, 0.33224936410059763, 0.36054462036000706, 0.3246421303750711, 0.2559661675987666, 0.4204744423556372, 0.5459401951366022, 0.2919006694181292], "mean_score_time": [0.4513400077819824, 0.32661871910095214, 0.3408449649810791, 0.27769784927368163, 0.3209368705749512, 0.36127276420593263, 0.34125585556030275, 0.24453768730163575, 0.23183841705322267, 0.27792906761169434], "std_score_time": [0.09230609258738254, 0.09586684416714909, 0.09779868105917766, 0.0463152338682868, 0.07608757086713376, 0.11587408627491946, 0.08876740366047278, 0.08291956584338286, 0.09004749929985045, 0.02599445371286856]}, "score": 0.9583333333333334}, "RandomForestClassifier": {"params": {"classification__n_estimators": 200, "classification__min_samples_split": 5, "classification__min_samples_leaf": 2, "classification__max_features": "sqrt", "classification__max_depth": 50, "classification__bootstrap": true}, "times": {"mean_fit_time": [0.3749982833862305, 0.6308756351470948, 0.6024477005004882], "std_fit_time": [0.030918818729520167, 0.11041178522792885, 0.025428533347926836], "mean_score_time": [0.0014629840850830078, 0.0014806747436523437, 0.001750040054321289], "std_score_time": [0.0001831352314006182, 0.00015226356490098748, 0.00010669090493832599]}, "score": 1.0}, "KNeighborsClassifier": {"params": {"classification__weights": "uniform", "classification__n_neighbors": 13, "classification__metric": "euclidean", "classification__leaf_size": 20}, "times": {"mean_fit_time": [0.032776927947998045, 0.03383636474609375, 0.03114352226257324], "std_fit_time": [0.004048774089620824, 0.015194548221416082, 0.006624293125462244], "mean_score_time": [0.009157514572143555, 0.00964212417602539, 0.009223604202270507], "std_score_time": [0.0015630762529000718, 0.0010058170222594764, 0.0012419388384212523]}, "score": 0.9013888888888889}, "ComplementNB": {"params": {"classification__alpha": 0}, "times": {"mean_fit_time": [0.004246664047241211, 0.005130338668823242, 0.005789041519165039], "std_fit_time": [9.760175242305723e-05, 0.0011893715256414293, 0.0005062307279654262], "mean_score_time": [0.0011708736419677734, 0.001495361328125, 0.0012880802154541016], "std_score_time": [3.599946857835251e-05, 0.0002931211911285009, 5.5248041355989315e-05]}, "score": 0.8805555555555555}, "LogisticRegression": {"params": {"classification__solver": "newton-cg", "classification__C": 0.1}, "times": {"mean_fit_time": [0.15519938468933106, 0.3938570022583008, 0.16136350631713867], "std_fit_time": [0.028824675313038662, 0.03286391800839667, 0.024570336248888148], "mean_score_time": [0.0017464637756347656, 0.03323345184326172, 0.001706838607788086], "std_score_time": [6.93284824785164e-05, 0.011407472412293642, 0.00019020651117512981]}, "score": 0.9116666666666667}}