{"[NN]NeuralNetwork": {"params": {"classification__epochs": 20, "classification__batch_size": 20}, "times": {"mean_fit_time": [4.63549222946167, 4.049883413314819, 4.0268631935119625, 3.1415380954742433, 3.3569005489349366, 4.096223163604736, 3.8341978073120115, 4.64810037612915, 5.651882696151733, 5.454487037658692], "std_fit_time": [0.8284612319478388, 1.3552198577097814, 0.6942009209340511, 0.30259422371014555, 1.228297347721053, 0.7477558775773722, 0.3526398992362619, 1.0966600485789004, 1.1451567587597697, 0.4129510953823466], "mean_score_time": [0.5993143081665039, 0.5253468990325928, 0.4520741939544678, 0.5414055347442627, 0.47478723526000977, 0.5788531303405762, 0.48737430572509766, 0.6940482139587403, 0.513566255569458, 0.561178731918335], "std_score_time": [0.1568302281312353, 0.09705339079215981, 0.16190464231512663, 0.06698399351547457, 0.11332524284607066, 0.0995375317877663, 0.09825215999875664, 0.1329465339516633, 0.12882988460895628, 0.10401517276402589]}, "score": 0.9201111111111111}, "RandomForestClassifier": {"params": {"classification__n_estimators": 400, "classification__min_samples_split": 2, "classification__min_samples_leaf": 2, "classification__max_features": "log2", "classification__max_depth": 20, "classification__bootstrap": false}, "times": {"mean_fit_time": [2.0369460582733154, 1.2531943798065186, 1.1386651515960693, 1.7314610958099366, 1.4386555671691894], "std_fit_time": [0.10536188794046529, 0.11594470501227565, 0.13153951289614013, 0.2891689910980262, 0.24512886837915038], "mean_score_time": [0.005585670471191406, 0.0018704891204833984, 0.0020643234252929687, 0.0027724742889404298, 0.00240020751953125], "std_score_time": [0.0021853230442220556, 0.00025901975265905426, 0.0003805513234152192, 0.00046551801419109654, 0.0008671057021371678]}, "score": 0.9686666666666668}, "KNeighborsClassifier": {"params": {"classification__weights": "uniform", "classification__n_neighbors": 5, "classification__metric": "manhattan", "classification__leaf_size": 30}, "times": {"mean_fit_time": [0.05805759429931641, 0.02639775276184082, 0.04390382766723633, 0.03298254013061523, 0.03426313400268555], "std_fit_time": [0.016511073116805684, 0.009886366448256806, 0.022853765567997685, 0.0021368692360548528, 0.0028060499577693336], "mean_score_time": [0.010242700576782227, 0.010213232040405274, 0.013217639923095704, 0.01184530258178711, 0.012481403350830079], "std_score_time": [0.0011255957719140514, 0.0007793263423387682, 0.0034656608353914216, 0.0029757476191448295, 0.0015996853031815105]}, "score": 0.9526666666666668}, "ComplementNB": {"params": {"classification__alpha": 0.5}, "times": {"mean_fit_time": [0.005566930770874024, 0.005839490890502929, 0.007122468948364258, 0.00842747688293457, 0.008922433853149414], "std_fit_time": [0.00014725257995065483, 0.0009216790919874839, 0.0010930906933243664, 0.000781891287087231, 0.0006345445621674254], "mean_score_time": [0.0013514995574951173, 0.0013909339904785156, 0.0017899513244628907, 0.0018468379974365234, 0.0019820213317871095], "std_score_time": [3.25650804495822e-05, 0.000201119885707909, 0.00018872023193542981, 0.0002102732600940855, 8.706299623375046e-05]}, "score": 0.8606666666666667}, "LogisticRegression": {"params": {"classification__solver": "saga", "classification__C": 0.1}, "times": {"mean_fit_time": [0.9964992046356201, 0.9130059719085694, 1.0144628524780273, 1.4611316204071045, 1.450800609588623], "std_fit_time": [0.11737022951163786, 0.12465185247543648, 0.10841485285089628, 0.125108064787728, 0.13202850955245557], "mean_score_time": [0.004452896118164062, 0.0032128334045410157, 0.0031699180603027345, 0.01658468246459961, 0.0034349441528320314], "std_score_time": [0.0017764041176309637, 0.0004144831837204979, 0.0003539101192775213, 0.022901436388900652, 0.0008128618770220098]}, "score": 0.7846666666666666}}