{"[NN]NeuralNetwork": {"params": {"classification__epochs": 10, "classification__batch_size": 25}, "times": {"mean_fit_time": [2.2004519939422607, 2.3237627506256104, 2.208859586715698, 1.9629177093505858, 1.5984259605407716, 1.8979995727539063, 1.5819351196289062, 1.6702977180480958, 1.9539381504058837, 2.1767053604125977], "std_fit_time": [0.5229849879882372, 0.5011765771276478, 0.3299250459503343, 0.592303592322922, 0.40684461212155404, 0.14828486413518763, 0.22584447262202467, 0.3058098596408165, 0.18923642175234134, 0.24592027349163467], "mean_score_time": [0.20262389183044432, 0.2030946731567383, 0.18352313041687013, 0.16890935897827147, 0.15116939544677735, 0.18795385360717773, 0.15648441314697265, 0.1661780834197998, 0.20736379623413087, 0.20010523796081542], "std_score_time": [0.02643912658667999, 0.0496539688773268, 0.029230400843828965, 0.022086227520830986, 0.03283190240313328, 0.030209417247071855, 0.022674166225429133, 0.03150998785600072, 0.009749407233712822, 0.022187858388880037]}, "score": 0.9666666666666666}, "RandomForestClassifier": {"params": {"classification__n_estimators": 100, "classification__min_samples_split": 2, "classification__min_samples_leaf": 4, "classification__max_features": "log2", "classification__max_depth": 20, "classification__bootstrap": true}, "times": {"mean_fit_time": [0.0820281982421875], "std_fit_time": [0.0051062771516823], "mean_score_time": [0.0012862682342529297], "std_score_time": [2.38656878590435e-05]}, "score": 1.0}, "KNeighborsClassifier": {"params": {"classification__weights": "uniform", "classification__n_neighbors": 19, "classification__metric": "manhattan", "classification__leaf_size": 26}, "times": {"mean_fit_time": [0.031005287170410158], "std_fit_time": [0.00318431967637875], "mean_score_time": [0.00661764144897461], "std_score_time": [0.0005265891867377398]}, "score": 0.9166666666666666}, "ComplementNB": {"params": {"classification__alpha": 0.5}, "times": {"mean_fit_time": [0.003251791000366211], "std_fit_time": [0.00013326945996899292], "mean_score_time": [0.0008566856384277343], "std_score_time": [9.035370883164471e-05]}, "score": 0.9}, "LogisticRegression": {"params": {"classification__solver": "saga", "classification__C": 1.0}, "times": {"mean_fit_time": [0.3466029167175293], "std_fit_time": [0.015033118055849138], "mean_score_time": [0.037298154830932614], "std_score_time": [0.004051229322307203]}, "score": 0.5638888888888889}}