{"[NN]NeuralNetwork": {"params": {"classification__epochs": 20, "classification__batch_size": 25}, "times": {"mean_fit_time": [3.763456106185913, 3.2785480976104737, 3.223305511474609, 3.219105911254883, 3.2555859088897705, 2.800330877304077, 3.169507884979248, 2.7662914276123045, 3.666883373260498, 3.400045919418335], "std_fit_time": [0.43658748578306, 0.46999808007820637, 0.220377439805588, 0.4340644298682817, 0.6263684994185275, 0.24127073641578003, 0.3599099033051871, 0.18680149788607106, 0.3291864281999403, 0.49449552672680835], "mean_score_time": [0.37318129539489747, 0.29099345207214355, 0.42137298583984373, 0.40638580322265627, 0.3174233913421631, 0.3832083702087402, 0.2905710697174072, 0.2991658687591553, 0.34998016357421874, 0.29284029006958007], "std_score_time": [0.07720368730653208, 0.04454625953400709, 0.09257507484216498, 0.09515093542233237, 0.030349552292370546, 0.0964783122859224, 0.02833436146933294, 0.07484520045390063, 0.0735156514275822, 0.040533797080991106]}, "score": 0.9888888888888889}, "RandomForestClassifier": {"params": {"classification__n_estimators": 300, "classification__min_samples_split": 10, "classification__min_samples_leaf": 4, "classification__max_features": "log2", "classification__max_depth": 60, "classification__bootstrap": true}, "times": {"mean_fit_time": [4.730784511566162, 0.8159349918365478, 0.05677986145019531, 0.9985630512237549, 0.0594688892364502], "std_fit_time": [0.15158081935696505, 0.08319873782895407, 0.010732929604863457, 0.1090435081647808, 0.007780573394782199], "mean_score_time": [0.004617547988891602, 0.001996135711669922, 0.0015236854553222657, 0.0023279666900634767, 0.001149129867553711], "std_score_time": [0.0010049972435284312, 0.0003118488256240509, 0.0002984901356494213, 0.0006955963667655966, 0.00012645685474925745]}, "score": 1.0}, "KNeighborsClassifier": {"params": {"classification__weights": "uniform", "classification__n_neighbors": 17, "classification__metric": "euclidean", "classification__leaf_size": 20}, "times": {"mean_fit_time": [0.04852743148803711, 0.02941288948059082, 0.03273591995239258, 0.034052562713623044, 0.034954166412353514], "std_fit_time": [0.023455516895999787, 0.003528969308611725, 0.006499054346462383, 0.009326064948803402, 0.002882201922773665], "mean_score_time": [0.008995532989501953, 0.012516117095947266, 0.008897495269775391, 0.009433984756469727, 0.008303642272949219], "std_score_time": [0.0008203315139495886, 0.005817432623581083, 0.0005990480831934361, 0.0009990955292330072, 7.148614432406974e-05]}, "score": 1.0}, "ComplementNB": {"params": {"classification__alpha": 0.5}, "times": {"mean_fit_time": [0.005697011947631836, 0.004340505599975586, 0.0045871734619140625, 0.006127023696899414, 0.006295919418334961], "std_fit_time": [0.0009196819348828898, 0.0002712310198151979, 0.0007293702948791494, 0.0012206515062862487, 0.0011045329064879178], "mean_score_time": [0.0014368534088134766, 0.001241922378540039, 0.0013041973114013671, 0.0016950130462646484, 0.0016798019409179688], "std_score_time": [0.0002192955168385084, 1.1094024090357002e-05, 0.00019092909936428926, 0.00032630763545182155, 0.00031549164391508775]}, "score": 0.99}, "LogisticRegression": {"params": {"classification__solver": "newton-cg", "classification__C": 0.01}, "times": {"mean_fit_time": [0.08318243026733399, 0.17848405838012696, 0.3637703895568848, 0.4170353889465332, 0.7572763442993165], "std_fit_time": [0.04978845549864239, 0.1382682321268789, 0.04502917975462516, 0.2896095539359886, 0.016346430292620787], "mean_score_time": [0.0017527103424072265, 0.0017844200134277343, 0.009597682952880859, 0.001928567886352539, 0.0022845745086669924], "std_score_time": [0.000538988207139017, 0.0006524275273863384, 0.014624822847400559, 0.0001582625329617707, 0.0006276957714341573]}, "score": 1.0}}