{"[NN]NeuralNetwork": {"params": {"classification__epochs": 20, "classification__batch_size": 20}, "times": {"mean_fit_time": [2.6847081661224363, 3.1728941440582275, 3.0176668643951414, 3.6523664951324464, 3.4643118381500244, 3.6856518745422364, 3.0735404014587404, 3.015243577957153, 3.197769594192505, 3.1340832710266113], "std_fit_time": [0.2753865405305648, 0.5358939938189062, 0.4212993098528584, 0.39853005577246353, 0.37359784460545137, 0.772064529719546, 0.5245106083273354, 0.21125385840236915, 0.44842044494247313, 0.5098788431832156], "mean_score_time": [0.3096601963043213, 0.34298882484436033, 0.3735161781311035, 0.2844797134399414, 0.23582630157470702, 0.2450836181640625, 0.20905461311340331, 0.19429926872253417, 0.2744437694549561, 0.2075662136077881], "std_score_time": [0.05720561135638078, 0.11141725650921655, 0.10792876193729857, 0.05041177082130929, 0.03603794510363123, 0.05147834401031004, 0.03949950274218319, 0.04356305860840391, 0.04434759793950761, 0.04647622507533191]}, "score": 0.8586666666666666}, "RandomForestClassifier": {"params": {"classification__n_estimators": 300, "classification__min_samples_split": 2, "classification__min_samples_leaf": 4, "classification__max_features": "log2", "classification__max_depth": 40, "classification__bootstrap": true}, "times": {"mean_fit_time": [0.8003611087799072], "std_fit_time": [0.012136832975375026], "mean_score_time": [0.0016536712646484375], "std_score_time": [0.00013310471757629956]}, "score": 0.9666666666666666}, "KNeighborsClassifier": {"params": {"classification__weights": "distance", "classification__n_neighbors": 7, "classification__metric": "manhattan", "classification__leaf_size": 20}, "times": {"mean_fit_time": [0.02854924201965332], "std_fit_time": [0.007250415780831134], "mean_score_time": [0.007352495193481445], "std_score_time": [0.0002999692552301844]}, "score": 0.21000000000000002}, "ComplementNB": {"params": {"classification__alpha": 0}, "times": {"mean_fit_time": [0.005240964889526367], "std_fit_time": [0.0010640902486660335], "mean_score_time": [0.0013293743133544922], "std_score_time": [0.0003104340423090064]}, "score": 0.6466666666666667}, "LogisticRegression": {"params": {"classification__solver": "saga", "classification__C": 10}, "times": {"mean_fit_time": [0.6917587757110596], "std_fit_time": [0.04845714025131785], "mean_score_time": [0.035797643661499026], "std_score_time": [0.007494278548006008]}, "score": 0.7716666666666667}}