{"[NN]NeuralNetwork": {"params": {"classification__epochs": 20, "classification__batch_size": 20}, "times": {"mean_fit_time": [3.2451050758361815, 3.8606659412384032, 3.2277884006500246, 3.1713390350341797, 3.0200522899627686, 2.958705282211304, 2.5546262741088865, 3.028571128845215, 3.2039321422576905, 3.0865625381469726], "std_fit_time": [0.5852381020787704, 0.6109860142890878, 0.306546604847601, 0.3496416574941836, 0.36151619621367465, 0.285792086316775, 0.2730568380111648, 0.4853034052141892, 0.45315292933147266, 0.5387968828262119], "mean_score_time": [0.4325446128845215, 0.28041696548461914, 0.35651392936706544, 0.2530970573425293, 0.28868927955627444, 0.2620082378387451, 0.2068575382232666, 0.20749940872192382, 0.26630210876464844, 0.27923245429992677], "std_score_time": [0.10955013002215545, 0.11477504169153326, 0.0996694329970244, 0.07515340154090375, 0.08556397951865012, 0.0713414271836274, 0.03283456477633134, 0.055042263826557795, 0.041972669750324626, 0.07515718213226658]}, "score": 0.8266666666666668}, "RandomForestClassifier": {"params": {"classification__n_estimators": 200, "classification__min_samples_split": 10, "classification__min_samples_leaf": 1, "classification__max_features": "sqrt", "classification__max_depth": 20, "classification__bootstrap": true}, "times": {"mean_fit_time": [0.5544103145599365], "std_fit_time": [0.053638534056451775], "mean_score_time": [0.001794576644897461], "std_score_time": [5.507087281432905e-05]}, "score": 0.9700000000000001}, "KNeighborsClassifier": {"params": {"classification__weights": "distance", "classification__n_neighbors": 17, "classification__metric": "manhattan", "classification__leaf_size": 10}, "times": {"mean_fit_time": [0.029520225524902344], "std_fit_time": [0.009616773522796815], "mean_score_time": [0.007396602630615234], "std_score_time": [0.0006557080261480175]}, "score": 0.36}, "ComplementNB": {"params": {"classification__alpha": 0}, "times": {"mean_fit_time": [0.004434061050415039], "std_fit_time": [0.0004564652157189068], "mean_score_time": [0.0011583805084228516], "std_score_time": [0.00015943024535320052]}, "score": 0.7483333333333333}, "LogisticRegression": {"params": {"classification__solver": "saga", "classification__C": 100}, "times": {"mean_fit_time": [0.6166215896606445], "std_fit_time": [0.033975754040751885], "mean_score_time": [0.030084991455078126], "std_score_time": [0.007443371668998659]}, "score": 0.7616666666666666}}