{"[NN]NeuralNetwork": {"params": {"classification__epochs": 10, "classification__batch_size": 25}, "times": {"mean_fit_time": [5.855619049072265, 4.8320235252380375, 4.634045648574829, 4.350613784790039, 3.984688425064087, 4.957266855239868, 4.35930061340332, 4.536073446273804, 4.713653802871704, 5.0978278636932375], "std_fit_time": [0.7171263314457446, 0.3704213411854816, 0.39640389453532265, 0.5627338276101409, 0.5809051622134497, 0.5303772286507522, 1.17839319434726, 0.7169179043948462, 0.45958812461406745, 0.41192542883339456], "mean_score_time": [0.6705412864685059, 0.5132868766784668, 0.6435914993286133, 0.5680360794067383, 0.6141388893127442, 0.48662762641906737, 0.5223753452301025, 0.5542484283447265, 0.31753039360046387, 0.5026960372924805], "std_score_time": [0.19419141615938842, 0.07588965319473948, 0.16862977690736988, 0.10483396808689566, 0.07310418443524902, 0.14241688531433372, 0.10126151863382803, 0.21292952641208676, 0.0768337079970716, 0.16291876163823932]}, "score": 0.961111111111111}, "RandomForestClassifier": {"params": {"classification__n_estimators": 300, "classification__min_samples_split": 10, "classification__min_samples_leaf": 4, "classification__max_features": null, "classification__max_depth": 60, "classification__bootstrap": true}, "times": {"mean_fit_time": [0.40158395767211913, 1.3364453792572022, 1.2462768077850341], "std_fit_time": [0.04165107877252837, 0.15113413012435395, 0.040781354839639176], "mean_score_time": [0.0016447544097900391, 0.0032573699951171874, 0.003945493698120117], "std_score_time": [4.84149652748487e-05, 0.0017866131220121149, 0.0009362567687487178]}, "score": 0.9916666666666668}, "KNeighborsClassifier": {"params": {"classification__weights": "uniform", "classification__n_neighbors": 9, "classification__metric": "manhattan", "classification__leaf_size": 23}, "times": {"mean_fit_time": [0.04256935119628906, 0.053542280197143556, 0.03278903961181641], "std_fit_time": [0.0036172914511259195, 0.006589073281380886, 0.0058383446261838145], "mean_score_time": [0.016059398651123047, 0.01069784164428711, 0.007786417007446289], "std_score_time": [0.005966105606915774, 0.003102706381726067, 0.00015801239490255767]}, "score": 0.925}, "ComplementNB": {"params": {"classification__alpha": 1.0}, "times": {"mean_fit_time": [0.00397787094116211, 0.0037545204162597657, 0.005653572082519531], "std_fit_time": [0.0005822489157829312, 0.00012321887363607228, 0.0009818690703690149], "mean_score_time": [0.0010382175445556641, 0.0011209011077880859, 0.0013799190521240235], "std_score_time": [0.0001447783624589686, 3.008710220501672e-05, 0.00020911755413320182]}, "score": 0.8450000000000001}, "LogisticRegression": {"params": {"classification__solver": "newton-cg", "classification__C": 10}, "times": {"mean_fit_time": [0.4430548191070557, 0.11107478141784669, 0.15438709259033204], "std_fit_time": [0.056886151427422635, 0.007252543351295584, 0.027900549631538443], "mean_score_time": [0.03964066505432129, 0.0016819953918457032, 0.0016180515289306641], "std_score_time": [0.003308517339935765, 0.00027401128552318127, 4.478960642256883e-05]}, "score": 0.9691666666666666}}