{"[NN]NeuralNetwork": {"params": {"classification__epochs": 20, "classification__batch_size": 25}, "times": {"mean_fit_time": [4.176847743988037, 4.097872114181518, 3.6737183570861816, 3.00498480796814, 3.025715160369873, 3.2893762588500977, 2.728030204772949, 3.657537078857422, 2.7668787479400634, 3.1673797607421874], "std_fit_time": [0.6066480903372455, 0.2985517243083145, 0.3518590734831861, 0.7409694797772108, 0.391657051579539, 0.8794998343732183, 0.5513587245020435, 0.5578527733581066, 0.28376024641986797, 0.4929059055050615], "mean_score_time": [0.36179041862487793, 0.33490767478942873, 0.3355082988739014, 0.37857918739318847, 0.3681955337524414, 0.2528860092163086, 0.2915370941162109, 0.22478170394897462, 0.22192935943603515, 0.22284326553344727], "std_score_time": [0.09610810426941717, 0.13793983723375774, 0.060649273120896456, 0.11698066406869864, 0.118343460764223, 0.014806315046154461, 0.10698447377284831, 0.004276885255905879, 0.05647979481816354, 0.09734536545547078]}, "score": 0.8428333333333334}, "RandomForestClassifier": {"params": {"classification__n_estimators": 50, "classification__min_samples_split": 5, "classification__min_samples_leaf": 1, "classification__max_features": "sqrt", "classification__max_depth": null, "classification__bootstrap": true}, "times": {"mean_fit_time": [0.07615203857421875], "std_fit_time": [0.009313133850895505], "mean_score_time": [0.0013453006744384766], "std_score_time": [0.00022306382120874168]}, "score": 0.9800000000000001}, "KNeighborsClassifier": {"params": {"classification__weights": "uniform", "classification__n_neighbors": 19, "classification__metric": "minkowski", "classification__leaf_size": 20}, "times": {"mean_fit_time": [0.029256343841552734], "std_fit_time": [0.00845222090261875], "mean_score_time": [0.006251096725463867], "std_score_time": [0.0002945537026111193]}, "score": 0.9233333333333332}, "ComplementNB": {"params": {"classification__alpha": 1.0}, "times": {"mean_fit_time": [0.004205560684204102], "std_fit_time": [0.00020997542534719854], "mean_score_time": [0.0011001110076904296], "std_score_time": [4.063659865467378e-05]}, "score": 0.6933333333333332}, "LogisticRegression": {"params": {"classification__solver": "saga", "classification__C": 100}, "times": {"mean_fit_time": [0.677308177947998], "std_fit_time": [0.03079000594986595], "mean_score_time": [0.034740543365478514], "std_score_time": [0.009302366028388843]}, "score": 0.82}}