{"[NN]NeuralNetwork": {"params": {"classification__epochs": 20, "classification__batch_size": 25}, "times": {"mean_fit_time": [3.043202543258667, 2.7998493194580076, 3.2490100383758547, 2.761681604385376, 3.427692174911499, 2.914674234390259, 2.731036424636841, 2.659512758255005, 3.0155487060546875, 3.4018471240997314], "std_fit_time": [0.416006199790902, 0.4112389171937987, 0.4885846491193045, 0.26766902384452784, 0.4051775903930257, 0.6113707898056412, 0.5447879021115517, 0.3875538395614497, 0.5183640371214686, 0.8636531340575618], "mean_score_time": [0.3586437702178955, 0.33035979270935056, 0.3381546974182129, 0.2739579677581787, 0.3201484680175781, 0.35253562927246096, 0.31391634941101076, 0.3516372203826904, 0.4359881401062012, 0.3300490856170654], "std_score_time": [0.0668300726811703, 0.08254277067501865, 0.08016906429506866, 0.03314311271515695, 0.09464991808727938, 0.04565619143581144, 0.05798246186913277, 0.05086414269397427, 0.18632482055631044, 0.12223536797296183]}, "score": 0.8916666666666666}, "RandomForestClassifier": {"params": {"classification__n_estimators": 200, "classification__min_samples_split": 10, "classification__min_samples_leaf": 1, "classification__max_features": null, "classification__max_depth": 30, "classification__bootstrap": true}, "times": {"mean_fit_time": [0.930211877822876], "std_fit_time": [0.02763297523871399], "mean_score_time": [0.0017238140106201171], "std_score_time": [0.0001958560899488474]}, "score": 1.0}, "KNeighborsClassifier": {"params": {"classification__weights": "distance", "classification__n_neighbors": 15, "classification__metric": "minkowski", "classification__leaf_size": 40}, "times": {"mean_fit_time": [0.028652238845825195], "std_fit_time": [1.6558269015705325e-05], "mean_score_time": [0.007405138015747071], "std_score_time": [0.0005146511555551057]}, "score": 0.575}, "ComplementNB": {"params": {"classification__alpha": 0.5}, "times": {"mean_fit_time": [0.0037322044372558594], "std_fit_time": [0.0002071772673510804], "mean_score_time": [0.0010917186737060547], "std_score_time": [0.00011821215353901016]}, "score": 0.8583333333333332}, "LogisticRegression": {"params": {"classification__solver": "lbfgs", "classification__C": 100}, "times": {"mean_fit_time": [0.13333511352539062], "std_fit_time": [0.026228363130914475], "mean_score_time": [0.002074575424194336], "std_score_time": [0.0005821561233550912]}, "score": 0.8333333333333333}}