{"[NN]NeuralNetwork": {"params": {"classification__epochs": 20, "classification__batch_size": 30}, "times": {"mean_fit_time": [4.9179877758026125, 5.245538806915283, 4.883521223068238, 4.977194929122925, 5.208278846740723, 4.442650890350341, 4.872834396362305, 6.047010087966919, 4.964724588394165, 4.547558784484863], "std_fit_time": [0.4553150612470582, 0.48457408379601663, 0.4961817033423645, 0.7349433355212792, 0.5889803149038498, 0.396819772199104, 0.6315904567032085, 1.3166314413471096, 0.14772250843283982, 0.5164375809989203], "mean_score_time": [0.6896035194396972, 0.6070987224578858, 0.6173734188079834, 0.6599088668823242, 0.6981767654418946, 0.5072677612304688, 0.5466456413269043, 0.49494447708129885, 0.5483592510223388, 0.5521716117858887], "std_score_time": [0.07995071242786789, 0.11965663568659059, 0.13555000627638641, 0.08169373488942748, 0.12731170868304945, 0.1329831616868496, 0.057077047305055986, 0.22112301901640527, 0.09429986115828935, 0.15156355834832322]}, "score": 0.9364761904761905}, "RandomForestClassifier": {"params": {"classification__n_estimators": 10, "classification__min_samples_split": 2, "classification__min_samples_leaf": 4, "classification__max_features": "sqrt", "classification__max_depth": 70, "classification__bootstrap": true}, "times": {"mean_fit_time": [0.24700345993041992, 3.3537243366241456, 0.04831175804138184, 0.04101462364196777, 0.1927490234375], "std_fit_time": [0.03670272406606527, 0.15161868483917854, 0.007065988335731144, 0.008732832350794128, 0.00784088093166718], "mean_score_time": [0.001335000991821289, 0.004803276062011719, 0.0016031265258789062, 0.0013046741485595703, 0.001186370849609375], "std_score_time": [6.420087757488413e-05, 0.0010159314454900943, 0.00044661236191258577, 0.00020014880593482136, 8.357025234822958e-05]}, "score": 0.9786666666666667}, "KNeighborsClassifier": {"params": {"classification__weights": "distance", "classification__n_neighbors": 5, "classification__metric": "manhattan", "classification__leaf_size": 23}, "times": {"mean_fit_time": [0.05392789840698242, 0.058569812774658205, 0.05076203346252441, 0.03180475234985351, 0.04954285621643066], "std_fit_time": [0.01795608234082645, 0.022759190396901538, 0.020068874137690238, 0.010136941253826954, 0.010265978656969333], "mean_score_time": [0.00939335823059082, 0.01749863624572754, 0.008724546432495118, 0.01120009422302246, 0.008802223205566406], "std_score_time": [0.0008990882353313985, 0.01022193793267097, 0.0008004332416931592, 0.0010559098073672914, 0.000469414962788273]}, "score": 0.5981904761904762}, "ComplementNB": {"params": {"classification__alpha": 0.5}, "times": {"mean_fit_time": [0.005062913894653321, 0.005487680435180664, 0.004971027374267578, 0.00799388885498047, 0.008080053329467773], "std_fit_time": [0.0007991976354579176, 0.0019507693822685534, 0.0008082113852051144, 0.0014026614434347999, 0.0014213606723130485], "mean_score_time": [0.0013546943664550781, 0.0013853073120117187, 0.001344156265258789, 0.0016544342041015625, 0.0018482685089111328], "std_score_time": [0.00038167158388958077, 0.00017509663025924558, 0.00022146996336912893, 0.00024588765421580027, 0.00022547064389496227]}, "score": 0.8933333333333333}, "LogisticRegression": {"params": {"classification__solver": "newton-cg", "classification__C": 10}, "times": {"mean_fit_time": [0.7920560359954834, 0.6284070491790772, 0.3963205814361572, 1.1825295448303224, 0.9351162910461426], "std_fit_time": [0.09942413691110825, 0.11406093486368071, 0.1374945555966862, 0.11515321895021088, 0.3896689199286952], "mean_score_time": [0.0030649662017822265, 0.002469587326049805, 0.0020671844482421874, 0.003957033157348633, 0.0027918338775634764], "std_score_time": [0.0010311611164509158, 0.0008165000663933398, 0.0005819895207086422, 0.0012618046013736755, 0.0005719629890286585]}, "score": 0.9506666666666665}}