{"[NN]NeuralNetwork": {"params": {"classification__epochs": 20, "classification__batch_size": 20}, "times": {"mean_fit_time": [3.8119389533996584, 3.6300931930541993, 3.2684679508209227, 3.1560481071472166, 3.6203518867492677, 3.6733423233032227, 3.295406532287598, 3.2222122669219972, 2.3613595962524414, 2.5927502155303954], "std_fit_time": [0.796364194210266, 0.8106569211125046, 0.6880630666615111, 0.22527779129920156, 0.9113806372560881, 0.24801908958142213, 0.8041353979444243, 0.7448318629904662, 0.2831936893033809, 0.2748648916118421], "mean_score_time": [0.34430418014526365, 0.27810330390930177, 0.3489246845245361, 0.30159773826599123, 0.2662229061126709, 0.22154583930969238, 0.22779459953308107, 0.29160289764404296, 0.2307662010192871, 0.2140784740447998], "std_score_time": [0.0576113581387247, 0.06555182051951157, 0.07250550250110269, 0.08118507422027774, 0.04804272457116567, 0.019447684606605165, 0.0767842015217249, 0.0805745173846658, 0.05002234997891936, 0.047422179453775]}, "score": 0.8586666666666666}, "RandomForestClassifier": {"params": {"classification__n_estimators": 300, "classification__min_samples_split": 2, "classification__min_samples_leaf": 4, "classification__max_features": "log2", "classification__max_depth": 40, "classification__bootstrap": true}, "times": {"mean_fit_time": [0.7968004226684571], "std_fit_time": [0.05175264043828208], "mean_score_time": [0.001575326919555664], "std_score_time": [0.0001395684197493031]}, "score": 0.9666666666666666}, "KNeighborsClassifier": {"params": {"classification__weights": "distance", "classification__n_neighbors": 7, "classification__metric": "manhattan", "classification__leaf_size": 20}, "times": {"mean_fit_time": [0.034247303009033205], "std_fit_time": [0.008887555637229224], "mean_score_time": [0.007549381256103516], "std_score_time": [0.0005505452178928359]}, "score": 0.21000000000000002}, "ComplementNB": {"params": {"classification__alpha": 0}, "times": {"mean_fit_time": [0.004746913909912109], "std_fit_time": [0.0004926592583837551], "mean_score_time": [0.00125885009765625], "std_score_time": [0.0002956833729264414]}, "score": 0.6466666666666667}, "LogisticRegression": {"params": {"classification__solver": "saga", "classification__C": 10}, "times": {"mean_fit_time": [0.6909064769744873], "std_fit_time": [0.046820906226776544], "mean_score_time": [0.03192009925842285], "std_score_time": [0.00879958485419453]}, "score": 0.7716666666666667}}