{"[NN]NeuralNetwork": {"params": {"classification__epochs": 15, "classification__batch_size": 20}, "times": {"mean_fit_time": [2.641788864135742, 2.485588788986206, 3.3121750354766846, 2.7680898189544676, 2.9469192028045654, 2.64807186126709, 2.9060693740844727, 2.465167236328125, 2.687811183929443, 1.9088811874389648], "std_fit_time": [0.2009469404660098, 0.635146097992836, 0.6216420381722966, 0.5294143773038716, 0.5413251516088724, 0.791377088282541, 0.6428398327054843, 0.4119547658542227, 0.5514951309845635, 0.06995370465600084], "mean_score_time": [0.25467309951782224, 0.27163119316101075, 0.2710292339324951, 0.2486642360687256, 0.25478410720825195, 0.23707075119018556, 0.22018899917602539, 0.24067320823669433, 0.23141064643859863, 0.219490909576416], "std_score_time": [0.03109199972402476, 0.0780637330047262, 0.047087552283419126, 0.03222475981074427, 0.013463630152924186, 0.07653521601650734, 0.04330676709652018, 0.04182751828677817, 0.019220932494951982, 0.009327463235006023]}, "score": 1.0}, "RandomForestClassifier": {"params": {"classification__n_estimators": 10, "classification__min_samples_split": 5, "classification__min_samples_leaf": 2, "classification__max_features": null, "classification__max_depth": 80, "classification__bootstrap": true}, "times": {"mean_fit_time": [0.035981369018554685], "std_fit_time": [0.0036057041188791656], "mean_score_time": [0.0014254093170166016], "std_score_time": [0.00018967408603750015]}, "score": 1.0}, "KNeighborsClassifier": {"params": {"classification__weights": "distance", "classification__n_neighbors": 9, "classification__metric": "euclidean", "classification__leaf_size": 23}, "times": {"mean_fit_time": [0.024789094924926758], "std_fit_time": [0.008878017535962129], "mean_score_time": [0.006414890289306641], "std_score_time": [0.0006199367761001777]}, "score": 0.375}, "ComplementNB": {"params": {"classification__alpha": 0.5}, "times": {"mean_fit_time": [0.0034027099609375], "std_fit_time": [0.00029192666366700533], "mean_score_time": [0.0008254051208496094], "std_score_time": [2.730866012982433e-05]}, "score": 0.9}, "LogisticRegression": {"params": {"classification__solver": "sag", "classification__C": 0.1}, "times": {"mean_fit_time": [0.30166139602661135], "std_fit_time": [0.04111530623558417], "mean_score_time": [0.03616652488708496], "std_score_time": [0.007006781474387876]}, "score": 0.8333333333333333}}