{"[NN]NeuralNetwork": {"params": {"classification__epochs": 20, "classification__batch_size": 20}, "times": {"mean_fit_time": [4.132381629943848, 4.589863252639771, 4.0171197891235355, 3.845557975769043, 4.471450471878052, 4.031975936889649, 4.234070253372193, 4.590979051589966, 3.9786242485046386, 4.637094354629516], "std_fit_time": [0.2290804876230478, 0.5741514867923566, 1.0570220719455257, 0.48883507234281576, 0.6897553640544799, 0.4228987862485687, 0.26533130350982304, 0.41437086948770757, 0.11352112221234194, 0.8165405539235824], "mean_score_time": [0.39963269233703613, 0.45251879692077634, 0.38087940216064453, 0.399873685836792, 0.29086480140686033, 0.3615809440612793, 0.3150740146636963, 0.23429403305053711, 0.27206974029541015, 0.29460921287536623], "std_score_time": [0.11124991819298002, 0.13531224443324769, 0.13458770884379606, 0.12115812517794211, 0.06272937416833504, 0.09913641968217672, 0.15693727260496995, 0.05092686824840028, 0.040833003635812784, 0.24149115560756637]}, "score": 0.9036825396825398}, "RandomForestClassifier": {"params": {"classification__n_estimators": 1000, "classification__min_samples_split": 5, "classification__min_samples_leaf": 1, "classification__max_features": "sqrt", "classification__max_depth": 20, "classification__bootstrap": false}, "times": {"mean_fit_time": [1.1854729652404785, 4.313970518112183, 1.3528697490692139, 3.711831045150757, 1.279465341567993], "std_fit_time": [0.23006125694950702, 0.5493518928695841, 0.25582707756627776, 0.060641402514641646, 0.018994544001303244], "mean_score_time": [0.0020535945892333984, 0.003213977813720703, 0.0020473480224609377, 0.0033488750457763674, 0.0022910118103027345], "std_score_time": [0.00017919960392633172, 0.0008242682561779587, 0.00046478945642066766, 0.001151209331082678, 0.0006167617850152518]}, "score": 0.9716190476190476}, "KNeighborsClassifier": {"params": {"classification__weights": "uniform", "classification__n_neighbors": 13, "classification__metric": "euclidean", "classification__leaf_size": 20}, "times": {"mean_fit_time": [0.03986897468566895, 0.03913116455078125, 0.02488236427307129, 0.02631659507751465, 0.0216733455657959], "std_fit_time": [0.0052181621292435865, 0.012905868010876051, 0.004638742974561474, 0.014345130166522307, 0.0015900733066774924], "mean_score_time": [0.010815048217773437, 0.008991622924804687, 0.010457324981689452, 0.01044759750366211, 0.012131452560424805], "std_score_time": [0.001006568190227777, 0.00082855378286033, 0.001629446660217353, 0.0011005495883365992, 0.0024186355100885956]}, "score": 0.8232380952380952}, "ComplementNB": {"params": {"classification__alpha": 0.5}, "times": {"mean_fit_time": [0.005383348464965821, 0.0047283172607421875, 0.005040359497070312, 0.008152580261230469, 0.008424758911132812], "std_fit_time": [0.001287710806534635, 0.0007039071033841055, 0.0008287728773942668, 0.001222641406285393, 0.0006885935878330054], "mean_score_time": [0.0012102127075195312, 0.001320648193359375, 0.001377248764038086, 0.0017543315887451171, 0.001947927474975586], "std_score_time": [0.00013478643864124344, 0.00021546568574305335, 0.00026858424266557805, 0.00019319682262410325, 7.757429818372691e-05]}, "score": 0.7979047619047618}, "LogisticRegression": {"params": {"classification__solver": "newton-cg", "classification__C": 100}, "times": {"mean_fit_time": [0.6993862152099609, 0.2520472049713135, 0.8185313701629638, 1.0241342067718506, 0.4486836433410645], "std_fit_time": [0.09423990650312743, 0.10485298054568368, 0.1890002293682374, 0.21439033593281578, 0.18739201429800073], "mean_score_time": [0.003380107879638672, 0.001794576644897461, 0.003254222869873047, 0.0026998996734619142, 0.0028491973876953124], "std_score_time": [0.0009369841471272486, 0.00023237028663564062, 0.0003293526505717689, 0.0004916677256688083, 0.0012592046827105993]}, "score": 0.9316190476190476}}