{"[NN]NeuralNetwork": {"params": {"classification__epochs": 15, "classification__batch_size": 20}, "times": {"mean_fit_time": [2.686440372467041, 2.555653429031372, 3.264583158493042, 2.6697474002838133, 2.2463950157165526, 2.9632975578308107, 2.7743627548217775, 3.0667108058929444, 3.2965633869171143, 2.746490240097046], "std_fit_time": [0.23625630691451802, 0.7220112163841789, 0.7227947079633211, 0.37020699278410435, 0.19860772584822595, 0.6759059065531259, 0.5092331464054745, 0.4637985650465133, 0.7784175775331471, 0.44437407936430434], "mean_score_time": [0.2867781162261963, 0.2550523281097412, 0.3071754932403564, 0.289745569229126, 0.18766093254089355, 0.29888625144958497, 0.3219092845916748, 0.31047873497009276, 0.31200671195983887, 0.24452338218688965], "std_score_time": [0.04077548391165501, 0.05059557430843011, 0.12672327663657632, 0.09161726702066866, 0.03476061613927724, 0.09982381572121729, 0.15958973183285974, 0.11911166280044193, 0.09007787836975126, 0.03824735889256519]}, "score": 0.9375}, "RandomForestClassifier": {"params": {"classification__n_estimators": 200, "classification__min_samples_split": 5, "classification__min_samples_leaf": 1, "classification__max_features": "sqrt", "classification__max_depth": null, "classification__bootstrap": false}, "times": {"mean_fit_time": [0.5198336601257324], "std_fit_time": [0.04048208156329514], "mean_score_time": [0.001594209671020508], "std_score_time": [0.00011633151746792942]}, "score": 1.0}, "KNeighborsClassifier": {"params": {"classification__weights": "distance", "classification__n_neighbors": 11, "classification__metric": "manhattan", "classification__leaf_size": 33}, "times": {"mean_fit_time": [0.027097797393798827], "std_fit_time": [0.009542567680553267], "mean_score_time": [0.007345724105834961], "std_score_time": [0.0015132880298003508]}, "score": 0.55}, "ComplementNB": {"params": {"classification__alpha": 1.0}, "times": {"mean_fit_time": [0.004017829895019531], "std_fit_time": [0.0008217429945407641], "mean_score_time": [0.0011191368103027344], "std_score_time": [0.00020646311105842902]}, "score": 0.925}, "LogisticRegression": {"params": {"classification__solver": "saga", "classification__C": 10}, "times": {"mean_fit_time": [0.4026037693023682], "std_fit_time": [0.004934279298791664], "mean_score_time": [0.03213577270507813], "std_score_time": [0.0112144867988669]}, "score": 0.6333333333333333}}