{"[NN]NeuralNetwork": {"params": {"classification__epochs": 20, "classification__batch_size": 25}, "times": {"mean_fit_time": [3.657127094268799, 3.113965320587158, 3.5014042377471926, 2.657780170440674, 2.7399203777313232, 3.1717648029327394, 3.362319803237915, 2.9639466285705565, 2.5304966449737547, 2.7244688987731935], "std_fit_time": [0.35592245908850856, 0.6126040802643998, 0.5290889072986166, 0.4960691034301361, 0.3988977113787392, 0.36485230519342354, 0.5009047530103998, 0.46998271569437744, 0.5874741475380333, 0.775210089275082], "mean_score_time": [0.25914788246154785, 0.3527712345123291, 0.2767527103424072, 0.3020951271057129, 0.2974813461303711, 0.18939390182495117, 0.2157825469970703, 0.22927002906799315, 0.18186345100402831, 0.21498651504516603], "std_score_time": [0.027392306320395316, 0.13917444221695635, 0.08756886321780978, 0.051101062215765714, 0.14036854917520053, 0.021443697203684702, 0.02923399501852215, 0.02368761642454368, 0.030266724763770018, 0.05890549464289184]}, "score": 0.9477777777777778}, "RandomForestClassifier": {"params": {"classification__n_estimators": 100, "classification__min_samples_split": 5, "classification__min_samples_leaf": 4, "classification__max_features": "log2", "classification__max_depth": 50, "classification__bootstrap": false}, "times": {"mean_fit_time": [0.08210635185241699], "std_fit_time": [0.003659398868935873], "mean_score_time": [0.0014514923095703125], "std_score_time": [6.47493242389071e-05]}, "score": 1.0}, "KNeighborsClassifier": {"params": {"classification__weights": "uniform", "classification__n_neighbors": 19, "classification__metric": "minkowski", "classification__leaf_size": 23}, "times": {"mean_fit_time": [0.02223491668701172], "std_fit_time": [0.00635790910451529], "mean_score_time": [0.007459211349487305], "std_score_time": [0.0008675552952899088]}, "score": 0.6416666666666666}, "ComplementNB": {"params": {"classification__alpha": 0}, "times": {"mean_fit_time": [0.004312038421630859], "std_fit_time": [0.0006729688818200979], "mean_score_time": [0.0010894775390625], "std_score_time": [0.00019512428214947197]}, "score": 0.788888888888889}, "LogisticRegression": {"params": {"classification__solver": "saga", "classification__C": 100}, "times": {"mean_fit_time": [0.36194863319396975], "std_fit_time": [0.01641210824602664], "mean_score_time": [0.03039236068725586], "std_score_time": [0.005149142625001957]}, "score": 0.7305555555555555}}