{"[NN]NeuralNetwork": {"params": {"classification__epochs": 15, "classification__batch_size": 20}, "times": {"mean_fit_time": [3.799739933013916, 4.451272821426391, 4.473471403121948, 4.160757684707642, 4.397032260894775, 4.4181794166564945, 3.735341787338257, 3.847222661972046, 4.508976411819458, 4.010760402679443], "std_fit_time": [0.902273798789847, 0.70705548162899, 0.5387614725486205, 0.8925833045558826, 0.30216269801953655, 0.5976818001201315, 0.6109865891761691, 1.0675517386658835, 0.2997009344295037, 0.899616239385646], "mean_score_time": [0.5069859981536865, 0.45651898384094236, 0.5863709926605225, 0.49605531692504884, 0.525976037979126, 0.4732055187225342, 0.570122480392456, 0.5818262577056885, 0.49295659065246583, 0.4887535095214844], "std_score_time": [0.12085142035360512, 0.13878886298712928, 0.13669161631371138, 0.11915849692980028, 0.12665406009790448, 0.10425927786175306, 0.11877922853594407, 0.16794930435127745, 0.10403957868406635, 0.10646950352706044]}, "score": 0.9375}, "RandomForestClassifier": {"params": {"classification__n_estimators": 200, "classification__min_samples_split": 5, "classification__min_samples_leaf": 1, "classification__max_features": "sqrt", "classification__max_depth": null, "classification__bootstrap": false}, "times": {"mean_fit_time": [0.5720082759857178], "std_fit_time": [0.02891487818884874], "mean_score_time": [0.0018149852752685548], "std_score_time": [0.0002161215485988313]}, "score": 1.0}, "KNeighborsClassifier": {"params": {"classification__weights": "distance", "classification__n_neighbors": 11, "classification__metric": "manhattan", "classification__leaf_size": 33}, "times": {"mean_fit_time": [0.02432403564453125], "std_fit_time": [0.0006196034327079857], "mean_score_time": [0.0069849491119384766], "std_score_time": [0.00043172566126742113]}, "score": 0.55}, "ComplementNB": {"params": {"classification__alpha": 1.0}, "times": {"mean_fit_time": [0.004049777984619141], "std_fit_time": [0.00045920995386123807], "mean_score_time": [0.001146078109741211], "std_score_time": [8.430987985821306e-05]}, "score": 0.925}, "LogisticRegression": {"params": {"classification__solver": "saga", "classification__C": 10}, "times": {"mean_fit_time": [0.39127559661865235], "std_fit_time": [0.02818894890174112], "mean_score_time": [0.02799072265625], "std_score_time": [0.00858304578539611]}, "score": 0.6333333333333333}}