{"[NN]NeuralNetwork": {"params": {"classification__epochs": 10, "classification__batch_size": 20}, "times": {"mean_fit_time": [3.460380506515503, 4.81341519355774, 3.551718521118164, 5.071726608276367, 3.6680522918701173, 4.38640193939209, 3.5591938972473143, 4.775631427764893, 4.2423769474029545, 4.349710273742676], "std_fit_time": [0.3302763769977459, 0.5690693677550971, 0.2573139794072028, 1.1865726504564411, 0.8577636782323514, 0.3451643246719817, 0.9326992452083473, 0.24687117955742047, 0.8628480984365096, 0.41433633154930904], "mean_score_time": [0.37799458503723143, 0.33813066482543946, 0.43851261138916015, 0.39044814109802245, 0.45017356872558595, 0.3234529972076416, 0.4245340824127197, 0.30179834365844727, 0.30701489448547364, 0.26027507781982423], "std_score_time": [0.03860713557711439, 0.09405961173593992, 0.11249913991867752, 0.16779378347672239, 0.1819718302490411, 0.07360979230350893, 0.029866832230157753, 0.07954555154677444, 0.15277918236329768, 0.030327781376484276]}, "score": 0.9741666666666667}, "RandomForestClassifier": {"params": {"classification__n_estimators": 500, "classification__min_samples_split": 2, "classification__min_samples_leaf": 1, "classification__max_features": null, "classification__max_depth": 60, "classification__bootstrap": false}, "times": {"mean_fit_time": [5.025469732284546, 2.623739767074585, 0.12053022384643555, 2.234719467163086, 0.1493558406829834], "std_fit_time": [0.11738491691372256, 0.15717434186830542, 0.025345069753327766, 0.07550099065280377, 0.020714258812512456], "mean_score_time": [0.0045491218566894535, 0.0042938232421875, 0.0016467571258544922, 0.004280567169189453, 0.0012920856475830077], "std_score_time": [0.0010215056594986022, 0.001004132815495344, 0.00046263482239840894, 0.0016987067940107464, 0.00021009374844385264]}, "score": 0.9833333333333334}, "KNeighborsClassifier": {"params": {"classification__weights": "uniform", "classification__n_neighbors": 9, "classification__metric": "minkowski", "classification__leaf_size": 16}, "times": {"mean_fit_time": [0.02631974220275879, 0.02613410949707031, 0.028478574752807618, 0.02776508331298828, 0.037059879302978514], "std_fit_time": [0.0043103138857127085, 0.0036662632932124924, 0.0045306457250880155, 0.004897689457223431, 0.0108751630381979], "mean_score_time": [0.008203887939453125, 0.008994007110595703, 0.009275341033935547, 0.008238506317138673, 0.008220338821411132], "std_score_time": [0.00032208557347262524, 0.0007778768892708751, 0.0012714700994672383, 0.0008241510781755311, 0.000472243344179313]}, "score": 0.9816666666666667}, "ComplementNB": {"params": {"classification__alpha": 0.5}, "times": {"mean_fit_time": [0.005217123031616211, 0.0048331737518310545, 0.004268217086791992, 0.005862140655517578, 0.0071255207061767575], "std_fit_time": [0.0007513268367731582, 0.0007228255310248904, 0.0006318121208268945, 0.0014317199101019555, 0.0022095172152122654], "mean_score_time": [0.0013841152191162109, 0.0014245033264160157, 0.0012582302093505859, 0.001527881622314453, 0.001740884780883789], "std_score_time": [0.0001883172114132527, 0.00024168115869574095, 0.00022880953401769924, 0.0003118897627477567, 0.00037528548763450753]}, "score": 0.975}, "LogisticRegression": {"params": {"classification__solver": "lbfgs", "classification__C": 10}, "times": {"mean_fit_time": [0.06460428237915039, 0.047110891342163085, 0.43811445236206054, 0.1711130142211914, 0.7461975574493408], "std_fit_time": [0.025683579986606767, 0.021054420727122613, 0.1234854026818487, 0.07589865945942639, 0.017150949623382743], "mean_score_time": [0.0021091461181640624, 0.0017414093017578125, 0.003916740417480469, 0.0021214962005615236, 0.004578065872192383], "std_score_time": [0.0012010261045558564, 0.00018701295593135105, 0.0019391337561435397, 0.0005988347903876614, 0.0019289109669641262]}, "score": 0.975}}