{"[NN]NeuralNetwork": {"params": {"classification__epochs": 20, "classification__batch_size": 25}, "times": {"mean_fit_time": [3.995549964904785, 3.6462685585021974, 2.842009925842285, 3.355642890930176, 3.1506024837493896, 3.9685692310333254, 3.3856253623962402, 2.9154253959655763, 3.47642240524292, 2.806485652923584], "std_fit_time": [0.29885935681799375, 0.5459691050775032, 0.32637538242516556, 0.3942306931566271, 0.6173356086315174, 1.0418621947806421, 0.19553775503618054, 0.675360778211606, 0.9559748365678941, 0.45345258375801634], "mean_score_time": [0.29525251388549806, 0.3286871433258057, 0.33709330558776857, 0.4618371963500977, 0.40238223075866697, 0.32139339447021487, 0.28211302757263185, 0.2573734760284424, 0.2872800350189209, 0.3318006992340088], "std_score_time": [0.036232649084693654, 0.042049993396131496, 0.047610733897104456, 0.14867299689644004, 0.09434546763746698, 0.07981076412737638, 0.0801300175410236, 0.03772476741768211, 0.040437180573220356, 0.12076526061515093]}, "score": 0.921079365079365}, "RandomForestClassifier": {"params": {"classification__n_estimators": 1000, "classification__min_samples_split": 10, "classification__min_samples_leaf": 2, "classification__max_features": "sqrt", "classification__max_depth": 100, "classification__bootstrap": false}, "times": {"mean_fit_time": [0.4583454608917236, 3.9640814304351806, 0.9748347759246826, 3.7304510116577148, 0.9408300399780274], "std_fit_time": [0.10540666880254064, 0.17104108834276982, 0.18562121413299257, 0.09124979569031534, 0.048405447811628734], "mean_score_time": [0.001764965057373047, 0.0038375377655029295, 0.00161895751953125, 0.003282928466796875, 0.002088642120361328], "std_score_time": [0.0003822986834634501, 0.001146276593504456, 9.909653638367443e-05, 0.000786372246027931, 0.0003429601197909924]}, "score": 0.96}, "KNeighborsClassifier": {"params": {"classification__weights": "uniform", "classification__n_neighbors": 15, "classification__metric": "minkowski", "classification__leaf_size": 33}, "times": {"mean_fit_time": [0.02340083122253418, 0.031821680068969724, 0.030878257751464844, 0.04442849159240723, 0.030270814895629883], "std_fit_time": [0.00300340165226364, 0.008352397510941148, 0.006328178113520328, 0.010674080838374348, 0.008516649607149826], "mean_score_time": [0.009471845626831055, 0.010385227203369141, 0.010191249847412109, 0.009704160690307616, 0.009579181671142578], "std_score_time": [0.0003607098152219498, 0.0009211409274911298, 0.0009988101424507167, 0.00032683778205253115, 0.0012976216642510104]}, "score": 0.8100000000000002}, "ComplementNB": {"params": {"classification__alpha": 0.5}, "times": {"mean_fit_time": [0.004840087890625, 0.00473332405090332, 0.0043121337890625, 0.008113861083984375, 0.008585405349731446], "std_fit_time": [0.0007901665570329493, 0.000853727642075713, 0.000493522072740314, 0.0010896095190428552, 0.0010519826198163282], "mean_score_time": [0.0012434959411621095, 0.0013253211975097657, 0.0011888504028320312, 0.0018491268157958985, 0.0018929004669189452], "std_score_time": [0.00015873490021786466, 0.00034499523962438616, 0.00020826392257111302, 0.00018523472082687572, 7.996995592120521e-05]}, "score": 0.7280000000000001}, "LogisticRegression": {"params": {"classification__solver": "lbfgs", "classification__C": 0.01}, "times": {"mean_fit_time": [0.386244535446167, 0.1511566162109375, 0.6053597927093506, 0.8969839096069336, 0.4248669624328613], "std_fit_time": [0.01973123116403916, 0.08638834488562319, 0.05804474718752683, 0.41919680777851626, 0.014818695247979406], "mean_score_time": [0.0020950794219970702, 0.002185821533203125, 0.0031018733978271486, 0.002929353713989258, 0.002256917953491211], "std_score_time": [0.0003802967395586829, 0.0005373568465962828, 0.0007795906699208601, 0.0012358506157736755, 0.0005122130375404618]}, "score": 0.922}}