{"[NN]NeuralNetwork": {"params": {"classification__epochs": 15, "classification__batch_size": 20}, "times": {"mean_fit_time": [5.397862815856934, 5.189274311065674, 3.741922950744629, 4.220840263366699, 4.233448600769043, 3.8995007038116456, 3.746382474899292, 5.293283891677857, 4.426974868774414, 4.493113946914673], "std_fit_time": [1.2577088376612622, 1.089308668931145, 0.1695294386058173, 0.650067392492957, 0.9560707805825964, 0.8602882433088822, 0.9499457591187133, 0.6518062671189792, 0.48466616552280395, 0.252782532561153], "mean_score_time": [0.495667028427124, 0.45023446083068847, 0.39543795585632324, 0.482287073135376, 0.5425294876098633, 0.5323715209960938, 0.5327178955078125, 0.58812255859375, 0.6298912048339844, 0.4600958347320557], "std_score_time": [0.06710581218266357, 0.10603829298127254, 0.08501123166553133, 0.13494751962658455, 0.08901702389193021, 0.10174804842725522, 0.09892621707545916, 0.15211077380224905, 0.10710328633735974, 0.07601118239015615]}, "score": 0.99}, "RandomForestClassifier": {"params": {"classification__n_estimators": 1000, "classification__min_samples_split": 2, "classification__min_samples_leaf": 2, "classification__max_features": "sqrt", "classification__max_depth": null, "classification__bootstrap": true}, "times": {"mean_fit_time": [4.285344743728638, 4.463180637359619, 2.518761682510376, 4.564591884613037, 2.630730962753296], "std_fit_time": [0.5137259789104575, 0.15789629128692176, 0.0703519999028935, 0.34693779906513517, 0.10171042432835611], "mean_score_time": [0.006447219848632812, 0.0068226814270019535, 0.0034190654754638673, 0.003930902481079102, 0.004451942443847656], "std_score_time": [0.0012167323301611284, 0.0024217524246327973, 0.0005199314080751779, 0.0009658004118921357, 0.0017355710648327615]}, "score": 0.9775}, "KNeighborsClassifier": {"params": {"classification__weights": "uniform", "classification__n_neighbors": 11, "classification__metric": "manhattan", "classification__leaf_size": 30}, "times": {"mean_fit_time": [0.030005168914794923, 0.05480866432189942, 0.03943977355957031, 0.04012718200683594, 0.03279900550842285], "std_fit_time": [0.01133749425590339, 0.009115200781309866, 0.00976090102355693, 0.0055062280709710885, 0.009355722661670318], "mean_score_time": [0.007227563858032226, 0.009044265747070313, 0.010394096374511719, 0.008832502365112304, 0.009149742126464844], "std_score_time": [0.00038350956439953473, 0.001143914976302224, 0.003849560165950919, 0.001308806588342256, 0.000546137303588059]}, "score": 0.9875}, "ComplementNB": {"params": {"classification__alpha": 0.5}, "times": {"mean_fit_time": [0.005067157745361328, 0.005660724639892578, 0.004627799987792969, 0.004880952835083008, 0.00511932373046875], "std_fit_time": [0.0008749302883436482, 0.0006862245269213451, 0.001319252695324799, 0.0009866298976138037, 0.0008876108076769276], "mean_score_time": [0.001331329345703125, 0.0016405105590820313, 0.001258516311645508, 0.0013029098510742188, 0.001374053955078125], "std_score_time": [0.00018038403691506049, 0.00019959058092017967, 0.00042184195246597035, 0.000273088990868403, 0.00023339030349084323]}, "score": 0.9675}, "LogisticRegression": {"params": {"classification__solver": "saga", "classification__C": 100}, "times": {"mean_fit_time": [0.40601391792297364, 0.5120009422302246, 0.404298734664917, 1.3250606060028076, 0.9868963718414306], "std_fit_time": [0.07453149297792103, 0.09536157989926128, 0.07856401890778889, 0.09910684719807196, 0.09194418468584352], "mean_score_time": [0.0025760650634765623, 0.0030893802642822264, 0.002289295196533203, 0.003437185287475586, 0.0027692317962646484], "std_score_time": [0.000765865502500466, 0.0007997886670356521, 0.0008545124235694705, 0.00024949196440842645, 0.00047730044270423764]}, "score": 0.9675}}