{"[NN]NeuralNetwork": {"params": {"classification__epochs": 10, "classification__batch_size": 25}, "times": {"mean_fit_time": [4.012746524810791, 3.60041766166687, 3.0847050189971923, 3.4873540878295897, 3.030834913253784, 4.340054321289062, 3.9644646644592285, 3.26167688369751, 3.454839563369751, 3.277687835693359], "std_fit_time": [0.3691401090940967, 0.159688557485786, 0.5017776238889479, 0.456639304744549, 0.3720191332976805, 0.6586472103623755, 0.0739154871539434, 0.6233399308919781, 0.3768985627019668, 0.5380388129207343], "mean_score_time": [0.38442554473876955, 0.33510394096374513, 0.3992924213409424, 0.3028229236602783, 0.2927600860595703, 0.2927717685699463, 0.4004969120025635, 0.3201619625091553, 0.20948963165283202, 0.24162802696228028], "std_score_time": [0.16398764167688157, 0.09696247331919229, 0.15456968275006785, 0.07425936240541287, 0.10762729434413013, 0.11105050435301761, 0.25875813944452936, 0.16492333584811397, 0.011983913807738732, 0.06598676205960992]}, "score": 0.961111111111111}, "RandomForestClassifier": {"params": {"classification__n_estimators": 300, "classification__min_samples_split": 10, "classification__min_samples_leaf": 4, "classification__max_features": null, "classification__max_depth": 60, "classification__bootstrap": true}, "times": {"mean_fit_time": [0.47962026596069335, 1.2889184474945068, 1.1520601749420165], "std_fit_time": [0.048410963030098904, 0.09495357648423657, 0.04047654737545941], "mean_score_time": [0.0018051624298095702, 0.0016752719879150391, 0.0017816543579101563], "std_score_time": [0.00028425332884226846, 0.00013000706060246566, 0.00024950033954391766]}, "score": 0.9916666666666668}, "KNeighborsClassifier": {"params": {"classification__weights": "uniform", "classification__n_neighbors": 9, "classification__metric": "manhattan", "classification__leaf_size": 23}, "times": {"mean_fit_time": [0.029814767837524413, 0.0324798583984375, 0.033975982666015626], "std_fit_time": [0.005474856293602758, 0.011778415693325096, 0.012810020194433789], "mean_score_time": [0.007983112335205078, 0.008156728744506837, 0.009246206283569336], "std_score_time": [0.0005187067746089694, 0.0004963885443801571, 0.00028932294876323183]}, "score": 0.925}, "ComplementNB": {"params": {"classification__alpha": 1.0}, "times": {"mean_fit_time": [0.004622650146484375, 0.004445695877075195, 0.0055005550384521484], "std_fit_time": [0.0015267302879744984, 0.0005546596305999084, 0.0009574877788338165], "mean_score_time": [0.001196432113647461, 0.0012584209442138671, 0.0013919353485107421], "std_score_time": [0.00015487604834035147, 0.0002414333189330493, 0.00019040874973986707]}, "score": 0.8450000000000001}, "LogisticRegression": {"params": {"classification__solver": "newton-cg", "classification__C": 10}, "times": {"mean_fit_time": [0.48642606735229493, 0.1694338321685791, 0.1859743118286133], "std_fit_time": [0.07844550465202778, 0.03833501180291736, 0.021448371345147235], "mean_score_time": [0.035701751708984375, 0.001981973648071289, 0.0017954349517822266], "std_score_time": [0.007381791303859673, 0.00031555910829388924, 0.00015020700481362256]}, "score": 0.9691666666666666}}