{"[NN]NeuralNetwork": {"params": {"classification__epochs": 15, "classification__batch_size": 30}, "times": {"mean_fit_time": [3.2605555057525635, 3.5497228622436525, 3.2115182399749758, 3.337615394592285, 2.813654375076294, 3.222485971450806, 3.1086941242218016, 2.8204102516174316, 2.9271376609802244, 2.348359394073486], "std_fit_time": [0.5163155603590724, 0.4453262291799261, 0.6258195287559242, 0.5487467609913788, 0.3821705588053654, 0.4339353626537333, 0.3832407696127305, 0.5268800547853563, 0.28391627932808067, 0.27254021921351246], "mean_score_time": [0.2502882480621338, 0.3433176040649414, 0.31840243339538576, 0.2733469486236572, 0.27092604637145995, 0.29203357696533205, 0.2164393901824951, 0.19235925674438475, 0.25576319694519045, 0.18314151763916015], "std_score_time": [0.03304757026990844, 0.10861228003267691, 0.15695895524763034, 0.0454904542606139, 0.03901678045339879, 0.05486072726295617, 0.041116521235934435, 0.04096773391044038, 0.05284551299649251, 0.03316234724053571]}, "score": 0.9833116883116884}, "RandomForestClassifier": {"params": {"classification__n_estimators": 400, "classification__min_samples_split": 5, "classification__min_samples_leaf": 1, "classification__max_features": "log2", "classification__max_depth": 50, "classification__bootstrap": false}, "times": {"mean_fit_time": [1.8276039600372314, 1.3460408210754395, 0.25565948486328127, 1.1211793422698975, 0.2839150905609131], "std_fit_time": [0.3156625612686656, 0.2368758721394364, 0.03996286762043156, 0.04673346282491621, 0.02381410657187766], "mean_score_time": [0.004008245468139648, 0.002359294891357422, 0.0015022754669189453, 0.0020446300506591795, 0.0012824058532714844], "std_score_time": [0.0020360765936538617, 0.001320813602246022, 0.0002377883688210811, 0.00031432172323931046, 0.00012068204931576493]}, "score": 1.0}, "KNeighborsClassifier": {"params": {"classification__weights": "uniform", "classification__n_neighbors": 11, "classification__metric": "manhattan", "classification__leaf_size": 30}, "times": {"mean_fit_time": [0.07304043769836426, 0.05959725379943848, 0.04987730979919434, 0.044421148300170896, 0.03939342498779297], "std_fit_time": [0.012878601730536203, 0.02335847417777964, 0.017817997564649014, 0.005277487919883253, 0.00739979141477358], "mean_score_time": [0.01221761703491211, 0.010781383514404297, 0.010141706466674805, 0.013128948211669923, 0.011315107345581055], "std_score_time": [0.00386460269972428, 0.0016746445342829314, 0.0013347511871563075, 0.003725113835237062, 0.0018422139692531555]}, "score": 0.9875}, "ComplementNB": {"params": {"classification__alpha": 0.5}, "times": {"mean_fit_time": [0.0053347587585449215, 0.005442476272583008, 0.008488798141479492, 0.005743694305419922, 0.00648794174194336], "std_fit_time": [0.00038013805769668334, 0.0007388401752230765, 0.0036712124977189187, 0.000705045452760854, 0.001043849085918062], "mean_score_time": [0.0013594627380371094, 0.001535177230834961, 0.001955127716064453, 0.0016115665435791015, 0.0016874313354492188], "std_score_time": [6.862927563878202e-05, 0.0001606461484481261, 0.0003764281187330431, 0.00020261913416797617, 0.0002654024648639498]}, "score": 0.9875}, "LogisticRegression": {"params": {"classification__solver": "newton-cg", "classification__C": 0.1}, "times": {"mean_fit_time": [0.5845676898956299, 0.2868461608886719, 0.21352133750915528, 0.3242634296417236, 0.2285184383392334], "std_fit_time": [0.07013223396016231, 0.10138347543903402, 0.08378245000415267, 0.12142086217676792, 0.08144128694294109], "mean_score_time": [0.0032539844512939455, 0.0024024486541748048, 0.002103567123413086, 0.0016932487487792969, 0.001823282241821289], "std_score_time": [0.0017760652335251858, 0.0006159564842873951, 0.0005079322813586293, 7.418826145185673e-05, 0.0002026986806029042]}, "score": 0.9875}}