{"[NN]NeuralNetwork": {"params": {"classification__epochs": 15, "classification__batch_size": 20}, "times": {"mean_fit_time": [2.5230263233184815, 2.607866907119751, 2.2107763290405273, 2.484524440765381, 2.929364776611328, 2.304642343521118, 2.375654125213623, 2.024625825881958, 2.2735740661621096, 2.1384087562561036], "std_fit_time": [0.509182141732142, 0.49250788837875586, 0.4090414078073073, 0.3191040147015115, 0.6821268538431653, 0.35488698132004837, 0.2887367217755889, 0.2792554603544531, 0.33327992511413984, 0.4695504626852183], "mean_score_time": [0.21670680046081542, 0.24644918441772462, 0.23722119331359864, 0.22312564849853517, 0.24660115242004393, 0.18456597328186036, 0.19367046356201173, 0.22289795875549318, 0.2239529609680176, 0.2214517116546631], "std_score_time": [0.03834225785517576, 0.021326672332070556, 0.05284878975357113, 0.02437577716181069, 0.022628226462141174, 0.032456354190538585, 0.030534597034288243, 0.025188300347748115, 0.042950406291252394, 0.01678479495420429]}, "score": 1.0}, "RandomForestClassifier": {"params": {"classification__n_estimators": 10, "classification__min_samples_split": 5, "classification__min_samples_leaf": 2, "classification__max_features": null, "classification__max_depth": 80, "classification__bootstrap": true}, "times": {"mean_fit_time": [0.04006590843200684], "std_fit_time": [0.004459804025579251], "mean_score_time": [0.0012471675872802734], "std_score_time": [6.031660214177714e-05]}, "score": 1.0}, "KNeighborsClassifier": {"params": {"classification__weights": "distance", "classification__n_neighbors": 9, "classification__metric": "euclidean", "classification__leaf_size": 23}, "times": {"mean_fit_time": [0.05007295608520508], "std_fit_time": [0.008862849988056509], "mean_score_time": [0.006980800628662109], "std_score_time": [0.0018984027139361311]}, "score": 0.375}, "ComplementNB": {"params": {"classification__alpha": 0.5}, "times": {"mean_fit_time": [0.0034309864044189454], "std_fit_time": [0.000332336432075588], "mean_score_time": [0.001015615463256836], "std_score_time": [9.435610986030399e-05]}, "score": 0.9}, "LogisticRegression": {"params": {"classification__solver": "sag", "classification__C": 0.1}, "times": {"mean_fit_time": [0.3180983543395996], "std_fit_time": [0.05508861148178206], "mean_score_time": [0.03854670524597168], "std_score_time": [0.018442319795053206]}, "score": 0.8333333333333333}}