{"[NN]NeuralNetwork": {"params": {"classification__epochs": 20, "classification__batch_size": 25}, "times": {"mean_fit_time": [4.193897438049317, 3.0384520053863526, 3.839842128753662, 3.3320921421051026, 3.9963338375091553, 3.2645843505859373, 3.491091585159302, 3.6043630599975587, 2.923976755142212, 3.760436677932739], "std_fit_time": [0.5450511925903726, 0.21781370988849716, 0.5042437063466102, 0.5711133138019403, 0.37196718521748495, 0.34573060275258594, 0.41439554145624563, 0.6496126579027477, 0.3961209834217224, 0.5899071459897413], "mean_score_time": [0.22733016014099122, 0.33484768867492676, 0.2926039695739746, 0.4452073097229004, 0.24616584777832032, 0.3446037769317627, 0.23555307388305663, 0.31913189888000487, 0.4256157875061035, 0.2916994094848633], "std_score_time": [0.04793391646038015, 0.04671794415411669, 0.07994330723525155, 0.2215984913355501, 0.056580867158155475, 0.1362286534589378, 0.025496480899412626, 0.11859902304300524, 0.14038137545552318, 0.06102901148616899]}, "score": 0.8473333333333333}, "RandomForestClassifier": {"params": {"classification__n_estimators": 1000, "classification__min_samples_split": 10, "classification__min_samples_leaf": 2, "classification__max_features": null, "classification__max_depth": 80, "classification__bootstrap": false}, "times": {"mean_fit_time": [0.6303612232208252, 1.6267740726470947, 4.891578435897827, 1.8106423377990724, 5.039942455291748], "std_fit_time": [0.08305585318734603, 0.04186257991202513, 0.2245350577131709, 0.056055277987081736, 0.13354197548659766], "mean_score_time": [0.0018871784210205077, 0.005690765380859375, 0.003913450241088867, 0.004067420959472656, 0.0032506942749023437], "std_score_time": [0.00015291243549921222, 0.0020724370352074935, 0.0015419645130467718, 0.002433871048603826, 0.00048205823205891516]}, "score": 0.992}, "KNeighborsClassifier": {"params": {"classification__weights": "uniform", "classification__n_neighbors": 1, "classification__metric": "minkowski", "classification__leaf_size": 30}, "times": {"mean_fit_time": [0.04845905303955078, 0.05498414039611817, 0.044307613372802736, 0.04074258804321289, 0.034465980529785153], "std_fit_time": [0.010168849836741998, 0.012205155307078384, 0.011889881300285907, 0.012476319709716154, 0.012197709452060201], "mean_score_time": [0.009717226028442383, 0.010060739517211915, 0.010314846038818359, 0.010147190093994141, 0.010765886306762696], "std_score_time": [0.0005979866683478601, 0.0010876211908231264, 0.00121071608688209, 0.0009976845139003355, 0.0004989897431748467]}, "score": 0.9620000000000001}, "ComplementNB": {"params": {"classification__alpha": 0.5}, "times": {"mean_fit_time": [0.00553288459777832, 0.0051135063171386715, 0.005664682388305664, 0.007785797119140625, 0.00919961929321289], "std_fit_time": [0.0014027191925648638, 0.0004909664737545872, 0.0009060296200832418, 0.0013214503174675284, 0.00042282995584067636], "mean_score_time": [0.0012298107147216796, 0.0012925148010253906, 0.0014211654663085938, 0.0015607833862304687, 0.002020597457885742], "std_score_time": [0.0001247942514563491, 2.4020195594212363e-05, 0.00021068111869107332, 5.176211763192209e-05, 0.0001853540925420985]}, "score": 0.744}, "LogisticRegression": {"params": {"classification__solver": "newton-cg", "classification__C": 10}, "times": {"mean_fit_time": [0.6915056705474854, 0.8036448955535889, 1.3102643966674805, 0.8347775936126709, 0.9842007160186768], "std_fit_time": [0.11458631757100793, 0.23264365999255268, 0.3999965061404091, 0.19283066552064537, 0.5285830841537322], "mean_score_time": [0.0033632755279541016, 0.00391683578491211, 0.003029012680053711, 0.0027753829956054686, 0.0021298885345458984], "std_score_time": [0.0008501931728776378, 0.0015690267065990185, 0.0006557667474177093, 0.0009491761867493952, 0.0005737214170157852]}, "score": 0.974}}