{"[NN]NeuralNetwork": {"params": {"classification__epochs": 20, "classification__batch_size": 20}, "times": {"mean_fit_time": [3.8194077968597413, 3.4945322990417482, 2.6370238304138183, 3.373825454711914, 3.5842321872711183, 2.703012561798096, 2.9395901679992678, 3.5134706497192383, 2.883155584335327, 3.2070898532867433], "std_fit_time": [0.2720323749681618, 0.6778392715467961, 0.5770770649812654, 0.5741994021744529, 0.3513861318353042, 0.6458442769668381, 0.7789555299329447, 0.5881585911780998, 0.615885015395324, 0.5596382938825213], "mean_score_time": [0.24080705642700195, 0.2745307445526123, 0.29640893936157225, 0.33254246711730956, 0.2739976406097412, 0.28438434600830076, 0.31575570106506345, 0.27655625343322754, 0.3483300685882568, 0.2376004695892334], "std_score_time": [0.07762675831212759, 0.09070574546184415, 0.0836830049468434, 0.09443089050056022, 0.02779347424352921, 0.031976840424861416, 0.12117025724936446, 0.04221752791218473, 0.11479325629725116, 0.02161336433002033]}, "score": 0.9036825396825398}, "RandomForestClassifier": {"params": {"classification__n_estimators": 1000, "classification__min_samples_split": 5, "classification__min_samples_leaf": 1, "classification__max_features": "sqrt", "classification__max_depth": 20, "classification__bootstrap": false}, "times": {"mean_fit_time": [0.9466008186340332, 4.052075004577636, 1.4377459049224854, 3.790284824371338, 1.3389201641082764], "std_fit_time": [0.13862807488187495, 0.26415249899049814, 0.2395281698070197, 0.05203823347088858, 0.05474688313917419], "mean_score_time": [0.0016422271728515625, 0.003457975387573242, 0.0025667667388916014, 0.004250812530517578, 0.0030893802642822264], "std_score_time": [0.00010161946925057003, 0.0006973749454202258, 0.001512176587522402, 0.0011213159434524888, 0.0014185773977103127]}, "score": 0.9716190476190476}, "KNeighborsClassifier": {"params": {"classification__weights": "uniform", "classification__n_neighbors": 13, "classification__metric": "euclidean", "classification__leaf_size": 20}, "times": {"mean_fit_time": [0.03737006187438965, 0.04764270782470703, 0.03170475959777832, 0.02993474006652832, 0.03166012763977051], "std_fit_time": [0.0076949822953686275, 0.005530115440245842, 0.01362423516824777, 0.009858509980695651, 0.0044619373193786165], "mean_score_time": [0.011024284362792968, 0.01248936653137207, 0.012519645690917968, 0.009420967102050782, 0.009500551223754882], "std_score_time": [0.000419069317858154, 0.001684556875756223, 0.0022597115832352905, 0.0011962028664407119, 0.0013576561327991552]}, "score": 0.8232380952380952}, "ComplementNB": {"params": {"classification__alpha": 0.5}, "times": {"mean_fit_time": [0.0066719532012939455, 0.006270647048950195, 0.006533288955688476, 0.009394216537475585, 0.009140634536743164], "std_fit_time": [0.0017549107995349605, 0.00023609998543005738, 0.000989331867182771, 0.00048177157740495895, 0.0008652492351983474], "mean_score_time": [0.0016707420349121095, 0.0016998291015625, 0.001581287384033203, 0.0020328521728515624, 0.0019922256469726562], "std_score_time": [0.0004116534275402585, 5.285253252882789e-05, 0.0003008263406786843, 0.00015080887122338925, 0.00011278494141524019]}, "score": 0.7979047619047618}, "LogisticRegression": {"params": {"classification__solver": "newton-cg", "classification__C": 100}, "times": {"mean_fit_time": [0.5651155471801758, 0.2734696865081787, 0.6906648635864258, 0.9687335968017579, 0.43424525260925295], "std_fit_time": [0.05090226111135332, 0.13506824969948872, 0.04422223375305715, 0.06809049282994413, 0.13428503775732553], "mean_score_time": [0.0023590087890625, 0.0021411418914794923, 0.003866720199584961, 0.0030796051025390623, 0.002203559875488281], "std_score_time": [0.0006327098796905299, 0.0003296764867531415, 0.0008010369296904673, 0.00076372721950389, 0.00041483603930634504]}, "score": 0.9316190476190476}}