{"[NN]NeuralNetwork": {"params": {"classification__epochs": 15, "classification__batch_size": 20}, "times": {"mean_fit_time": [2.2913469791412355, 2.4508540630340576, 2.033666563034058, 2.2472770690917967, 2.1592742919921877, 2.335303544998169, 2.175092601776123, 2.296099376678467, 2.2393866539001466, 1.746237564086914], "std_fit_time": [0.33156049631814144, 0.3510502726236902, 0.2453143522844129, 0.3395387601582774, 0.3818312541394336, 0.4418272696374195, 0.28798696374736116, 0.48062599103341574, 0.3601553082279505, 0.07972478445373596], "mean_score_time": [0.20481619834899903, 0.23054351806640624, 0.20670843124389648, 0.21534276008605957, 0.1950852394104004, 0.2008791446685791, 0.21780948638916015, 0.2801875114440918, 0.2345060348510742, 0.17001242637634278], "std_score_time": [0.03308836388541598, 0.034338541963527584, 0.03761782601817011, 0.03820092943643658, 0.033509465458906915, 0.048537345063731564, 0.032469720626931084, 0.11210162905803267, 0.02004041972199868, 0.03977920531397301]}, "score": 0.9375}, "RandomForestClassifier": {"params": {"classification__n_estimators": 200, "classification__min_samples_split": 5, "classification__min_samples_leaf": 1, "classification__max_features": "sqrt", "classification__max_depth": null, "classification__bootstrap": false}, "times": {"mean_fit_time": [0.4784064769744873], "std_fit_time": [0.035470855721909146], "mean_score_time": [0.0014153003692626953], "std_score_time": [0.00012851654014657424]}, "score": 1.0}, "KNeighborsClassifier": {"params": {"classification__weights": "distance", "classification__n_neighbors": 11, "classification__metric": "manhattan", "classification__leaf_size": 33}, "times": {"mean_fit_time": [0.03294358253479004], "std_fit_time": [0.0003924509905774648], "mean_score_time": [0.008070278167724609], "std_score_time": [0.0015190860630704506]}, "score": 0.55}, "ComplementNB": {"params": {"classification__alpha": 1.0}, "times": {"mean_fit_time": [0.0037229061126708984], "std_fit_time": [0.0003440306901318363], "mean_score_time": [0.0010947704315185547], "std_score_time": [9.310499192712527e-05]}, "score": 0.925}, "LogisticRegression": {"params": {"classification__solver": "saga", "classification__C": 10}, "times": {"mean_fit_time": [0.3799339771270752], "std_fit_time": [0.020234040757537024], "mean_score_time": [0.033393335342407224], "std_score_time": [0.0034655605986569156]}, "score": 0.6333333333333333}}