{"[NN]NeuralNetwork": {"params": {"classification__epochs": 20, "classification__batch_size": 25}, "times": {"mean_fit_time": [2.7811333656311037, 3.1470683574676515, 3.0496804237365724, 2.6899550437927244, 2.6747071743011475, 2.8280654430389403, 2.889020299911499, 2.3811838626861572, 2.7427831172943113, 2.7453314304351806], "std_fit_time": [0.17458760106973886, 0.4190445419314047, 0.15959151208769978, 0.33728691198723093, 0.3882408859841267, 0.3281618748832973, 0.4477317972339666, 0.16026550114296972, 0.29946156512746236, 0.2876765298909665], "mean_score_time": [0.27385678291320803, 0.29282002449035643, 0.2827581882476807, 0.3367167949676514, 0.3452955722808838, 0.22279281616210939, 0.28202128410339355, 0.27919902801513674, 0.2190943717956543, 0.34908509254455566], "std_score_time": [0.0946660938432518, 0.02597305646762311, 0.043042589649711444, 0.08030646116825521, 0.04754743821707906, 0.024234668074756514, 0.10038632374418632, 0.072050522466837, 0.01986395959529127, 0.07616258656632725]}, "score": 0.9477777777777778}, "RandomForestClassifier": {"params": {"classification__n_estimators": 100, "classification__min_samples_split": 5, "classification__min_samples_leaf": 4, "classification__max_features": "log2", "classification__max_depth": 50, "classification__bootstrap": false}, "times": {"mean_fit_time": [0.08692598342895508], "std_fit_time": [0.005597391516140979], "mean_score_time": [0.0013714313507080078], "std_score_time": [0.0003222334272879322]}, "score": 1.0}, "KNeighborsClassifier": {"params": {"classification__weights": "uniform", "classification__n_neighbors": 19, "classification__metric": "minkowski", "classification__leaf_size": 23}, "times": {"mean_fit_time": [0.020233535766601564], "std_fit_time": [0.0043199033243466484], "mean_score_time": [0.00779876708984375], "std_score_time": [0.00037705207746624594]}, "score": 0.6416666666666666}, "ComplementNB": {"params": {"classification__alpha": 0}, "times": {"mean_fit_time": [0.004787588119506836], "std_fit_time": [0.0010381554299107964], "mean_score_time": [0.0011836051940917968], "std_score_time": [0.0002574163166525404]}, "score": 0.788888888888889}, "LogisticRegression": {"params": {"classification__solver": "saga", "classification__C": 100}, "times": {"mean_fit_time": [0.3565171241760254], "std_fit_time": [0.013679558304050436], "mean_score_time": [0.03479204177856445], "std_score_time": [0.010366493572606359]}, "score": 0.7305555555555555}}