{"[NN]NeuralNetwork": {"params": {"classification__epochs": 5, "classification__batch_size": 25}, "times": {"mean_fit_time": [4.121683931350708, 3.721867227554321, 3.803454065322876, 3.522512340545654, 3.2080451011657716, 3.7280479431152345, 3.3979608058929442, 3.422145462036133, 3.2799487590789793, 3.0664824485778808], "std_fit_time": [0.4343092418578539, 0.9194795522769917, 0.3205679984034151, 0.5324550738452978, 0.5998126728586681, 0.6692126924792163, 0.4326762467316622, 0.6731844309418101, 0.30942924330611027, 0.366063674013805], "mean_score_time": [0.4342642307281494, 0.31757140159606934, 0.5356715202331543, 0.41452760696411134, 0.4144871711730957, 0.282591438293457, 0.24222760200500487, 0.28230605125427244, 0.29126858711242676, 0.26264238357543945], "std_score_time": [0.1831955694940964, 0.04449810165932225, 0.17671328248364482, 0.17188968684704617, 0.22552662268801396, 0.17201297747160846, 0.08074317404383322, 0.051138314656646165, 0.08475740980936147, 0.07508172884922326]}, "score": 0.9705555555555556}, "RandomForestClassifier": {"params": {"classification__n_estimators": 500, "classification__min_samples_split": 2, "classification__min_samples_leaf": 2, "classification__max_features": null, "classification__max_depth": 10, "classification__bootstrap": true}, "times": {"mean_fit_time": [0.2378641128540039, 2.29325213432312, 2.17903995513916], "std_fit_time": [0.02659965575899958, 0.030258559506325507, 0.0581347382282744], "mean_score_time": [0.0013815879821777344, 0.005316686630249023, 0.0049878120422363285], "std_score_time": [5.6746707159198164e-05, 0.002803084249041435, 0.0010223833539699375]}, "score": 1.0}, "KNeighborsClassifier": {"params": {"classification__weights": "uniform", "classification__n_neighbors": 3, "classification__metric": "euclidean", "classification__leaf_size": 16}, "times": {"mean_fit_time": [0.04922981262207031, 0.045197582244873045, 0.037972211837768555], "std_fit_time": [0.012270808147435608, 0.008567065255569023, 0.01156878882095314], "mean_score_time": [0.008799505233764649, 0.008127689361572266, 0.009599590301513672], "std_score_time": [0.0013089252030499226, 0.001665206324440056, 0.0014852374175167834]}, "score": 0.9475}, "ComplementNB": {"params": {"classification__alpha": 0}, "times": {"mean_fit_time": [0.004505157470703125, 0.006292867660522461, 0.006791067123413086], "std_fit_time": [0.0005533036834226303, 0.001207022838720311, 0.0009589684809172284], "mean_score_time": [0.00135498046875, 0.001593637466430664, 0.0016354084014892577], "std_score_time": [0.00017659755407586607, 0.00024732175910202034, 0.00020888023568430364]}, "score": 0.865}, "LogisticRegression": {"params": {"classification__solver": "saga", "classification__C": 100}, "times": {"mean_fit_time": [0.7650259494781494, 0.7492937564849853, 0.9001220226287842], "std_fit_time": [0.17302147078764532, 0.11885518347261996, 0.06585364286863611], "mean_score_time": [0.033793401718139646, 0.04147238731384277, 0.033881521224975585], "std_score_time": [0.00508765814284024, 0.009432767892933623, 0.006588514623112571]}, "score": 0.8075000000000001}}