{"[NN]NeuralNetwork": {"params": {"classification__epochs": 20, "classification__batch_size": 25}, "times": {"mean_fit_time": [3.538220024108887, 3.4200805187225343, 3.1045735359191893, 3.281789779663086, 3.5148677825927734, 2.9505045413970947, 3.1163992404937746, 3.1605003833770753, 2.6633158683776856, 3.3037641525268553], "std_fit_time": [0.5122449121393202, 0.272311135058837, 0.5569360499193564, 0.15835541572037098, 0.3502957538729261, 0.28648005282803696, 0.34439999618021444, 0.39234853742375064, 0.31139939846840187, 0.3247432191880728], "mean_score_time": [0.22684817314147948, 0.2400513172149658, 0.22299933433532715, 0.21797404289245606, 0.2216763973236084, 0.26134891510009767, 0.23849921226501464, 0.20718250274658204, 0.1924126625061035, 0.19075946807861327], "std_score_time": [0.01830838182273241, 0.04891311705018742, 0.024088769685394168, 0.025300821550064603, 0.0423199494780209, 0.09842073151663479, 0.04320469548190583, 0.09553393804554296, 0.024711825207663386, 0.0035231076321385803]}, "score": 0.8428333333333334}, "RandomForestClassifier": {"params": {"classification__n_estimators": 50, "classification__min_samples_split": 5, "classification__min_samples_leaf": 1, "classification__max_features": "sqrt", "classification__max_depth": null, "classification__bootstrap": true}, "times": {"mean_fit_time": [0.08182373046875], "std_fit_time": [0.005884929635066505], "mean_score_time": [0.0014542102813720702], "std_score_time": [0.0002701498437114091]}, "score": 0.9800000000000001}, "KNeighborsClassifier": {"params": {"classification__weights": "uniform", "classification__n_neighbors": 19, "classification__metric": "minkowski", "classification__leaf_size": 20}, "times": {"mean_fit_time": [0.025849056243896485], "std_fit_time": [0.013053041166524077], "mean_score_time": [0.006869268417358398], "std_score_time": [0.0013956090148477397]}, "score": 0.9233333333333332}, "ComplementNB": {"params": {"classification__alpha": 1.0}, "times": {"mean_fit_time": [0.0041473388671875], "std_fit_time": [0.000288198555953842], "mean_score_time": [0.0010327339172363282], "std_score_time": [0.00011420639166838971]}, "score": 0.6933333333333332}, "LogisticRegression": {"params": {"classification__solver": "saga", "classification__C": 100}, "times": {"mean_fit_time": [0.6881354331970215], "std_fit_time": [0.03404161199182522], "mean_score_time": [0.031402206420898436], "std_score_time": [0.009839257170521502]}, "score": 0.82}}