{"[NN]NeuralNetwork": {"params": {"classification__epochs": 20, "classification__batch_size": 25}, "times": {"mean_fit_time": [2.688425159454346, 2.5215268611907957, 2.5512415885925295, 2.6574527263641357, 2.605879306793213, 2.4716037273406983, 2.002607536315918, 2.2250618934631348, 1.992363405227661, 2.1753823280334474], "std_fit_time": [0.44357629832336726, 0.4138194934458902, 0.2931432800096452, 0.4819218289964639, 0.28304728541754054, 0.3961686958522455, 0.26822058615019173, 0.5264813045193091, 0.3145064262666678, 0.5048252840920294], "mean_score_time": [0.24579520225524903, 0.2536135673522949, 0.2007129192352295, 0.24387454986572266, 0.1748837947845459, 0.2638238906860352, 0.16326708793640138, 0.200742769241333, 0.16489624977111816, 0.19385790824890137], "std_score_time": [0.1093238869575454, 0.09036387002011034, 0.03300688124123278, 0.055344179105981946, 0.013736900185724309, 0.11205011879464753, 0.028595270856339353, 0.06412096144936004, 0.027563443197209266, 0.04287781128531739]}, "score": 0.9477777777777778}, "RandomForestClassifier": {"params": {"classification__n_estimators": 100, "classification__min_samples_split": 5, "classification__min_samples_leaf": 4, "classification__max_features": "log2", "classification__max_depth": 50, "classification__bootstrap": false}, "times": {"mean_fit_time": [0.08579182624816895], "std_fit_time": [0.004430024039035478], "mean_score_time": [0.001451587677001953], "std_score_time": [3.43311495066516e-05]}, "score": 1.0}, "KNeighborsClassifier": {"params": {"classification__weights": "uniform", "classification__n_neighbors": 19, "classification__metric": "minkowski", "classification__leaf_size": 23}, "times": {"mean_fit_time": [0.03313136100769043], "std_fit_time": [0.0013317691519205775], "mean_score_time": [0.005590677261352539], "std_score_time": [0.0006850931049896465]}, "score": 0.6416666666666666}, "ComplementNB": {"params": {"classification__alpha": 0}, "times": {"mean_fit_time": [0.0048372745513916016], "std_fit_time": [0.0018136784798412603], "mean_score_time": [0.000993967056274414], "std_score_time": [7.943597573455353e-05]}, "score": 0.788888888888889}, "LogisticRegression": {"params": {"classification__solver": "saga", "classification__C": 100}, "times": {"mean_fit_time": [0.3527026653289795], "std_fit_time": [0.01730020516693336], "mean_score_time": [0.03030052185058594], "std_score_time": [0.012809943896347724]}, "score": 0.7305555555555555}}