{"[NN]NeuralNetwork": {"params": {"classification__epochs": 20, "classification__batch_size": 25}, "times": {"mean_fit_time": [4.106178331375122, 4.704139614105225, 4.5527300357818605, 3.7866422176361083, 3.8189366817474366, 2.9521235466003417, 3.6363988876342774, 2.840358543395996, 3.2036845684051514, 2.2458026885986326], "std_fit_time": [0.5473512775993363, 0.484808657262633, 0.965705045617712, 0.9898084276245072, 1.007327807025179, 1.2128428893125043, 0.9040114948854393, 0.834427905683165, 0.8604277639702165, 0.11231067294505703], "mean_score_time": [0.44665303230285647, 0.3469808578491211, 0.5343001842498779, 0.3436119079589844, 0.4541808605194092, 0.25626320838928224, 0.38475809097290037, 0.39095258712768555, 0.3776123523712158, 0.22998781204223634], "std_score_time": [0.11735431637481894, 0.13130667552654376, 0.08405051791330113, 0.10109180994159116, 0.14178863298037017, 0.026421406872128003, 0.10450359739169264, 0.13400893692719204, 0.19903642116839748, 0.025034121519324107]}, "score": 0.9888888888888889}, "RandomForestClassifier": {"params": {"classification__n_estimators": 300, "classification__min_samples_split": 10, "classification__min_samples_leaf": 4, "classification__max_features": "log2", "classification__max_depth": 60, "classification__bootstrap": true}, "times": {"mean_fit_time": [5.031758451461792, 1.010526752471924, 0.0567833423614502, 0.8481141567230225, 0.08672957420349121], "std_fit_time": [0.28619232292934565, 0.10056389653554641, 0.011203103424802968, 0.023474217997688084, 0.0033158909988134193], "mean_score_time": [0.003938198089599609, 0.003891468048095703, 0.0014433860778808594, 0.0016582489013671875, 0.0014954566955566405], "std_score_time": [0.0010533929987498155, 0.0032141609099557425, 0.0003285400061189399, 0.0001127714737765506, 0.0002881026512562026]}, "score": 1.0}, "KNeighborsClassifier": {"params": {"classification__weights": "uniform", "classification__n_neighbors": 17, "classification__metric": "euclidean", "classification__leaf_size": 20}, "times": {"mean_fit_time": [0.03693332672119141, 0.025380897521972656, 0.030051374435424806, 0.03705291748046875, 0.043062019348144534], "std_fit_time": [0.016047848298601296, 0.003554485586013068, 0.007707784236994833, 0.007623303230928598, 0.0021966156281656816], "mean_score_time": [0.00974578857421875, 0.009134531021118164, 0.009258365631103516, 0.008055782318115235, 0.008848285675048828], "std_score_time": [0.0017020216627787132, 0.001330050433816614, 0.0007183618273017492, 0.0008002058735741103, 0.0008067008605056758]}, "score": 1.0}, "ComplementNB": {"params": {"classification__alpha": 0.5}, "times": {"mean_fit_time": [0.00582418441772461, 0.0051978111267089845, 0.006304311752319336, 0.005637311935424804, 0.007648324966430664], "std_fit_time": [0.0010019978409309485, 0.0009896629650208027, 0.0010038113672172938, 0.0005787123046678549, 0.0026202655229472776], "mean_score_time": [0.0014599323272705077, 0.0015636444091796874, 0.0015897750854492188, 0.0015871047973632813, 0.0017685413360595704], "std_score_time": [0.00024208340175946335, 0.0002708930151645712, 0.00028746000636712765, 0.0001887380503636774, 0.0003672709682547125]}, "score": 0.99}, "LogisticRegression": {"params": {"classification__solver": "newton-cg", "classification__C": 0.01}, "times": {"mean_fit_time": [0.10305933952331543, 0.22889332771301268, 0.4291670799255371, 0.3966481685638428, 0.6965373992919922], "std_fit_time": [0.05944393699461596, 0.19979610922737373, 0.05401439508761249, 0.2712128991067925, 0.027791726378878424], "mean_score_time": [0.001794719696044922, 0.0018682003021240235, 0.0020188331604003907, 0.0016530513763427734, 0.0030541419982910156], "std_score_time": [0.00026918775713722525, 0.00033761570649316734, 0.0007049069630055873, 8.081420626522983e-05, 0.0012359260219790183]}, "score": 1.0}}