{"[NN]NeuralNetwork": {"params": {"classification__epochs": 15, "classification__batch_size": 20}, "times": {"mean_fit_time": [4.138252210617066, 3.453368139266968, 3.605561923980713, 3.377677297592163, 3.353180265426636, 3.900199556350708, 2.7772544860839843, 2.253404378890991, 2.352795696258545, 2.640256881713867], "std_fit_time": [0.3214471348913337, 0.622863458513519, 0.45046135841938806, 0.40266964099625596, 0.5946794649059989, 0.7451858371817432, 0.2415468137488724, 0.4282487501778685, 0.4412087535489034, 0.5411382684648319], "mean_score_time": [0.2745945930480957, 0.2845874786376953, 0.29943394660949707, 0.26052403450012207, 0.24963583946228027, 0.24768342971801757, 0.1839979648590088, 0.2029269218444824, 0.1707305908203125, 0.22651448249816894], "std_score_time": [0.08640054377060372, 0.07594428671853767, 0.11252737424101515, 0.05873580441308194, 0.08262673751396857, 0.04329186241382366, 0.02759217947326439, 0.09436954046160667, 0.020637815371545656, 0.05244423772392182]}, "score": 0.9375}, "RandomForestClassifier": {"params": {"classification__n_estimators": 200, "classification__min_samples_split": 5, "classification__min_samples_leaf": 1, "classification__max_features": "sqrt", "classification__max_depth": null, "classification__bootstrap": false}, "times": {"mean_fit_time": [0.4764541149139404], "std_fit_time": [0.0064204562795395536], "mean_score_time": [0.0015172481536865235], "std_score_time": [0.00019599906337449733]}, "score": 1.0}, "KNeighborsClassifier": {"params": {"classification__weights": "distance", "classification__n_neighbors": 11, "classification__metric": "manhattan", "classification__leaf_size": 33}, "times": {"mean_fit_time": [0.02670292854309082], "std_fit_time": [0.001288035241438666], "mean_score_time": [0.00659637451171875], "std_score_time": [0.0005416147971372423]}, "score": 0.55}, "ComplementNB": {"params": {"classification__alpha": 1.0}, "times": {"mean_fit_time": [0.003543996810913086], "std_fit_time": [0.00020016472098629344], "mean_score_time": [0.0009929180145263673], "std_score_time": [9.451492264840631e-05]}, "score": 0.925}, "LogisticRegression": {"params": {"classification__solver": "saga", "classification__C": 10}, "times": {"mean_fit_time": [0.3660583019256592], "std_fit_time": [0.018965876744041887], "mean_score_time": [0.032256364822387695], "std_score_time": [0.006427054916062967]}, "score": 0.6333333333333333}}