{"[NN]NeuralNetwork": {"params": {"classification__epochs": 15, "classification__batch_size": 20}, "times": {"mean_fit_time": [3.9901927947998046, 3.9142404556274415, 3.086874771118164, 3.063641977310181, 2.9107613563537598, 2.863687801361084, 2.374312686920166, 3.245500946044922, 2.6388056755065916, 3.099513816833496], "std_fit_time": [0.3713018110740106, 0.6440274970028178, 0.4141404065510804, 0.5165527359836817, 0.2738836046311846, 0.18902911278561757, 0.1546563274483984, 0.5728819330943903, 0.3799277875413149, 0.3615590722838397], "mean_score_time": [0.25136542320251465, 0.26016802787780763, 0.2674717903137207, 0.33550410270690917, 0.2293619155883789, 0.28189911842346194, 0.25377602577209474, 0.2483610153198242, 0.31149563789367674, 0.2553398609161377], "std_score_time": [0.04668486486551919, 0.04400500369912129, 0.07587452439780482, 0.05423321149950961, 0.03205976788304609, 0.066062867050228, 0.08749462994917274, 0.04563075377172776, 0.04368551474235598, 0.08465110867535866]}, "score": 0.99}, "RandomForestClassifier": {"params": {"classification__n_estimators": 1000, "classification__min_samples_split": 2, "classification__min_samples_leaf": 2, "classification__max_features": "sqrt", "classification__max_depth": null, "classification__bootstrap": true}, "times": {"mean_fit_time": [4.759589433670044, 5.141224145889282, 3.212456703186035, 4.26463885307312, 2.6870779514312746], "std_fit_time": [0.5355480890789347, 0.3434258081454605, 0.591548456627402, 0.034686213471595034, 0.047735428533704834], "mean_score_time": [0.0045986175537109375, 0.0043602466583251955, 0.004525279998779297, 0.0035978317260742187, 0.004569196701049804], "std_score_time": [0.001367226112753914, 0.0014567014109105854, 0.0013266498733339792, 0.0008124588853082778, 0.002530140587936141]}, "score": 0.9775}, "KNeighborsClassifier": {"params": {"classification__weights": "uniform", "classification__n_neighbors": 11, "classification__metric": "manhattan", "classification__leaf_size": 30}, "times": {"mean_fit_time": [0.05575714111328125, 0.044916963577270506, 0.028334426879882812, 0.0410423755645752, 0.026816082000732423], "std_fit_time": [0.01882917252982423, 0.014795180357173155, 0.010264539797819097, 0.007878968896233771, 0.012393043325890035], "mean_score_time": [0.01133871078491211, 0.009673690795898438, 0.012159013748168945, 0.009762954711914063, 0.01596221923828125], "std_score_time": [0.003845777070172955, 0.0004462549935176546, 0.0023517868262155025, 0.001180657579716002, 0.006084027419336362]}, "score": 0.9875}, "ComplementNB": {"params": {"classification__alpha": 0.5}, "times": {"mean_fit_time": [0.006284952163696289, 0.005860280990600586, 0.005755996704101563, 0.006732797622680664, 0.0069561958312988285], "std_fit_time": [0.0008794349606087423, 0.0002449283427630235, 0.000407123822578283, 0.0009652163456804478, 0.00015418930433389386], "mean_score_time": [0.0015723228454589844, 0.0016775131225585938, 0.00159912109375, 0.0017156600952148438, 0.0017703056335449218], "std_score_time": [0.00019482684010430814, 4.2398305131858666e-05, 0.00013745830008277837, 0.00019728459608760326, 4.248091903672591e-05]}, "score": 0.9675}, "LogisticRegression": {"params": {"classification__solver": "saga", "classification__C": 100}, "times": {"mean_fit_time": [0.5283904552459717, 0.6759389400482178, 0.5584388732910156, 0.997743558883667, 0.8139676570892334], "std_fit_time": [0.11806506479363298, 0.1323346174809066, 0.09399084766476354, 0.041995837243943235, 0.0390464683551751], "mean_score_time": [0.0037283897399902344, 0.0034984588623046876, 0.0030094146728515624, 0.0026752471923828123, 0.0025638580322265626], "std_score_time": [0.0009284256048964713, 0.0009496306714125095, 0.0012052273121112987, 0.0005138527265671569, 0.0003558467891446456]}, "score": 0.9675}}