{"[NN]NeuralNetwork": {"params": {"classification__epochs": 20, "classification__batch_size": 20}, "times": {"mean_fit_time": [4.213573312759399, 3.661141204833984, 2.5743782043457033, 3.124932622909546, 3.909974956512451, 2.5184082984924316, 2.815301752090454, 3.652838850021362, 2.972988748550415, 3.300623369216919], "std_fit_time": [0.36115511970694303, 0.5559974077469427, 0.48578969471949435, 0.6942392551465452, 0.4975282880283008, 0.3991406892432759, 0.7979139035797405, 0.6693861477549324, 0.5963394623076925, 0.5313097909972834], "mean_score_time": [0.3347936630249023, 0.23062920570373535, 0.34336438179016116, 0.26880388259887694, 0.29146180152893064, 0.29935393333435056, 0.26293301582336426, 0.23239121437072754, 0.3093311309814453, 0.2239912986755371], "std_score_time": [0.04525147278554163, 0.045418864568903074, 0.1089267525063957, 0.07225760987383957, 0.034916238545619524, 0.11809191566455018, 0.07613300855843104, 0.040184088345381674, 0.0769689763133686, 0.0458499707359093]}, "score": 0.9036825396825398}, "RandomForestClassifier": {"params": {"classification__n_estimators": 1000, "classification__min_samples_split": 5, "classification__min_samples_leaf": 1, "classification__max_features": "sqrt", "classification__max_depth": 20, "classification__bootstrap": false}, "times": {"mean_fit_time": [0.9754221916198731, 4.236727142333985, 1.4321284770965577, 3.7495851039886476, 1.371679925918579], "std_fit_time": [0.09662422239331957, 0.21811089397984595, 0.2720838083989084, 0.09513982845785408, 0.06513683470514248], "mean_score_time": [0.0017438411712646484, 0.0028763294219970705, 0.0019617557525634767, 0.004513692855834961, 0.004010343551635742], "std_score_time": [0.0001859756858704768, 3.76790072460384e-05, 0.0006082039241993773, 0.001450505971070539, 0.0014301390369691742]}, "score": 0.9716190476190476}, "KNeighborsClassifier": {"params": {"classification__weights": "uniform", "classification__n_neighbors": 13, "classification__metric": "euclidean", "classification__leaf_size": 20}, "times": {"mean_fit_time": [0.03451628684997558, 0.03485431671142578, 0.03695940971374512, 0.06610116958618165, 0.04436626434326172], "std_fit_time": [0.011766952600445352, 0.0039204453240919215, 0.015366298204882329, 0.014905163832842818, 0.014129110753457968], "mean_score_time": [0.008505821228027344, 0.00909595489501953, 0.010462093353271484, 0.016325092315673827, 0.010999488830566406], "std_score_time": [0.000662782912307271, 0.00044564702843256053, 0.0014800842381727292, 0.006567547926646319, 0.001427675690042435]}, "score": 0.8232380952380952}, "ComplementNB": {"params": {"classification__alpha": 0.5}, "times": {"mean_fit_time": [0.005577182769775391, 0.004943084716796875, 0.005231285095214843, 0.012804937362670899, 0.008495187759399414], "std_fit_time": [0.0002982810088105387, 0.00012719584494436207, 0.0007666631900866151, 0.006229534397759392, 0.0015819127277490051], "mean_score_time": [0.0013998031616210937, 0.0013408184051513672, 0.0014786243438720704, 0.0019111156463623047, 0.001873159408569336], "std_score_time": [8.283244767453418e-05, 2.587666577748748e-05, 0.0003596505946295665, 0.00018840212059083905, 0.000256991986938378]}, "score": 0.7979047619047618}, "LogisticRegression": {"params": {"classification__solver": "newton-cg", "classification__C": 100}, "times": {"mean_fit_time": [0.6928576469421387, 0.26935639381408694, 0.8653798580169678, 1.1374567031860352, 0.4687188625335693], "std_fit_time": [0.08174698047918355, 0.1126110882744761, 0.12037382736071896, 0.2113456049808566, 0.13236555173084988], "mean_score_time": [0.003352642059326172, 0.0022306442260742188, 0.0035210132598876955, 0.002665805816650391, 0.0021407604217529297], "std_score_time": [0.0005622605085892443, 0.0004926225659232798, 0.0005381857477887103, 0.0005915074403493434, 0.00037680627472359417]}, "score": 0.9316190476190476}}