{"[NN]NeuralNetwork": {"params": {"classification__epochs": 20, "classification__batch_size": 20}, "times": {"mean_fit_time": [3.4415378093719484, 3.825808811187744, 3.9113603591918946, 3.668372964859009, 3.519428586959839, 3.6763543128967284, 3.6659080028533935, 3.3285851955413817, 3.3238325119018555, 3.554564619064331], "std_fit_time": [0.4945068933524046, 0.41377029903800355, 0.5107204477596264, 0.41709501082206224, 0.298185241346143, 0.1477241873573798, 0.22573405135546548, 0.4003682305766255, 0.3930829198688415, 0.2131345293266543], "mean_score_time": [0.3047164440155029, 0.4015254020690918, 0.29880561828613283, 0.29128246307373046, 0.2781394004821777, 0.24806737899780273, 0.22975239753723145, 0.21025166511535645, 0.25067873001098634, 0.20998830795288087], "std_score_time": [0.03210011324695439, 0.13202731209846982, 0.07858776534346601, 0.02415639487832256, 0.10021133141012696, 0.014668931993762223, 0.03685690089452505, 0.045440461583305135, 0.05754309209552488, 0.022460258472266216]}, "score": 0.8586666666666666}, "RandomForestClassifier": {"params": {"classification__n_estimators": 300, "classification__min_samples_split": 2, "classification__min_samples_leaf": 4, "classification__max_features": "log2", "classification__max_depth": 40, "classification__bootstrap": true}, "times": {"mean_fit_time": [0.7228572368621826], "std_fit_time": [0.007115113585393194], "mean_score_time": [0.001770353317260742], "std_score_time": [0.00011448289180945072]}, "score": 0.9666666666666666}, "KNeighborsClassifier": {"params": {"classification__weights": "distance", "classification__n_neighbors": 7, "classification__metric": "manhattan", "classification__leaf_size": 20}, "times": {"mean_fit_time": [0.030911922454833984], "std_fit_time": [0.011367323435694278], "mean_score_time": [0.008212709426879882], "std_score_time": [0.000936687553304249]}, "score": 0.21000000000000002}, "ComplementNB": {"params": {"classification__alpha": 0}, "times": {"mean_fit_time": [0.005443954467773437], "std_fit_time": [0.0008153275777033928], "mean_score_time": [0.0015097618103027343], "std_score_time": [0.0002800736892289829]}, "score": 0.6466666666666667}, "LogisticRegression": {"params": {"classification__solver": "saga", "classification__C": 10}, "times": {"mean_fit_time": [0.7031236171722413], "std_fit_time": [0.05715525727647316], "mean_score_time": [0.032376432418823244], "std_score_time": [0.005008388994249102]}, "score": 0.7716666666666667}}