{"[NN]NeuralNetwork": {"params": {"classification__epochs": 15, "classification__batch_size": 20}, "times": {"mean_fit_time": [2.9000282764434813, 2.6877472400665283, 3.062764072418213, 2.444092035293579, 2.6374464988708497, 2.250426149368286, 2.3697713375091554, 1.9261179924011231, 2.4326250553131104, 1.8126176357269288], "std_fit_time": [0.5243874081461039, 0.28549740801696794, 0.4484268404885474, 0.5398758866181912, 0.5051923861518048, 0.3209553095683268, 0.4500262545083413, 0.16171183990552487, 0.5999083914059691, 0.052720839229409656], "mean_score_time": [0.24985599517822266, 0.26970205307006834, 0.2018115520477295, 0.18735575675964355, 0.2027757167816162, 0.22059259414672852, 0.24499211311340333, 0.2131793975830078, 0.2371809959411621, 0.20353960990905762], "std_score_time": [0.03153299299840649, 0.08095937069811224, 0.05155439241419627, 0.040036834482432455, 0.01683076355279952, 0.013250916056479886, 0.02500124307654899, 0.04143153417942823, 0.06458246121790819, 0.009239241988906601]}, "score": 1.0}, "RandomForestClassifier": {"params": {"classification__n_estimators": 10, "classification__min_samples_split": 5, "classification__min_samples_leaf": 2, "classification__max_features": null, "classification__max_depth": 80, "classification__bootstrap": true}, "times": {"mean_fit_time": [0.0472771167755127], "std_fit_time": [0.014037679025107927], "mean_score_time": [0.001257944107055664], "std_score_time": [0.0001491658671188169]}, "score": 1.0}, "KNeighborsClassifier": {"params": {"classification__weights": "distance", "classification__n_neighbors": 9, "classification__metric": "euclidean", "classification__leaf_size": 23}, "times": {"mean_fit_time": [0.03373260498046875], "std_fit_time": [0.010932286160230467], "mean_score_time": [0.005919170379638672], "std_score_time": [0.0008137076038661211]}, "score": 0.375}, "ComplementNB": {"params": {"classification__alpha": 0.5}, "times": {"mean_fit_time": [0.0052032947540283205], "std_fit_time": [0.0033258725792017505], "mean_score_time": [0.00118408203125], "std_score_time": [0.0003089116063532097]}, "score": 0.9}, "LogisticRegression": {"params": {"classification__solver": "sag", "classification__C": 0.1}, "times": {"mean_fit_time": [0.2861309051513672], "std_fit_time": [0.02154479735944307], "mean_score_time": [0.031334543228149415], "std_score_time": [0.006305253177630665]}, "score": 0.8333333333333333}}