{"[NN]NeuralNetwork": {"params": {"classification__epochs": 15, "classification__batch_size": 20}, "times": {"mean_fit_time": [3.5255033493041994, 3.332184982299805, 4.207316923141479, 4.060150480270385, 3.683214807510376, 4.04718246459961, 3.38842887878418, 3.5346227169036863, 4.463758850097657, 4.331673955917358], "std_fit_time": [0.6455610998056107, 0.6174763851510968, 1.2657515588629855, 1.5049849521218506, 0.6481003999245333, 0.9390989726046794, 0.5135710621966685, 0.34978882122833277, 0.7119380527634024, 0.9886376933922787], "mean_score_time": [0.3442795753479004, 0.33309154510498046, 0.4584024429321289, 0.39368209838867185, 0.3306291580200195, 0.32990427017211915, 0.39594531059265137, 0.3292550086975098, 0.3425811767578125, 0.39661593437194825], "std_score_time": [0.08396901489955216, 0.0658462643302203, 0.28295763278793296, 0.09819042179123072, 0.13746008744945562, 0.06897320584665985, 0.09760177775997055, 0.06288834894241609, 0.11041070406410104, 0.060475304937104936]}, "score": 1.0}, "RandomForestClassifier": {"params": {"classification__n_estimators": 10, "classification__min_samples_split": 5, "classification__min_samples_leaf": 2, "classification__max_features": null, "classification__max_depth": 80, "classification__bootstrap": true}, "times": {"mean_fit_time": [0.04412064552307129], "std_fit_time": [0.000616901199099806], "mean_score_time": [0.0011511802673339843], "std_score_time": [6.725138582510359e-05]}, "score": 1.0}, "KNeighborsClassifier": {"params": {"classification__weights": "distance", "classification__n_neighbors": 9, "classification__metric": "euclidean", "classification__leaf_size": 23}, "times": {"mean_fit_time": [0.03330106735229492], "std_fit_time": [0.008823665514190546], "mean_score_time": [0.006177663803100586], "std_score_time": [0.0004996187018040091]}, "score": 0.375}, "ComplementNB": {"params": {"classification__alpha": 0.5}, "times": {"mean_fit_time": [0.003397512435913086], "std_fit_time": [0.00012938064009173836], "mean_score_time": [0.0009688377380371094], "std_score_time": [0.00011317422316994772]}, "score": 0.9}, "LogisticRegression": {"params": {"classification__solver": "sag", "classification__C": 0.1}, "times": {"mean_fit_time": [0.29053506851196287], "std_fit_time": [0.021116282323013397], "mean_score_time": [0.03014998435974121], "std_score_time": [0.009189740271927168]}, "score": 0.8333333333333333}}