{"[NN]NeuralNetwork": {"params": {"classification__epochs": 20, "classification__batch_size": 25}, "times": {"mean_fit_time": [3.768521022796631, 3.3345765590667726, 3.3127681732177736, 3.006981897354126, 3.2695900917053224, 3.5719597816467283, 2.7441409111022947, 2.471778631210327, 2.886754035949707, 3.4974132537841798], "std_fit_time": [0.45086992600745035, 0.11196615722397356, 0.38189841209223513, 0.20968033780951925, 0.4717589954828494, 0.10550444638476097, 0.49732579218184475, 0.5710587662621469, 0.5481428637278211, 0.6191814310323616], "mean_score_time": [0.3013617515563965, 0.3045030117034912, 0.25139331817626953, 0.37577109336853026, 0.3274404525756836, 0.2750247478485107, 0.1975245952606201, 0.2141244888305664, 0.19698123931884765, 0.2404561996459961], "std_score_time": [0.1307021177461019, 0.0860224451112752, 0.06068643260498648, 0.10365515430259732, 0.10008401352918858, 0.043729501740939584, 0.015981649321986202, 0.06463982244641327, 0.028956789431879938, 0.036473212922700914]}, "score": 0.9888888888888889}, "RandomForestClassifier": {"params": {"classification__n_estimators": 300, "classification__min_samples_split": 10, "classification__min_samples_leaf": 4, "classification__max_features": "log2", "classification__max_depth": 60, "classification__bootstrap": true}, "times": {"mean_fit_time": [4.604769277572632, 0.8042470455169678, 0.054929590225219725, 0.9415600776672364, 0.09822297096252441], "std_fit_time": [0.1880288554453403, 0.06394511706155664, 0.004058560407513631, 0.07426532154844118, 0.02444314996524722], "mean_score_time": [0.004277324676513672, 0.0016099929809570313, 0.0014607906341552734, 0.001980304718017578, 0.0018077850341796874], "std_score_time": [0.0009018180104020177, 0.00010542430678764356, 0.0003038548402166643, 0.0004045389328024132, 0.0002786747318593743]}, "score": 1.0}, "KNeighborsClassifier": {"params": {"classification__weights": "uniform", "classification__n_neighbors": 17, "classification__metric": "euclidean", "classification__leaf_size": 20}, "times": {"mean_fit_time": [0.06749100685119629, 0.02975468635559082, 0.03120698928833008, 0.02850451469421387, 0.030790233612060548], "std_fit_time": [0.006630550524192361, 0.011758675827281852, 0.015175807493718536, 0.003483727646997896, 0.006047214900274826], "mean_score_time": [0.011040449142456055, 0.009271526336669922, 0.009520864486694336, 0.009074783325195313, 0.009274148941040039], "std_score_time": [0.0017899754761058265, 0.0003445515431590529, 0.0005782241810719106, 0.000922930688314452, 0.0005406212354106627]}, "score": 1.0}, "ComplementNB": {"params": {"classification__alpha": 0.5}, "times": {"mean_fit_time": [0.005528688430786133, 0.00451045036315918, 0.004660129547119141, 0.006579208374023438, 0.005847120285034179], "std_fit_time": [0.001976011601423492, 0.0009300893086472627, 0.0004113576634069923, 0.0018644535656287362, 0.0013627765274992008], "mean_score_time": [0.0013068675994873046, 0.0013207435607910157, 0.0013531684875488282, 0.001611042022705078, 0.00148773193359375], "std_score_time": [0.0002193007528021518, 0.00025538312021395617, 0.00013800219318500052, 0.00030213823941289074, 0.0002739220097427943]}, "score": 0.99}, "LogisticRegression": {"params": {"classification__solver": "newton-cg", "classification__C": 0.01}, "times": {"mean_fit_time": [0.1266098976135254, 0.20740809440612792, 0.3923642158508301, 0.3802046775817871, 0.7146608829498291], "std_fit_time": [0.10472912544032391, 0.1576787350332497, 0.03230237510444558, 0.2633030957290592, 0.05526664384710231], "mean_score_time": [0.0017143726348876954, 0.0019646167755126955, 0.0018311023712158203, 0.001656484603881836, 0.0024671554565429688], "std_score_time": [0.00036127118473717806, 0.0005826187044809431, 0.00020101745549110675, 0.00016624579958699748, 0.00043986582789894016]}, "score": 1.0}}