{"[NN]NeuralNetwork": {"params": {"classification__epochs": 15, "classification__batch_size": 20}, "times": {"mean_fit_time": [4.355505752563476, 4.2105316638946535, 4.100347566604614, 3.6264094352722167, 3.8536466121673585, 4.428671884536743, 3.871328258514404, 5.297933530807495, 5.569116830825806, 4.201723051071167], "std_fit_time": [1.016432442795969, 0.9068121216652963, 0.579088119592967, 0.9176491437313244, 0.4624650938816501, 0.3507308234025727, 0.6718208275380563, 0.517345809587648, 0.7575691783979976, 0.44832333278222725], "mean_score_time": [0.4623996734619141, 0.44536795616149905, 0.42516093254089354, 0.5634500026702881, 0.47299962043762206, 0.4490549564361572, 0.5188704013824463, 0.5961524486541748, 0.5507320404052735, 0.4632833957672119], "std_score_time": [0.17831309525154532, 0.09405714979072792, 0.08484711843255667, 0.1507198194518201, 0.0869563850845665, 0.07867665839709835, 0.18030418782589308, 0.11795907938017065, 0.14706012336894517, 0.07873342937711902]}, "score": 0.9375}, "RandomForestClassifier": {"params": {"classification__n_estimators": 200, "classification__min_samples_split": 5, "classification__min_samples_leaf": 1, "classification__max_features": "sqrt", "classification__max_depth": null, "classification__bootstrap": false}, "times": {"mean_fit_time": [0.4892720699310303], "std_fit_time": [0.04388991885049168], "mean_score_time": [0.0017017841339111329], "std_score_time": [0.0002051571799362365]}, "score": 1.0}, "KNeighborsClassifier": {"params": {"classification__weights": "distance", "classification__n_neighbors": 11, "classification__metric": "manhattan", "classification__leaf_size": 33}, "times": {"mean_fit_time": [0.029671192169189453], "std_fit_time": [0.00029193429651856175], "mean_score_time": [0.010178327560424805], "std_score_time": [0.0018964862806461653]}, "score": 0.55}, "ComplementNB": {"params": {"classification__alpha": 1.0}, "times": {"mean_fit_time": [0.003624439239501953], "std_fit_time": [0.0003003411749830786], "mean_score_time": [0.001077127456665039], "std_score_time": [0.00010460783544092623]}, "score": 0.925}, "LogisticRegression": {"params": {"classification__solver": "saga", "classification__C": 10}, "times": {"mean_fit_time": [0.41892099380493164], "std_fit_time": [0.07971616315014236], "mean_score_time": [0.03713870048522949], "std_score_time": [0.006091107412433521]}, "score": 0.6333333333333333}}