{"[NN]NeuralNetwork": {"params": {"classification__epochs": 10, "classification__batch_size": 25}, "times": {"mean_fit_time": [3.794007968902588, 3.125256299972534, 3.2932077407836915, 3.17993540763855, 2.9775133609771727, 3.5805073738098145, 2.8984326362609862, 3.280411720275879, 2.9766977787017823, 3.18291335105896], "std_fit_time": [0.45401520888332114, 0.35568227326408935, 0.573719932263717, 0.17224819746986836, 0.3434678307094272, 0.7192231532821288, 0.3771191942856901, 0.3886156853182042, 0.25203848215100805, 0.2119794703266214], "mean_score_time": [0.31765332221984866, 0.2727405548095703, 0.2940057277679443, 0.3429192066192627, 0.24879813194274902, 0.3668682098388672, 0.2363734245300293, 0.27339797019958495, 0.28670358657836914, 0.23601918220520018], "std_score_time": [0.13159915122361224, 0.03149550272317969, 0.11736995653103342, 0.07649244920750115, 0.044262044163849344, 0.19224635747482874, 0.0739535144191853, 0.06520652279531047, 0.1481169225464872, 0.02496626372432562]}, "score": 0.961111111111111}, "RandomForestClassifier": {"params": {"classification__n_estimators": 300, "classification__min_samples_split": 10, "classification__min_samples_leaf": 4, "classification__max_features": null, "classification__max_depth": 60, "classification__bootstrap": true}, "times": {"mean_fit_time": [0.44897851943969724, 1.395482873916626, 1.3321153163909911], "std_fit_time": [0.05652556260156257, 0.11794539233655361, 0.13863690675936918], "mean_score_time": [0.001550436019897461, 0.0016548633575439453, 0.0020540237426757814], "std_score_time": [7.238051943206165e-05, 7.269069296426655e-05, 0.0003824791487112484]}, "score": 0.9916666666666668}, "KNeighborsClassifier": {"params": {"classification__weights": "uniform", "classification__n_neighbors": 9, "classification__metric": "manhattan", "classification__leaf_size": 23}, "times": {"mean_fit_time": [0.026535844802856444, 0.033151102066040036, 0.032551908493041994], "std_fit_time": [0.006402748390739329, 0.013853737681112267, 0.010154960513453382], "mean_score_time": [0.00962982177734375, 0.012799215316772462, 0.009714841842651367], "std_score_time": [0.0016316904477226488, 0.004370126123504952, 0.00047756280521127754]}, "score": 0.925}, "ComplementNB": {"params": {"classification__alpha": 1.0}, "times": {"mean_fit_time": [0.003870058059692383, 0.004268836975097656, 0.005911016464233398], "std_fit_time": [0.0003953581477796612, 0.0007588776019567675, 0.002101966800322916], "mean_score_time": [0.001114225387573242, 0.0014404296875, 0.0013803005218505859], "std_score_time": [7.721223138321109e-05, 0.00036947251424700303, 0.00020122102082068786]}, "score": 0.8450000000000001}, "LogisticRegression": {"params": {"classification__solver": "newton-cg", "classification__C": 10}, "times": {"mean_fit_time": [0.5097932815551758, 0.14632744789123536, 0.1608837604522705], "std_fit_time": [0.08776391007317481, 0.015011630793280868, 0.027101650040970666], "mean_score_time": [0.03562569618225098, 0.0018187999725341798, 0.0017115116119384766], "std_score_time": [0.017395203132193764, 0.0002033046321041106, 8.761454266819436e-05]}, "score": 0.9691666666666666}}