{"[NN]NeuralNetwork": {"params": {"classification__epochs": 20, "classification__batch_size": 20}, "times": {"mean_fit_time": [3.2728392124176025, 3.2550445079803465, 2.8631208896636964, 3.748247480392456, 3.109068584442139, 3.1714107036590575, 3.039218616485596, 3.2677298545837403, 2.60370774269104, 2.902402400970459], "std_fit_time": [0.5143137511774205, 0.6408430007392422, 0.3600175252622096, 0.7754485626619099, 0.5056152422528692, 0.7283685829685048, 0.8583648952999693, 0.4690833788497696, 0.5041758304199349, 0.4162981220557697], "mean_score_time": [0.36971368789672854, 0.22604269981384278, 0.23326554298400878, 0.25271220207214357, 0.28716344833374025, 0.2293938159942627, 0.22162923812866211, 0.41413130760192873, 0.25604248046875, 0.3264052391052246], "std_score_time": [0.15078447920710752, 0.047732130342170796, 0.04737897128212781, 0.08248609626157427, 0.10616619690871319, 0.05693638903969716, 0.0669392173975777, 0.11793074269699189, 0.07522936912901834, 0.06964872915200902]}, "score": 0.8586666666666666}, "RandomForestClassifier": {"params": {"classification__n_estimators": 300, "classification__min_samples_split": 2, "classification__min_samples_leaf": 4, "classification__max_features": "log2", "classification__max_depth": 40, "classification__bootstrap": true}, "times": {"mean_fit_time": [0.8993376731872559], "std_fit_time": [0.06677769179301223], "mean_score_time": [0.0016931533813476563], "std_score_time": [9.958200357677047e-05]}, "score": 0.9666666666666666}, "KNeighborsClassifier": {"params": {"classification__weights": "distance", "classification__n_neighbors": 7, "classification__metric": "manhattan", "classification__leaf_size": 20}, "times": {"mean_fit_time": [0.02643427848815918], "std_fit_time": [0.0009892170856775147], "mean_score_time": [0.007700777053833008], "std_score_time": [0.0002208887391199597]}, "score": 0.21000000000000002}, "ComplementNB": {"params": {"classification__alpha": 0}, "times": {"mean_fit_time": [0.0048030376434326175], "std_fit_time": [0.00033882213132687674], "mean_score_time": [0.0012041568756103516], "std_score_time": [0.00018604262334188045]}, "score": 0.6466666666666667}, "LogisticRegression": {"params": {"classification__solver": "saga", "classification__C": 10}, "times": {"mean_fit_time": [0.6928662300109864], "std_fit_time": [0.05162414900120544], "mean_score_time": [0.03468952178955078], "std_score_time": [0.0063177892227153165]}, "score": 0.7716666666666667}}