{"[NN]NeuralNetwork": {"params": {"classification__epochs": 10, "classification__batch_size": 20}, "times": {"mean_fit_time": [3.9238622188568115, 3.6496417999267576, 3.496766376495361, 3.05240683555603, 3.3077669620513914, 3.546383428573608, 2.718842792510986, 2.4250904083251954, 3.283166027069092, 2.6549465656280518], "std_fit_time": [0.4451450954034966, 0.24942435756097386, 0.47329527726429216, 0.6923352297828548, 0.87246471965896, 0.4917594115291586, 0.27080576026671044, 0.32358799492565765, 0.5682964622304545, 0.40169118544359017], "mean_score_time": [0.2781697750091553, 0.25017666816711426, 0.23429460525512696, 0.21194052696228027, 0.24855566024780273, 0.28940229415893554, 0.21189479827880858, 0.31041178703308103, 0.19881267547607423, 0.2802266597747803], "std_score_time": [0.03901128897145858, 0.02910770843484746, 0.006881652554748507, 0.045601193479701, 0.043575745936767524, 0.03732436896306912, 0.010843345347468242, 0.08206855363333063, 0.04748905724772942, 0.07060034625230824]}, "score": 0.9574999999999999}, "RandomForestClassifier": {"params": {"classification__n_estimators": 400, "classification__min_samples_split": 5, "classification__min_samples_leaf": 2, "classification__max_features": "log2", "classification__max_depth": 40, "classification__bootstrap": true}, "times": {"mean_fit_time": [1.7261903762817383, 1.279117488861084, 1.2085970401763917], "std_fit_time": [0.28689255436363936, 0.11330562816264791, 0.1719732293108511], "mean_score_time": [0.0025487422943115236, 0.0016219139099121094, 0.0037961959838867187], "std_score_time": [0.0013544521363628944, 5.617121484328175e-05, 0.0018999260695018497]}, "score": 0.9633333333333333}, "KNeighborsClassifier": {"params": {"classification__weights": "uniform", "classification__n_neighbors": 15, "classification__metric": "minkowski", "classification__leaf_size": 26}, "times": {"mean_fit_time": [0.035376787185668945, 0.03979473114013672, 0.030726194381713867], "std_fit_time": [0.014437861468613037, 0.009043811809943516, 0.0051231605497530225], "mean_score_time": [0.009177684783935547, 0.009725427627563477, 0.009455490112304687], "std_score_time": [0.0007331560721703007, 0.001245186671355904, 0.00041220740778992145]}, "score": 0.9166666666666666}, "ComplementNB": {"params": {"classification__alpha": 1.0}, "times": {"mean_fit_time": [0.0047495365142822266, 0.006044340133666992, 0.008562517166137696], "std_fit_time": [0.000882820273307339, 0.0011761484571574188, 0.0011220595326220451], "mean_score_time": [0.001343679428100586, 0.0015973567962646485, 0.0020465850830078125], "std_score_time": [0.00023983891846641922, 0.00026538887705191235, 0.0002657309137729503]}, "score": 0.9283333333333333}, "LogisticRegression": {"params": {"classification__solver": "lbfgs", "classification__C": 0.01}, "times": {"mean_fit_time": [0.5581382274627685, 0.3517282962799072, 0.38174891471862793], "std_fit_time": [0.08171003476631139, 0.06299415606613368, 0.06652138180290001], "mean_score_time": [0.042404699325561526, 0.002852201461791992, 0.002277708053588867], "std_score_time": [0.007581632711799956, 0.0008667937939883983, 0.0006396977897207243]}, "score": 0.9466666666666667}}