{"[NN]NeuralNetwork": {"params": {"classification__epochs": 20, "classification__batch_size": 20}, "times": {"mean_fit_time": [5.205000495910644, 4.9638267993927006, 4.720989608764649, 4.664871406555176, 4.846898460388184, 5.84766321182251, 4.411058759689331, 3.6094831943511965, 5.081296491622925, 4.735266971588135], "std_fit_time": [0.436994164916754, 0.7890766976789253, 0.9883721604340256, 0.58044805391574, 0.36626145680949185, 0.6410084127149916, 0.41942932094100516, 0.9270506335845633, 1.1696487166975937, 0.8333040143257182], "mean_score_time": [0.5240684509277344, 0.5360167503356934, 0.6949703216552734, 0.6478820323944092, 0.5898558616638183, 0.3465744495391846, 0.7070114612579346, 0.7347161293029785, 0.5886693000793457, 0.7019409656524658], "std_score_time": [0.09474022886732467, 0.12147570938804587, 0.14124656082387446, 0.1121926106322145, 0.14843224771697133, 0.12345413952093728, 0.06414584571150021, 0.0942444754764363, 0.09291127111584793, 0.1097000408026114]}, "score": 0.9201111111111111}, "RandomForestClassifier": {"params": {"classification__n_estimators": 400, "classification__min_samples_split": 2, "classification__min_samples_leaf": 2, "classification__max_features": "log2", "classification__max_depth": 20, "classification__bootstrap": false}, "times": {"mean_fit_time": [1.8348958969116211, 1.1624024391174317, 0.9787746906280518, 1.487705612182617, 1.3745436668395996], "std_fit_time": [0.2061624025245647, 0.14311308518989257, 0.06074375718910539, 0.08518013589581858, 0.23329632494287958], "mean_score_time": [0.005300331115722656, 0.0018938064575195312, 0.0016697883605957032, 0.0026040077209472656, 0.0029065608978271484], "std_score_time": [0.0025263434549090006, 0.00022494109511796403, 9.302854657115108e-05, 0.00047924608669648957, 0.000525345803843596]}, "score": 0.9686666666666668}, "KNeighborsClassifier": {"params": {"classification__weights": "uniform", "classification__n_neighbors": 5, "classification__metric": "manhattan", "classification__leaf_size": 30}, "times": {"mean_fit_time": [0.02618541717529297, 0.02005162239074707, 0.04055314064025879, 0.03201141357421875, 0.03147478103637695], "std_fit_time": [0.0047641747139482655, 0.005658791547603852, 0.015760519726560777, 0.01208530709724118, 0.003905578692734858], "mean_score_time": [0.010895681381225587, 0.009344387054443359, 0.01231522560119629, 0.011529111862182617, 0.014110898971557618], "std_score_time": [0.0019236243783208634, 0.0010025728486215356, 0.0015683648020218164, 0.002463781293974775, 0.0003810678570626584]}, "score": 0.9526666666666668}, "ComplementNB": {"params": {"classification__alpha": 0.5}, "times": {"mean_fit_time": [0.0054568290710449215, 0.004630088806152344, 0.006022977828979492, 0.007006263732910157, 0.008490276336669923], "std_fit_time": [0.0012901369158282471, 0.0002803579876295002, 0.0002529343770504438, 0.0005187878405936155, 0.0014198453258380693], "mean_score_time": [0.0013216018676757812, 0.0012747764587402344, 0.0014555931091308593, 0.0015468120574951172, 0.0018104076385498046], "std_score_time": [0.00021068527369093228, 3.719739402326079e-05, 0.00018874889239738603, 0.00016360041767501444, 0.00018451944420035663]}, "score": 0.8606666666666667}, "LogisticRegression": {"params": {"classification__solver": "saga", "classification__C": 0.1}, "times": {"mean_fit_time": [0.8648841857910157, 0.8484283924102783, 0.7985464572906494, 1.5721235275268555, 1.571525764465332], "std_fit_time": [0.13611109334658, 0.1121346177251418, 0.0972025260384069, 0.20522007728615116, 0.14464790834084382], "mean_score_time": [0.003094196319580078, 0.0031797409057617186, 0.0024230480194091797, 0.00364069938659668, 0.004233646392822266], "std_score_time": [0.000751683334499417, 0.00037400741273782036, 0.000662356901892867, 0.0007103654961745037, 0.0011112793390168894]}, "score": 0.7846666666666666}}