{"[NN]NeuralNetwork": {"params": {"classification__epochs": 15, "classification__batch_size": 20}, "times": {"mean_fit_time": [3.7958349704742433, 3.683797073364258, 4.022109508514404, 4.15705509185791, 3.9160510063171388, 4.139527225494385, 4.010067462921143, 4.644002199172974, 3.947863006591797, 4.194024753570557], "std_fit_time": [0.9793824185741835, 0.9938312840370697, 0.6402153827366309, 0.721461571656062, 0.6677105561564799, 1.001200704972938, 0.5742495959124319, 0.630173701647971, 0.4403150578955783, 0.24608999936076018], "mean_score_time": [0.5040390968322754, 0.5075235843658448, 0.4780755519866943, 0.4609676361083984, 0.4929489612579346, 0.5879415988922119, 0.5084609985351562, 0.48859801292419436, 0.5693658828735352, 0.48357515335083007], "std_score_time": [0.13622708117434923, 0.13511901980626617, 0.04403640309055863, 0.09396377706791428, 0.08967998449466877, 0.12575255122966295, 0.09587192965105941, 0.10575177239775417, 0.118422000516871, 0.08845866712021638]}, "score": 1.0}, "RandomForestClassifier": {"params": {"classification__n_estimators": 10, "classification__min_samples_split": 5, "classification__min_samples_leaf": 2, "classification__max_features": null, "classification__max_depth": 80, "classification__bootstrap": true}, "times": {"mean_fit_time": [0.06464028358459473], "std_fit_time": [0.0117563028490246], "mean_score_time": [0.001772928237915039], "std_score_time": [0.00035549668129304304]}, "score": 1.0}, "KNeighborsClassifier": {"params": {"classification__weights": "distance", "classification__n_neighbors": 9, "classification__metric": "euclidean", "classification__leaf_size": 23}, "times": {"mean_fit_time": [0.024109888076782226], "std_fit_time": [0.00495031307909527], "mean_score_time": [0.007505655288696289], "std_score_time": [0.0009562666825692572]}, "score": 0.375}, "ComplementNB": {"params": {"classification__alpha": 0.5}, "times": {"mean_fit_time": [0.0038507461547851564], "std_fit_time": [0.0008785704828806763], "mean_score_time": [0.0010666370391845704], "std_score_time": [0.00035202951376749357]}, "score": 0.9}, "LogisticRegression": {"params": {"classification__solver": "sag", "classification__C": 0.1}, "times": {"mean_fit_time": [0.2789431095123291], "std_fit_time": [0.02646806335108733], "mean_score_time": [0.0385343074798584], "std_score_time": [0.012178748677908564]}, "score": 0.8333333333333333}}