{"[NN]NeuralNetwork": {"params": {"classification__epochs": 20, "classification__batch_size": 20}, "times": {"mean_fit_time": [4.022573804855346, 3.504333734512329, 3.9130772590637206, 3.6314330101013184, 3.3919983386993406, 4.381270408630371, 2.9848228454589845, 2.881181526184082, 4.443033695220947, 3.497505855560303], "std_fit_time": [0.707518033806978, 0.6162047438250409, 0.38868637478590917, 0.4810112818374005, 0.3205183975994606, 0.795630286752661, 0.5319403528818403, 0.599203848779333, 0.6748186482668681, 0.7841023642773245], "mean_score_time": [0.34263973236083983, 0.5139395713806152, 0.3587836265563965, 0.317171049118042, 0.31535067558288576, 0.28218703269958495, 0.30772080421447756, 0.30602302551269533, 0.33087644577026365, 0.2726184844970703], "std_score_time": [0.08653052214447478, 0.3820917990348286, 0.13369891440260107, 0.09552351551468131, 0.12048500060924797, 0.062430729432895876, 0.10035633154109647, 0.044152333764990455, 0.13199971859194867, 0.0983257577711349]}, "score": 0.9201111111111111}, "RandomForestClassifier": {"params": {"classification__n_estimators": 400, "classification__min_samples_split": 2, "classification__min_samples_leaf": 2, "classification__max_features": "log2", "classification__max_depth": 20, "classification__bootstrap": false}, "times": {"mean_fit_time": [2.2263062953948975, 1.5513330936431884, 1.356996488571167, 1.5366568565368652, 1.187555456161499], "std_fit_time": [0.16297907337679432, 0.22864727342939936, 0.19340866025564582, 0.14873980487156893, 0.24810201466734103], "mean_score_time": [0.006041336059570313, 0.0022806644439697264, 0.002136850357055664, 0.0027188777923583983, 0.0031844615936279298], "std_score_time": [0.0009846230142985628, 0.0004583958244488612, 0.0007915205921434678, 0.0002287222584107531, 0.001546168750669589]}, "score": 0.9686666666666668}, "KNeighborsClassifier": {"params": {"classification__weights": "uniform", "classification__n_neighbors": 5, "classification__metric": "manhattan", "classification__leaf_size": 30}, "times": {"mean_fit_time": [0.029044532775878908, 0.038799095153808597, 0.02834186553955078, 0.035989809036254886, 0.03460779190063477], "std_fit_time": [0.006554739536974418, 0.009197279969511024, 0.005191626738034688, 0.011070361315330419, 0.011727660224907031], "mean_score_time": [0.00918593406677246, 0.011096858978271484, 0.009887790679931641, 0.015029335021972656, 0.012474679946899414], "std_score_time": [0.0006133048053471466, 0.0021639405366241544, 0.001002553505500601, 0.0023425749545508147, 0.0019134232383027775]}, "score": 0.9526666666666668}, "ComplementNB": {"params": {"classification__alpha": 0.5}, "times": {"mean_fit_time": [0.007221078872680664, 0.005953168869018555, 0.006537818908691406, 0.006599521636962891, 0.008256769180297852], "std_fit_time": [0.0009652462622990469, 0.0009887628969916253, 0.00155139617294218, 0.0011364180654241808, 0.0007013724251686822], "mean_score_time": [0.0016809940338134766, 0.0016042232513427735, 0.0015905380249023437, 0.0015182971954345703, 0.0017776966094970703], "std_score_time": [0.0002191487034366175, 0.00018113866884790562, 0.000292801211491291, 0.0002583160021968527, 0.00022027133176316581]}, "score": 0.8606666666666667}, "LogisticRegression": {"params": {"classification__solver": "saga", "classification__C": 0.1}, "times": {"mean_fit_time": [0.8552913665771484, 1.1499464988708497, 1.284971284866333, 1.29148325920105, 1.416764783859253], "std_fit_time": [0.08741769313009053, 0.22346957911600274, 0.14564264110470804, 0.12661724310304878, 0.09429758799946679], "mean_score_time": [0.0038010597229003905, 0.006567525863647461, 0.003693389892578125, 0.002984762191772461, 0.003454113006591797], "std_score_time": [0.00034789178967301016, 0.003108277941881048, 0.00044673113106772315, 0.0006599575279460924, 0.0004409085193900836]}, "score": 0.7846666666666666}}