{"[NN]NeuralNetwork": {"params": {"classification__epochs": 20, "classification__batch_size": 25}, "times": {"mean_fit_time": [2.143967294692993, 2.2325053215026855, 2.517145872116089, 2.0915083408355715, 2.4809452056884767, 2.022508907318115, 2.286927604675293, 1.957667303085327, 2.0636473178863524, 2.063089895248413], "std_fit_time": [0.3119828060198052, 0.15064181910111563, 0.16649781127353658, 0.13149864932141678, 0.3130557162159972, 0.2136175582302723, 0.32563191265316, 0.23620029639443546, 0.21450821228516878, 0.2505183527696361], "mean_score_time": [0.16198434829711914, 0.19271235466003417, 0.19986181259155272, 0.22182826995849608, 0.2570979118347168, 0.24789633750915527, 0.23349885940551757, 0.20829062461853026, 0.19091415405273438, 0.23261237144470215], "std_score_time": [0.02211604187471062, 0.06832326846161563, 0.020929069308641808, 0.05664242214193187, 0.06184282605756263, 0.06895458245962309, 0.06072617158094316, 0.03421408788417943, 0.04699540973138368, 0.03208262954673361]}, "score": 0.8916666666666666}, "RandomForestClassifier": {"params": {"classification__n_estimators": 200, "classification__min_samples_split": 10, "classification__min_samples_leaf": 1, "classification__max_features": null, "classification__max_depth": 30, "classification__bootstrap": true}, "times": {"mean_fit_time": [0.7233555316925049], "std_fit_time": [0.01333483611127025], "mean_score_time": [0.001505136489868164], "std_score_time": [0.00010978123213692298]}, "score": 1.0}, "KNeighborsClassifier": {"params": {"classification__weights": "distance", "classification__n_neighbors": 15, "classification__metric": "minkowski", "classification__leaf_size": 40}, "times": {"mean_fit_time": [0.03191771507263184], "std_fit_time": [0.015675785150376834], "mean_score_time": [0.005912971496582031], "std_score_time": [0.000793454744491583]}, "score": 0.575}, "ComplementNB": {"params": {"classification__alpha": 0.5}, "times": {"mean_fit_time": [0.0036157608032226563], "std_fit_time": [0.0003043512515692496], "mean_score_time": [0.000984048843383789], "std_score_time": [9.750493254751747e-05]}, "score": 0.8583333333333332}, "LogisticRegression": {"params": {"classification__solver": "lbfgs", "classification__C": 100}, "times": {"mean_fit_time": [0.10211553573608398], "std_fit_time": [0.014175591718254811], "mean_score_time": [0.0016765594482421875], "std_score_time": [7.861091169827432e-05]}, "score": 0.8333333333333333}}