{"[NN]NeuralNetwork": {"params": {"classification__epochs": 20, "classification__batch_size": 25}, "times": {"mean_fit_time": [4.07898063659668, 4.425974321365357, 3.2098252296447756, 3.4760414123535157, 4.6255286693572994, 4.340761613845825, 4.5071333885192875, 3.4560304641723634, 3.2202834606170656, 4.458696508407593], "std_fit_time": [1.0322659579142877, 1.4575196941143898, 0.5484366132827855, 0.5540137622469824, 0.9694024740036562, 1.126009884230132, 1.2231333258843826, 0.4029591816057551, 0.6562319411805297, 1.1978963402131781], "mean_score_time": [0.2426816463470459, 0.27257418632507324, 0.2902255058288574, 0.3170890808105469, 0.272768497467041, 0.2935924530029297, 0.2531193733215332, 0.23566207885742188, 0.24618687629699706, 0.25828943252563474], "std_score_time": [0.040456788995621905, 0.05123699565791255, 0.039429260949421216, 0.06293326042067389, 0.034506650386211125, 0.05865796048429817, 0.06678030914221, 0.019020723454037176, 0.023084433860388956, 0.07100455117839799]}, "score": 0.921079365079365}, "RandomForestClassifier": {"params": {"classification__n_estimators": 1000, "classification__min_samples_split": 10, "classification__min_samples_leaf": 2, "classification__max_features": "sqrt", "classification__max_depth": 100, "classification__bootstrap": false}, "times": {"mean_fit_time": [0.5218388557434082, 3.9959476947784425, 0.9538970947265625, 3.6270010471343994, 1.025977611541748], "std_fit_time": [0.11848328596053108, 0.20600910824163846, 0.1050683957060068, 0.21526404510685124, 0.10896845466057511], "mean_score_time": [0.0016426563262939454, 0.0034847259521484375, 0.0018182754516601562, 0.0036590099334716797, 0.0021904945373535157], "std_score_time": [0.0004214442725662757, 0.001014952825373421, 0.0001405726617801042, 0.0009310979423463238, 0.00029898589484201986]}, "score": 0.96}, "KNeighborsClassifier": {"params": {"classification__weights": "uniform", "classification__n_neighbors": 15, "classification__metric": "minkowski", "classification__leaf_size": 33}, "times": {"mean_fit_time": [0.036585092544555664, 0.03678112030029297, 0.020580244064331055, 0.037249755859375, 0.03319530487060547], "std_fit_time": [0.007985449142089082, 0.009062774887109654, 0.007007075852471946, 0.007300798409574851, 0.010549632589401078], "mean_score_time": [0.009198904037475586, 0.009671258926391601, 0.00948638916015625, 0.0118255615234375, 0.009345102310180663], "std_score_time": [0.00046555121169841425, 0.001101165960072444, 0.0013173982187994523, 0.003213419325511011, 0.0007537460359727524]}, "score": 0.8100000000000002}, "ComplementNB": {"params": {"classification__alpha": 0.5}, "times": {"mean_fit_time": [0.0045948982238769535, 0.005310630798339844, 0.005646848678588867, 0.006614780426025391, 0.007976436614990234], "std_fit_time": [0.00017922878462017352, 0.0010074375364402526, 0.0016466918440554642, 0.0001807666711503016, 0.0016796229360670318], "mean_score_time": [0.0010561943054199219, 0.0014292240142822266, 0.0015520095825195313, 0.0014301300048828124, 0.0017297744750976562], "std_score_time": [0.00017159984068464108, 0.00024147546869703596, 0.0003273488862272646, 5.537362734409484e-05, 0.0002672133233995813]}, "score": 0.7280000000000001}, "LogisticRegression": {"params": {"classification__solver": "newton-cg", "classification__C": 0.1}, "times": {"mean_fit_time": [0.417204761505127, 0.13170781135559081, 0.5451537132263183, 0.670703935623169, 0.36542062759399413], "std_fit_time": [0.0560344129871724, 0.037637461495543104, 0.041561371056016545, 0.29265237959872065, 0.027843888598988748], "mean_score_time": [0.0023766040802001955, 0.0020782470703125, 0.003265857696533203, 0.0021212100982666016, 0.001889944076538086], "std_score_time": [0.0007536426204460266, 0.00031154959177038345, 0.0009263550829524146, 0.0005360115232982669, 0.00030656687511312967]}, "score": 0.924}}