{"[NN]NeuralNetwork": {"params": {"classification__epochs": 10, "classification__batch_size": 30}, "times": {"mean_fit_time": [4.8070684432983395, 4.335112571716309, 4.762336492538452, 4.350108861923218, 3.798499011993408, 4.853779745101929, 4.042153263092041, 3.2521412849426268, 3.9224875450134276, 3.0682960510253907], "std_fit_time": [1.0507167132059811, 0.4545363426738392, 0.525520110277437, 0.7265619635056121, 0.581300581145179, 0.8125657223897212, 0.8282039314668858, 0.84865889034901, 0.4715830984628107, 0.4543188830902621], "mean_score_time": [0.3213205814361572, 0.41171975135803224, 0.41915302276611327, 0.33519940376281737, 0.4041018486022949, 0.2734095096588135, 0.2088235378265381, 0.24207086563110353, 0.302715539932251, 0.34913182258605957], "std_score_time": [0.08001632665420845, 0.08775604928245354, 0.09314574602380817, 0.1140001910571849, 0.12913978930109576, 0.05588820689830624, 0.0218430656020208, 0.026278692861232324, 0.06120120071878746, 0.17362024176510535]}, "score": 0.9760515873015873}, "RandomForestClassifier": {"params": {"classification__n_estimators": 300, "classification__min_samples_split": 10, "classification__min_samples_leaf": 4, "classification__max_features": "log2", "classification__max_depth": 20, "classification__bootstrap": true}, "times": {"mean_fit_time": [1.4187932014465332, 0.8674512386322022, 0.6434896945953369, 0.9524052619934082, 0.7110425949096679], "std_fit_time": [0.1145946052467937, 0.07090158852030215, 0.04948920451209853, 0.14098114714389795, 0.12807802875453775], "mean_score_time": [0.0017868995666503907, 0.0020208358764648438, 0.0018169403076171875, 0.002258157730102539, 0.001983022689819336], "std_score_time": [0.00019652208154616595, 0.0004983982407803763, 0.00027612014782635454, 0.0013876639968950061, 0.0005380522100782778]}, "score": 0.9775}, "KNeighborsClassifier": {"params": {"classification__weights": "uniform", "classification__n_neighbors": 17, "classification__metric": "minkowski", "classification__leaf_size": 26}, "times": {"mean_fit_time": [0.03216400146484375, 0.03600850105285645, 0.027946901321411134, 0.026067018508911133, 0.031215333938598634], "std_fit_time": [0.014647343525014976, 0.012275530486241401, 0.008593800924673328, 0.005769524314475082, 0.006174390790996283], "mean_score_time": [0.008345603942871094, 0.008243417739868164, 0.010055351257324218, 0.010877084732055665, 0.011732912063598633], "std_score_time": [0.0009636432910129895, 0.0007041985913494608, 0.0033294724233887242, 0.005221284692369974, 0.004233979418142531]}, "score": 0.975}, "ComplementNB": {"params": {"classification__alpha": 0.5}, "times": {"mean_fit_time": [0.005055475234985352, 0.005053853988647461, 0.00413661003112793, 0.0064849376678466795, 0.006731700897216797], "std_fit_time": [0.0007017727558866244, 0.0009748022925806993, 0.00039602812739694454, 0.001420391001269769, 0.0005097352064334486], "mean_score_time": [0.0013271331787109374, 0.001417064666748047, 0.001211071014404297, 0.0017755508422851562, 0.001692485809326172], "std_score_time": [0.00018018985355495995, 0.00033943215604018926, 0.00012128366007647106, 0.0005274246726184056, 0.0001955161090426608]}, "score": 0.9575000000000001}, "LogisticRegression": {"params": {"classification__solver": "newton-cg", "classification__C": 0.01}, "times": {"mean_fit_time": [0.5268774032592773, 0.4821981906890869, 0.4495723724365234, 0.8475278854370117, 0.6492269039154053], "std_fit_time": [0.14690372828375395, 0.093308504183204, 0.1987476443772355, 0.10901911650789672, 0.29066463735462256], "mean_score_time": [0.004111480712890625, 0.0023983001708984377, 0.0030014514923095703, 0.0026915550231933595, 0.002444171905517578], "std_score_time": [0.002433048768315737, 0.0005401433689892674, 0.001821879936368538, 0.0002551706807208776, 0.0005723096949685407]}, "score": 0.9650000000000001}}