{"[NN]NeuralNetwork": {"params": {"classification__epochs": 20, "classification__batch_size": 25}, "times": {"mean_fit_time": [3.928951072692871, 3.5498949527740478, 3.459071969985962, 3.3041012287139893, 4.377018213272095, 3.547599506378174, 3.255788564682007, 3.7151474952697754, 3.2813586235046386, 3.7760729789733887], "std_fit_time": [0.7167185009418742, 0.34031593469309934, 0.5572881939457756, 0.45180952169369226, 0.5316255700560557, 0.35987799634109846, 0.39031191017666317, 0.6791045958840515, 0.39976016268290615, 0.6566362055524856], "mean_score_time": [0.25361809730529783, 0.2408611297607422, 0.26016716957092284, 0.25950002670288086, 0.2241654396057129, 0.2458021640777588, 0.2722361087799072, 0.25217881202697756, 0.2653668880462646, 0.2193833827972412], "std_score_time": [0.037390698094743074, 0.015725793914810816, 0.022287285373357855, 0.025372151007794292, 0.03805346900634773, 0.031638690812988084, 0.02982634639913067, 0.052753339598068036, 0.04237052947587222, 0.0281476526118656]}, "score": 0.8473333333333333}, "RandomForestClassifier": {"params": {"classification__n_estimators": 1000, "classification__min_samples_split": 10, "classification__min_samples_leaf": 2, "classification__max_features": null, "classification__max_depth": 80, "classification__bootstrap": false}, "times": {"mean_fit_time": [0.5464620113372802, 1.6249933242797852, 5.5337996006011965, 1.8225697517395019, 4.854428911209107], "std_fit_time": [0.04286479382413389, 0.10750283236645475, 0.2433894749774513, 0.04687657689725116, 0.12344288480967783], "mean_score_time": [0.0020107269287109376, 0.0045337677001953125, 0.0035544395446777343, 0.004781770706176758, 0.003219461441040039], "std_score_time": [0.0003062651829480121, 0.002300105585772123, 0.0008617458933289752, 0.0019339382403683004, 0.0004891380740295888]}, "score": 0.992}, "KNeighborsClassifier": {"params": {"classification__weights": "uniform", "classification__n_neighbors": 1, "classification__metric": "minkowski", "classification__leaf_size": 30}, "times": {"mean_fit_time": [0.03748488426208496, 0.03494844436645508, 0.056451272964477536, 0.040461158752441405, 0.035406970977783205], "std_fit_time": [0.009682282960605762, 0.013903890751857547, 0.014770152262666146, 0.012765429496105072, 0.004249455262110305], "mean_score_time": [0.010874748229980469, 0.012818145751953124, 0.010706853866577149, 0.011969900131225586, 0.012581682205200196], "std_score_time": [0.0014723122263598698, 0.0010318353450308737, 0.0010434055467398885, 0.0028249631983176225, 0.002003316480461016]}, "score": 0.9620000000000001}, "ComplementNB": {"params": {"classification__alpha": 0.5}, "times": {"mean_fit_time": [0.005051136016845703, 0.00466609001159668, 0.005276632308959961, 0.008020448684692382, 0.00934152603149414], "std_fit_time": [0.0005951506750047106, 0.0002584927153740371, 0.0007276966455901667, 0.0016655135156618318, 0.0032476464552577368], "mean_score_time": [0.001228475570678711, 0.001249408721923828, 0.0015102386474609374, 0.001683807373046875, 0.0019754409790039063], "std_score_time": [6.682657996410123e-05, 2.5801517191499055e-05, 0.00018527290408987672, 0.0003071768762710941, 0.00037830799662135584]}, "score": 0.744}, "LogisticRegression": {"params": {"classification__solver": "newton-cg", "classification__C": 0.01}, "times": {"mean_fit_time": [0.6362466812133789, 0.5923932552337646, 0.9655825138092041, 0.8189363002777099, 1.2334428310394288], "std_fit_time": [0.11001120539083975, 0.1817512268036641, 0.22939878370945915, 0.04774419821966962, 0.3613061158963855], "mean_score_time": [0.0035001277923583985, 0.0023673057556152345, 0.0033039569854736326, 0.002936267852783203, 0.0027514934539794923], "std_score_time": [0.0015704823936247326, 0.0005503097756214757, 0.0013083085341840746, 0.0002933330974244833, 0.0002763427708556326]}, "score": 0.982}}