{"[NN]NeuralNetwork": {"params": {"classification__epochs": 20, "classification__batch_size": 25}, "times": {"mean_fit_time": [4.091872787475586, 3.494907808303833, 3.8153430938720705, 3.233686590194702, 3.53820743560791, 3.3924410820007322, 3.4214242458343507, 2.726915407180786, 3.371211862564087, 2.6524589538574217], "std_fit_time": [0.4375001241790524, 0.3721332674918548, 0.8709696372058272, 0.6801340744629848, 0.7700359978795376, 0.3133638169199695, 0.5671285451485342, 0.5395393700601961, 0.7150469463743923, 0.40222578855564606], "mean_score_time": [0.3871513843536377, 0.37226243019104005, 0.2511913299560547, 0.29640860557556153, 0.28337783813476564, 0.3321989059448242, 0.2575217723846436, 0.25504493713378906, 0.24588365554809571, 0.25083231925964355], "std_score_time": [0.13805226045071475, 0.16039241162327253, 0.011568368730777887, 0.04280879158034764, 0.032950112083707905, 0.06416638441439768, 0.02724444999626929, 0.041953964283135185, 0.03779499440046545, 0.05060360436208744]}, "score": 0.8916666666666666}, "RandomForestClassifier": {"params": {"classification__n_estimators": 200, "classification__min_samples_split": 10, "classification__min_samples_leaf": 1, "classification__max_features": null, "classification__max_depth": 30, "classification__bootstrap": true}, "times": {"mean_fit_time": [0.6890886306762696], "std_fit_time": [0.01066508527932245], "mean_score_time": [0.0017755985260009765], "std_score_time": [0.0001615496987626652]}, "score": 1.0}, "KNeighborsClassifier": {"params": {"classification__weights": "distance", "classification__n_neighbors": 15, "classification__metric": "minkowski", "classification__leaf_size": 40}, "times": {"mean_fit_time": [0.0312838077545166], "std_fit_time": [0.002739662899998412], "mean_score_time": [0.005827808380126953], "std_score_time": [0.000596553560063482]}, "score": 0.575}, "ComplementNB": {"params": {"classification__alpha": 0.5}, "times": {"mean_fit_time": [0.0034203529357910156], "std_fit_time": [0.0002659765867725001], "mean_score_time": [0.0009782791137695312], "std_score_time": [0.00011315561775560205]}, "score": 0.8583333333333332}, "LogisticRegression": {"params": {"classification__solver": "lbfgs", "classification__C": 100}, "times": {"mean_fit_time": [0.10418214797973632], "std_fit_time": [0.02329166269102906], "mean_score_time": [0.00188751220703125], "std_score_time": [0.00023503788679722436]}, "score": 0.8333333333333333}}