{"[NN]NeuralNetwork": {"params": {"classification__epochs": 15, "classification__batch_size": 30}, "times": {"mean_fit_time": [5.309422397613526, 5.681266021728516, 4.330422210693359, 3.8400904655456545, 4.55585355758667, 3.1454283237457275, 3.692856216430664, 3.857939338684082, 4.330760097503662, 5.112098026275635], "std_fit_time": [1.0713907029688365, 0.6171126163692897, 1.2224886630352043, 1.1244423862517314, 1.545532844782197, 0.5958517866417904, 0.44479867970068065, 0.5456547815576919, 0.8825948879093464, 0.9396134215428512], "mean_score_time": [0.412614631652832, 0.5296199321746826, 0.6358209133148194, 0.49774889945983886, 0.6092407703399658, 0.4115769386291504, 0.4667659282684326, 0.36713333129882814, 0.4926273345947266, 0.6164038181304932], "std_score_time": [0.10821868268389893, 0.20597090090962972, 0.23154312096320423, 0.1335409030957663, 0.15774871086603848, 0.1100333192451691, 0.07635620481049091, 0.033483716021452684, 0.09370149863225571, 0.0612516205206516]}, "score": 0.9833116883116884}, "RandomForestClassifier": {"params": {"classification__n_estimators": 400, "classification__min_samples_split": 5, "classification__min_samples_leaf": 1, "classification__max_features": "log2", "classification__max_depth": 50, "classification__bootstrap": false}, "times": {"mean_fit_time": [1.45938138961792, 1.144427728652954, 0.29242610931396484, 1.352769374847412, 0.3476693153381348], "std_fit_time": [0.21111671615820174, 0.050582466359381364, 0.07560235280377023, 0.11882873723125999, 0.049098838845649646], "mean_score_time": [0.002458524703979492, 0.0017757892608642578, 0.0016353130340576172, 0.002254629135131836, 0.0016289710998535155], "std_score_time": [0.0011966081499791962, 6.987729271890033e-05, 0.00020758808718093194, 0.0005794694697440319, 0.00025652459082656687]}, "score": 1.0}, "KNeighborsClassifier": {"params": {"classification__weights": "uniform", "classification__n_neighbors": 11, "classification__metric": "manhattan", "classification__leaf_size": 30}, "times": {"mean_fit_time": [0.033025932312011716, 0.046079397201538086, 0.03936967849731445, 0.03371729850769043, 0.031140661239624022], "std_fit_time": [0.005764344199330414, 0.009685661609495015, 0.0049505582471834515, 0.008292774925114876, 0.0071537152284598445], "mean_score_time": [0.013277912139892578, 0.009930276870727539, 0.009450912475585938, 0.008992385864257813, 0.011198091506958007], "std_score_time": [0.006138947588330968, 0.0023496718818348324, 0.0011529924062976462, 0.0011784537108446083, 0.0017261083371189316]}, "score": 0.9875}, "ComplementNB": {"params": {"classification__alpha": 0.5}, "times": {"mean_fit_time": [0.00611410140991211, 0.005738639831542968, 0.0052697181701660155, 0.006720638275146485, 0.007626819610595703], "std_fit_time": [0.0012702747023436627, 0.0009357013062257745, 0.0009753725505964755, 0.00117570814709851, 0.0013269983975242104], "mean_score_time": [0.0015700340270996093, 0.0015781879425048827, 0.0014376163482666016, 0.001928567886352539, 0.0018511295318603515], "std_score_time": [0.0003461105818385328, 0.000297231752374384, 0.0002668304813796405, 0.00029673867911540573, 0.00036926669151137836]}, "score": 0.9875}, "LogisticRegression": {"params": {"classification__solver": "newton-cg", "classification__C": 0.1}, "times": {"mean_fit_time": [0.6558687210083007, 0.3190791606903076, 0.2483738422393799, 0.3037681579589844, 0.25293583869934083], "std_fit_time": [0.18911609016769163, 0.12350692428937915, 0.109628899966569, 0.10869977757499232, 0.09497791783548111], "mean_score_time": [0.003174448013305664, 0.0019412517547607421, 0.0019896507263183595, 0.0016590118408203124, 0.0018349647521972655], "std_score_time": [0.0022028388947455983, 0.0003170862913212662, 0.0005306355305865787, 7.66972373160534e-05, 0.0001710132842023989]}, "score": 0.9875}}