{"[NN]NeuralNetwork": {"params": {"classification__epochs": 10, "classification__batch_size": 20}, "times": {"mean_fit_time": [4.887109899520874, 4.512288188934326, 4.446296977996826, 4.337751007080078, 4.038117933273315, 4.01588454246521, 4.407862520217895, 3.6877288818359375, 4.085427474975586, 3.849547290802002], "std_fit_time": [0.48957670753001975, 0.5068758064229419, 0.9195158633176117, 0.3941916527906572, 0.6431609209340654, 0.7361547438541579, 0.6746713149848887, 0.3477521415022783, 0.6374609950920156, 0.4693661774294989], "mean_score_time": [0.4885984420776367, 0.41576299667358396, 0.3243508815765381, 0.35656285285949707, 0.2948888301849365, 0.2683753967285156, 0.29162302017211916, 0.3402249336242676, 0.23599166870117189, 0.34766125679016113], "std_score_time": [0.13077400050238722, 0.09655755856968613, 0.14151932586429936, 0.16463634769752003, 0.060950917554325856, 0.0902347012598507, 0.09241157651427356, 0.13018153770937033, 0.030813670415313337, 0.13005533557451257]}, "score": 0.9574999999999999}, "RandomForestClassifier": {"params": {"classification__n_estimators": 400, "classification__min_samples_split": 5, "classification__min_samples_leaf": 2, "classification__max_features": "log2", "classification__max_depth": 40, "classification__bootstrap": true}, "times": {"mean_fit_time": [1.6208635330200196, 1.519563341140747, 1.0730171203613281], "std_fit_time": [0.3456545043256927, 0.3108926690992578, 0.03360693311539256], "mean_score_time": [0.0024046897888183594, 0.0018759727478027343, 0.0016710281372070313], "std_score_time": [0.000981713297854399, 0.00026178084651701174, 0.0002418700445982128]}, "score": 0.9633333333333333}, "KNeighborsClassifier": {"params": {"classification__weights": "uniform", "classification__n_neighbors": 15, "classification__metric": "minkowski", "classification__leaf_size": 26}, "times": {"mean_fit_time": [0.02307581901550293, 0.02735600471496582, 0.02612605094909668], "std_fit_time": [0.0017996699181513731, 0.003675625720801118, 0.0036024632303206833], "mean_score_time": [0.008813905715942382, 0.008254051208496094, 0.008519506454467774], "std_score_time": [0.0006173477085223887, 0.0004874748737090879, 0.00017771130427404917]}, "score": 0.9166666666666666}, "ComplementNB": {"params": {"classification__alpha": 1.0}, "times": {"mean_fit_time": [0.004095745086669922, 0.005165719985961914, 0.006268501281738281], "std_fit_time": [0.00030666933553601545, 0.0006990968851502069, 0.0010424009175058805], "mean_score_time": [0.0012302398681640625, 0.0013826847076416015, 0.0016310691833496093], "std_score_time": [6.394971199223274e-05, 0.00016236137887817682, 0.00020461678635164604]}, "score": 0.9283333333333333}, "LogisticRegression": {"params": {"classification__solver": "lbfgs", "classification__C": 0.01}, "times": {"mean_fit_time": [0.5524320125579834, 0.3462701320648193, 0.3945601940155029], "std_fit_time": [0.07720192377881054, 0.03615109227305827, 0.029002722331793972], "mean_score_time": [0.036555910110473634, 0.002129983901977539, 0.0021013259887695313], "std_score_time": [0.006768415357915362, 0.00048213074155615946, 0.0004776225440856554]}, "score": 0.9366666666666668}}