{"[NN]NeuralNetwork": {"params": {"classification__epochs": 10, "classification__batch_size": 25}, "times": {"mean_fit_time": [2.180639410018921, 2.6698709964752196, 2.0544713020324705, 1.9967706203460693, 1.8573372840881348, 2.4240856647491453, 1.9291104793548584, 1.85561146736145, 1.980490255355835, 2.346935844421387], "std_fit_time": [0.14116018202730432, 0.587738006660694, 0.29644309209095543, 0.2272147745439376, 0.253870168201097, 0.5283166956892873, 0.05305923890823775, 0.17787150388284176, 0.4388014073316298, 0.37804906766845797], "mean_score_time": [0.2785458564758301, 0.27413034439086914, 0.19201765060424805, 0.18813056945800782, 0.25793681144714353, 0.23462324142456054, 0.22857346534729003, 0.1877967357635498, 0.18670082092285156, 0.23382511138916015], "std_score_time": [0.029924949673424493, 0.02949823971571996, 0.02765612677604101, 0.021356421310483705, 0.09109143331001275, 0.07496954932342466, 0.05211376218158998, 0.03331044101900969, 0.033223382394229256, 0.015117588907322555]}, "score": 0.9666666666666666}, "RandomForestClassifier": {"params": {"classification__n_estimators": 100, "classification__min_samples_split": 2, "classification__min_samples_leaf": 4, "classification__max_features": "log2", "classification__max_depth": 20, "classification__bootstrap": true}, "times": {"mean_fit_time": [0.08650107383728027], "std_fit_time": [0.007576918416498305], "mean_score_time": [0.0014933109283447265], "std_score_time": [0.00021113225085091588]}, "score": 1.0}, "KNeighborsClassifier": {"params": {"classification__weights": "uniform", "classification__n_neighbors": 19, "classification__metric": "manhattan", "classification__leaf_size": 26}, "times": {"mean_fit_time": [0.0398775577545166], "std_fit_time": [0.00660014291204584], "mean_score_time": [0.006834077835083008], "std_score_time": [0.0010997434472631567]}, "score": 0.9166666666666666}, "ComplementNB": {"params": {"classification__alpha": 0.5}, "times": {"mean_fit_time": [0.0039618492126464845], "std_fit_time": [0.0005861759670657544], "mean_score_time": [0.001152801513671875], "std_score_time": [0.00015550817050580606]}, "score": 0.9}, "LogisticRegression": {"params": {"classification__solver": "saga", "classification__C": 1.0}, "times": {"mean_fit_time": [0.4065000057220459], "std_fit_time": [0.03274593589220921], "mean_score_time": [0.03554258346557617], "std_score_time": [0.013139255078943151]}, "score": 0.5638888888888889}}