{"[NN]NeuralNetwork": {"params": {"classification__epochs": 5, "classification__batch_size": 25}, "times": {"mean_fit_time": [5.134887599945069, 4.704243612289429, 4.263437223434448, 4.059087181091309, 3.751936197280884, 5.417255020141601, 4.514796543121338, 5.070165967941284, 5.408093595504761, 5.002921056747437], "std_fit_time": [0.7028738498288669, 1.2473542984499002, 0.9906362616199749, 0.714539897198777, 0.6223903243791632, 1.507764571184801, 0.5788721187913329, 0.6811517971580404, 0.46989747149102934, 0.8216795771170156], "mean_score_time": [0.6521272182464599, 0.7902559757232666, 0.39754953384399416, 0.4581103801727295, 0.4384774684906006, 0.35439553260803225, 0.36777582168579104, 0.5826022148132324, 0.6357749462127685, 0.5886350631713867], "std_score_time": [0.2251800732500936, 0.19173030336696584, 0.08159611373563094, 0.1343998437756054, 0.1109305642408856, 0.06553543787845575, 0.0800372278421252, 0.15144725790801256, 0.17101602810724234, 0.18771613146560842]}, "score": 0.9705555555555556}, "RandomForestClassifier": {"params": {"classification__n_estimators": 500, "classification__min_samples_split": 2, "classification__min_samples_leaf": 2, "classification__max_features": null, "classification__max_depth": 10, "classification__bootstrap": true}, "times": {"mean_fit_time": [0.23785219192504883, 2.284950304031372, 2.216077375411987], "std_fit_time": [0.050369862027780536, 0.0797704192578026, 0.08921860565808742], "mean_score_time": [0.001433086395263672, 0.00455021858215332, 0.003111600875854492], "std_score_time": [0.0001257166856980546, 0.0011071655576607017, 0.0005884861982762853]}, "score": 1.0}, "KNeighborsClassifier": {"params": {"classification__weights": "uniform", "classification__n_neighbors": 3, "classification__metric": "euclidean", "classification__leaf_size": 16}, "times": {"mean_fit_time": [0.022239303588867186, 0.017003965377807618, 0.02376832962036133], "std_fit_time": [0.006208008170948277, 0.004096411448670036, 0.005349306244223573], "mean_score_time": [0.00824131965637207, 0.008092164993286133, 0.008220338821411132], "std_score_time": [0.0005906628207173396, 0.0006310044327067189, 0.0008277686864728188]}, "score": 0.9475}, "ComplementNB": {"params": {"classification__alpha": 0}, "times": {"mean_fit_time": [0.00364532470703125, 0.0055428028106689455, 0.0063035011291503905], "std_fit_time": [0.00016924311066463335, 0.001709854483756521, 0.001131375734085017], "mean_score_time": [0.0010994434356689452, 0.0012914180755615235, 0.0015559196472167969], "std_score_time": [3.7695658765107965e-05, 0.00022493418104189698, 0.0003779731780699123]}, "score": 0.865}, "LogisticRegression": {"params": {"classification__solver": "saga", "classification__C": 100}, "times": {"mean_fit_time": [0.5963783264160156, 0.5727909564971924, 0.9955226421356201], "std_fit_time": [0.051417192015588094, 0.07638853637453186, 0.12824178213660817], "mean_score_time": [0.042658233642578126, 0.04613385200500488, 0.038534927368164065], "std_score_time": [0.007409399364313738, 0.01567566133208504, 0.005993051843532988]}, "score": 0.8075000000000001}}