{"[NN]NeuralNetwork": {"params": {"classification__epochs": 15, "classification__batch_size": 20}, "times": {"mean_fit_time": [2.8950238704681395, 3.390501928329468, 2.9420567989349364, 2.8467844009399412, 2.7881285667419435, 2.70390043258667, 2.981737184524536, 2.410921049118042, 2.6784685134887694, 2.417192554473877], "std_fit_time": [0.35343155605551324, 0.6557926527380854, 0.6868263549318008, 0.4806178520036269, 0.2974026237917963, 0.5443146381587323, 0.4340827054952884, 0.42285250410477393, 0.33698280235925576, 0.33090433720316836], "mean_score_time": [0.42905230522155763, 0.3146968364715576, 0.25524392127990725, 0.27025561332702636, 0.2565465927124023, 0.2076509952545166, 0.2918668270111084, 0.22054858207702638, 0.24740447998046874, 0.2878271102905273], "std_score_time": [0.13180591831391955, 0.07413227011651924, 0.06693854472556712, 0.08294997620480067, 0.03588215893635627, 0.040292822424279236, 0.10820227700938025, 0.0625101149227131, 0.08881509905754513, 0.07968003549302881]}, "score": 1.0}, "RandomForestClassifier": {"params": {"classification__n_estimators": 10, "classification__min_samples_split": 5, "classification__min_samples_leaf": 2, "classification__max_features": null, "classification__max_depth": 80, "classification__bootstrap": true}, "times": {"mean_fit_time": [0.04321675300598145], "std_fit_time": [0.0073586910368832635], "mean_score_time": [0.0011631965637207032], "std_score_time": [0.00013418500946998083]}, "score": 1.0}, "KNeighborsClassifier": {"params": {"classification__weights": "distance", "classification__n_neighbors": 9, "classification__metric": "euclidean", "classification__leaf_size": 23}, "times": {"mean_fit_time": [0.022269248962402344], "std_fit_time": [0.0003358787937493422], "mean_score_time": [0.007263565063476562], "std_score_time": [0.0006470813869313646]}, "score": 0.375}, "ComplementNB": {"params": {"classification__alpha": 0.5}, "times": {"mean_fit_time": [0.0034938335418701174], "std_fit_time": [0.00020680793119528198], "mean_score_time": [0.0010257244110107421], "std_score_time": [2.9064153808190754e-05]}, "score": 0.9}, "LogisticRegression": {"params": {"classification__solver": "sag", "classification__C": 0.1}, "times": {"mean_fit_time": [0.2827910900115967], "std_fit_time": [0.019746239185861637], "mean_score_time": [0.040204334259033206], "std_score_time": [0.00719899263579404]}, "score": 0.8333333333333333}}