{"[NN]NeuralNetwork": {"params": {"classification__epochs": 20, "classification__batch_size": 30}, "times": {"mean_fit_time": [3.832892417907715, 4.126273536682129, 4.105040121078491, 3.9429632663726806, 3.9800880432128904, 3.702668237686157, 3.957755422592163, 4.269134569168091, 3.806483745574951, 3.392034912109375], "std_fit_time": [0.5094839846147761, 0.3192621559350477, 0.46947532865364056, 0.45245496742432256, 0.7935312258463934, 0.3272405572483379, 0.2923267207028384, 0.29631857058158845, 0.6047038747408632, 0.41475814043371984], "mean_score_time": [0.2638988494873047, 0.2845483303070068, 0.23577728271484374, 0.2481015682220459, 0.2714233875274658, 0.2558854579925537, 0.2890069007873535, 0.29543514251708985, 0.22131333351135254, 0.25916237831115724], "std_score_time": [0.03358682466885007, 0.038062225085219, 0.07554841068412453, 0.032531674764499155, 0.047662951489185076, 0.06729269197778939, 0.07955187940294754, 0.11148156975462098, 0.03421740613936944, 0.020570488403433736]}, "score": 0.9364761904761905}, "RandomForestClassifier": {"params": {"classification__n_estimators": 10, "classification__min_samples_split": 2, "classification__min_samples_leaf": 4, "classification__max_features": "sqrt", "classification__max_depth": 70, "classification__bootstrap": true}, "times": {"mean_fit_time": [0.22420258522033693, 3.4417440414428713, 0.0471400260925293, 0.04085574150085449, 0.2360842227935791], "std_fit_time": [0.04025564955843034, 0.2700620989996109, 0.006213605460516182, 0.008476874811480146, 0.03878992036084224], "mean_score_time": [0.0014699935913085938, 0.006043243408203125, 0.0017333030700683594, 0.0015068531036376953, 0.0013509750366210937], "std_score_time": [0.0002825602619324506, 0.0008651502887280584, 0.00034998038112638794, 0.0003036353377941938, 0.000123109769115635]}, "score": 0.9786666666666667}, "KNeighborsClassifier": {"params": {"classification__weights": "distance", "classification__n_neighbors": 5, "classification__metric": "manhattan", "classification__leaf_size": 23}, "times": {"mean_fit_time": [0.02895979881286621, 0.030622577667236327, 0.03562493324279785, 0.034995508193969724, 0.03609199523925781], "std_fit_time": [0.005050307613494326, 0.008243790463737142, 0.009725788572101454, 0.008463393310545839, 0.014981009849098129], "mean_score_time": [0.017824792861938478, 0.014753007888793945, 0.012451648712158203, 0.012381410598754883, 0.011186790466308594], "std_score_time": [0.0073779173431571905, 0.00636619278547455, 0.002734782848957259, 0.0019747817372803, 0.0015930568216480437]}, "score": 0.5981904761904762}, "ComplementNB": {"params": {"classification__alpha": 0.5}, "times": {"mean_fit_time": [0.004943561553955078, 0.0050045490264892575, 0.005989170074462891, 0.00861053466796875, 0.009728193283081055], "std_fit_time": [0.00019024591957141553, 0.0008475238860539307, 0.0015944906076543644, 0.001437623238498787, 0.0017688726630717205], "mean_score_time": [0.0015958309173583984, 0.001471567153930664, 0.0015713691711425782, 0.0017620086669921874, 0.002175426483154297], "std_score_time": [0.0005424494272208064, 0.00023151322553408642, 0.00037189084205552274, 0.0002732872107556624, 0.0002089298670337265]}, "score": 0.8933333333333333}, "LogisticRegression": {"params": {"classification__solver": "newton-cg", "classification__C": 10}, "times": {"mean_fit_time": [0.9970134258270263, 0.7454761981964111, 0.412672233581543, 1.0568427085876464, 0.829314136505127], "std_fit_time": [0.07828301374498337, 0.12336452284018988, 0.12149967261851509, 0.14063088151720204, 0.34721006020646256], "mean_score_time": [0.0025818347930908203, 0.0022511005401611326, 0.0020340442657470702, 0.003014373779296875, 0.002006864547729492], "std_score_time": [0.0008820313169319813, 0.0009289830240394365, 0.00027219461362146393, 0.0005828143487705043, 0.00038000285526309743]}, "score": 0.9506666666666665}}