{"[NN]NeuralNetwork": {"params": {"classification__epochs": 20, "classification__batch_size": 25}, "times": {"mean_fit_time": [6.680764961242676, 5.402075672149659, 4.735141372680664, 4.868767499923706, 4.389304304122925, 4.5893724918365475, 4.630462312698365, 4.1362677097320555, 3.6356847286224365, 4.019998455047608], "std_fit_time": [0.6310197188540022, 0.20017796876721342, 0.4446992060831152, 0.8639374728521372, 1.2549146408589635, 0.6508323632674989, 0.8149922971965965, 0.6338634773655558, 1.1110786740822498, 0.5591592856706706], "mean_score_time": [0.4225287914276123, 0.46979622840881347, 0.6631260395050049, 0.5727104187011719, 0.613213300704956, 0.4070137023925781, 0.6681014060974121, 0.40470223426818847, 0.5279211044311524, 0.4487446308135986], "std_score_time": [0.10404449630501053, 0.08082164024028776, 0.3957411080440145, 0.2206459535290497, 0.24508698963196168, 0.09142719343653347, 0.35805087814438435, 0.10904791659892325, 0.12359026794663928, 0.07738724344626952]}, "score": 0.921079365079365}, "RandomForestClassifier": {"params": {"classification__n_estimators": 1000, "classification__min_samples_split": 10, "classification__min_samples_leaf": 2, "classification__max_features": "sqrt", "classification__max_depth": 100, "classification__bootstrap": false}, "times": {"mean_fit_time": [0.41533756256103516, 3.785725545883179, 0.7891885757446289, 3.9946150302886965, 0.8971546649932861], "std_fit_time": [0.04297887601143932, 0.0805955465207316, 0.06364598516989553, 0.08090169683765794, 0.0597038258647288], "mean_score_time": [0.0016763687133789062, 0.004426145553588867, 0.0018608570098876953, 0.004158401489257812, 0.0017987728118896485], "std_score_time": [0.00033755650338682206, 0.0004349233680434402, 0.00036455431019872267, 0.0013917131288383373, 0.00019453218092612464]}, "score": 0.96}, "KNeighborsClassifier": {"params": {"classification__weights": "uniform", "classification__n_neighbors": 15, "classification__metric": "minkowski", "classification__leaf_size": 33}, "times": {"mean_fit_time": [0.03462791442871094, 0.03325505256652832, 0.03785257339477539, 0.03211812973022461, 0.035631322860717775], "std_fit_time": [0.007141446378114215, 0.006532380683130319, 0.004523770463591677, 0.005367449260905713, 0.006432121169631005], "mean_score_time": [0.009934473037719726, 0.009308290481567384, 0.009178686141967773, 0.009827899932861327, 0.009352350234985351], "std_score_time": [0.00044934464150290864, 0.0007974929109201877, 0.0006463885939380858, 0.00039849568028529463, 0.0008058029163747222]}, "score": 0.8100000000000002}, "ComplementNB": {"params": {"classification__alpha": 0.5}, "times": {"mean_fit_time": [0.004882907867431641, 0.004682350158691406, 0.004270362854003906, 0.0067291736602783205, 0.008266353607177734], "std_fit_time": [0.00020118847505862299, 0.0005688998116005467, 0.000383188411209564, 0.00021989842778068287, 0.0014247183370280738], "mean_score_time": [0.0011589527130126953, 0.001222991943359375, 0.0011657238006591796, 0.001463460922241211, 0.001837015151977539], "std_score_time": [0.00011187457436333769, 0.00010417114254560462, 5.43911322825694e-05, 5.906574776336399e-05, 0.00036775198312602106]}, "score": 0.7280000000000001}, "LogisticRegression": {"params": {"classification__solver": "lbfgs", "classification__C": 0.01}, "times": {"mean_fit_time": [0.3379838466644287, 0.15952467918395996, 0.5567955017089844, 1.018704080581665, 0.42214360237121584], "std_fit_time": [0.020202797368723085, 0.07395186649780079, 0.06230155665478083, 0.5893268149215288, 0.016959339716862448], "mean_score_time": [0.002186298370361328, 0.001977968215942383, 0.0027325630187988283, 0.0025297164916992187, 0.00225682258605957], "std_score_time": [0.0006008933977180035, 0.0006727337430581475, 0.0003021490006646373, 0.0007703063890843635, 0.0005693386227825964]}, "score": 0.932}}