{"[NN]NeuralNetwork": {"params": {"classification__epochs": 20, "classification__batch_size": 25}, "times": {"mean_fit_time": [2.3469173908233643, 2.365174579620361, 2.432155418395996, 2.0040549755096437, 2.1368854999542237, 2.0099477767944336, 2.0087657928466798, 1.8827383041381835, 1.7798011779785157, 2.005256414413452], "std_fit_time": [0.3731262451844599, 0.5313382383609974, 0.4403617001544768, 0.2534936189277535, 0.5693518078823129, 0.43570667207466063, 0.1440765288650724, 0.32912824576199196, 0.31536142780247367, 0.6858630980611632], "mean_score_time": [0.16956257820129395, 0.18820953369140625, 0.18050704002380372, 0.21504778861999513, 0.2431286334991455, 0.19108281135559083, 0.19195280075073243, 0.16681838035583496, 0.17780671119689942, 0.18806490898132325], "std_score_time": [0.038962362691451834, 0.03733619305637567, 0.02717667002260035, 0.04569874976168983, 0.02522244397525291, 0.041466604823010136, 0.02624247902636118, 0.026801941558176376, 0.052125231719135454, 0.029312033603055534]}, "score": 0.9477777777777778}, "RandomForestClassifier": {"params": {"classification__n_estimators": 100, "classification__min_samples_split": 5, "classification__min_samples_leaf": 4, "classification__max_features": "log2", "classification__max_depth": 50, "classification__bootstrap": false}, "times": {"mean_fit_time": [0.07584819793701172], "std_fit_time": [0.008433992191643503], "mean_score_time": [0.0012960433959960938], "std_score_time": [0.00018785217566886126]}, "score": 1.0}, "KNeighborsClassifier": {"params": {"classification__weights": "uniform", "classification__n_neighbors": 19, "classification__metric": "minkowski", "classification__leaf_size": 23}, "times": {"mean_fit_time": [0.027490663528442382], "std_fit_time": [0.0083821923378889], "mean_score_time": [0.006159257888793945], "std_score_time": [0.0009739821143554013]}, "score": 0.6416666666666666}, "ComplementNB": {"params": {"classification__alpha": 0}, "times": {"mean_fit_time": [0.0038010120391845704], "std_fit_time": [0.0003320353647767727], "mean_score_time": [0.0009349822998046875], "std_score_time": [0.00011739490670816246]}, "score": 0.788888888888889}, "LogisticRegression": {"params": {"classification__solver": "saga", "classification__C": 100}, "times": {"mean_fit_time": [0.3511038780212402], "std_fit_time": [0.017279938932156947], "mean_score_time": [0.035520315170288086], "std_score_time": [0.005181942385760642]}, "score": 0.7305555555555555}}