{"[NN]NeuralNetwork": {"params": {"classification__epochs": 5, "classification__batch_size": 20}, "times": {"mean_fit_time": [5.814742517471314, 5.381957101821899, 5.731122255325317, 4.667898035049438, 4.449884510040283, 4.193444538116455, 4.6474692821502686, 4.0926343441009525, 5.25151743888855, 4.4143040657043455], "std_fit_time": [0.6259249761577451, 0.5655336377616776, 0.8138018671832428, 0.9734941450638357, 1.3017710215124663, 0.703766379662671, 0.4027625156051651, 0.845682447775941, 0.48646759897223846, 1.0594337797600668], "mean_score_time": [0.6294528484344483, 0.5356089115142822, 0.7057421684265137, 0.5122893810272217, 0.3729886054992676, 0.44288859367370603, 0.42290267944335935, 0.5578229904174805, 0.474821662902832, 0.481809663772583], "std_score_time": [0.1015288092643609, 0.14447259158998974, 0.29475288573403086, 0.14352992386320532, 0.050812848222694225, 0.1458680414195511, 0.11211626024305454, 0.27459775488754307, 0.16965334705999108, 0.2025265075918123]}, "score": 0.9716666666666667}, "RandomForestClassifier": {"params": {"classification__n_estimators": 300, "classification__min_samples_split": 2, "classification__min_samples_leaf": 4, "classification__max_features": "log2", "classification__max_depth": 100, "classification__bootstrap": false}, "times": {"mean_fit_time": [2.4490167140960692, 0.7852104663848877, 0.7851688861846924], "std_fit_time": [0.3162564164377867, 0.03895157049391117, 0.019438292056974563], "mean_score_time": [0.003807353973388672, 0.0017891407012939453, 0.0017200469970703124], "std_score_time": [0.0017308182227339438, 5.377750782292329e-05, 0.00014898506691052784]}, "score": 0.9833333333333332}, "KNeighborsClassifier": {"params": {"classification__weights": "uniform", "classification__n_neighbors": 3, "classification__metric": "manhattan", "classification__leaf_size": 30}, "times": {"mean_fit_time": [0.03228306770324707, 0.029980278015136717, 0.0327357292175293], "std_fit_time": [0.006402091208483716, 0.0061732629413770584, 0.013196769381486586], "mean_score_time": [0.008916234970092774, 0.00807814598083496, 0.008732223510742187], "std_score_time": [0.0008000334222222342, 0.000673692969386113, 0.0010955524868381823]}, "score": 1.0}, "ComplementNB": {"params": {"classification__alpha": 0}, "times": {"mean_fit_time": [0.0043045997619628905, 0.0047821044921875, 0.005546045303344726], "std_fit_time": [0.0008024983707077674, 0.0004434685449603463, 0.0006026500797619982], "mean_score_time": [0.0013054847717285157, 0.0012544631958007813, 0.001340198516845703], "std_score_time": [0.00022696670350584323, 6.822381697727526e-05, 4.799962302816287e-05]}, "score": 0.9283333333333333}, "LogisticRegression": {"params": {"classification__solver": "sag", "classification__C": 10}, "times": {"mean_fit_time": [0.6473635196685791, 0.5056692123413086, 0.7781701564788819], "std_fit_time": [0.14220671307174967, 0.1641806999652685, 0.03295781123826898], "mean_score_time": [0.05337414741516113, 0.04637899398803711, 0.03428668975830078], "std_score_time": [0.014666437341505852, 0.012413021352991055, 0.003425305390247295]}, "score": 0.9041666666666666}}