{"[NN]NeuralNetwork": {"params": {"classification__epochs": 20, "classification__batch_size": 25}, "times": {"mean_fit_time": [3.216880464553833, 3.1141186714172364, 2.6078590869903566, 2.7157589912414553, 2.978680658340454, 2.749749183654785, 2.859897327423096, 2.4460165023803713, 2.7196593284606934, 2.7685595512390138], "std_fit_time": [0.5959601523206405, 0.46075363753275395, 0.36769163124234, 0.6916832169443989, 0.8237642101918415, 0.49607040539388786, 0.8051438789519753, 0.5005853282375442, 0.37111689676663806, 0.7730226010886515], "mean_score_time": [0.2383779525756836, 0.25347213745117186, 0.23050813674926757, 0.22136435508728028, 0.24269447326660157, 0.22014374732971193, 0.26893062591552735, 0.15515799522399903, 0.2068624973297119, 0.21374030113220216], "std_score_time": [0.03364715442378352, 0.050414674502153575, 0.042459901241531525, 0.03719396960025654, 0.029297035660697454, 0.03791735847555536, 0.11435387952377304, 0.029605805079464646, 0.052521085663050256, 0.06146712343542961]}, "score": 0.8428333333333334}, "RandomForestClassifier": {"params": {"classification__n_estimators": 50, "classification__min_samples_split": 5, "classification__min_samples_leaf": 1, "classification__max_features": "sqrt", "classification__max_depth": null, "classification__bootstrap": true}, "times": {"mean_fit_time": [0.07439336776733399], "std_fit_time": [0.005457316441291132], "mean_score_time": [0.0013093948364257812], "std_score_time": [0.00010258583792943708]}, "score": 0.9800000000000001}, "KNeighborsClassifier": {"params": {"classification__weights": "uniform", "classification__n_neighbors": 19, "classification__metric": "minkowski", "classification__leaf_size": 20}, "times": {"mean_fit_time": [0.03288335800170898], "std_fit_time": [2.22522077097924e-05], "mean_score_time": [0.006717824935913086], "std_score_time": [0.00028344171348267116]}, "score": 0.9233333333333332}, "ComplementNB": {"params": {"classification__alpha": 1.0}, "times": {"mean_fit_time": [0.003954648971557617], "std_fit_time": [0.00012903569449895317], "mean_score_time": [0.0009495258331298828], "std_score_time": [0.00010162031949743557]}, "score": 0.6933333333333332}, "LogisticRegression": {"params": {"classification__solver": "saga", "classification__C": 100}, "times": {"mean_fit_time": [0.6888878345489502], "std_fit_time": [0.046240645140913784], "mean_score_time": [0.040618896484375], "std_score_time": [0.009213470793200139]}, "score": 0.82}}