{"[NN]NeuralNetwork": {"params": {"classification__epochs": 20, "classification__batch_size": 25}, "times": {"mean_fit_time": [3.5247970104217528, 4.071869277954102, 3.7095602989196776, 3.601559638977051, 2.790355157852173, 4.0458879470825195, 3.789659786224365, 3.5315110206604006, 3.7623292922973635, 4.070419549942017], "std_fit_time": [0.7612319582784396, 0.48115145128022907, 0.5560852079613253, 0.8924632485630981, 0.41361608549705, 0.5155297478137109, 0.7176274876227683, 0.6181751640099942, 0.5549736795201058, 0.5305721767805742], "mean_score_time": [0.3125431060791016, 0.3209051609039307, 0.23625102043151855, 0.2799995422363281, 0.36966819763183595, 0.24115900993347167, 0.25939579010009767, 0.25441341400146483, 0.20158538818359376, 0.18410968780517578], "std_score_time": [0.11405826066074284, 0.12478338509256164, 0.03599682878947399, 0.12412466021779507, 0.10575747849507876, 0.034681348957337675, 0.07072813418473362, 0.0339268214250259, 0.018368977892032907, 0.016418669036983028]}, "score": 0.9888888888888889}, "RandomForestClassifier": {"params": {"classification__n_estimators": 300, "classification__min_samples_split": 10, "classification__min_samples_leaf": 4, "classification__max_features": "log2", "classification__max_depth": 60, "classification__bootstrap": true}, "times": {"mean_fit_time": [4.779977226257325, 0.9484026432037354, 0.06538448333740235, 1.0149292469024658, 0.06624565124511719], "std_fit_time": [0.3452459569336166, 0.1328009303335548, 0.014672134730488172, 0.09305093883489268, 0.005171527045423661], "mean_score_time": [0.0045340538024902345, 0.001608562469482422, 0.0015727519989013673, 0.0023132801055908204, 0.0013851642608642579], "std_score_time": [0.0010196513843656432, 6.578545391266808e-05, 0.0003486266849905802, 0.0005272574691850577, 0.0001835612743270078]}, "score": 1.0}, "KNeighborsClassifier": {"params": {"classification__weights": "uniform", "classification__n_neighbors": 17, "classification__metric": "euclidean", "classification__leaf_size": 20}, "times": {"mean_fit_time": [0.03548111915588379, 0.04211711883544922, 0.04425792694091797, 0.026750469207763673, 0.0345947265625], "std_fit_time": [0.012328546591116277, 0.018786563158255783, 0.01403028019881262, 0.010061220426148543, 0.007484061984486234], "mean_score_time": [0.011422014236450196, 0.010423803329467773, 0.011132049560546874, 0.01002206802368164, 0.010109329223632812], "std_score_time": [0.0011150539755964573, 0.0008839150170125451, 0.00249468526842718, 0.0016354457289999421, 0.0011260593197132043]}, "score": 1.0}, "ComplementNB": {"params": {"classification__alpha": 0.5}, "times": {"mean_fit_time": [0.004642772674560547, 0.004323482513427734, 0.004611968994140625, 0.0059812068939208984, 0.005494403839111328], "std_fit_time": [0.00021191747389425706, 0.00022541288312255718, 0.0004329602885689785, 0.0017596336400895285, 0.0006761083869246308], "mean_score_time": [0.0011863231658935547, 0.001260995864868164, 0.001272106170654297, 0.001571798324584961, 0.001479768753051758], "std_score_time": [1.889827841274708e-05, 4.174572475637059e-05, 5.331811354269924e-05, 0.00034077522393016594, 0.0002153827891819251]}, "score": 0.99}, "LogisticRegression": {"params": {"classification__solver": "newton-cg", "classification__C": 0.01}, "times": {"mean_fit_time": [0.14062681198120117, 0.19237041473388672, 0.4771100997924805, 0.37903413772583006, 0.7445144176483154], "std_fit_time": [0.09620126756282765, 0.16935834440126096, 0.1105768960240866, 0.25063342867214405, 0.1681297595772525], "mean_score_time": [0.002019023895263672, 0.0015315532684326172, 0.002172422409057617, 0.0018634796142578125, 0.0023362159729003905], "std_score_time": [0.00033064180812418715, 0.00012659837071209528, 0.0005304813577887713, 0.00015695194840639203, 0.0005452395189188402]}, "score": 1.0}}