{"[NN]NeuralNetwork": {"params": {"classification__epochs": 10, "classification__batch_size": 30}, "times": {"mean_fit_time": [2.9631880283355714, 2.58530707359314, 2.4829185009002686, 2.4095342636108397, 2.0568826675415037, 2.473320150375366, 2.6850255489349366, 2.235303592681885, 2.6208930015563965, 2.0379440784454346], "std_fit_time": [0.8897674784103771, 0.5142053004884489, 0.9648646138602597, 0.375762636301549, 0.2619149909127945, 0.28343123761042355, 0.3014071287958505, 0.3530874055637123, 0.31051113214873494, 0.09207003268779983], "mean_score_time": [0.21703705787658692, 0.27828335762023926, 0.19645919799804687, 0.2088313102722168, 0.22514967918395995, 0.2339472770690918, 0.2101111888885498, 0.20385503768920898, 0.21329851150512696, 0.33606438636779784], "std_score_time": [0.05751358619934013, 0.06660216560961497, 0.03304757459500415, 0.03284075913568819, 0.046119370690971065, 0.04939879851909723, 0.025423864398459884, 0.05558125993974626, 0.037395988947834205, 0.06189744502628704]}, "score": 0.9760515873015873}, "RandomForestClassifier": {"params": {"classification__n_estimators": 300, "classification__min_samples_split": 10, "classification__min_samples_leaf": 4, "classification__max_features": "log2", "classification__max_depth": 20, "classification__bootstrap": true}, "times": {"mean_fit_time": [1.6124828815460206, 0.9645639896392822, 0.6351239681243896, 0.890012788772583, 0.5624258041381835], "std_fit_time": [0.22742391521268562, 0.05713480048562784, 0.05702749186093313, 0.06916770699229073, 0.03800931608198459], "mean_score_time": [0.0029538631439208984, 0.001748514175415039, 0.0018244266510009765, 0.0018507003784179687, 0.0017913341522216796], "std_score_time": [0.0014129217554922147, 5.232783251967569e-05, 0.00023922504404707176, 0.0003278311676930582, 7.119637070229867e-05]}, "score": 0.9775}, "KNeighborsClassifier": {"params": {"classification__weights": "uniform", "classification__n_neighbors": 17, "classification__metric": "minkowski", "classification__leaf_size": 26}, "times": {"mean_fit_time": [0.023949480056762694, 0.03144383430480957, 0.0375058650970459, 0.025777339935302734, 0.03347597122192383], "std_fit_time": [0.005059102549498279, 0.01134512482787347, 0.009430963560706159, 0.0054922287383934645, 0.006562664375793722], "mean_score_time": [0.009956598281860352, 0.00959000587463379, 0.011101293563842773, 0.008993101119995118, 0.009404468536376952], "std_score_time": [0.0005182292033985269, 0.0010100392846821094, 0.0013557946766200963, 0.00046565470122448193, 0.00019689266247357242]}, "score": 0.975}, "ComplementNB": {"params": {"classification__alpha": 0.5}, "times": {"mean_fit_time": [0.006692838668823242, 0.005549144744873047, 0.005715703964233399, 0.007304048538208008, 0.008102130889892579], "std_fit_time": [0.0013512072500935918, 0.0014543531793062723, 0.001794096766751269, 0.0004157264940576793, 0.0007866097667833953], "mean_score_time": [0.0016942501068115234, 0.0016529560089111328, 0.0014447689056396485, 0.0017891407012939453, 0.002033853530883789], "std_score_time": [0.00031923631301751504, 0.00032789914432082313, 0.00033454829773790334, 0.00017060020727782506, 0.0002428893343799201]}, "score": 0.9575000000000001}, "LogisticRegression": {"params": {"classification__solver": "newton-cg", "classification__C": 0.01}, "times": {"mean_fit_time": [0.4359090805053711, 0.43082427978515625, 0.4352287292480469, 0.6725173473358155, 0.5584190368652344], "std_fit_time": [0.04978305820525828, 0.021817508813943048, 0.19421040799276337, 0.05392070440958541, 0.2529104428415688], "mean_score_time": [0.0026620864868164063, 0.002723026275634766, 0.001974201202392578, 0.0019158363342285157, 0.0016367435455322266], "std_score_time": [0.0016189192704249454, 0.0015883819102717838, 0.0003948067867498242, 0.0002766497500274572, 0.00024180336596461304]}, "score": 0.9650000000000001}}