{"[NN]NeuralNetwork": {"params": {"classification__epochs": 20, "classification__batch_size": 20}, "times": {"mean_fit_time": [3.4756049633026125, 3.263722848892212, 3.285491371154785, 4.050447750091553, 4.67865252494812, 3.1270450592041015, 3.4775815486907957, 3.6700909614562987, 3.098471975326538, 3.5038819789886473], "std_fit_time": [0.865518458257086, 0.6940430627987954, 0.7494446431554431, 0.8327865860298121, 0.4705593282934406, 0.652092702336162, 0.5520246647264464, 0.7186039288023888, 0.7588016856770788, 0.9710205257155015], "mean_score_time": [0.3486772060394287, 0.33031301498413085, 0.2930551528930664, 0.23370771408081054, 0.20800604820251464, 0.2674586772918701, 0.2779421806335449, 0.2518099308013916, 0.34642863273620605, 0.24554715156555176], "std_score_time": [0.10173687095948356, 0.09390248365646033, 0.031593575399943036, 0.031692278952710436, 0.047324407621576026, 0.07310634033748832, 0.04920762324912144, 0.11054154486839089, 0.14652393100377784, 0.060635447599252594]}, "score": 0.9036825396825398}, "RandomForestClassifier": {"params": {"classification__n_estimators": 1000, "classification__min_samples_split": 5, "classification__min_samples_leaf": 1, "classification__max_features": "sqrt", "classification__max_depth": 20, "classification__bootstrap": false}, "times": {"mean_fit_time": [1.1118220806121826, 4.204547882080078, 1.5292248249053955, 3.7804991722106935, 1.328800916671753], "std_fit_time": [0.21874903371038582, 0.3770008930551906, 0.31228329559513857, 0.08772318049540684, 0.1352117404960251], "mean_score_time": [0.0016951560974121094, 0.0031826972961425783, 0.0034379005432128907, 0.004859495162963867, 0.0033828258514404298], "std_score_time": [0.00017519285316984438, 0.0005853601836437818, 0.0022184395726541867, 0.0014766931393311383, 0.001978528570530826]}, "score": 0.9716190476190476}, "KNeighborsClassifier": {"params": {"classification__weights": "uniform", "classification__n_neighbors": 13, "classification__metric": "euclidean", "classification__leaf_size": 20}, "times": {"mean_fit_time": [0.025449705123901368, 0.024091291427612304, 0.026416921615600587, 0.04587068557739258, 0.041752958297729494], "std_fit_time": [0.0033039359141851378, 0.0021744748217125557, 0.004783012680696601, 0.008905647626616326, 0.006708035367149395], "mean_score_time": [0.01001744270324707, 0.009420633316040039, 0.008764076232910156, 0.012642669677734374, 0.013592386245727539], "std_score_time": [0.0016116635849271136, 0.0006997975122488408, 0.0005286096686442363, 0.002228483352760938, 0.002147571502384475]}, "score": 0.8232380952380952}, "ComplementNB": {"params": {"classification__alpha": 0.5}, "times": {"mean_fit_time": [0.006009340286254883, 0.004802703857421875, 0.005631542205810547, 0.00971083641052246, 0.007489967346191406], "std_fit_time": [0.001381231973931349, 0.00043359306478936216, 0.0014310694210425655, 0.0019364350442666845, 0.0013227826356188171], "mean_score_time": [0.001470804214477539, 0.0013231277465820313, 0.0015697956085205078, 0.002023744583129883, 0.001639413833618164], "std_score_time": [0.00022682973709897518, 0.00019305632008094018, 0.0003966765702150872, 0.00041871783043361313, 0.00017364340527493125]}, "score": 0.7979047619047618}, "LogisticRegression": {"params": {"classification__solver": "newton-cg", "classification__C": 100}, "times": {"mean_fit_time": [0.6664635181427002, 0.24248108863830567, 0.847963285446167, 0.9922997951507568, 0.42677907943725585], "std_fit_time": [0.08343872672452873, 0.09128608394509811, 0.035034874042085835, 0.07553276561528804, 0.10231810295198117], "mean_score_time": [0.003388500213623047, 0.0019103527069091798, 0.0034767627716064454, 0.0025171279907226563, 0.002003192901611328], "std_score_time": [0.0007285035425399401, 0.00021327090829359712, 0.00047085315548939493, 0.0004825032384557317, 0.0003027891924905419]}, "score": 0.9316190476190476}}