{"[NN]NeuralNetwork": {"params": {"classification__epochs": 15, "classification__batch_size": 20}, "times": {"mean_fit_time": [4.2249188899993895, 3.7276135444641114, 4.421058416366577, 3.9232656478881838, 4.831856107711792, 5.411700010299683, 4.1320319175720215, 5.475601243972778, 4.90229640007019, 4.152067708969116], "std_fit_time": [0.7884598646400737, 0.5222644796244187, 0.8025697524750695, 0.7762197866027044, 0.964686512221277, 0.6973446292039911, 1.0753974599482627, 0.49070596481836215, 0.6370344521541239, 0.7819419734789732], "mean_score_time": [0.5409026145935059, 0.4907021999359131, 0.5823898315429688, 0.48947949409484864, 0.47392258644104, 0.4267401218414307, 0.535689115524292, 0.4219939708709717, 0.42148871421813966, 0.4775224208831787], "std_score_time": [0.13903537223957113, 0.14419962495624317, 0.21228138554775972, 0.16037264527353526, 0.11722196584542664, 0.08789390907636634, 0.2026628655100769, 0.11804660959624973, 0.1004598707080574, 0.074865146612723]}, "score": 0.9375}, "RandomForestClassifier": {"params": {"classification__n_estimators": 200, "classification__min_samples_split": 5, "classification__min_samples_leaf": 1, "classification__max_features": "sqrt", "classification__max_depth": null, "classification__bootstrap": false}, "times": {"mean_fit_time": [0.516372537612915], "std_fit_time": [0.053589671360179884], "mean_score_time": [0.0017048835754394532], "std_score_time": [8.425355017457608e-05]}, "score": 1.0}, "KNeighborsClassifier": {"params": {"classification__weights": "distance", "classification__n_neighbors": 11, "classification__metric": "manhattan", "classification__leaf_size": 33}, "times": {"mean_fit_time": [0.025536012649536134], "std_fit_time": [0.0007546211060313336], "mean_score_time": [0.006721305847167969], "std_score_time": [0.00046648853677726823]}, "score": 0.55}, "ComplementNB": {"params": {"classification__alpha": 1.0}, "times": {"mean_fit_time": [0.0032987117767333983], "std_fit_time": [0.0001083491547348503], "mean_score_time": [0.0009077072143554687], "std_score_time": [7.0423440460881e-05]}, "score": 0.925}, "LogisticRegression": {"params": {"classification__solver": "saga", "classification__C": 10}, "times": {"mean_fit_time": [0.44243993759155276], "std_fit_time": [0.06789423051371027], "mean_score_time": [0.03637738227844238], "std_score_time": [0.008904755891095104]}, "score": 0.6333333333333333}}