{"[NN]NeuralNetwork": {"params": {"classification__epochs": 20, "classification__batch_size": 20}, "times": {"mean_fit_time": [3.7907896518707274, 3.515420913696289, 3.2763107299804686, 4.079371118545533, 4.545366811752319, 3.0593605041503906, 3.187327671051025, 4.244921159744263, 3.5247960090637207, 3.083889102935791], "std_fit_time": [0.31101033875762146, 1.035306999036473, 0.8397274931087616, 1.0287632623851892, 0.6676192600873815, 0.8916088475074059, 1.153750046100144, 0.4157741872373946, 0.7982893175871509, 1.1009888325587298], "mean_score_time": [0.47144742012023927, 0.3319002628326416, 0.2816802978515625, 0.4077556610107422, 0.4058865547180176, 0.39110531806945803, 0.25046725273132325, 0.4774509906768799, 0.3836062908172607, 0.2292632579803467], "std_score_time": [0.21171157566523358, 0.09113331671910008, 0.04783538104504843, 0.17833035001609612, 0.17609173502288025, 0.13893936213801727, 0.026599203750872182, 0.12863551165001152, 0.13586581512374712, 0.010882977370804233]}, "score": 0.9036825396825398}, "RandomForestClassifier": {"params": {"classification__n_estimators": 1000, "classification__min_samples_split": 5, "classification__min_samples_leaf": 1, "classification__max_features": "sqrt", "classification__max_depth": 20, "classification__bootstrap": false}, "times": {"mean_fit_time": [1.0551178932189942, 4.078793621063232, 1.4516594409942627, 3.9453832626342775, 1.4066196918487548], "std_fit_time": [0.20608430897529792, 0.31599975513214906, 0.19627113086069276, 0.15017771667697574, 0.044236117612679766], "mean_score_time": [0.00195927619934082, 0.004303789138793946, 0.002749204635620117, 0.003250741958618164, 0.0033707618713378906], "std_score_time": [0.00026706275553861386, 0.0008626892559709316, 0.0008053391403771119, 0.0008879452509237807, 0.0013146366638898345]}, "score": 0.9716190476190476}, "KNeighborsClassifier": {"params": {"classification__weights": "uniform", "classification__n_neighbors": 13, "classification__metric": "euclidean", "classification__leaf_size": 20}, "times": {"mean_fit_time": [0.047662973403930664, 0.0596585750579834, 0.03874382972717285, 0.030142927169799806, 0.03634443283081055], "std_fit_time": [0.013446691430548231, 0.011595451337766079, 0.012424902138320454, 0.01895071634256087, 0.0045210515216718376], "mean_score_time": [0.010743999481201172, 0.012125921249389649, 0.011326074600219727, 0.012320613861083985, 0.013977813720703124], "std_score_time": [0.0013369924624812384, 0.0031598730423045536, 0.0016545018774216287, 0.00377362954319234, 0.005808730456891924]}, "score": 0.8232380952380952}, "ComplementNB": {"params": {"classification__alpha": 0.5}, "times": {"mean_fit_time": [0.007499551773071289, 0.0067670345306396484, 0.005745410919189453, 0.007405614852905274, 0.008452510833740235], "std_fit_time": [0.0003434481855250511, 0.00016207547003352807, 0.0006176297049054341, 0.0008132312779517303, 0.0007416501053490863], "mean_score_time": [0.0018623828887939452, 0.0017401218414306641, 0.0015395641326904296, 0.0015740394592285156, 0.001999044418334961], "std_score_time": [8.810663025974783e-05, 4.90731465648463e-05, 0.000337232258003786, 0.00017145800464384668, 0.00013788466861022655]}, "score": 0.7979047619047618}, "LogisticRegression": {"params": {"classification__solver": "newton-cg", "classification__C": 100}, "times": {"mean_fit_time": [0.5990127563476563, 0.27808666229248047, 0.8685610294342041, 1.031146192550659, 0.4545999526977539], "std_fit_time": [0.08282601581636115, 0.14770188468812337, 0.16379273964405225, 0.12493733953930439, 0.14000165957894464], "mean_score_time": [0.0027256011962890625, 0.0019523143768310548, 0.005248212814331054, 0.003970575332641601, 0.0032378673553466798], "std_score_time": [0.0008149788604132936, 0.0002618820581996962, 0.0016502808744639401, 0.0012891645490183705, 0.0009965130511867743]}, "score": 0.9316190476190476}}