{"[NN]NeuralNetwork": {"params": {"classification__epochs": 5, "classification__batch_size": 25}, "times": {"mean_fit_time": [4.2496583461761475, 3.2944292068481444, 3.5516665458679197, 3.200558090209961, 2.8545955181121827, 3.783235454559326, 3.63786096572876, 3.3136838912963866, 3.1311487674713137, 3.107803392410278], "std_fit_time": [0.18475580938818104, 0.3411741318726076, 0.3632060137370243, 0.5113156097588538, 0.4442683363872645, 0.5592109163563177, 0.6029520641576362, 0.6016359408888592, 0.5726837039841179, 0.2800665192274095], "mean_score_time": [0.40541696548461914, 0.5436028003692627, 0.3288224220275879, 0.3389808177947998, 0.2926950454711914, 0.26023011207580565, 0.21769137382507325, 0.4028308391571045, 0.24152560234069825, 0.27089200019836424], "std_score_time": [0.12125491747859322, 0.2223615933612587, 0.08273083729977836, 0.0717967051572209, 0.08471139863444299, 0.07995050770951004, 0.02241164270793606, 0.18627830502590145, 0.03417195633873677, 0.13347111426617686]}, "score": 0.9705555555555556}, "RandomForestClassifier": {"params": {"classification__n_estimators": 500, "classification__min_samples_split": 2, "classification__min_samples_leaf": 2, "classification__max_features": null, "classification__max_depth": 10, "classification__bootstrap": true}, "times": {"mean_fit_time": [0.21639375686645507, 2.078967046737671, 2.0896008968353272], "std_fit_time": [0.015504650579599112, 0.13710005297271563, 0.057860928447244046], "mean_score_time": [0.0014664649963378907, 0.004823923110961914, 0.004229831695556641], "std_score_time": [0.00031203071595123437, 0.0007828884922135066, 0.0015384089971128868]}, "score": 1.0}, "KNeighborsClassifier": {"params": {"classification__weights": "uniform", "classification__n_neighbors": 3, "classification__metric": "euclidean", "classification__leaf_size": 16}, "times": {"mean_fit_time": [0.0428217887878418, 0.046603965759277347, 0.023960113525390625], "std_fit_time": [0.0012229255156553658, 0.0048835250527359, 0.011762890973804816], "mean_score_time": [0.008483123779296876, 0.011249399185180664, 0.007686328887939453], "std_score_time": [0.0002460133358135326, 0.00127634741778993, 0.00310783201058748]}, "score": 0.9475}, "ComplementNB": {"params": {"classification__alpha": 0}, "times": {"mean_fit_time": [0.004620647430419922, 0.00478978157043457, 0.005573749542236328], "std_fit_time": [0.0010445972772051221, 0.0005406193806562374, 0.0005353379017617487], "mean_score_time": [0.0013754844665527343, 0.0012757301330566407, 0.0013718128204345704], "std_score_time": [0.0002740867866260558, 8.783715806493564e-05, 0.00018410301673857298]}, "score": 0.865}, "LogisticRegression": {"params": {"classification__solver": "saga", "classification__C": 100}, "times": {"mean_fit_time": [0.6264289379119873, 0.5659964084625244, 0.7830943107604981], "std_fit_time": [0.08554061248152758, 0.037448304043768456, 0.024801600165662553], "mean_score_time": [0.039002275466918944, 0.03790059089660645, 0.031008338928222655], "std_score_time": [0.006651600439835689, 0.015539074218595291, 0.00751123962357837]}, "score": 0.8075000000000001}}