{"name": "RandomForestClassifier-dot_1.1.1.1-padding_random_block_down-8", "balanced_accuracy": 0.800142660369933, "classification_report": {"alexa_swan_kettle": {"precision": 1.0, "recall": 0.8888888888888888, "f1-score": 0.9411764705882353, "support": 9}, "aqara_hubM2": {"precision": 0.0, "recall": 0.0, "f1-score": 0.0, "support": 8}, "arlo_camera_pro4": {"precision": 0.9090909090909091, "recall": 0.9090909090909091, "f1-score": 0.9090909090909091, "support": 11}, "boifun_baby": {"precision": 0.8571428571428571, "recall": 1.0, "f1-score": 0.923076923076923, "support": 6}, "bose_speaker": {"precision": 1.0, "recall": 0.8888888888888888, "f1-score": 0.9411764705882353, "support": 9}, "cosori_air_fryer": {"precision": 0.47058823529411764, "recall": 0.8888888888888888, "f1-score": 0.6153846153846153, "support": 9}, "echodot5": {"precision": 0.75, "recall": 1.0, "f1-score": 0.8571428571428571, "support": 3}, "google_nest_doorbell": {"precision": 1.0, "recall": 1.0, "f1-score": 1.0, "support": 13}, "google_nest_hub": {"precision": 0.8, "recall": 1.0, "f1-score": 0.888888888888889, "support": 8}, "govee_strip_light": {"precision": 1.0, "recall": 1.0, "f1-score": 1.0, "support": 14}, "iROBOT_roomba": {"precision": 0.0, "recall": 0.0, "f1-score": 0.0, "support": 5}, "nest_cam": {"precision": 1.0, "recall": 0.9285714285714286, "f1-score": 0.962962962962963, "support": 14}, "netatmo_weather_station": {"precision": 0.3333333333333333, "recall": 1.0, "f1-score": 0.5, "support": 6}, "petsafe_feeder": {"precision": 1.0, "recall": 0.2, "f1-score": 0.33333333333333337, "support": 10}, "ring_chime_pro": {"precision": 1.0, "recall": 1.0, "f1-score": 1.0, "support": 10}, "simplicam": {"precision": 1.0, "recall": 0.875, "f1-score": 0.9333333333333333, "support": 8}, "sonos_speaker": {"precision": 0.8461538461538461, "recall": 0.9166666666666666, "f1-score": 0.8799999999999999, "support": 12}, "switchbot_hub_mini_1": {"precision": 0.6428571428571429, "recall": 1.0, "f1-score": 0.782608695652174, "support": 9}, "vtech_baby_monitor": {"precision": 1.0, "recall": 1.0, "f1-score": 1.0, "support": 10}, "withings_sleep_analyser": {"precision": 0.75, "recall": 1.0, "f1-score": 0.8571428571428571, "support": 3}, "wiz_smart_bulb": {"precision": 0.6666666666666666, "recall": 0.25, "f1-score": 0.36363636363636365, "support": 8}, "wyze_cam_pan_v2": {"precision": 1.0, "recall": 0.8571428571428571, "f1-score": 0.923076923076923, "support": 7}, "accuracy": 0.8177083333333334, "macro avg": {"precision": 0.7739014995699488, "recall": 0.800142660369933, "f1-score": 0.7550923456317551, "support": 192}, "weighted avg": {"precision": 0.8205783595489478, "recall": 0.8177083333333334, "f1-score": 0.7892065464294791, "support": 192}}}
