{"name": "RandomForestClassifier-dot_8.8.8.8-padding_random_block_up-1", "balanced_accuracy": 0.8139348025711662, "classification_report": {"alexa_swan_kettle": {"precision": 1.0, "recall": 1.0, "f1-score": 1.0, "support": 11}, "aqara_hubM2": {"precision": 0.0, "recall": 0.0, "f1-score": 0.0, "support": 7}, "arlo_camera_pro4": {"precision": 0.9090909090909091, "recall": 0.9090909090909091, "f1-score": 0.9090909090909091, "support": 11}, "boifun_baby": {"precision": 1.0, "recall": 1.0, "f1-score": 1.0, "support": 4}, "bose_speaker": {"precision": 1.0, "recall": 0.7272727272727273, "f1-score": 0.8421052631578948, "support": 11}, "cosori_air_fryer": {"precision": 0.625, "recall": 0.9090909090909091, "f1-score": 0.7407407407407406, "support": 11}, "echodot5": {"precision": 0.8333333333333334, "recall": 1.0, "f1-score": 0.9090909090909091, "support": 5}, "google_nest_doorbell": {"precision": 1.0, "recall": 1.0, "f1-score": 1.0, "support": 10}, "google_nest_hub": {"precision": 0.8, "recall": 1.0, "f1-score": 0.888888888888889, "support": 12}, "govee_strip_light": {"precision": 0.9166666666666666, "recall": 1.0, "f1-score": 0.9565217391304348, "support": 11}, "iROBOT_roomba": {"precision": 0.47619047619047616, "recall": 1.0, "f1-score": 0.6451612903225806, "support": 10}, "nest_cam": {"precision": 1.0, "recall": 0.8333333333333334, "f1-score": 0.9090909090909091, "support": 12}, "netatmo_weather_station": {"precision": 0.0, "recall": 0.0, "f1-score": 0.0, "support": 4}, "petsafe_feeder": {"precision": 1.0, "recall": 0.25, "f1-score": 0.4, "support": 8}, "ring_chime_pro": {"precision": 1.0, "recall": 1.0, "f1-score": 1.0, "support": 7}, "simplicam": {"precision": 1.0, "recall": 1.0, "f1-score": 1.0, "support": 10}, "sonos_speaker": {"precision": 0.7777777777777778, "recall": 1.0, "f1-score": 0.8750000000000001, "support": 7}, "switchbot_hub_mini_1": {"precision": 0.7142857142857143, "recall": 1.0, "f1-score": 0.8333333333333333, "support": 10}, "vtech_baby_monitor": {"precision": 1.0, "recall": 1.0, "f1-score": 1.0, "support": 5}, "withings_sleep_analyser": {"precision": 0.8888888888888888, "recall": 0.8888888888888888, "f1-score": 0.8888888888888888, "support": 9}, "wiz_smart_bulb": {"precision": 1.0, "recall": 0.5, "f1-score": 0.6666666666666666, "support": 8}, "wyze_cam_pan_v2": {"precision": 1.0, "recall": 0.8888888888888888, "f1-score": 0.9411764705882353, "support": 9}, "accuracy": 0.84375, "macro avg": {"precision": 0.8155106257378985, "recall": 0.8139348025711662, "f1-score": 0.7911707276813815, "support": 192}, "weighted avg": {"precision": 0.8389281580687831, "recall": 0.84375, "f1-score": 0.8175423182277005, "support": 192}}}
