{"name": "RandomForestClassifier-doh_1.1.1.1-iat_only-11", "balanced_accuracy": 0.647005772005772, "classification_report": {"alexa_swan_kettle": {"precision": 1.0, "recall": 1.0, "f1-score": 1.0, "support": 7}, "aqara_hubM2": {"precision": 0.0, "recall": 0.0, "f1-score": 0.0, "support": 8}, "arlo_camera_pro4": {"precision": 1.0, "recall": 1.0, "f1-score": 1.0, "support": 12}, "boifun_baby": {"precision": 0.3333333333333333, "recall": 0.42857142857142855, "f1-score": 0.375, "support": 7}, "bose_speaker": {"precision": 0.2857142857142857, "recall": 0.4, "f1-score": 0.3333333333333333, "support": 5}, "cosori_air_fryer": {"precision": 0.6666666666666666, "recall": 0.6666666666666666, "f1-score": 0.6666666666666666, "support": 9}, "echodot5": {"precision": 0.14285714285714285, "recall": 0.42857142857142855, "f1-score": 0.21428571428571427, "support": 7}, "google_nest_doorbell": {"precision": 0.8, "recall": 0.5714285714285714, "f1-score": 0.6666666666666666, "support": 14}, "google_nest_hub": {"precision": 0.7142857142857143, "recall": 0.5, "f1-score": 0.588235294117647, "support": 10}, "govee_strip_light": {"precision": 1.0, "recall": 1.0, "f1-score": 1.0, "support": 12}, "iROBOT_roomba": {"precision": 0.0, "recall": 0.0, "f1-score": 0.0, "support": 15}, "nest_cam": {"precision": 0.5, "recall": 0.1111111111111111, "f1-score": 0.1818181818181818, "support": 9}, "netatmo_weather_station": {"precision": 0.12, "recall": 1.0, "f1-score": 0.21428571428571425, "support": 3}, "petsafe_feeder": {"precision": 0.7142857142857143, "recall": 0.4166666666666667, "f1-score": 0.5263157894736842, "support": 12}, "ring_chime_pro": {"precision": 0.6666666666666666, "recall": 0.3333333333333333, "f1-score": 0.4444444444444444, "support": 12}, "simplicam": {"precision": 1.0, "recall": 1.0, "f1-score": 1.0, "support": 4}, "sonos_speaker": {"precision": 0.7777777777777778, "recall": 0.7777777777777778, "f1-score": 0.7777777777777778, "support": 9}, "switchbot_hub_mini_1": {"precision": 0.6428571428571429, "recall": 0.9, "f1-score": 0.75, "support": 10}, "vtech_baby_monitor": {"precision": 1.0, "recall": 1.0, "f1-score": 1.0, "support": 6}, "withings_sleep_analyser": {"precision": 0.8333333333333334, "recall": 1.0, "f1-score": 0.9090909090909091, "support": 5}, "wiz_smart_bulb": {"precision": 0.6363636363636364, "recall": 0.7, "f1-score": 0.6666666666666666, "support": 10}, "wyze_cam_pan_v2": {"precision": 0.75, "recall": 1.0, "f1-score": 0.8571428571428571, "support": 6}, "accuracy": 0.5989583333333334, "macro avg": {"precision": 0.6174609733700643, "recall": 0.647005772005772, "f1-score": 0.59871500071683, "support": 192}, "weighted avg": {"precision": 0.6249742965367966, "recall": 0.5989583333333334, "f1-score": 0.5874514316791309, "support": 192}}}
