{"name": "RandomForestClassifier-doh_8.8.4.4-iat_only-10", "balanced_accuracy": 0.6775424701561065, "classification_report": {"alexa_swan_kettle": {"precision": 0.8181818181818182, "recall": 0.9, "f1-score": 0.8571428571428572, "support": 10}, "aqara_hubM2": {"precision": 0.0, "recall": 0.0, "f1-score": 0.0, "support": 4}, "arlo_camera_pro4": {"precision": 1.0, "recall": 1.0, "f1-score": 1.0, "support": 6}, "boifun_baby": {"precision": 0.2777777777777778, "recall": 1.0, "f1-score": 0.4347826086956522, "support": 5}, "bose_speaker": {"precision": 0.7777777777777778, "recall": 0.4375, "f1-score": 0.56, "support": 16}, "cosori_air_fryer": {"precision": 0.625, "recall": 0.9090909090909091, "f1-score": 0.7407407407407406, "support": 11}, "echodot5": {"precision": 0.25, "recall": 0.5555555555555556, "f1-score": 0.3448275862068966, "support": 9}, "google_nest_doorbell": {"precision": 0.8571428571428571, "recall": 0.42857142857142855, "f1-score": 0.5714285714285714, "support": 14}, "google_nest_hub": {"precision": 0.8, "recall": 0.5714285714285714, "f1-score": 0.6666666666666666, "support": 7}, "govee_strip_light": {"precision": 1.0, "recall": 1.0, "f1-score": 1.0, "support": 13}, "iROBOT_roomba": {"precision": 0.6842105263157895, "recall": 1.0, "f1-score": 0.8125000000000001, "support": 13}, "nest_cam": {"precision": 0.2, "recall": 0.125, "f1-score": 0.15384615384615385, "support": 8}, "netatmo_weather_station": {"precision": 0.0, "recall": 0.0, "f1-score": 0.0, "support": 4}, "petsafe_feeder": {"precision": 0.8571428571428571, "recall": 0.6, "f1-score": 0.7058823529411764, "support": 10}, "ring_chime_pro": {"precision": 0.75, "recall": 0.3333333333333333, "f1-score": 0.46153846153846156, "support": 9}, "simplicam": {"precision": 0.8571428571428571, "recall": 1.0, "f1-score": 0.923076923076923, "support": 6}, "sonos_speaker": {"precision": 1.0, "recall": 0.75, "f1-score": 0.8571428571428571, "support": 8}, "switchbot_hub_mini_1": {"precision": 0.8461538461538461, "recall": 1.0, "f1-score": 0.9166666666666666, "support": 11}, "vtech_baby_monitor": {"precision": 1.0, "recall": 1.0, "f1-score": 1.0, "support": 7}, "withings_sleep_analyser": {"precision": 0.8571428571428571, "recall": 1.0, "f1-score": 0.923076923076923, "support": 6}, "wiz_smart_bulb": {"precision": 0.8571428571428571, "recall": 0.5454545454545454, "f1-score": 0.6666666666666665, "support": 11}, "wyze_cam_pan_v2": {"precision": 0.6, "recall": 0.75, "f1-score": 0.6666666666666665, "support": 4}, "accuracy": 0.6927083333333334, "macro avg": {"precision": 0.6779461832691498, "recall": 0.6775424701561065, "f1-score": 0.6483023955683581, "support": 192}, "weighted avg": {"precision": 0.7290536195347052, "recall": 0.6927083333333334, "f1-score": 0.680452827536511, "support": 192}}}
