{"name": "RandomForestClassifier-doh_1.1.1.1-iat_only-3", "balanced_accuracy": 0.6947592811229174, "classification_report": {"alexa_swan_kettle": {"precision": 0.9166666666666666, "recall": 1.0, "f1-score": 0.9565217391304348, "support": 11}, "aqara_hubM2": {"precision": 0.0, "recall": 0.0, "f1-score": 0.0, "support": 6}, "arlo_camera_pro4": {"precision": 1.0, "recall": 1.0, "f1-score": 1.0, "support": 19}, "boifun_baby": {"precision": 0.46153846153846156, "recall": 0.8571428571428571, "f1-score": 0.6, "support": 7}, "bose_speaker": {"precision": 0.7777777777777778, "recall": 0.6363636363636364, "f1-score": 0.7000000000000001, "support": 11}, "cosori_air_fryer": {"precision": 0.6666666666666666, "recall": 0.8333333333333334, "f1-score": 0.7407407407407408, "support": 12}, "echodot5": {"precision": 0.3125, "recall": 0.625, "f1-score": 0.4166666666666667, "support": 8}, "google_nest_doorbell": {"precision": 0.6666666666666666, "recall": 0.5714285714285714, "f1-score": 0.6153846153846153, "support": 7}, "google_nest_hub": {"precision": 0.75, "recall": 0.8571428571428571, "f1-score": 0.7999999999999999, "support": 7}, "govee_strip_light": {"precision": 1.0, "recall": 1.0, "f1-score": 1.0, "support": 11}, "iROBOT_roomba": {"precision": 0.0, "recall": 0.0, "f1-score": 0.0, "support": 7}, "nest_cam": {"precision": 1.0, "recall": 0.1111111111111111, "f1-score": 0.19999999999999998, "support": 9}, "netatmo_weather_station": {"precision": 0.29411764705882354, "recall": 1.0, "f1-score": 0.45454545454545453, "support": 5}, "petsafe_feeder": {"precision": 0.8, "recall": 0.4, "f1-score": 0.5333333333333333, "support": 10}, "ring_chime_pro": {"precision": 1.0, "recall": 0.4, "f1-score": 0.5714285714285715, "support": 10}, "simplicam": {"precision": 0.6666666666666666, "recall": 1.0, "f1-score": 0.8, "support": 2}, "sonos_speaker": {"precision": 0.6923076923076923, "recall": 0.8181818181818182, "f1-score": 0.7500000000000001, "support": 11}, "switchbot_hub_mini_1": {"precision": 0.6875, "recall": 1.0, "f1-score": 0.8148148148148148, "support": 11}, "vtech_baby_monitor": {"precision": 1.0, "recall": 1.0, "f1-score": 1.0, "support": 7}, "withings_sleep_analyser": {"precision": 0.75, "recall": 1.0, "f1-score": 0.8571428571428571, "support": 3}, "wiz_smart_bulb": {"precision": 1.0, "recall": 0.375, "f1-score": 0.5454545454545454, "support": 8}, "wyze_cam_pan_v2": {"precision": 0.8888888888888888, "recall": 0.8, "f1-score": 0.8421052631578948, "support": 10}, "accuracy": 0.7083333333333334, "macro avg": {"precision": 0.6968771424653778, "recall": 0.6947592811229174, "f1-score": 0.6453699364454514, "support": 192}, "weighted avg": {"precision": 0.7469115617668006, "recall": 0.7083333333333334, "f1-score": 0.6814639609911587, "support": 192}}}
