{"name": "RandomForestClassifier-dot_8.8.8.8-padding_128_bytes_up-0", "balanced_accuracy": 0.8074627392809212, "classification_report": {"alexa_swan_kettle": {"precision": 1.0, "recall": 1.0, "f1-score": 1.0, "support": 10}, "aqara_hubM2": {"precision": 0.0, "recall": 0.0, "f1-score": 0.0, "support": 4}, "arlo_camera_pro4": {"precision": 1.0, "recall": 1.0, "f1-score": 1.0, "support": 5}, "boifun_baby": {"precision": 0.875, "recall": 1.0, "f1-score": 0.9333333333333333, "support": 7}, "bose_speaker": {"precision": 1.0, "recall": 0.75, "f1-score": 0.8571428571428571, "support": 4}, "cosori_air_fryer": {"precision": 0.6666666666666666, "recall": 0.7692307692307693, "f1-score": 0.7142857142857142, "support": 13}, "echodot5": {"precision": 0.625, "recall": 1.0, "f1-score": 0.7692307692307693, "support": 5}, "google_nest_doorbell": {"precision": 1.0, "recall": 1.0, "f1-score": 1.0, "support": 11}, "google_nest_hub": {"precision": 1.0, "recall": 1.0, "f1-score": 1.0, "support": 12}, "govee_strip_light": {"precision": 1.0, "recall": 0.9166666666666666, "f1-score": 0.9565217391304348, "support": 12}, "iROBOT_roomba": {"precision": 0.5, "recall": 1.0, "f1-score": 0.6666666666666666, "support": 8}, "nest_cam": {"precision": 1.0, "recall": 0.6666666666666666, "f1-score": 0.8, "support": 9}, "netatmo_weather_station": {"precision": 0.0, "recall": 0.0, "f1-score": 0.0, "support": 5}, "petsafe_feeder": {"precision": 1.0, "recall": 0.2727272727272727, "f1-score": 0.42857142857142855, "support": 11}, "ring_chime_pro": {"precision": 1.0, "recall": 1.0, "f1-score": 1.0, "support": 9}, "simplicam": {"precision": 1.0, "recall": 1.0, "f1-score": 1.0, "support": 11}, "sonos_speaker": {"precision": 1.0, "recall": 0.8888888888888888, "f1-score": 0.9411764705882353, "support": 9}, "switchbot_hub_mini_1": {"precision": 0.7, "recall": 1.0, "f1-score": 0.8235294117647058, "support": 14}, "vtech_baby_monitor": {"precision": 0.9090909090909091, "recall": 1.0, "f1-score": 0.9523809523809523, "support": 10}, "withings_sleep_analyser": {"precision": 0.9, "recall": 1.0, "f1-score": 0.9473684210526316, "support": 9}, "wiz_smart_bulb": {"precision": 0.42857142857142855, "recall": 0.5, "f1-score": 0.4615384615384615, "support": 6}, "wyze_cam_pan_v2": {"precision": 1.0, "recall": 1.0, "f1-score": 1.0, "support": 8}, "accuracy": 0.8489583333333334, "macro avg": {"precision": 0.8001967729240455, "recall": 0.8074627392809212, "f1-score": 0.7841702829857359, "support": 192}, "weighted avg": {"precision": 0.8462448142135642, "recall": 0.8489583333333334, "f1-score": 0.8262448379868287, "support": 192}}}
