{"name": "RandomForestClassifier-doh_8.8.4.4-padding_random_block_down-14", "balanced_accuracy": 0.8270021645021646, "classification_report": {"alexa_swan_kettle": {"precision": 1.0, "recall": 0.9, "f1-score": 0.9473684210526316, "support": 10}, "aqara_hubM2": {"precision": 0.0, "recall": 0.0, "f1-score": 0.0, "support": 7}, "arlo_camera_pro4": {"precision": 1.0, "recall": 1.0, "f1-score": 1.0, "support": 10}, "boifun_baby": {"precision": 0.875, "recall": 1.0, "f1-score": 0.9333333333333333, "support": 7}, "bose_speaker": {"precision": 1.0, "recall": 1.0, "f1-score": 1.0, "support": 8}, "cosori_air_fryer": {"precision": 0.5, "recall": 1.0, "f1-score": 0.6666666666666666, "support": 7}, "echodot5": {"precision": 1.0, "recall": 0.875, "f1-score": 0.9333333333333333, "support": 8}, "google_nest_doorbell": {"precision": 1.0, "recall": 0.6666666666666666, "f1-score": 0.8, "support": 9}, "google_nest_hub": {"precision": 0.875, "recall": 1.0, "f1-score": 0.9333333333333333, "support": 7}, "govee_strip_light": {"precision": 1.0, "recall": 1.0, "f1-score": 1.0, "support": 12}, "iROBOT_roomba": {"precision": 0.5714285714285714, "recall": 0.2857142857142857, "f1-score": 0.38095238095238093, "support": 14}, "nest_cam": {"precision": 0.9166666666666666, "recall": 1.0, "f1-score": 0.9565217391304348, "support": 11}, "netatmo_weather_station": {"precision": 0.2, "recall": 1.0, "f1-score": 0.33333333333333337, "support": 3}, "petsafe_feeder": {"precision": 0.8, "recall": 0.6666666666666666, "f1-score": 0.7272727272727272, "support": 12}, "ring_chime_pro": {"precision": 0.8, "recall": 1.0, "f1-score": 0.888888888888889, "support": 8}, "simplicam": {"precision": 1.0, "recall": 1.0, "f1-score": 1.0, "support": 2}, "sonos_speaker": {"precision": 1.0, "recall": 0.75, "f1-score": 0.8571428571428571, "support": 4}, "switchbot_hub_mini_1": {"precision": 0.6666666666666666, "recall": 0.8, "f1-score": 0.7272727272727272, "support": 10}, "vtech_baby_monitor": {"precision": 1.0, "recall": 1.0, "f1-score": 1.0, "support": 12}, "withings_sleep_analyser": {"precision": 0.75, "recall": 0.75, "f1-score": 0.75, "support": 8}, "wiz_smart_bulb": {"precision": 1.0, "recall": 0.5, "f1-score": 0.6666666666666666, "support": 12}, "wyze_cam_pan_v2": {"precision": 1.0, "recall": 1.0, "f1-score": 1.0, "support": 11}, "accuracy": 0.8072916666666666, "macro avg": {"precision": 0.816125541125541, "recall": 0.8270021645021646, "f1-score": 0.7955493821990598, "support": 192}, "weighted avg": {"precision": 0.8390625000000002, "recall": 0.8072916666666666, "f1-score": 0.8034814542394634, "support": 192}}}
