{"name": "RandomForestClassifier-doh_8.8.4.4-iat_only-0", "balanced_accuracy": 0.6756096176550722, "classification_report": {"alexa_swan_kettle": {"precision": 1.0, "recall": 1.0, "f1-score": 1.0, "support": 10}, "aqara_hubM2": {"precision": 0.0, "recall": 0.0, "f1-score": 0.0, "support": 4}, "arlo_camera_pro4": {"precision": 1.0, "recall": 1.0, "f1-score": 1.0, "support": 5}, "boifun_baby": {"precision": 0.8333333333333334, "recall": 0.7142857142857143, "f1-score": 0.7692307692307692, "support": 7}, "bose_speaker": {"precision": 0.25, "recall": 0.25, "f1-score": 0.25, "support": 4}, "cosori_air_fryer": {"precision": 0.8181818181818182, "recall": 0.6923076923076923, "f1-score": 0.7500000000000001, "support": 13}, "echodot5": {"precision": 0.16666666666666666, "recall": 0.4, "f1-score": 0.23529411764705882, "support": 5}, "google_nest_doorbell": {"precision": 0.625, "recall": 0.9090909090909091, "f1-score": 0.7407407407407406, "support": 11}, "google_nest_hub": {"precision": 1.0, "recall": 0.8333333333333334, "f1-score": 0.9090909090909091, "support": 12}, "govee_strip_light": {"precision": 1.0, "recall": 1.0, "f1-score": 1.0, "support": 12}, "iROBOT_roomba": {"precision": 0.5, "recall": 1.0, "f1-score": 0.6666666666666666, "support": 8}, "nest_cam": {"precision": 0.0, "recall": 0.0, "f1-score": 0.0, "support": 9}, "netatmo_weather_station": {"precision": 0.0, "recall": 0.0, "f1-score": 0.0, "support": 5}, "petsafe_feeder": {"precision": 1.0, "recall": 0.2727272727272727, "f1-score": 0.42857142857142855, "support": 11}, "ring_chime_pro": {"precision": 0.5714285714285714, "recall": 0.4444444444444444, "f1-score": 0.5, "support": 9}, "simplicam": {"precision": 1.0, "recall": 1.0, "f1-score": 1.0, "support": 11}, "sonos_speaker": {"precision": 0.7272727272727273, "recall": 0.8888888888888888, "f1-score": 0.7999999999999999, "support": 9}, "switchbot_hub_mini_1": {"precision": 0.7, "recall": 1.0, "f1-score": 0.8235294117647058, "support": 14}, "vtech_baby_monitor": {"precision": 1.0, "recall": 1.0, "f1-score": 1.0, "support": 10}, "withings_sleep_analyser": {"precision": 0.9, "recall": 1.0, "f1-score": 0.9473684210526316, "support": 9}, "wiz_smart_bulb": {"precision": 0.5, "recall": 0.8333333333333334, "f1-score": 0.625, "support": 6}, "wyze_cam_pan_v2": {"precision": 0.625, "recall": 0.625, "f1-score": 0.625, "support": 8}, "accuracy": 0.734375, "macro avg": {"precision": 0.6462219598583234, "recall": 0.6756096176550722, "f1-score": 0.639567839307496, "support": 192}, "weighted avg": {"precision": 0.7175330312049062, "recall": 0.734375, "f1-score": 0.7027170397494183, "support": 192}}}
