{"name": "RandomForestClassifier-doh_8.8.4.4-iat_only-13", "balanced_accuracy": 0.7148415977961433, "classification_report": {"alexa_swan_kettle": {"precision": 0.875, "recall": 1.0, "f1-score": 0.9333333333333333, "support": 7}, "aqara_hubM2": {"precision": 0.0, "recall": 0.0, "f1-score": 0.0, "support": 9}, "arlo_camera_pro4": {"precision": 1.0, "recall": 1.0, "f1-score": 1.0, "support": 11}, "boifun_baby": {"precision": 0.25, "recall": 0.5, "f1-score": 0.3333333333333333, "support": 4}, "bose_speaker": {"precision": 1.0, "recall": 0.5714285714285714, "f1-score": 0.7272727272727273, "support": 7}, "cosori_air_fryer": {"precision": 0.5384615384615384, "recall": 0.7777777777777778, "f1-score": 0.6363636363636364, "support": 9}, "echodot5": {"precision": 0.3888888888888889, "recall": 0.7777777777777778, "f1-score": 0.5185185185185185, "support": 9}, "google_nest_doorbell": {"precision": 0.75, "recall": 0.8181818181818182, "f1-score": 0.7826086956521738, "support": 11}, "google_nest_hub": {"precision": 1.0, "recall": 0.7777777777777778, "f1-score": 0.8750000000000001, "support": 9}, "govee_strip_light": {"precision": 1.0, "recall": 1.0, "f1-score": 1.0, "support": 7}, "iROBOT_roomba": {"precision": 0.5, "recall": 1.0, "f1-score": 0.6666666666666666, "support": 13}, "nest_cam": {"precision": 0.5, "recall": 0.2, "f1-score": 0.28571428571428575, "support": 10}, "netatmo_weather_station": {"precision": 0.0, "recall": 0.0, "f1-score": 0.0, "support": 6}, "petsafe_feeder": {"precision": 1.0, "recall": 0.36363636363636365, "f1-score": 0.5333333333333333, "support": 11}, "ring_chime_pro": {"precision": 0.7777777777777778, "recall": 0.6363636363636364, "f1-score": 0.7000000000000001, "support": 11}, "simplicam": {"precision": 1.0, "recall": 1.0, "f1-score": 1.0, "support": 10}, "sonos_speaker": {"precision": 1.0, "recall": 1.0, "f1-score": 1.0, "support": 9}, "switchbot_hub_mini_1": {"precision": 0.7777777777777778, "recall": 1.0, "f1-score": 0.8750000000000001, "support": 14}, "vtech_baby_monitor": {"precision": 1.0, "recall": 0.875, "f1-score": 0.9333333333333333, "support": 8}, "withings_sleep_analyser": {"precision": 0.75, "recall": 1.0, "f1-score": 0.8571428571428571, "support": 6}, "wiz_smart_bulb": {"precision": 0.6, "recall": 0.42857142857142855, "f1-score": 0.5, "support": 7}, "wyze_cam_pan_v2": {"precision": 1.0, "recall": 1.0, "f1-score": 1.0, "support": 4}, "accuracy": 0.7291666666666666, "macro avg": {"precision": 0.7139957264957265, "recall": 0.7148415977961433, "f1-score": 0.6889827600301909, "support": 192}, "weighted avg": {"precision": 0.7258624910968661, "recall": 0.7291666666666666, "f1-score": 0.6994021396025473, "support": 192}}}
