{"name": "RandomForestClassifier-doh_8.8.4.4-padding_128_bytes_both-11", "balanced_accuracy": 0.8266955266955267, "classification_report": {"alexa_swan_kettle": {"precision": 0.875, "recall": 1.0, "f1-score": 0.9333333333333333, "support": 7}, "aqara_hubM2": {"precision": 0.0, "recall": 0.0, "f1-score": 0.0, "support": 8}, "arlo_camera_pro4": {"precision": 0.9230769230769231, "recall": 1.0, "f1-score": 0.9600000000000001, "support": 12}, "boifun_baby": {"precision": 1.0, "recall": 1.0, "f1-score": 1.0, "support": 7}, "bose_speaker": {"precision": 0.8333333333333334, "recall": 1.0, "f1-score": 0.9090909090909091, "support": 5}, "cosori_air_fryer": {"precision": 0.7142857142857143, "recall": 0.5555555555555556, "f1-score": 0.6250000000000001, "support": 9}, "echodot5": {"precision": 0.8571428571428571, "recall": 0.8571428571428571, "f1-score": 0.8571428571428571, "support": 7}, "google_nest_doorbell": {"precision": 1.0, "recall": 0.7857142857142857, "f1-score": 0.88, "support": 14}, "google_nest_hub": {"precision": 1.0, "recall": 0.9, "f1-score": 0.9473684210526316, "support": 10}, "govee_strip_light": {"precision": 1.0, "recall": 1.0, "f1-score": 1.0, "support": 12}, "iROBOT_roomba": {"precision": 0.5, "recall": 0.06666666666666667, "f1-score": 0.11764705882352941, "support": 15}, "nest_cam": {"precision": 0.8888888888888888, "recall": 0.8888888888888888, "f1-score": 0.8888888888888888, "support": 9}, "netatmo_weather_station": {"precision": 0.13043478260869565, "recall": 1.0, "f1-score": 0.23076923076923078, "support": 3}, "petsafe_feeder": {"precision": 0.7142857142857143, "recall": 0.4166666666666667, "f1-score": 0.5263157894736842, "support": 12}, "ring_chime_pro": {"precision": 0.7857142857142857, "recall": 0.9166666666666666, "f1-score": 0.8461538461538461, "support": 12}, "simplicam": {"precision": 1.0, "recall": 1.0, "f1-score": 1.0, "support": 4}, "sonos_speaker": {"precision": 1.0, "recall": 1.0, "f1-score": 1.0, "support": 9}, "switchbot_hub_mini_1": {"precision": 0.6666666666666666, "recall": 1.0, "f1-score": 0.8, "support": 10}, "vtech_baby_monitor": {"precision": 1.0, "recall": 1.0, "f1-score": 1.0, "support": 6}, "withings_sleep_analyser": {"precision": 0.8333333333333334, "recall": 1.0, "f1-score": 0.9090909090909091, "support": 5}, "wiz_smart_bulb": {"precision": 0.7272727272727273, "recall": 0.8, "f1-score": 0.761904761904762, "support": 10}, "wyze_cam_pan_v2": {"precision": 1.0, "recall": 1.0, "f1-score": 1.0, "support": 6}, "accuracy": 0.78125, "macro avg": {"precision": 0.7931561466640518, "recall": 0.8266955266955267, "f1-score": 0.7814866366238445, "support": 192}, "weighted avg": {"precision": 0.8010131569064992, "recall": 0.78125, "f1-score": 0.7661907471667049, "support": 192}}}
