{"name": "RandomForestClassifier-dot_8.8.8.8-iat_only-0", "balanced_accuracy": 0.6840106862834135, "classification_report": {"alexa_swan_kettle": {"precision": 1.0, "recall": 1.0, "f1-score": 1.0, "support": 10}, "aqara_hubM2": {"precision": 0.0, "recall": 0.0, "f1-score": 0.0, "support": 4}, "arlo_camera_pro4": {"precision": 1.0, "recall": 1.0, "f1-score": 1.0, "support": 5}, "boifun_baby": {"precision": 0.5714285714285714, "recall": 0.5714285714285714, "f1-score": 0.5714285714285714, "support": 7}, "bose_speaker": {"precision": 0.2857142857142857, "recall": 0.5, "f1-score": 0.36363636363636365, "support": 4}, "cosori_air_fryer": {"precision": 0.7142857142857143, "recall": 0.7692307692307693, "f1-score": 0.7407407407407408, "support": 13}, "echodot5": {"precision": 1.0, "recall": 0.2, "f1-score": 0.33333333333333337, "support": 5}, "google_nest_doorbell": {"precision": 0.7272727272727273, "recall": 0.7272727272727273, "f1-score": 0.7272727272727273, "support": 11}, "google_nest_hub": {"precision": 0.6666666666666666, "recall": 0.6666666666666666, "f1-score": 0.6666666666666666, "support": 12}, "govee_strip_light": {"precision": 1.0, "recall": 1.0, "f1-score": 1.0, "support": 12}, "iROBOT_roomba": {"precision": 0.5, "recall": 1.0, "f1-score": 0.6666666666666666, "support": 8}, "nest_cam": {"precision": 0.6666666666666666, "recall": 0.2222222222222222, "f1-score": 0.3333333333333333, "support": 9}, "netatmo_weather_station": {"precision": 0.0, "recall": 0.0, "f1-score": 0.0, "support": 5}, "petsafe_feeder": {"precision": 1.0, "recall": 0.36363636363636365, "f1-score": 0.5333333333333333, "support": 11}, "ring_chime_pro": {"precision": 0.47058823529411764, "recall": 0.8888888888888888, "f1-score": 0.6153846153846153, "support": 9}, "simplicam": {"precision": 1.0, "recall": 1.0, "f1-score": 1.0, "support": 11}, "sonos_speaker": {"precision": 0.8, "recall": 0.8888888888888888, "f1-score": 0.8421052631578948, "support": 9}, "switchbot_hub_mini_1": {"precision": 0.7368421052631579, "recall": 1.0, "f1-score": 0.8484848484848484, "support": 14}, "vtech_baby_monitor": {"precision": 1.0, "recall": 1.0, "f1-score": 1.0, "support": 10}, "withings_sleep_analyser": {"precision": 0.9, "recall": 1.0, "f1-score": 0.9473684210526316, "support": 9}, "wiz_smart_bulb": {"precision": 0.42857142857142855, "recall": 0.5, "f1-score": 0.4615384615384615, "support": 6}, "wyze_cam_pan_v2": {"precision": 1.0, "recall": 0.75, "f1-score": 0.8571428571428571, "support": 8}, "accuracy": 0.7447916666666666, "macro avg": {"precision": 0.7030925636892427, "recall": 0.6840106862834135, "f1-score": 0.6594743728715021, "support": 192}, "weighted avg": {"precision": 0.7544327270381838, "recall": 0.7447916666666666, "f1-score": 0.7192694164185393, "support": 192}}}
