{"name": "RandomForestClassifier-doh_8.8.4.4-padding_128_bytes_both-8", "balanced_accuracy": 0.7835925438198167, "classification_report": {"alexa_swan_kettle": {"precision": 1.0, "recall": 0.8888888888888888, "f1-score": 0.9411764705882353, "support": 9}, "aqara_hubM2": {"precision": 0.6, "recall": 0.375, "f1-score": 0.4615384615384615, "support": 8}, "arlo_camera_pro4": {"precision": 0.9090909090909091, "recall": 0.9090909090909091, "f1-score": 0.9090909090909091, "support": 11}, "boifun_baby": {"precision": 0.8571428571428571, "recall": 1.0, "f1-score": 0.923076923076923, "support": 6}, "bose_speaker": {"precision": 1.0, "recall": 0.7777777777777778, "f1-score": 0.8750000000000001, "support": 9}, "cosori_air_fryer": {"precision": 0.47058823529411764, "recall": 0.8888888888888888, "f1-score": 0.6153846153846153, "support": 9}, "echodot5": {"precision": 0.75, "recall": 1.0, "f1-score": 0.8571428571428571, "support": 3}, "google_nest_doorbell": {"precision": 1.0, "recall": 0.7692307692307693, "f1-score": 0.8695652173913044, "support": 13}, "google_nest_hub": {"precision": 0.7272727272727273, "recall": 1.0, "f1-score": 0.8421052631578948, "support": 8}, "govee_strip_light": {"precision": 1.0, "recall": 1.0, "f1-score": 1.0, "support": 14}, "iROBOT_roomba": {"precision": 0.0, "recall": 0.0, "f1-score": 0.0, "support": 5}, "nest_cam": {"precision": 1.0, "recall": 0.9285714285714286, "f1-score": 0.962962962962963, "support": 14}, "netatmo_weather_station": {"precision": 0.25, "recall": 0.5, "f1-score": 0.3333333333333333, "support": 6}, "petsafe_feeder": {"precision": 0.6666666666666666, "recall": 0.4, "f1-score": 0.5, "support": 10}, "ring_chime_pro": {"precision": 0.7692307692307693, "recall": 1.0, "f1-score": 0.8695652173913044, "support": 10}, "simplicam": {"precision": 0.8888888888888888, "recall": 1.0, "f1-score": 0.9411764705882353, "support": 8}, "sonos_speaker": {"precision": 1.0, "recall": 0.9166666666666666, "f1-score": 0.9565217391304348, "support": 12}, "switchbot_hub_mini_1": {"precision": 0.7, "recall": 0.7777777777777778, "f1-score": 0.7368421052631577, "support": 9}, "vtech_baby_monitor": {"precision": 1.0, "recall": 1.0, "f1-score": 1.0, "support": 10}, "withings_sleep_analyser": {"precision": 0.75, "recall": 1.0, "f1-score": 0.8571428571428571, "support": 3}, "wiz_smart_bulb": {"precision": 0.6666666666666666, "recall": 0.25, "f1-score": 0.36363636363636365, "support": 8}, "wyze_cam_pan_v2": {"precision": 1.0, "recall": 0.8571428571428571, "f1-score": 0.923076923076923, "support": 7}, "accuracy": 0.8020833333333334, "macro avg": {"precision": 0.7729794418297092, "recall": 0.7835925438198167, "f1-score": 0.7608335768134896, "support": 192}, "weighted avg": {"precision": 0.8182278743859627, "recall": 0.8020833333333334, "f1-score": 0.7941972952416435, "support": 192}}}
