{"name": "RandomForestClassifier-doh_8.8.4.4-iat_only-5", "balanced_accuracy": 0.6661699411699412, "classification_report": {"alexa_swan_kettle": {"precision": 0.7777777777777778, "recall": 1.0, "f1-score": 0.8750000000000001, "support": 7}, "aqara_hubM2": {"precision": 0.0, "recall": 0.0, "f1-score": 0.0, "support": 4}, "arlo_camera_pro4": {"precision": 1.0, "recall": 1.0, "f1-score": 1.0, "support": 5}, "boifun_baby": {"precision": 0.5, "recall": 0.5555555555555556, "f1-score": 0.5263157894736842, "support": 9}, "bose_speaker": {"precision": 0.5, "recall": 0.3, "f1-score": 0.37499999999999994, "support": 10}, "cosori_air_fryer": {"precision": 0.42857142857142855, "recall": 0.42857142857142855, "f1-score": 0.42857142857142855, "support": 7}, "echodot5": {"precision": 0.1111111111111111, "recall": 0.4, "f1-score": 0.1739130434782609, "support": 5}, "google_nest_doorbell": {"precision": 0.75, "recall": 0.75, "f1-score": 0.75, "support": 12}, "google_nest_hub": {"precision": 0.9090909090909091, "recall": 0.7692307692307693, "f1-score": 0.8333333333333333, "support": 13}, "govee_strip_light": {"precision": 1.0, "recall": 0.9333333333333333, "f1-score": 0.9655172413793104, "support": 15}, "iROBOT_roomba": {"precision": 0.0, "recall": 0.0, "f1-score": 0.0, "support": 10}, "nest_cam": {"precision": 0.5, "recall": 0.25, "f1-score": 0.3333333333333333, "support": 12}, "netatmo_weather_station": {"precision": 0.2222222222222222, "recall": 1.0, "f1-score": 0.3636363636363636, "support": 4}, "petsafe_feeder": {"precision": 1.0, "recall": 0.2857142857142857, "f1-score": 0.4444444444444445, "support": 14}, "ring_chime_pro": {"precision": 0.6, "recall": 0.3333333333333333, "f1-score": 0.42857142857142855, "support": 9}, "simplicam": {"precision": 1.0, "recall": 1.0, "f1-score": 1.0, "support": 3}, "sonos_speaker": {"precision": 0.875, "recall": 1.0, "f1-score": 0.9333333333333333, "support": 7}, "switchbot_hub_mini_1": {"precision": 0.6470588235294118, "recall": 1.0, "f1-score": 0.7857142857142858, "support": 11}, "vtech_baby_monitor": {"precision": 0.9285714285714286, "recall": 1.0, "f1-score": 0.962962962962963, "support": 13}, "withings_sleep_analyser": {"precision": 1.0, "recall": 1.0, "f1-score": 1.0, "support": 8}, "wiz_smart_bulb": {"precision": 0.42857142857142855, "recall": 0.75, "f1-score": 0.5454545454545454, "support": 4}, "wyze_cam_pan_v2": {"precision": 0.9, "recall": 0.9, "f1-score": 0.9, "support": 10}, "accuracy": 0.65625, "macro avg": {"precision": 0.6399079604293508, "recall": 0.6661699411699412, "f1-score": 0.6193227969857599, "support": 192}, "weighted avg": {"precision": 0.6908095419354611, "recall": 0.65625, "f1-score": 0.6417080051412248, "support": 192}}}
