{"name": "RandomForestClassifier-dot_1.1.1.1-iat_only-9", "balanced_accuracy": 0.6596486846486846, "classification_report": {"alexa_swan_kettle": {"precision": 0.9333333333333333, "recall": 1.0, "f1-score": 0.9655172413793104, "support": 14}, "aqara_hubM2": {"precision": 0.0, "recall": 0.0, "f1-score": 0.0, "support": 8}, "arlo_camera_pro4": {"precision": 1.0, "recall": 0.7272727272727273, "f1-score": 0.8421052631578948, "support": 11}, "boifun_baby": {"precision": 0.25, "recall": 0.8, "f1-score": 0.38095238095238093, "support": 5}, "bose_speaker": {"precision": 0.14285714285714285, "recall": 0.5, "f1-score": 0.22222222222222224, "support": 2}, "cosori_air_fryer": {"precision": 0.6666666666666666, "recall": 0.75, "f1-score": 0.7058823529411765, "support": 8}, "echodot5": {"precision": 0.2222222222222222, "recall": 0.2857142857142857, "f1-score": 0.25, "support": 7}, "google_nest_doorbell": {"precision": 1.0, "recall": 0.5384615384615384, "f1-score": 0.7000000000000001, "support": 13}, "google_nest_hub": {"precision": 0.8333333333333334, "recall": 0.7142857142857143, "f1-score": 0.7692307692307692, "support": 7}, "govee_strip_light": {"precision": 1.0, "recall": 1.0, "f1-score": 1.0, "support": 10}, "iROBOT_roomba": {"precision": 0.5, "recall": 1.0, "f1-score": 0.6666666666666666, "support": 12}, "nest_cam": {"precision": 0.75, "recall": 0.2727272727272727, "f1-score": 0.39999999999999997, "support": 11}, "netatmo_weather_station": {"precision": 0.0, "recall": 0.0, "f1-score": 0.0, "support": 5}, "petsafe_feeder": {"precision": 1.0, "recall": 0.3333333333333333, "f1-score": 0.5, "support": 9}, "ring_chime_pro": {"precision": 1.0, "recall": 0.3333333333333333, "f1-score": 0.5, "support": 6}, "simplicam": {"precision": 1.0, "recall": 1.0, "f1-score": 1.0, "support": 8}, "sonos_speaker": {"precision": 1.0, "recall": 0.8571428571428571, "f1-score": 0.923076923076923, "support": 14}, "switchbot_hub_mini_1": {"precision": 0.7058823529411765, "recall": 1.0, "f1-score": 0.8275862068965517, "support": 12}, "vtech_baby_monitor": {"precision": 0.9, "recall": 0.9, "f1-score": 0.9, "support": 10}, "withings_sleep_analyser": {"precision": 0.8571428571428571, "recall": 1.0, "f1-score": 0.923076923076923, "support": 6}, "wiz_smart_bulb": {"precision": 0.5, "recall": 0.5, "f1-score": 0.5, "support": 6}, "wyze_cam_pan_v2": {"precision": 0.6666666666666666, "recall": 1.0, "f1-score": 0.8, "support": 8}, "accuracy": 0.703125, "macro avg": {"precision": 0.6785502079619726, "recall": 0.6596486846486846, "f1-score": 0.6261962249818555, "support": 192}, "weighted avg": {"precision": 0.7475071973233738, "recall": 0.703125, "f1-score": 0.6859575665400802, "support": 192}}}
