{"name": "RandomForestClassifier-dot_8.8.8.8-iat_only-7", "balanced_accuracy": 0.7069805194805195, "classification_report": {"alexa_swan_kettle": {"precision": 1.0, "recall": 1.0, "f1-score": 1.0, "support": 8}, "aqara_hubM2": {"precision": 1.0, "recall": 0.16666666666666666, "f1-score": 0.2857142857142857, "support": 6}, "arlo_camera_pro4": {"precision": 1.0, "recall": 1.0, "f1-score": 1.0, "support": 11}, "boifun_baby": {"precision": 0.75, "recall": 0.6666666666666666, "f1-score": 0.7058823529411765, "support": 9}, "bose_speaker": {"precision": 0.5, "recall": 0.4, "f1-score": 0.4444444444444445, "support": 5}, "cosori_air_fryer": {"precision": 1.0, "recall": 0.8, "f1-score": 0.888888888888889, "support": 10}, "echodot5": {"precision": 0.3076923076923077, "recall": 0.8, "f1-score": 0.4444444444444444, "support": 5}, "google_nest_doorbell": {"precision": 0.4444444444444444, "recall": 0.5714285714285714, "f1-score": 0.5, "support": 7}, "google_nest_hub": {"precision": 0.4166666666666667, "recall": 0.625, "f1-score": 0.5, "support": 8}, "govee_strip_light": {"precision": 1.0, "recall": 1.0, "f1-score": 1.0, "support": 11}, "iROBOT_roomba": {"precision": 0.0, "recall": 0.0, "f1-score": 0.0, "support": 11}, "nest_cam": {"precision": 0.6666666666666666, "recall": 0.2222222222222222, "f1-score": 0.3333333333333333, "support": 9}, "netatmo_weather_station": {"precision": 0.1111111111111111, "recall": 1.0, "f1-score": 0.19999999999999998, "support": 2}, "petsafe_feeder": {"precision": 0.8, "recall": 0.4444444444444444, "f1-score": 0.5714285714285714, "support": 9}, "ring_chime_pro": {"precision": 0.5, "recall": 0.5, "f1-score": 0.5, "support": 8}, "simplicam": {"precision": 1.0, "recall": 1.0, "f1-score": 1.0, "support": 14}, "sonos_speaker": {"precision": 1.0, "recall": 1.0, "f1-score": 1.0, "support": 12}, "switchbot_hub_mini_1": {"precision": 0.6666666666666666, "recall": 1.0, "f1-score": 0.8, "support": 12}, "vtech_baby_monitor": {"precision": 1.0, "recall": 1.0, "f1-score": 1.0, "support": 5}, "withings_sleep_analyser": {"precision": 1.0, "recall": 1.0, "f1-score": 1.0, "support": 11}, "wiz_smart_bulb": {"precision": 0.8571428571428571, "recall": 0.8571428571428571, "f1-score": 0.8571428571428571, "support": 7}, "wyze_cam_pan_v2": {"precision": 1.0, "recall": 0.5, "f1-score": 0.6666666666666666, "support": 12}, "accuracy": 0.71875, "macro avg": {"precision": 0.7281995781995783, "recall": 0.7069805194805195, "f1-score": 0.6680884475002122, "support": 192}, "weighted avg": {"precision": 0.7742454594017093, "recall": 0.71875, "f1-score": 0.7137677987861811, "support": 192}}}
