{"name": "RandomForestClassifier-doh_8.8.4.4-padding_128_bytes_down-14", "balanced_accuracy": 0.8216974944247674, "classification_report": {"alexa_swan_kettle": {"precision": 1.0, "recall": 0.9, "f1-score": 0.9473684210526316, "support": 10}, "aqara_hubM2": {"precision": 0.0, "recall": 0.0, "f1-score": 0.0, "support": 7}, "arlo_camera_pro4": {"precision": 1.0, "recall": 1.0, "f1-score": 1.0, "support": 10}, "boifun_baby": {"precision": 1.0, "recall": 1.0, "f1-score": 1.0, "support": 7}, "bose_speaker": {"precision": 1.0, "recall": 0.875, "f1-score": 0.9333333333333333, "support": 8}, "cosori_air_fryer": {"precision": 0.5384615384615384, "recall": 1.0, "f1-score": 0.7000000000000001, "support": 7}, "echodot5": {"precision": 1.0, "recall": 0.875, "f1-score": 0.9333333333333333, "support": 8}, "google_nest_doorbell": {"precision": 1.0, "recall": 0.7777777777777778, "f1-score": 0.8750000000000001, "support": 9}, "google_nest_hub": {"precision": 0.7, "recall": 1.0, "f1-score": 0.8235294117647058, "support": 7}, "govee_strip_light": {"precision": 1.0, "recall": 1.0, "f1-score": 1.0, "support": 12}, "iROBOT_roomba": {"precision": 0.631578947368421, "recall": 0.8571428571428571, "f1-score": 0.7272727272727273, "support": 14}, "nest_cam": {"precision": 0.9166666666666666, "recall": 1.0, "f1-score": 0.9565217391304348, "support": 11}, "netatmo_weather_station": {"precision": 0.0, "recall": 0.0, "f1-score": 0.0, "support": 3}, "petsafe_feeder": {"precision": 0.8333333333333334, "recall": 0.4166666666666667, "f1-score": 0.5555555555555556, "support": 12}, "ring_chime_pro": {"precision": 0.8888888888888888, "recall": 1.0, "f1-score": 0.9411764705882353, "support": 8}, "simplicam": {"precision": 1.0, "recall": 1.0, "f1-score": 1.0, "support": 2}, "sonos_speaker": {"precision": 1.0, "recall": 1.0, "f1-score": 1.0, "support": 4}, "switchbot_hub_mini_1": {"precision": 0.6153846153846154, "recall": 0.8, "f1-score": 0.6956521739130435, "support": 10}, "vtech_baby_monitor": {"precision": 1.0, "recall": 1.0, "f1-score": 1.0, "support": 12}, "withings_sleep_analyser": {"precision": 0.8, "recall": 1.0, "f1-score": 0.888888888888889, "support": 8}, "wiz_smart_bulb": {"precision": 0.8, "recall": 0.6666666666666666, "f1-score": 0.7272727272727272, "support": 12}, "wyze_cam_pan_v2": {"precision": 1.0, "recall": 0.9090909090909091, "f1-score": 0.9523809523809523, "support": 11}, "accuracy": 0.8385416666666666, "macro avg": {"precision": 0.8056506359137938, "recall": 0.8216974944247674, "f1-score": 0.8026038970221167, "support": 192}, "weighted avg": {"precision": 0.8326022220347878, "recall": 0.8385416666666666, "f1-score": 0.8235284126226191, "support": 192}}}
