{"name": "RandomForestClassifier-dot_8.8.8.8-padding_random_block_up-12", "balanced_accuracy": 0.7982711732711731, "classification_report": {"alexa_swan_kettle": {"precision": 0.9, "recall": 1.0, "f1-score": 0.9473684210526316, "support": 9}, "aqara_hubM2": {"precision": 0.0, "recall": 0.0, "f1-score": 0.0, "support": 6}, "arlo_camera_pro4": {"precision": 1.0, "recall": 1.0, "f1-score": 1.0, "support": 7}, "boifun_baby": {"precision": 1.0, "recall": 1.0, "f1-score": 1.0, "support": 8}, "bose_speaker": {"precision": 1.0, "recall": 1.0, "f1-score": 1.0, "support": 9}, "cosori_air_fryer": {"precision": 0.5, "recall": 0.6666666666666666, "f1-score": 0.5714285714285715, "support": 6}, "echodot5": {"precision": 0.8, "recall": 0.8, "f1-score": 0.8000000000000002, "support": 5}, "google_nest_doorbell": {"precision": 1.0, "recall": 0.75, "f1-score": 0.8571428571428571, "support": 8}, "google_nest_hub": {"precision": 0.9, "recall": 1.0, "f1-score": 0.9473684210526316, "support": 9}, "govee_strip_light": {"precision": 0.9285714285714286, "recall": 1.0, "f1-score": 0.962962962962963, "support": 13}, "iROBOT_roomba": {"precision": 0.0, "recall": 0.0, "f1-score": 0.0, "support": 9}, "nest_cam": {"precision": 0.9230769230769231, "recall": 0.9230769230769231, "f1-score": 0.9230769230769231, "support": 13}, "netatmo_weather_station": {"precision": 0.17647058823529413, "recall": 1.0, "f1-score": 0.3, "support": 3}, "petsafe_feeder": {"precision": 1.0, "recall": 0.3, "f1-score": 0.4615384615384615, "support": 10}, "ring_chime_pro": {"precision": 0.9090909090909091, "recall": 1.0, "f1-score": 0.9523809523809523, "support": 10}, "simplicam": {"precision": 0.8333333333333334, "recall": 1.0, "f1-score": 0.9090909090909091, "support": 5}, "sonos_speaker": {"precision": 1.0, "recall": 1.0, "f1-score": 1.0, "support": 12}, "switchbot_hub_mini_1": {"precision": 0.6470588235294118, "recall": 1.0, "f1-score": 0.7857142857142858, "support": 11}, "vtech_baby_monitor": {"precision": 1.0, "recall": 0.9, "f1-score": 0.9473684210526316, "support": 10}, "withings_sleep_analyser": {"precision": 0.7272727272727273, "recall": 0.8888888888888888, "f1-score": 0.7999999999999999, "support": 9}, "wiz_smart_bulb": {"precision": 0.6666666666666666, "recall": 0.5, "f1-score": 0.5714285714285715, "support": 8}, "wyze_cam_pan_v2": {"precision": 1.0, "recall": 0.8333333333333334, "f1-score": 0.9090909090909091, "support": 12}, "accuracy": 0.8125, "macro avg": {"precision": 0.7687064272625769, "recall": 0.7982711732711731, "f1-score": 0.7566345757733317, "support": 192}, "weighted avg": {"precision": 0.8127856824548001, "recall": 0.8125, "f1-score": 0.7929092390715198, "support": 192}}}
