{"name": "RandomForestClassifier-dot_1.1.1.1-iat_only-7", "balanced_accuracy": 0.6729076479076479, "classification_report": {"alexa_swan_kettle": {"precision": 1.0, "recall": 1.0, "f1-score": 1.0, "support": 8}, "aqara_hubM2": {"precision": 0.0, "recall": 0.0, "f1-score": 0.0, "support": 6}, "arlo_camera_pro4": {"precision": 1.0, "recall": 1.0, "f1-score": 1.0, "support": 11}, "boifun_baby": {"precision": 0.46153846153846156, "recall": 0.6666666666666666, "f1-score": 0.5454545454545455, "support": 9}, "bose_speaker": {"precision": 0.6666666666666666, "recall": 0.4, "f1-score": 0.5, "support": 5}, "cosori_air_fryer": {"precision": 0.8888888888888888, "recall": 0.8, "f1-score": 0.8421052631578948, "support": 10}, "echodot5": {"precision": 0.25, "recall": 0.6, "f1-score": 0.35294117647058826, "support": 5}, "google_nest_doorbell": {"precision": 0.6, "recall": 0.42857142857142855, "f1-score": 0.5, "support": 7}, "google_nest_hub": {"precision": 0.7142857142857143, "recall": 0.625, "f1-score": 0.6666666666666666, "support": 8}, "govee_strip_light": {"precision": 1.0, "recall": 1.0, "f1-score": 1.0, "support": 11}, "iROBOT_roomba": {"precision": 0.0, "recall": 0.0, "f1-score": 0.0, "support": 11}, "nest_cam": {"precision": 0.3333333333333333, "recall": 0.2222222222222222, "f1-score": 0.26666666666666666, "support": 9}, "netatmo_weather_station": {"precision": 0.1111111111111111, "recall": 1.0, "f1-score": 0.19999999999999998, "support": 2}, "petsafe_feeder": {"precision": 1.0, "recall": 0.2222222222222222, "f1-score": 0.3636363636363636, "support": 9}, "ring_chime_pro": {"precision": 0.375, "recall": 0.375, "f1-score": 0.375, "support": 8}, "simplicam": {"precision": 1.0, "recall": 1.0, "f1-score": 1.0, "support": 14}, "sonos_speaker": {"precision": 1.0, "recall": 1.0, "f1-score": 1.0, "support": 12}, "switchbot_hub_mini_1": {"precision": 0.5714285714285714, "recall": 1.0, "f1-score": 0.7272727272727273, "support": 12}, "vtech_baby_monitor": {"precision": 1.0, "recall": 1.0, "f1-score": 1.0, "support": 5}, "withings_sleep_analyser": {"precision": 0.9166666666666666, "recall": 1.0, "f1-score": 0.9565217391304348, "support": 11}, "wiz_smart_bulb": {"precision": 0.8333333333333334, "recall": 0.7142857142857143, "f1-score": 0.7692307692307692, "support": 7}, "wyze_cam_pan_v2": {"precision": 1.0, "recall": 0.75, "f1-score": 0.8571428571428571, "support": 12}, "accuracy": 0.6979166666666666, "macro avg": {"precision": 0.6691933066933067, "recall": 0.6729076479076479, "f1-score": 0.6328472170377052, "support": 192}, "weighted avg": {"precision": 0.7215436762311761, "recall": 0.6979166666666666, "f1-score": 0.6844804768600029, "support": 192}}}
