{"name": "RandomForestClassifier-dot_1.1.1.1-iat_only-5", "balanced_accuracy": 0.6972305472305472, "classification_report": {"alexa_swan_kettle": {"precision": 1.0, "recall": 1.0, "f1-score": 1.0, "support": 7}, "aqara_hubM2": {"precision": 0.0, "recall": 0.0, "f1-score": 0.0, "support": 4}, "arlo_camera_pro4": {"precision": 1.0, "recall": 1.0, "f1-score": 1.0, "support": 5}, "boifun_baby": {"precision": 0.5333333333333333, "recall": 0.8888888888888888, "f1-score": 0.6666666666666667, "support": 9}, "bose_speaker": {"precision": 0.6, "recall": 0.3, "f1-score": 0.4, "support": 10}, "cosori_air_fryer": {"precision": 0.5, "recall": 0.42857142857142855, "f1-score": 0.4615384615384615, "support": 7}, "echodot5": {"precision": 0.16666666666666666, "recall": 0.6, "f1-score": 0.2608695652173913, "support": 5}, "google_nest_doorbell": {"precision": 0.7692307692307693, "recall": 0.8333333333333334, "f1-score": 0.8, "support": 12}, "google_nest_hub": {"precision": 1.0, "recall": 0.7692307692307693, "f1-score": 0.8695652173913044, "support": 13}, "govee_strip_light": {"precision": 1.0, "recall": 1.0, "f1-score": 1.0, "support": 15}, "iROBOT_roomba": {"precision": 0.0, "recall": 0.0, "f1-score": 0.0, "support": 10}, "nest_cam": {"precision": 0.5, "recall": 0.25, "f1-score": 0.3333333333333333, "support": 12}, "netatmo_weather_station": {"precision": 0.2222222222222222, "recall": 1.0, "f1-score": 0.3636363636363636, "support": 4}, "petsafe_feeder": {"precision": 1.0, "recall": 0.2857142857142857, "f1-score": 0.4444444444444445, "support": 14}, "ring_chime_pro": {"precision": 0.75, "recall": 0.3333333333333333, "f1-score": 0.46153846153846156, "support": 9}, "simplicam": {"precision": 1.0, "recall": 1.0, "f1-score": 1.0, "support": 3}, "sonos_speaker": {"precision": 1.0, "recall": 1.0, "f1-score": 1.0, "support": 7}, "switchbot_hub_mini_1": {"precision": 0.6470588235294118, "recall": 1.0, "f1-score": 0.7857142857142858, "support": 11}, "vtech_baby_monitor": {"precision": 1.0, "recall": 1.0, "f1-score": 1.0, "support": 13}, "withings_sleep_analyser": {"precision": 1.0, "recall": 1.0, "f1-score": 1.0, "support": 8}, "wiz_smart_bulb": {"precision": 0.3333333333333333, "recall": 0.75, "f1-score": 0.46153846153846156, "support": 4}, "wyze_cam_pan_v2": {"precision": 1.0, "recall": 0.9, "f1-score": 0.9473684210526316, "support": 10}, "accuracy": 0.6875, "macro avg": {"precision": 0.6828111431052607, "recall": 0.6972305472305472, "f1-score": 0.6480097128214458, "support": 192}, "weighted avg": {"precision": 0.736739436693481, "recall": 0.6875, "f1-score": 0.6730873641306993, "support": 192}}}
