{"[NN]NeuralNetwork": {"params": {"classification__epochs": 20, "classification__batch_size": 25}, "times": {"mean_fit_time": [3.5366153717041016, 3.378717851638794, 4.0038666248321535, 3.8885754108428956, 4.300439119338989, 3.9223880767822266, 4.316324758529663, 3.809077835083008, 3.8349589347839355, 3.37787127494812], "std_fit_time": [0.4190524896981155, 0.5199495673641445, 0.9135428146047505, 0.7129521338078996, 0.5410538592155156, 0.5159851145408726, 0.775622588964252, 0.377599088256893, 0.8546148869127604, 0.457935719801727], "mean_score_time": [0.3264142036437988, 0.40154547691345216, 0.4150907039642334, 0.4225173473358154, 0.29868326187133787, 0.42917165756225584, 0.36130709648132325, 0.30441575050354003, 0.3810908317565918, 0.3496063709259033], "std_score_time": [0.07789203157272502, 0.05681865431979416, 0.07035114027621932, 0.15907038897071327, 0.10250924026991548, 0.22386000754492927, 0.11488265309974545, 0.04055575114922556, 0.07962148401196086, 0.13098492428301872]}, "score": 0.9041666666666666}, "RandomForestClassifier": {"params": {"classification__n_estimators": 200, "classification__min_samples_split": 10, "classification__min_samples_leaf": 1, "classification__max_features": null, "classification__max_depth": 30, "classification__bootstrap": true}, "times": {"mean_fit_time": [0.7826563358306885], "std_fit_time": [0.13515049374666474], "mean_score_time": [0.0018425941467285155], "std_score_time": [0.0003750627406017896]}, "score": 1.0}, "KNeighborsClassifier": {"params": {"classification__weights": "distance", "classification__n_neighbors": 15, "classification__metric": "minkowski", "classification__leaf_size": 40}, "times": {"mean_fit_time": [0.02434220314025879], "std_fit_time": [0.007500847624059296], "mean_score_time": [0.007602167129516601], "std_score_time": [0.0012813749642830961]}, "score": 0.35}, "ComplementNB": {"params": {"classification__alpha": 0.5}, "times": {"mean_fit_time": [0.0034193992614746094], "std_fit_time": [0.0002533002340997045], "mean_score_time": [0.0009847164154052734], "std_score_time": [0.00019629234300770496]}, "score": 0.7833333333333333}, "LogisticRegression": {"params": {"classification__solver": "lbfgs", "classification__C": 100}, "times": {"mean_fit_time": [0.11134185791015624], "std_fit_time": [0.018146587256006024], "mean_score_time": [0.0017807960510253906], "std_score_time": [0.00040389653753873965]}, "score": 0.8333333333333333}}