{"[NN]NeuralNetwork": {"params": {"classification__epochs": 20, "classification__batch_size": 30}, "times": {"mean_fit_time": [3.8729146480560304, 2.9116884231567384, 3.2174702644348145, 2.7525777339935305, 2.604936933517456, 3.1615892887115478, 2.6559562206268312, 2.728389310836792, 2.8608126640319824, 2.503938388824463], "std_fit_time": [0.594406951902999, 0.7765343180385365, 0.39782462009530406, 0.6162813087889512, 0.3316687616153252, 0.3619539943431998, 0.38593628424123616, 0.48130287978176217, 0.5315495483677396, 0.43437576041232906], "mean_score_time": [0.25885739326477053, 0.2722367286682129, 0.23839826583862306, 0.2633184909820557, 0.3057248592376709, 0.22608327865600586, 0.2430349826812744, 0.23848094940185546, 0.21588940620422364, 0.20856046676635742], "std_score_time": [0.030262549939235096, 0.053512624750509906, 0.05900356077065296, 0.09946276612270732, 0.14478542082419643, 0.051799312863515835, 0.03873144799042514, 0.029374414291626155, 0.03968745906619072, 0.005537306740302712]}, "score": 0.8721904761904762}, "RandomForestClassifier": {"params": {"classification__n_estimators": 400, "classification__min_samples_split": 2, "classification__min_samples_leaf": 2, "classification__max_features": "log2", "classification__max_depth": 20, "classification__bootstrap": false}, "times": {"mean_fit_time": [2.1765393733978273, 1.4883814334869385, 1.1453733444213867, 1.4797995567321778, 1.1161380290985108], "std_fit_time": [0.1131419674351389, 0.20303699839083478, 0.23941513605271805, 0.06818790390388242, 0.06064631244856515], "mean_score_time": [0.00519404411315918, 0.0025970935821533203, 0.0018192291259765624, 0.0038600921630859374, 0.003104877471923828], "std_score_time": [0.001744574999388482, 0.0011345682016863476, 0.00035958588872967616, 0.0015176529556982503, 0.0004163455090438682]}, "score": 0.97}, "KNeighborsClassifier": {"params": {"classification__weights": "uniform", "classification__n_neighbors": 17, "classification__metric": "manhattan", "classification__leaf_size": 33}, "times": {"mean_fit_time": [0.045859670639038085, 0.04114513397216797, 0.04736218452453613, 0.027790546417236328, 0.0291689395904541], "std_fit_time": [0.007150929177613085, 0.009053608298409028, 0.012398513390504658, 0.002583604347202816, 0.014865464886881488], "mean_score_time": [0.010354900360107422, 0.013384819030761719, 0.011510562896728516, 0.01053757667541504, 0.009956264495849609], "std_score_time": [0.0014569453576595793, 0.005434918242087347, 0.0021181609237095923, 0.0012146585480279342, 0.0005790188394228738]}, "score": 0.9306666666666665}, "ComplementNB": {"params": {"classification__alpha": 1.0}, "times": {"mean_fit_time": [0.005086517333984375, 0.005318403244018555, 0.005336618423461914, 0.007379722595214844, 0.008406734466552735], "std_fit_time": [0.001058443642954106, 0.0009954977556164827, 0.001004136132804361, 0.0008072348267374179, 0.0004248619775311791], "mean_score_time": [0.0013824939727783204, 0.0015710353851318359, 0.0015716075897216797, 0.0016748905181884766, 0.001878213882446289], "std_score_time": [0.0003007783794203201, 0.00031607537243133666, 0.0003634680220617584, 0.00023425583298100587, 9.339442184788279e-05]}, "score": 0.876}, "LogisticRegression": {"params": {"classification__solver": "saga", "classification__C": 0.1}, "times": {"mean_fit_time": [0.8711462020874023, 0.9435075283050537, 0.9139902114868164, 1.4737257480621337, 1.499832820892334], "std_fit_time": [0.11490349369483187, 0.15023477378475475, 0.15777283113571366, 0.0670850197305933, 0.06750982134728514], "mean_score_time": [0.009940052032470703, 0.0036892414093017576, 0.0038608551025390626, 0.005010986328125, 0.004291963577270508], "std_score_time": [0.011785657632353579, 0.0012569409617872946, 0.0008558416275052937, 0.0009511149945534323, 0.000532782117131865]}, "score": 0.7993333333333333}}