{"[NN]NeuralNetwork": {"params": {"classification__epochs": 10, "classification__batch_size": 20}, "times": {"mean_fit_time": [4.779681825637818, 4.470399188995361, 4.6605555534362795, 5.8559380054473875, 5.16572003364563, 4.173511219024658, 4.788671636581421, 5.275767755508423, 5.148438262939453, 4.937602853775024], "std_fit_time": [0.5382851532777713, 0.48181292847836577, 0.7436073844618268, 0.41178252774908614, 0.6225249097118543, 0.7365297771051815, 0.6577643763598817, 0.9212478915140951, 0.7444043843246474, 0.41532479849712167], "mean_score_time": [0.3476552486419678, 0.3815584659576416, 0.49528050422668457, 0.5059735774993896, 0.5331430912017823, 0.43888702392578127, 0.44667835235595704, 0.4984005928039551, 0.45423169136047364, 0.5147274017333985], "std_score_time": [0.09129543055002205, 0.07289055939990792, 0.20363562075067246, 0.1317107284273894, 0.25588531203677406, 0.10256222833903852, 0.06628486797271267, 0.17132926220265848, 0.0944704514071859, 0.22407738780701728]}, "score": 0.9192380952380953}, "RandomForestClassifier": {"params": {"classification__n_estimators": 1000, "classification__min_samples_split": 10, "classification__min_samples_leaf": 2, "classification__max_features": null, "classification__max_depth": 80, "classification__bootstrap": false}, "times": {"mean_fit_time": [0.4265786647796631, 1.7791337490081787, 4.6400855541229244, 1.593017578125, 5.0194840908050535], "std_fit_time": [0.03789054769804718, 0.17487068963959482, 0.23651284008543588, 0.053118546155130855, 0.06529208348038444], "mean_score_time": [0.0017493724822998046, 0.0027866363525390625, 0.0034084320068359375, 0.003084707260131836, 0.0033951759338378905], "std_score_time": [5.890504343251841e-05, 0.001494078403625869, 0.0010383446915205247, 0.0010028990899109385, 0.0007670912072951462]}, "score": 0.992}, "KNeighborsClassifier": {"params": {"classification__weights": "uniform", "classification__n_neighbors": 1, "classification__metric": "minkowski", "classification__leaf_size": 30}, "times": {"mean_fit_time": [0.04544367790222168, 0.023533725738525392, 0.04101567268371582, 0.036945533752441403, 0.03018946647644043], "std_fit_time": [0.0007944026857317033, 0.011084875421238661, 0.0050840450334935505, 0.00936139353317567, 0.004090665252879252], "mean_score_time": [0.010251903533935547, 0.008428955078125, 0.008336162567138672, 0.011320066452026368, 0.014837551116943359], "std_score_time": [0.0008597634671744247, 0.0015891607178114189, 0.0007876483243790614, 0.0038614655999423364, 0.0021987325654562154]}, "score": 0.916}, "ComplementNB": {"params": {"classification__alpha": 0.5}, "times": {"mean_fit_time": [0.006184673309326172, 0.003951740264892578, 0.0045105934143066405, 0.006670904159545898, 0.008220195770263672], "std_fit_time": [0.004053911511355597, 0.00022378544441336117, 0.00045781163620004, 0.00046153433841946887, 0.002206888419726284], "mean_score_time": [0.0015842437744140625, 0.0011922359466552735, 0.0013112068176269532, 0.0014999866485595702, 0.0017009735107421874], "std_score_time": [0.0010113775971634421, 0.0002582592748996119, 0.0002884013310393457, 0.000157519068447707, 0.00025791180802065596]}, "score": 0.7406666666666667}, "LogisticRegression": {"params": {"classification__solver": "newton-cg", "classification__C": 0.01}, "times": {"mean_fit_time": [0.5008914947509766, 0.17310409545898436, 0.44333229064941404, 0.6017407417297364, 0.6625978946685791], "std_fit_time": [0.0494316406334615, 0.05097615617184186, 0.17363440685930936, 0.20601273230081035, 0.10373978648153803], "mean_score_time": [0.0021976947784423826, 0.0020049571990966796, 0.0024257183074951174, 0.0018942832946777343, 0.003406333923339844], "std_score_time": [0.0005402422622797727, 0.00040501487193481486, 0.00046797546460816756, 0.000292589992388772, 0.0017892434170325051]}, "score": 0.9366666666666668}}