{"[NN]NeuralNetwork": {"params": {"classification__epochs": 5, "classification__batch_size": 25}, "times": {"mean_fit_time": [3.926180124282837, 4.143247413635254, 4.591262006759644, 4.193196964263916, 2.860985803604126, 4.285429525375366, 3.0626784324645997, 4.942993927001953, 4.759558629989624, 3.692632627487183], "std_fit_time": [1.045632203309276, 1.0121555299073153, 1.4509343656480496, 1.3299501946132455, 0.25307682453636676, 1.2354463937303226, 0.2223603806952799, 0.8695009059411016, 1.1296867427156403, 0.5713625067543938], "mean_score_time": [0.47014312744140624, 0.48932833671569825, 0.45052590370178225, 0.31368155479431153, 0.43676438331604006, 0.38386807441711424, 0.41048994064331057, 0.5444296836853028, 0.4867056369781494, 0.30951414108276365], "std_score_time": [0.15511915097524315, 0.11807719256875895, 0.05076162268701887, 0.03172492651610265, 0.14403917516026574, 0.07588174892616455, 0.09961061878022129, 0.17452840887819893, 0.14658433691899986, 0.04421952063553042]}, "score": 0.9583333333333333}, "RandomForestClassifier": {"params": {"classification__n_estimators": 100, "classification__min_samples_split": 2, "classification__min_samples_leaf": 4, "classification__max_features": "log2", "classification__max_depth": 20, "classification__bootstrap": true}, "times": {"mean_fit_time": [0.08920621871948242], "std_fit_time": [0.007397839933662589], "mean_score_time": [0.0014728546142578126], "std_score_time": [8.850945440332405e-05]}, "score": 1.0}, "KNeighborsClassifier": {"params": {"classification__weights": "uniform", "classification__n_neighbors": 19, "classification__metric": "manhattan", "classification__leaf_size": 26}, "times": {"mean_fit_time": [0.03360624313354492], "std_fit_time": [2.9834310530613812e-05], "mean_score_time": [0.006879949569702148], "std_score_time": [0.0007118184083409532]}, "score": 0.8916666666666666}, "ComplementNB": {"params": {"classification__alpha": 0.5}, "times": {"mean_fit_time": [0.003477334976196289], "std_fit_time": [5.237682317900951e-05], "mean_score_time": [0.0009622573852539062], "std_score_time": [0.00016313009666713138]}, "score": 0.9666666666666666}, "LogisticRegression": {"params": {"classification__solver": "saga", "classification__C": 1.0}, "times": {"mean_fit_time": [0.37126727104187013], "std_fit_time": [0.020316963867964995], "mean_score_time": [0.030342531204223634], "std_score_time": [0.0051969430413894265]}, "score": 0.6777777777777777}}