{"[NN]NeuralNetwork": {"params": {"classification__epochs": 15, "classification__batch_size": 25}, "times": {"mean_fit_time": [3.973887491226196, 3.739801120758057, 3.535950708389282, 3.2140034675598144, 3.261311149597168, 4.119066429138184, 3.883695936203003, 4.258460283279419, 3.5056705474853516, 3.181786060333252], "std_fit_time": [0.8250408597822467, 0.9686894576955807, 1.323072762034583, 1.2569583610517392, 1.1007644271465618, 1.2107815385116525, 0.8180467170074064, 0.5288252758865665, 0.5734428639328603, 0.8474179224156195], "mean_score_time": [0.2914970874786377, 0.33287854194641114, 0.3206759452819824, 0.27755513191223147, 0.31548523902893066, 0.25107541084289553, 0.22501702308654786, 0.2626946926116943, 0.3034979343414307, 0.27659854888916013], "std_score_time": [0.05692022022201718, 0.07196773604442196, 0.04986093993125912, 0.04181175797217052, 0.03756184099726971, 0.03780117659153773, 0.051407494981731264, 0.024250128877044093, 0.04519174967764407, 0.030159627929518124]}, "score": 0.9238571428571429}, "RandomForestClassifier": {"params": {"classification__n_estimators": 300, "classification__min_samples_split": 5, "classification__min_samples_leaf": 4, "classification__max_features": "log2", "classification__max_depth": 70, "classification__bootstrap": true}, "times": {"mean_fit_time": [0.5065903186798095, 3.744385766983032, 0.9292372226715088, 3.8383165836334228, 0.9020318031311035], "std_fit_time": [0.04277357368014091, 0.08746515486673853, 0.06749606590247331, 0.21519696295465332, 0.057410319064333616], "mean_score_time": [0.0017396926879882813, 0.004137420654296875, 0.0016895294189453124, 0.003605079650878906, 0.002801942825317383], "std_score_time": [0.0003693277066809804, 0.0007554408854794727, 0.00015641120851996328, 0.00041817026749584155, 0.0014064725430689505]}, "score": 0.99}, "KNeighborsClassifier": {"params": {"classification__weights": "uniform", "classification__n_neighbors": 15, "classification__metric": "minkowski", "classification__leaf_size": 33}, "times": {"mean_fit_time": [0.05185747146606445, 0.03942294120788574, 0.06693663597106933, 0.027227354049682618, 0.03255014419555664], "std_fit_time": [0.026415622292098425, 0.017181551551960744, 0.01614419337703849, 0.00558919961901558, 0.010961064598060679], "mean_score_time": [0.0134979248046875, 0.015483331680297852, 0.012390661239624023, 0.011393499374389649, 0.009711694717407227], "std_score_time": [0.004016584166006045, 0.01251798451434038, 0.004128802426076108, 0.0015499511650182032, 0.0009726582911390205]}, "score": 0.834}, "ComplementNB": {"params": {"classification__alpha": 0.5}, "times": {"mean_fit_time": [0.005041980743408203, 0.005257606506347656, 0.005588388442993164, 0.010284137725830079, 0.008911895751953124], "std_fit_time": [0.00016161780515181728, 0.0006795313472941681, 0.0008190659584979665, 0.0011133055092182463, 0.0027568623107426878], "mean_score_time": [0.0013761520385742188, 0.0014620780944824218, 0.001436328887939453, 0.0021429538726806642, 0.001833486557006836], "std_score_time": [0.00018953476295111412, 0.00028935418588340727, 0.00024199340613169362, 0.0001382289485743898, 0.0001899736473281076]}, "score": 0.8240000000000001}, "LogisticRegression": {"params": {"classification__solver": "lbfgs", "classification__C": 0.01}, "times": {"mean_fit_time": [0.4507307052612305, 0.798157024383545, 0.7144258975982666, 0.4581310749053955, 1.1878440856933594], "std_fit_time": [0.0462163560181445, 0.5868240578584901, 0.10370770392402968, 0.02846824316328824, 0.4059110870562443], "mean_score_time": [0.003261566162109375, 0.002919435501098633, 0.0037303924560546874, 0.0021424293518066406, 0.003237152099609375], "std_score_time": [0.0009768050212089596, 0.0006069316456448236, 0.0004755011582242543, 0.00040803786197209714, 0.0005846748999348889]}, "score": 0.9720000000000001}}