{"[NN]NeuralNetwork": {"params": {"classification__epochs": 15, "classification__batch_size": 30}, "times": {"mean_fit_time": [3.4169272422790526, 3.4484742641448975, 3.8091302871704102, 3.308191919326782, 2.9557021141052244, 3.075672817230225, 3.7400686740875244, 3.9103222370147703, 3.048210620880127, 2.4962443351745605], "std_fit_time": [0.5135721621352127, 0.4152271389037404, 0.5697119441500504, 0.7154993704314345, 0.45693652499000165, 0.5505729880378107, 0.6369232915105842, 0.77689430908726, 0.5133229760177116, 0.5185948551887354], "mean_score_time": [0.3433419704437256, 0.35116915702819823, 0.3460747241973877, 0.32469902038574217, 0.4589796543121338, 0.31900439262390134, 0.24845328330993652, 0.30135312080383303, 0.2201155662536621, 0.20056309700012206], "std_score_time": [0.0878397802015904, 0.079003565584649, 0.06034497176383383, 0.05303345634501716, 0.12397517025227948, 0.11194163575275426, 0.11999912666245709, 0.12949500081681997, 0.030954538475782577, 0.020395554951089034]}, "score": 0.979978354978355}, "RandomForestClassifier": {"params": {"classification__n_estimators": 400, "classification__min_samples_split": 5, "classification__min_samples_leaf": 1, "classification__max_features": "log2", "classification__max_depth": 50, "classification__bootstrap": false}, "times": {"mean_fit_time": [1.7327773094177246, 1.3632975101470948, 0.24979043006896973, 1.2360341548919678, 0.2515005588531494], "std_fit_time": [0.11469345561768819, 0.10882225393627148, 0.0408382228567035, 0.0489856976463747, 0.026910533246028785], "mean_score_time": [0.001717853546142578, 0.001610565185546875, 0.001763296127319336, 0.002397584915161133, 0.0014337539672851563], "std_score_time": [0.00013253546206384232, 9.980799743188553e-05, 0.00041828171825275296, 0.00045205071496477576, 0.00019176310896455503]}, "score": 0.9800000000000001}, "KNeighborsClassifier": {"params": {"classification__weights": "uniform", "classification__n_neighbors": 11, "classification__metric": "manhattan", "classification__leaf_size": 30}, "times": {"mean_fit_time": [0.028673696517944335, 0.031245946884155273, 0.02819089889526367, 0.02860407829284668, 0.02302384376525879], "std_fit_time": [0.006097444197501797, 0.012954197724284598, 0.013713424187473433, 0.01232361472843675, 0.0017204365814677363], "mean_score_time": [0.009195756912231446, 0.008431005477905273, 0.008415555953979493, 0.007911443710327148, 0.00905914306640625], "std_score_time": [0.0010976716541760973, 0.0012215483093926827, 0.00110996994465126, 0.0004169135100339797, 0.0004320407116308711]}, "score": 0.9675}, "ComplementNB": {"params": {"classification__alpha": 0.5}, "times": {"mean_fit_time": [0.005010461807250977, 0.004689216613769531, 0.004784297943115234, 0.00541539192199707, 0.007064008712768554], "std_fit_time": [0.0007572761628154812, 0.0008736166616410339, 0.0006740711370702291, 0.000881323588275786, 0.00045239045771615523], "mean_score_time": [0.001247072219848633, 0.0013178348541259765, 0.0013045310974121095, 0.0014699935913085938, 0.0018668174743652344], "std_score_time": [0.00020168546738674425, 0.00021511511545465827, 0.00022824748865843167, 0.0001415872855686348, 0.0001245603257616657]}, "score": 0.9608333333333334}, "LogisticRegression": {"params": {"classification__solver": "newton-cg", "classification__C": 0.1}, "times": {"mean_fit_time": [0.5624229907989502, 0.05086832046508789, 0.049408483505249026, 0.08431434631347656, 0.07735872268676758], "std_fit_time": [0.06256717516989728, 0.0019616165786553513, 0.0034201437186679486, 0.02187859151105872, 0.014542824454307483], "mean_score_time": [0.002912425994873047, 0.0016206741333007813, 0.0017156124114990235, 0.0017695426940917969, 0.0017085075378417969], "std_score_time": [0.0020745775597511996, 0.00018905854300911416, 0.00011397030546035938, 0.0001046624432954041, 6.39180601431757e-05]}, "score": 0.9608333333333334}}