{"[NN]NeuralNetwork": {"params": {"classification__epochs": 20, "classification__batch_size": 25}, "times": {"mean_fit_time": [4.267214822769165, 4.262128210067749, 5.351688957214355, 4.820135688781738, 4.236420774459839, 4.866286516189575, 4.493477535247803, 4.851870679855347, 4.630243730545044, 4.501238012313843], "std_fit_time": [0.7953033018371621, 0.7504701625062872, 0.8356796044384878, 1.0926223658212397, 0.9629980505484855, 0.5329482894516773, 0.9021943471567114, 0.5752762358680037, 0.6052861753831456, 1.0796979236484245], "mean_score_time": [0.42414026260375975, 0.5181266307830811, 0.39977116584777833, 0.4392256736755371, 0.5489534378051758, 0.6682892799377441, 0.7331567287445069, 0.4889183044433594, 0.4913183689117432, 0.5836391925811768], "std_score_time": [0.15520976212488183, 0.10748406049346465, 0.10651358156210723, 0.1067741975699705, 0.128129663694192, 0.2351735654438542, 0.17429085270388664, 0.09294804518472058, 0.14503957505782092, 0.15842498926836932]}, "score": 0.9333333333333333}, "RandomForestClassifier": {"params": {"classification__n_estimators": 100, "classification__min_samples_split": 5, "classification__min_samples_leaf": 4, "classification__max_features": "log2", "classification__max_depth": 50, "classification__bootstrap": false}, "times": {"mean_fit_time": [0.08818717002868652], "std_fit_time": [0.005483771115781116], "mean_score_time": [0.0013983726501464843], "std_score_time": [0.00018583582909498478]}, "score": 1.0}, "KNeighborsClassifier": {"params": {"classification__weights": "uniform", "classification__n_neighbors": 19, "classification__metric": "minkowski", "classification__leaf_size": 23}, "times": {"mean_fit_time": [0.023764705657958983], "std_fit_time": [0.001372949145401287], "mean_score_time": [0.007348251342773437], "std_score_time": [0.0002260543802340107]}, "score": 0.6388888888888888}, "ComplementNB": {"params": {"classification__alpha": 0}, "times": {"mean_fit_time": [0.004161930084228516], "std_fit_time": [0.0004990662439735965], "mean_score_time": [0.0011291980743408203], "std_score_time": [0.00016342645982166804]}, "score": 0.9583333333333333}, "LogisticRegression": {"params": {"classification__solver": "saga", "classification__C": 100}, "times": {"mean_fit_time": [0.38489179611206054], "std_fit_time": [0.02018405238021875], "mean_score_time": [0.030525636672973634], "std_score_time": [0.007493406531613408]}, "score": 0.7555555555555555}}