{"[NN]NeuralNetwork": {"params": {"classification__epochs": 5, "classification__batch_size": 20}, "times": {"mean_fit_time": [5.307158517837524, 4.515215539932251, 4.28026556968689, 4.46198148727417, 4.688979005813598, 4.513697147369385, 3.6085140705108643, 5.574955940246582, 5.2790368556976315, 5.2147197246551515], "std_fit_time": [0.6085193779323496, 0.7247974904648206, 1.0870993673421412, 0.5982935857184211, 0.7715310062532925, 0.33771967060872526, 0.3451867275744084, 0.6923181386176751, 0.2750675555768583, 0.5207386981028557], "mean_score_time": [0.6252866268157959, 0.5729054927825927, 0.6238138198852539, 0.5851649284362793, 0.5231008529663086, 0.41826481819152833, 0.5047906398773193, 0.6117682456970215, 0.5405689716339112, 0.5219290256500244], "std_score_time": [0.06335650506739904, 0.14769738852837974, 0.18828865979218545, 0.18570287032648, 0.18903603819442344, 0.09560646055024367, 0.11744657737900631, 0.1479894502078845, 0.04965423328424788, 0.10994899371586493]}, "score": 0.9854166666666668}, "RandomForestClassifier": {"params": {"classification__n_estimators": 500, "classification__min_samples_split": 2, "classification__min_samples_leaf": 1, "classification__max_features": null, "classification__max_depth": 60, "classification__bootstrap": false}, "times": {"mean_fit_time": [5.056262063980102, 2.4592917442321776, 0.11973943710327148, 2.3242165088653564, 0.13004770278930664], "std_fit_time": [0.20995536447440014, 0.17279695978215498, 0.02892718761415295, 0.10093563961873218, 0.012832142437150734], "mean_score_time": [0.005034351348876953, 0.005330848693847656, 0.001913166046142578, 0.0038910865783691405, 0.001322317123413086], "std_score_time": [0.0008474398029430693, 0.0009769735155884677, 0.00044184508132606265, 0.0015333607099095583, 7.98723448286739e-05]}, "score": 0.9916666666666668}, "KNeighborsClassifier": {"params": {"classification__weights": "uniform", "classification__n_neighbors": 9, "classification__metric": "minkowski", "classification__leaf_size": 16}, "times": {"mean_fit_time": [0.02536458969116211, 0.03617186546325683, 0.023853874206542967, 0.03377070426940918, 0.0484776496887207], "std_fit_time": [0.005274860422817554, 0.009369501507074565, 0.008718412443433259, 0.004381871180835348, 0.010197529828539897], "mean_score_time": [0.009024095535278321, 0.010628938674926758, 0.009716415405273437, 0.010661888122558593, 0.008048009872436524], "std_score_time": [0.000741635233096648, 0.002385629969940287, 0.0012210765803800149, 0.004382671870531051, 0.00029096103265065606]}, "score": 0.99}, "ComplementNB": {"params": {"classification__alpha": 0.5}, "times": {"mean_fit_time": [0.004384803771972656, 0.005016517639160156, 0.004663515090942383, 0.00492711067199707, 0.005215072631835937], "std_fit_time": [0.00031339348735964323, 0.001372593442588611, 0.0005217018319764781, 0.00032855960504238823, 0.0005096312454658759], "mean_score_time": [0.0011209487915039063, 0.0012964725494384766, 0.001317739486694336, 0.0013265609741210938, 0.0013374805450439454], "std_score_time": [5.9343643949082545e-05, 0.00014394381475061648, 0.0001440902955239354, 1.6943494403889204e-05, 9.559870334082664e-05]}, "score": 0.925}, "LogisticRegression": {"params": {"classification__solver": "lbfgs", "classification__C": 10}, "times": {"mean_fit_time": [0.05946989059448242, 0.052215290069580075, 0.34529824256896974, 0.12705507278442382, 0.7659231662750244], "std_fit_time": [0.015052981804478182, 0.02033369377919144, 0.06361083950199697, 0.037441083510228915, 0.08380017955897359], "mean_score_time": [0.0016344547271728515, 0.0016771793365478516, 0.00191802978515625, 0.0015697956085205078, 0.002037811279296875], "std_score_time": [0.00022516297062038671, 0.00015372897196592067, 0.0002971350749142368, 0.00016502778116389547, 0.000204556938557532]}, "score": 0.9400000000000001}}