{"[NN]NeuralNetwork": {"params": {"classification__epochs": 15, "classification__batch_size": 30}, "times": {"mean_fit_time": [4.310179853439331, 3.661305046081543, 4.1395769119262695, 4.149901676177978, 4.96518235206604, 6.225627136230469, 4.7854194164276125, 5.256874942779541, 4.69362063407898, 4.519630241394043], "std_fit_time": [0.6518561314058119, 0.41990915494279435, 0.8845395458767176, 1.1984149287241874, 1.4786730371893284, 0.8234715014131352, 0.8811258316347246, 0.3597557521319033, 0.4903309233336366, 0.5315417550598276], "mean_score_time": [0.43649773597717284, 0.3463753223419189, 0.4465029716491699, 0.4539952278137207, 0.38828744888305666, 0.7089351177215576, 0.4250852108001709, 0.35306611061096194, 0.4402961254119873, 0.436383056640625], "std_score_time": [0.21981412617105453, 0.08932812529070953, 0.05109352848753028, 0.12123474700722732, 0.08964758428715848, 0.3090785753929902, 0.18448041119073716, 0.07542565842436254, 0.20093605707700493, 0.1546419903346377]}, "score": 0.9819444444444445}, "RandomForestClassifier": {"params": {"classification__n_estimators": 300, "classification__min_samples_split": 10, "classification__min_samples_leaf": 4, "classification__max_features": null, "classification__max_depth": 60, "classification__bootstrap": true}, "times": {"mean_fit_time": [0.40944643020629884, 1.297312116622925, 1.2500268936157226], "std_fit_time": [0.029191538312462684, 0.2620662704121707, 0.09771547018557004], "mean_score_time": [0.0018650054931640624, 0.002080965042114258, 0.002706480026245117], "std_score_time": [0.0002117758635355955, 0.00027305668410846186, 0.0016805327120905924]}, "score": 1.0}, "KNeighborsClassifier": {"params": {"classification__weights": "uniform", "classification__n_neighbors": 9, "classification__metric": "manhattan", "classification__leaf_size": 23}, "times": {"mean_fit_time": [0.05240588188171387, 0.03680267333984375, 0.03245401382446289], "std_fit_time": [0.0027310709072542734, 0.013449162310570957, 0.0024606379191983055], "mean_score_time": [0.009853982925415039, 0.008276033401489257, 0.008587932586669922], "std_score_time": [0.0013453732526972758, 0.0010526212765653215, 0.0007902189150363793]}, "score": 0.975}, "ComplementNB": {"params": {"classification__alpha": 1.0}, "times": {"mean_fit_time": [0.004625654220581055, 0.003758144378662109, 0.0064849853515625], "std_fit_time": [0.0011080245930211589, 9.712195546225442e-05, 0.0011569063776026758], "mean_score_time": [0.0014560699462890625, 0.0012457847595214843, 0.0018144607543945312], "std_score_time": [0.0005111981542190875, 0.0001905302738617136, 0.0002694138214638767]}, "score": 0.8558333333333333}, "LogisticRegression": {"params": {"classification__solver": "newton-cg", "classification__C": 10}, "times": {"mean_fit_time": [0.44028463363647463, 0.09633383750915528, 0.13130273818969726], "std_fit_time": [0.05377039471907443, 0.009517189477462858, 0.014704053207393354], "mean_score_time": [0.03485894203186035, 0.0018124580383300781, 0.001779794692993164], "std_score_time": [0.008833635982355384, 0.00019254192017242574, 0.0001500865691468215]}, "score": 0.9541666666666666}}