{"[NN]NeuralNetwork": {"params": {"classification__epochs": 15, "classification__batch_size": 30}, "times": {"mean_fit_time": [4.605025911331177, 4.157925939559936, 3.6463699340820312, 3.5793776512145996, 3.0703505992889406, 3.7009138584136965, 3.679893732070923, 3.0820849895477296, 3.1695260524749758, 3.282326650619507], "std_fit_time": [0.41453846263428384, 0.46472048238067937, 0.5405116647974986, 0.2545175083459905, 0.4992981677448379, 0.564019184114032, 0.668867664651029, 0.4525386738176171, 0.11895239430697359, 0.29927084784043684], "mean_score_time": [0.3431114196777344, 0.38799519538879396, 0.416168212890625, 0.25998220443725584, 0.31690659523010256, 0.28684277534484864, 0.350002384185791, 0.3661149024963379, 0.23509674072265624, 0.22175827026367187], "std_score_time": [0.19393023138523746, 0.09942619439897686, 0.16874996254844574, 0.07859917553456305, 0.0937928947525885, 0.12810049217507896, 0.2043942741042444, 0.08856716398572077, 0.0440176794906987, 0.033262787313195444]}, "score": 0.9819444444444445}, "RandomForestClassifier": {"params": {"classification__n_estimators": 300, "classification__min_samples_split": 10, "classification__min_samples_leaf": 4, "classification__max_features": null, "classification__max_depth": 60, "classification__bootstrap": true}, "times": {"mean_fit_time": [0.46796355247497556, 1.4096273899078369, 1.1574182510375977], "std_fit_time": [0.023248006597506664, 0.07895172333550102, 0.05738063956186311], "mean_score_time": [0.0016499042510986328, 0.0015456199645996094, 0.0019268035888671876], "std_score_time": [0.00016303915256443558, 0.00010151093723927769, 0.0002690361814288568]}, "score": 1.0}, "KNeighborsClassifier": {"params": {"classification__weights": "uniform", "classification__n_neighbors": 9, "classification__metric": "manhattan", "classification__leaf_size": 23}, "times": {"mean_fit_time": [0.03850522041320801, 0.051306724548339844, 0.028624725341796876], "std_fit_time": [0.007245985170944137, 0.00865581572929236, 0.00667966680250829], "mean_score_time": [0.009084081649780274, 0.010069465637207032, 0.009028053283691407], "std_score_time": [0.0015273204982306798, 0.0015850599884784274, 0.00044405703511948483]}, "score": 0.975}, "ComplementNB": {"params": {"classification__alpha": 1.0}, "times": {"mean_fit_time": [0.004209995269775391, 0.005004358291625976, 0.005684089660644531], "std_fit_time": [0.00032241079198463637, 0.0009788379734249064, 0.0009837118029482803], "mean_score_time": [0.0014340400695800782, 0.0015244007110595704, 0.0014742374420166015], "std_score_time": [0.00035900484752412624, 0.0002759467552233334, 0.00020696828885421152]}, "score": 0.8558333333333333}, "LogisticRegression": {"params": {"classification__solver": "newton-cg", "classification__C": 10}, "times": {"mean_fit_time": [0.5293356418609619, 0.13522043228149414, 0.1267080307006836], "std_fit_time": [0.06704383590468602, 0.03316153588190479, 0.01212292396991485], "mean_score_time": [0.0317720890045166, 0.0020569801330566407, 0.0018051624298095702], "std_score_time": [0.006441871852848459, 0.00034524352484897186, 0.00012069883523029174]}, "score": 0.9541666666666666}}