{"[NN]NeuralNetwork": {"params": {"classification__epochs": 15, "classification__batch_size": 20}, "times": {"mean_fit_time": [5.135425043106079, 5.36190390586853, 4.050895023345947, 4.770323419570923, 4.883798122406006, 5.178566551208496, 4.671697044372559, 5.333797216415405, 4.814753627777099, 3.737867498397827], "std_fit_time": [0.52403136706516, 0.7432792108551046, 0.9073330512683759, 0.5487461836992477, 0.7199211484950431, 0.40720240162170407, 1.002755645512865, 0.5587300390572686, 0.5200465025912129, 0.47216249894311174], "mean_score_time": [0.5291697978973389, 0.35260305404663084, 0.6205742835998536, 0.6439737796783447, 0.4706289768218994, 0.5190994739532471, 0.522895622253418, 0.36686339378356936, 0.5540792942047119, 0.5653332710266114], "std_score_time": [0.1613153547083839, 0.12484929963592192, 0.20446323810371858, 0.16264850571237874, 0.14345286658773468, 0.19006553195566456, 0.16993194091952554, 0.12263917616363812, 0.09156082680210902, 0.04496210155484212]}, "score": 0.7816666666666666}, "RandomForestClassifier": {"params": {"classification__n_estimators": 200, "classification__min_samples_split": 10, "classification__min_samples_leaf": 1, "classification__max_features": "sqrt", "classification__max_depth": 20, "classification__bootstrap": true}, "times": {"mean_fit_time": [0.5677779674530029], "std_fit_time": [0.06389826210804668], "mean_score_time": [0.0016939640045166016], "std_score_time": [0.00017689231856156745]}, "score": 0.9533333333333334}, "KNeighborsClassifier": {"params": {"classification__weights": "distance", "classification__n_neighbors": 17, "classification__metric": "manhattan", "classification__leaf_size": 10}, "times": {"mean_fit_time": [0.030396318435668944], "std_fit_time": [0.0005842475685754209], "mean_score_time": [0.011790752410888672], "std_score_time": [0.0019658106808651053]}, "score": 0.36}, "ComplementNB": {"params": {"classification__alpha": 0}, "times": {"mean_fit_time": [0.004620647430419922], "std_fit_time": [0.00022652904895181756], "mean_score_time": [0.0010691642761230468], "std_score_time": [7.148480843112301e-05]}, "score": 0.7233333333333333}, "LogisticRegression": {"params": {"classification__solver": "saga", "classification__C": 100}, "times": {"mean_fit_time": [0.6128030776977539], "std_fit_time": [0.03806568843340115], "mean_score_time": [0.034482288360595706], "std_score_time": [0.003829687457478418]}, "score": 0.8166666666666667}}