{"[NN]NeuralNetwork": {"params": {"classification__epochs": 15, "classification__batch_size": 25}, "times": {"mean_fit_time": [4.3502764225006105, 3.5929222106933594, 3.8856061935424804, 3.853716421127319, 3.168604850769043, 3.4771313667297363, 3.6314830780029297, 3.1027710914611815, 3.3652478218078614, 2.7283217906951904], "std_fit_time": [0.8902053100596878, 0.8238935170867137, 0.7713047861668171, 0.3773833287800795, 0.40609215115502567, 0.6176524647777443, 1.155553299625574, 0.5047020548598693, 0.7526079474391101, 0.22448038138127716], "mean_score_time": [0.23437986373901368, 0.28352203369140627, 0.23749608993530275, 0.26343598365783694, 0.24417467117309571, 0.18557591438293458, 0.18545045852661132, 0.3619269847869873, 0.2739532947540283, 0.24910578727722169], "std_score_time": [0.029169310555340618, 0.08415399935277078, 0.07871230501370631, 0.07676749578477576, 0.04383826501098299, 0.026288512288595214, 0.06184427214140908, 0.10274761883943619, 0.041540803926804926, 0.03711264779574237]}, "score": 0.946547619047619}, "RandomForestClassifier": {"params": {"classification__n_estimators": 500, "classification__min_samples_split": 2, "classification__min_samples_leaf": 2, "classification__max_features": null, "classification__max_depth": 10, "classification__bootstrap": true}, "times": {"mean_fit_time": [0.25713410377502444, 2.45386643409729, 2.100571393966675], "std_fit_time": [0.06352977497108475, 0.24435306682627364, 0.04149977772999751], "mean_score_time": [0.0015615463256835938, 0.0038665771484375, 0.003629732131958008], "std_score_time": [0.000331859293460194, 0.0014474649565264979, 0.0011009367694263307]}, "score": 0.99}, "KNeighborsClassifier": {"params": {"classification__weights": "uniform", "classification__n_neighbors": 3, "classification__metric": "euclidean", "classification__leaf_size": 16}, "times": {"mean_fit_time": [0.03804326057434082, 0.063175630569458, 0.028352689743041993], "std_fit_time": [0.0029252818333280815, 0.005589950753581128, 0.008664207997976018], "mean_score_time": [0.008067083358764649, 0.009816884994506836, 0.008731508255004882], "std_score_time": [0.00048612521395985695, 0.0008024765906615337, 0.0011610814588736479]}, "score": 0.9775}, "ComplementNB": {"params": {"classification__alpha": 0.5}, "times": {"mean_fit_time": [0.004457998275756836, 0.005642127990722656, 0.006356000900268555], "std_fit_time": [0.0006120809143312442, 0.0009366712384533044, 0.0004729015297662434], "mean_score_time": [0.0013305187225341798, 0.001592540740966797, 0.0017475128173828126], "std_score_time": [0.0001832231252873781, 0.00026944618527022446, 0.00026882536276526665]}, "score": 0.8825}, "LogisticRegression": {"params": {"classification__solver": "saga", "classification__C": 100}, "times": {"mean_fit_time": [0.6547972202301026, 0.7402067661285401, 0.7563782215118409], "std_fit_time": [0.09783583515395938, 0.1047918562016947, 0.023353323163984356], "mean_score_time": [0.03374247550964356, 0.03713150024414062, 0.041176462173461915], "std_score_time": [0.012095998956581049, 0.008032901987829938, 0.013838684725055712]}, "score": 0.8525}}