{"[NN]NeuralNetwork": {"params": {"classification__epochs": 20, "classification__batch_size": 20}, "times": {"mean_fit_time": [3.712423801422119, 3.6794233322143555, 3.078648042678833, 3.047030448913574, 3.742465353012085, 3.403790235519409, 3.1428283214569093, 3.1692715167999266, 2.93231406211853, 2.9744004249572753], "std_fit_time": [0.42452702042311846, 0.5727921332062813, 0.5880467126106756, 0.4437012758953921, 0.3813385067572273, 0.581036536861912, 0.24934508669033847, 0.49974626605223327, 0.16622434207085585, 0.312035821632275], "mean_score_time": [0.25675048828125, 0.30875506401062014, 0.289507532119751, 0.24526653289794922, 0.2960955619812012, 0.21095495223999022, 0.24876971244812013, 0.23520479202270508, 0.23317422866821289, 0.29775323867797854], "std_score_time": [0.06930298417069589, 0.11116224493593634, 0.05065299217999811, 0.036621390970956146, 0.1175406773786715, 0.03308064439935263, 0.038198508945632884, 0.059018532071670335, 0.07684410888483244, 0.15908458056434108]}, "score": 0.8640000000000001}, "RandomForestClassifier": {"params": {"classification__n_estimators": 50, "classification__min_samples_split": 5, "classification__min_samples_leaf": 1, "classification__max_features": "sqrt", "classification__max_depth": null, "classification__bootstrap": true}, "times": {"mean_fit_time": [0.06846151351928711], "std_fit_time": [0.004395472919570212], "mean_score_time": [0.0012852668762207032], "std_score_time": [5.9675060639863404e-05]}, "score": 0.9466666666666665}, "KNeighborsClassifier": {"params": {"classification__weights": "uniform", "classification__n_neighbors": 19, "classification__metric": "minkowski", "classification__leaf_size": 20}, "times": {"mean_fit_time": [0.028806018829345702], "std_fit_time": [0.005080424798527378], "mean_score_time": [0.006608295440673828], "std_score_time": [0.0004892014934502249]}, "score": 0.9266666666666665}, "ComplementNB": {"params": {"classification__alpha": 1.0}, "times": {"mean_fit_time": [0.004227542877197265], "std_fit_time": [0.00034405116454608607], "mean_score_time": [0.0011058330535888671], "std_score_time": [6.728751849026625e-05]}, "score": 0.72}, "LogisticRegression": {"params": {"classification__solver": "saga", "classification__C": 100}, "times": {"mean_fit_time": [0.6821224212646484], "std_fit_time": [0.029715091704403684], "mean_score_time": [0.03565583229064941], "std_score_time": [0.006769876591077694]}, "score": 0.8333333333333333}}