{"[NN]NeuralNetwork": {"params": {"classification__epochs": 20, "classification__batch_size": 20}, "times": {"mean_fit_time": [5.165331602096558, 4.266704368591308, 4.611440515518188, 4.689669990539551, 5.089556264877319, 5.028166770935059, 3.6538918018341064, 4.634332466125488, 4.278502655029297, 3.447048377990723], "std_fit_time": [0.9002256321813843, 0.45396491865362976, 1.0857040903330288, 1.1950980765417514, 0.9067351536375584, 1.0724367364890717, 0.7116619052512156, 0.437659541805748, 0.4218845321614462, 0.8636050506272162], "mean_score_time": [0.4229794979095459, 0.37273035049438474, 0.48999824523925783, 0.41264967918395995, 0.4544741153717041, 0.5239550113677979, 0.5634046077728272, 0.4411767482757568, 0.35924692153930665, 0.5176680088043213], "std_score_time": [0.07246436086254468, 0.11118899209104569, 0.13909587110922453, 0.120763584585195, 0.09914468780196492, 0.18310204303354433, 0.25457634531467266, 0.20862254829753746, 0.06536242921659363, 0.13851314672829265]}, "score": 0.8640000000000001}, "RandomForestClassifier": {"params": {"classification__n_estimators": 50, "classification__min_samples_split": 5, "classification__min_samples_leaf": 1, "classification__max_features": "sqrt", "classification__max_depth": null, "classification__bootstrap": true}, "times": {"mean_fit_time": [0.07681598663330078], "std_fit_time": [0.009440691444616314], "mean_score_time": [0.0016483306884765626], "std_score_time": [0.00040114056231328195]}, "score": 0.9466666666666665}, "KNeighborsClassifier": {"params": {"classification__weights": "uniform", "classification__n_neighbors": 19, "classification__metric": "minkowski", "classification__leaf_size": 20}, "times": {"mean_fit_time": [0.031146764755249023], "std_fit_time": [0.005395960836822672], "mean_score_time": [0.00797276496887207], "std_score_time": [0.001888919112427349]}, "score": 0.9266666666666665}, "ComplementNB": {"params": {"classification__alpha": 1.0}, "times": {"mean_fit_time": [0.004117012023925781], "std_fit_time": [0.0003501986040567118], "mean_score_time": [0.0011083602905273438], "std_score_time": [3.612254706153891e-05]}, "score": 0.72}, "LogisticRegression": {"params": {"classification__solver": "saga", "classification__C": 100}, "times": {"mean_fit_time": [0.7194892406463623], "std_fit_time": [0.038962061284838874], "mean_score_time": [0.03397183418273926], "std_score_time": [0.010123149664663182]}, "score": 0.8333333333333333}}