{"[NN]NeuralNetwork": {"params": {"classification__epochs": 20, "classification__batch_size": 20}, "times": {"mean_fit_time": [4.2566399574279785, 3.164920520782471, 3.096744108200073, 3.2100945472717286, 3.397288513183594, 3.304323434829712, 3.0048280715942384, 2.6516920566558837, 2.9094277381896974, 3.2503684043884276], "std_fit_time": [0.6736680321941299, 0.2345709083380045, 0.5713702408573074, 0.5323988482648181, 0.6409712599276012, 0.371382640147091, 0.3995012269400009, 0.3506603185685334, 0.633649385457812, 0.3798654891041145], "mean_score_time": [0.26930952072143555, 0.3255913734436035, 0.2661867618560791, 0.2931313991546631, 0.2549014091491699, 0.34412460327148436, 0.3582631587982178, 0.1800764560699463, 0.2834635734558105, 0.2844414710998535], "std_score_time": [0.09191708232590987, 0.10585230585680115, 0.03286362866447404, 0.05759493591666847, 0.08024994042578461, 0.08439141307744871, 0.08507299271777856, 0.036990167439747625, 0.09570431687706656, 0.07353378280745548]}, "score": 0.8640000000000001}, "RandomForestClassifier": {"params": {"classification__n_estimators": 50, "classification__min_samples_split": 5, "classification__min_samples_leaf": 1, "classification__max_features": "sqrt", "classification__max_depth": null, "classification__bootstrap": true}, "times": {"mean_fit_time": [0.08082895278930664], "std_fit_time": [0.005010137141814751], "mean_score_time": [0.0013612747192382813], "std_score_time": [5.874308663821419e-05]}, "score": 0.9466666666666665}, "KNeighborsClassifier": {"params": {"classification__weights": "uniform", "classification__n_neighbors": 19, "classification__metric": "minkowski", "classification__leaf_size": 20}, "times": {"mean_fit_time": [0.02882351875305176], "std_fit_time": [0.009610933623618706], "mean_score_time": [0.007851171493530273], "std_score_time": [0.0005979507239352541]}, "score": 0.9266666666666665}, "ComplementNB": {"params": {"classification__alpha": 1.0}, "times": {"mean_fit_time": [0.004420185089111328], "std_fit_time": [0.0005184795075370946], "mean_score_time": [0.0011368751525878905], "std_score_time": [4.477513610854345e-05]}, "score": 0.72}, "LogisticRegression": {"params": {"classification__solver": "saga", "classification__C": 100}, "times": {"mean_fit_time": [0.6811139583587646], "std_fit_time": [0.02948386132216154], "mean_score_time": [0.03144817352294922], "std_score_time": [0.00839244595149516]}, "score": 0.8333333333333333}}