{"[NN]NeuralNetwork": {"params": {"classification__epochs": 20, "classification__batch_size": 30}, "times": {"mean_fit_time": [3.7851362228393555, 2.988650369644165, 2.9475455284118652, 3.2286211967468263, 2.3547340869903564, 3.4927112579345705, 2.8855087757110596, 3.5812724590301515, 4.046924734115601, 3.4236569881439207], "std_fit_time": [0.8010155468630935, 0.30044937535469773, 0.1982515449721115, 0.8573951177979705, 0.13825234002546477, 0.6529164848401233, 0.7723672936646481, 0.6518955573365272, 0.455882455534977, 0.797581415293566], "mean_score_time": [0.252628231048584, 0.2838233470916748, 0.24458465576171876, 0.286482048034668, 0.329891300201416, 0.20460171699523927, 0.22988858222961425, 0.26463656425476073, 0.20484304428100586, 0.23496718406677247], "std_score_time": [0.07531632621745425, 0.044691355247046816, 0.01931186898169296, 0.06226094182166709, 0.06958871520168444, 0.017453430780319915, 0.03569494499099544, 0.0467334950709439, 0.033325794229067014, 0.024725555264467507]}, "score": 0.9675}, "RandomForestClassifier": {"params": {"classification__n_estimators": 400, "classification__min_samples_split": 5, "classification__min_samples_leaf": 2, "classification__max_features": "log2", "classification__max_depth": 40, "classification__bootstrap": true}, "times": {"mean_fit_time": [1.7318942546844482, 1.4648541927337646, 1.232464075088501], "std_fit_time": [0.3557918812627029, 0.1925189947320172, 0.03843804237350622], "mean_score_time": [0.002313518524169922, 0.0015968799591064454, 0.0018190383911132813], "std_score_time": [0.0011310709024599341, 8.073141776712176e-05, 0.0004115871134840946]}, "score": 0.9708333333333334}, "KNeighborsClassifier": {"params": {"classification__weights": "uniform", "classification__n_neighbors": 15, "classification__metric": "minkowski", "classification__leaf_size": 26}, "times": {"mean_fit_time": [0.0356630802154541, 0.026968002319335938, 0.05291638374328613], "std_fit_time": [0.006753658892115872, 0.002521735415612028, 0.004910993873520326], "mean_score_time": [0.00850677490234375, 0.007074165344238281, 0.008538579940795899], "std_score_time": [0.001599264009121348, 0.0007414460464894411, 0.0006601696471487053]}, "score": 0.8816666666666666}, "ComplementNB": {"params": {"classification__alpha": 0}, "times": {"mean_fit_time": [0.004363393783569336, 0.005132293701171875, 0.006516075134277344], "std_fit_time": [0.0007063095836991961, 0.0005747132265484529, 0.0008129364357498054], "mean_score_time": [0.0012816429138183595, 0.0013535976409912109, 0.0015425682067871094], "std_score_time": [0.00018211837531889792, 0.0001493588102951139, 0.000264766939781325]}, "score": 0.905}, "LogisticRegression": {"params": {"classification__solver": "lbfgs", "classification__C": 0.01}, "times": {"mean_fit_time": [0.5022517204284668, 0.3384650230407715, 0.3267520904541016], "std_fit_time": [0.09743198949786132, 0.013558540679445962, 0.030481015732563517], "mean_score_time": [0.04435772895812988, 0.002204227447509766, 0.003165531158447266], "std_score_time": [0.00558316274252632, 0.00046614787965612364, 0.000600250891533569]}, "score": 0.9183333333333333}}