{"[NN]NeuralNetwork": {"params": {"classification__epochs": 5, "classification__batch_size": 25}, "times": {"mean_fit_time": [2.2052937507629395, 1.743624210357666, 2.216640758514404, 1.6749672889709473, 2.0173877239227296, 2.2807608127593992, 2.139158916473389, 1.9151502132415772, 1.885768747329712, 2.0890836238861086], "std_fit_time": [0.4971626122279817, 0.3425675729110158, 0.29016768429427064, 0.2895119977435053, 0.14745138723749002, 0.17208827399880386, 0.17952157954055467, 0.2621057633864583, 0.06796282869291359, 0.23846024589400122], "mean_score_time": [0.20154037475585937, 0.17803316116333007, 0.17034811973571778, 0.15359172821044922, 0.21912040710449218, 0.2909524917602539, 0.2229295253753662, 0.18507418632507325, 0.20535101890563964, 0.2167508125305176], "std_score_time": [0.020202700575076844, 0.027204118109582946, 0.031338243923149704, 0.020634818367642888, 0.04081484175097372, 0.06460774035032704, 0.020031966735928733, 0.026868981906352486, 0.013329588183350935, 0.025080399495257644]}, "score": 0.9583333333333333}, "RandomForestClassifier": {"params": {"classification__n_estimators": 100, "classification__min_samples_split": 2, "classification__min_samples_leaf": 4, "classification__max_features": "log2", "classification__max_depth": 20, "classification__bootstrap": true}, "times": {"mean_fit_time": [0.08127727508544921], "std_fit_time": [0.011307018630014706], "mean_score_time": [0.0014314651489257812], "std_score_time": [0.00021862601502550304]}, "score": 1.0}, "KNeighborsClassifier": {"params": {"classification__weights": "uniform", "classification__n_neighbors": 19, "classification__metric": "manhattan", "classification__leaf_size": 26}, "times": {"mean_fit_time": [0.02660393714904785], "std_fit_time": [0.018498994275388526], "mean_score_time": [0.005932998657226562], "std_score_time": [0.00035504000540522525]}, "score": 0.8916666666666666}, "ComplementNB": {"params": {"classification__alpha": 0.5}, "times": {"mean_fit_time": [0.003487825393676758], "std_fit_time": [0.00038406760031362686], "mean_score_time": [0.0009467124938964844], "std_score_time": [0.00015582447379310256]}, "score": 0.9666666666666666}, "LogisticRegression": {"params": {"classification__solver": "saga", "classification__C": 1.0}, "times": {"mean_fit_time": [0.3512697696685791], "std_fit_time": [0.019453796354725373], "mean_score_time": [0.03715963363647461], "std_score_time": [0.012773368447855166]}, "score": 0.6777777777777777}}