{"[NN]NeuralNetwork": {"params": {"classification__epochs": 15, "classification__batch_size": 30}, "times": {"mean_fit_time": [6.134564352035523, 5.13290057182312, 5.36673264503479, 4.718825006484986, 5.1449586868286135, 4.44789342880249, 4.902705144882202, 4.372440910339355, 4.625138235092163, 4.568182945251465], "std_fit_time": [0.6792419025774555, 0.8307132902431175, 1.1376805701888406, 0.7174342994518044, 0.4529074989686967, 1.452086251703162, 1.1569254241859823, 0.4146198568809253, 0.5800135661780038, 0.3392535150314227], "mean_score_time": [0.42885622978210447, 0.6229216575622558, 0.46882781982421873, 0.5508762836456299, 0.40427093505859374, 0.5150122165679931, 0.4091092586517334, 0.5539315700531006, 0.4640481472015381, 0.4139864921569824], "std_score_time": [0.16340873392379082, 0.23030654618005914, 0.1422330009633796, 0.10388559417969873, 0.15535499694647625, 0.19577214705858084, 0.17208619562594551, 0.18885175441871713, 0.16326674849724243, 0.05512509830751634]}, "score": 0.9111111111111112}, "RandomForestClassifier": {"params": {"classification__n_estimators": 300, "classification__min_samples_split": 2, "classification__min_samples_leaf": 4, "classification__max_features": "log2", "classification__max_depth": 100, "classification__bootstrap": false}, "times": {"mean_fit_time": [2.6370649337768555, 1.1327571868896484, 0.816133689880371], "std_fit_time": [0.3653220112504337, 0.18426815592161536, 0.03920715467459297], "mean_score_time": [0.004987239837646484, 0.0020904541015625, 0.0017210483551025391], "std_score_time": [0.0012271107293362275, 0.000723586569376043, 0.00016700302312473426]}, "score": 0.9666666666666668}, "KNeighborsClassifier": {"params": {"classification__weights": "uniform", "classification__n_neighbors": 3, "classification__metric": "manhattan", "classification__leaf_size": 30}, "times": {"mean_fit_time": [0.02247910499572754, 0.030023622512817382, 0.030402946472167968], "std_fit_time": [0.005451117073429829, 0.011687479359264136, 0.003508704201109912], "mean_score_time": [0.008149433135986327, 0.007611608505249024, 0.009980344772338867], "std_score_time": [0.00026439828835033054, 0.0006890146887442312, 0.0033314206903388545]}, "score": 0.9833333333333332}, "ComplementNB": {"params": {"classification__alpha": 0.5}, "times": {"mean_fit_time": [0.0037812709808349608, 0.004984617233276367, 0.006242895126342773], "std_fit_time": [0.00010130364744967043, 0.0007778910277095986, 0.0008911582285506171], "mean_score_time": [0.0011585712432861327, 0.0013573169708251953, 0.001748800277709961], "std_score_time": [4.258041017187198e-05, 0.00017454519800416769, 0.00024130829538707916]}, "score": 0.8916666666666668}, "LogisticRegression": {"params": {"classification__solver": "saga", "classification__C": 100}, "times": {"mean_fit_time": [0.5584614753723145, 0.5664645195007324, 1.1433123111724854], "std_fit_time": [0.025570897196701765, 0.06493606023043001, 0.12176253874907632], "mean_score_time": [0.03156194686889648, 0.04044795036315918, 0.038788223266601564], "std_score_time": [0.008447413152475117, 0.010092978767185774, 0.0020736289303289247]}, "score": 0.8816666666666666}}