{"[NN]NeuralNetwork": {"params": {"classification__epochs": 5, "classification__batch_size": 25}, "times": {"mean_fit_time": [4.500993156433106, 5.111620235443115, 4.4459949970245365, 5.246352481842041, 5.013915920257569, 4.636095952987671, 5.386922836303711, 4.410088205337525, 4.596362638473511, 4.894175100326538], "std_fit_time": [0.8491683541898329, 0.7557735510065468, 0.7250494866432685, 0.4474521329509881, 0.757105017611236, 0.6589648042630779, 0.5486025077453645, 0.982592206229411, 0.6238370919291544, 0.995086580983783], "mean_score_time": [0.5601771354675293, 0.39426188468933104, 0.5258419036865234, 0.4267876625061035, 0.5398945808410645, 0.46524500846862793, 0.521680498123169, 0.6841876029968261, 0.6914338588714599, 0.4685248851776123], "std_score_time": [0.13319211196603845, 0.1456470833740299, 0.1464132546161933, 0.09665419322513122, 0.1826519695526988, 0.0538011776022891, 0.17503411549944464, 0.18607440024581776, 0.12103284991366473, 0.17589909506473286]}, "score": 0.8473333333333333}, "RandomForestClassifier": {"params": {"classification__n_estimators": 300, "classification__min_samples_split": 2, "classification__min_samples_leaf": 4, "classification__max_features": "log2", "classification__max_depth": 40, "classification__bootstrap": true}, "times": {"mean_fit_time": [0.7196752548217773], "std_fit_time": [0.08001527851001383], "mean_score_time": [0.0016592025756835937], "std_score_time": [0.00010111347399508426]}, "score": 0.9633333333333333}, "KNeighborsClassifier": {"params": {"classification__weights": "distance", "classification__n_neighbors": 7, "classification__metric": "manhattan", "classification__leaf_size": 20}, "times": {"mean_fit_time": [0.029567813873291014], "std_fit_time": [0.0028010119309814646], "mean_score_time": [0.008354520797729493], "std_score_time": [0.0004930883711487011]}, "score": 0.21000000000000002}, "ComplementNB": {"params": {"classification__alpha": 0}, "times": {"mean_fit_time": [0.004626083374023438], "std_fit_time": [0.00048013641046895856], "mean_score_time": [0.0010297298431396484], "std_score_time": [0.00019244352566235093]}, "score": 0.72}, "LogisticRegression": {"params": {"classification__solver": "saga", "classification__C": 10}, "times": {"mean_fit_time": [0.7661980152130127], "std_fit_time": [0.07225057494877694], "mean_score_time": [0.03493995666503906], "std_score_time": [0.005684491855862077]}, "score": 0.7583333333333333}}