{"[NN]NeuralNetwork": {"params": {"classification__epochs": 20, "classification__batch_size": 30}, "times": {"mean_fit_time": [3.5129432678222656, 4.116027879714966, 3.0924494743347166, 2.955644130706787, 2.792153787612915, 3.577533721923828, 2.324419641494751, 2.2590174198150637, 2.890138578414917, 2.3429640769958495], "std_fit_time": [0.3433916520706687, 0.43661729798412413, 0.27765497178416343, 0.7150035055092362, 1.0433448859522279, 0.8724635066690246, 0.27823677235997435, 0.4335666184091871, 0.3727285536497851, 0.38497387234494074], "mean_score_time": [0.4451699733734131, 0.26887102127075196, 0.38339829444885254, 0.2784289360046387, 0.2604634761810303, 0.27094330787658694, 0.2737740039825439, 0.26750850677490234, 0.27187166213989256, 0.2604219436645508], "std_score_time": [0.2300063103852505, 0.03655877109812775, 0.09320727181063389, 0.0701853945199509, 0.02435737799849777, 0.051978555006121155, 0.04864232583260718, 0.05487162330330545, 0.03655765191437645, 0.02320911740657051]}, "score": 0.8721904761904762}, "RandomForestClassifier": {"params": {"classification__n_estimators": 400, "classification__min_samples_split": 2, "classification__min_samples_leaf": 2, "classification__max_features": "log2", "classification__max_depth": 20, "classification__bootstrap": false}, "times": {"mean_fit_time": [2.0543957710266114, 1.3822458744049073, 1.095951461791992, 1.5875941276550294, 1.2257752418518066], "std_fit_time": [0.12075186512959657, 0.11319479796055734, 0.1684744645182818, 0.08320416384053256, 0.07142062573011981], "mean_score_time": [0.006154108047485352, 0.0018282413482666015, 0.0016789913177490234, 0.0032496929168701174, 0.0029886722564697265], "std_score_time": [0.0022517409420044366, 0.00028402273669774994, 0.0001452627408624915, 0.0007698641047109917, 0.0010749485552746132]}, "score": 0.97}, "KNeighborsClassifier": {"params": {"classification__weights": "uniform", "classification__n_neighbors": 17, "classification__metric": "manhattan", "classification__leaf_size": 33}, "times": {"mean_fit_time": [0.02310519218444824, 0.024913311004638672, 0.028399658203125, 0.032571935653686525, 0.035783004760742185], "std_fit_time": [0.0040785179008292665, 0.00510720169211714, 0.00833799777714359, 0.012606190845576732, 0.009422521409341087], "mean_score_time": [0.010943222045898437, 0.011057329177856446, 0.01051630973815918, 0.013130474090576171, 0.010987329483032226], "std_score_time": [0.002014721250182912, 0.0011874395088834503, 0.0003961531313427417, 0.0023779658790317936, 0.0008266829203340241]}, "score": 0.9306666666666665}, "ComplementNB": {"params": {"classification__alpha": 1.0}, "times": {"mean_fit_time": [0.0059814453125, 0.006058645248413086, 0.005362844467163086, 0.0064604759216308595, 0.008879518508911133], "std_fit_time": [0.0012901171538904387, 0.0012898004898061089, 0.0007035676700006766, 0.00098086081953581, 0.0009256458984503728], "mean_score_time": [0.0016817092895507813, 0.0017181396484375, 0.0014223575592041016, 0.0015272140502929688, 0.0019373416900634766], "std_score_time": [0.00021089298399925432, 0.0005295665890687041, 0.0002499763670528499, 0.00022915062420256714, 0.00011167393902679373]}, "score": 0.876}, "LogisticRegression": {"params": {"classification__solver": "saga", "classification__C": 0.1}, "times": {"mean_fit_time": [0.8296432971954346, 0.8184422492980957, 0.8362864017486572, 1.4821853637695312, 1.363261079788208], "std_fit_time": [0.12426518748472679, 0.13465533029366183, 0.13785560162512914, 0.19269559023190772, 0.13269126731608846], "mean_score_time": [0.005286407470703125, 0.004932546615600586, 0.003514862060546875, 0.0038800716400146486, 0.0039727210998535155], "std_score_time": [0.0034606368777314036, 0.0014917870316226297, 0.0016371652618313054, 0.0003792975810366172, 0.0003453981204069549]}, "score": 0.7993333333333333}}