{"[NN]NeuralNetwork": {"params": {"classification__epochs": 20, "classification__batch_size": 30}, "times": {"mean_fit_time": [4.2455779075622555, 3.436531829833984, 3.694886016845703, 3.418455410003662, 3.1154268264770506, 3.7305137634277346, 3.365855026245117, 3.2698981761932373, 3.935308837890625, 3.030444383621216], "std_fit_time": [0.5151644855395149, 0.3648378054163926, 0.6952096994825524, 0.1355585760983453, 0.2486992839546288, 0.29048866956839714, 0.39712654779758155, 0.38937813450654474, 0.21329420635088497, 0.1330425076215078], "mean_score_time": [0.3347496032714844, 0.3744553565979004, 0.32445292472839354, 0.3552247047424316, 0.37713041305541994, 0.30286035537719724, 0.38107891082763673, 0.21386570930480958, 0.25752964019775393, 0.2796225070953369], "std_score_time": [0.1172898661928732, 0.05090412334577827, 0.09453738884190005, 0.19111471222481247, 0.17845362943589513, 0.09276243217507699, 0.23089850457615385, 0.034420796467631305, 0.02633682276737292, 0.07751210646853667]}, "score": 0.9675}, "RandomForestClassifier": {"params": {"classification__n_estimators": 400, "classification__min_samples_split": 5, "classification__min_samples_leaf": 2, "classification__max_features": "log2", "classification__max_depth": 40, "classification__bootstrap": true}, "times": {"mean_fit_time": [1.6812541961669922, 1.296249008178711, 1.0930049896240235], "std_fit_time": [0.07564225369926093, 0.07628492921641894, 0.05437285057267042], "mean_score_time": [0.0032100677490234375, 0.0017796039581298828, 0.001779031753540039], "std_score_time": [0.002716822314210777, 0.0003006048688886786, 0.0003589447697899909]}, "score": 0.9708333333333334}, "KNeighborsClassifier": {"params": {"classification__weights": "uniform", "classification__n_neighbors": 15, "classification__metric": "minkowski", "classification__leaf_size": 26}, "times": {"mean_fit_time": [0.025806760787963866, 0.03422913551330566, 0.047114324569702146], "std_fit_time": [0.0033873353825037878, 0.008840357868657035, 0.00524627968605585], "mean_score_time": [0.008982133865356446, 0.010084581375122071, 0.008542585372924804], "std_score_time": [0.0014170571494588227, 0.001879263113545054, 0.00037355623227659557]}, "score": 0.8816666666666666}, "ComplementNB": {"params": {"classification__alpha": 0}, "times": {"mean_fit_time": [0.004247856140136719, 0.00473628044128418, 0.00615997314453125], "std_fit_time": [0.0007342092366469164, 0.0002603449051657373, 0.0014229725180640814], "mean_score_time": [0.0012323856353759766, 0.0012709617614746094, 0.0015063762664794921], "std_score_time": [0.00024264888515739685, 3.604157186852708e-05, 0.0003460467542911927]}, "score": 0.905}, "LogisticRegression": {"params": {"classification__solver": "lbfgs", "classification__C": 0.01}, "times": {"mean_fit_time": [0.487147855758667, 0.3419780254364014, 0.3299070358276367], "std_fit_time": [0.03177262776080003, 0.03065516556717999, 0.02182020679416208], "mean_score_time": [0.046733951568603514, 0.0017558574676513673, 0.0024093151092529296], "std_score_time": [0.008819274677147958, 0.00018251060426903627, 0.0007035728245820951]}, "score": 0.9}}