{"[NN]NeuralNetwork": {"params": {"classification__epochs": 20, "classification__batch_size": 20}, "times": {"mean_fit_time": [3.7182915687561033, 4.143692493438721, 3.7042628288269044, 4.537670373916626, 3.741039752960205, 4.175412368774414, 4.359512805938721, 3.6763813495635986, 3.8291610717773437, 3.8052799224853517], "std_fit_time": [0.34663373592462365, 0.5299116173374667, 0.477631444248243, 0.869145923229947, 0.7047203745855882, 0.864118269786367, 0.8077595853557641, 0.7851671651080051, 0.2668842059003353, 0.5322827040613304], "mean_score_time": [0.32282652854919436, 0.3855310916900635, 0.42267522811889646, 0.3791037082672119, 0.41566739082336424, 0.4595132827758789, 0.27921648025512696, 0.3997551918029785, 0.36769847869873046, 0.3523687839508057], "std_score_time": [0.07207668171489631, 0.1036839092352554, 0.04238239920889299, 0.10220762440135937, 0.14400463115497944, 0.13410410205331832, 0.03048895218292144, 0.092842394173009, 0.025440693472443127, 0.08144329324758226]}, "score": 0.8433333333333334}, "RandomForestClassifier": {"params": {"classification__n_estimators": 50, "classification__min_samples_split": 2, "classification__min_samples_leaf": 1, "classification__max_features": "sqrt", "classification__max_depth": 100, "classification__bootstrap": true}, "times": {"mean_fit_time": [0.060837936401367185], "std_fit_time": [0.0009659737845756857], "mean_score_time": [0.0013062000274658204], "std_score_time": [6.427043229067452e-05]}, "score": 0.9800000000000001}, "KNeighborsClassifier": {"params": {"classification__weights": "uniform", "classification__n_neighbors": 1, "classification__metric": "manhattan", "classification__leaf_size": 13}, "times": {"mean_fit_time": [0.027338218688964844], "std_fit_time": [0.0045788986021472], "mean_score_time": [0.006904792785644531], "std_score_time": [0.0003800300431909705]}, "score": 0.9099999999999999}, "ComplementNB": {"params": {"classification__alpha": 0}, "times": {"mean_fit_time": [0.004179525375366211], "std_fit_time": [0.00020270938164743544], "mean_score_time": [0.0011548519134521485], "std_score_time": [7.342028818807562e-05]}, "score": 0.5933333333333334}, "LogisticRegression": {"params": {"classification__solver": "saga", "classification__C": 100}, "times": {"mean_fit_time": [0.6402585506439209], "std_fit_time": [0.020994997640811468], "mean_score_time": [0.039693593978881836], "std_score_time": [0.009406593903756139]}, "score": 0.7633333333333334}}