{"[NN]NeuralNetwork": {"params": {"classification__epochs": 5, "classification__batch_size": 20}, "times": {"mean_fit_time": [4.113623809814453, 4.867625570297241, 4.276039743423462, 4.429073429107666, 4.31893253326416, 4.254500675201416, 3.7434404373168944, 4.854407930374146, 4.499669599533081, 4.096347856521606], "std_fit_time": [0.6421191189776714, 0.31842317865116815, 0.6074390145618497, 0.4042798348587523, 0.46417960285084636, 0.5269842867745086, 0.4165521074850153, 0.7602125347902189, 0.7507159859758653, 0.20455677645811884], "mean_score_time": [0.4874351978302002, 0.37112889289855955, 0.37227463722229004, 0.372572135925293, 0.428267765045166, 0.46229991912841795, 0.5093528747558593, 0.44185147285461424, 0.26096229553222655, 0.32191667556762693], "std_score_time": [0.19142144394783345, 0.06811124357600937, 0.12336410740403368, 0.13109850321502892, 0.16289240400441218, 0.1742457814461855, 0.09330127697226376, 0.15671628011052924, 0.034422868687354044, 0.10590841549478043]}, "score": 0.9854166666666668}, "RandomForestClassifier": {"params": {"classification__n_estimators": 500, "classification__min_samples_split": 2, "classification__min_samples_leaf": 1, "classification__max_features": null, "classification__max_depth": 60, "classification__bootstrap": false}, "times": {"mean_fit_time": [6.197632694244385, 3.4514166831970217, 0.25483856201171873, 2.4701215267181396, 0.1844693660736084], "std_fit_time": [0.2212406587673552, 0.16186116725629887, 0.059350109189452195, 0.039959749581635305, 0.007077248247397036], "mean_score_time": [0.003894662857055664, 0.003486490249633789, 0.0022104263305664064, 0.003063344955444336, 0.0017176628112792968], "std_score_time": [0.0008159716338471394, 0.001008966577310888, 0.0001005740340229773, 0.00033992592272063155, 0.00022740741521830857]}, "score": 0.9916666666666668}, "KNeighborsClassifier": {"params": {"classification__weights": "uniform", "classification__n_neighbors": 9, "classification__metric": "minkowski", "classification__leaf_size": 16}, "times": {"mean_fit_time": [0.027452850341796876, 0.02724943161010742, 0.02946462631225586, 0.020725250244140625, 0.02740178108215332], "std_fit_time": [0.005019594297370126, 0.006451606374445959, 0.010284001781216672, 0.012438161883788197, 0.00739390594887418], "mean_score_time": [0.009017181396484376, 0.00967707633972168, 0.010954809188842774, 0.007383012771606445, 0.009275531768798828], "std_score_time": [0.000489785101616601, 0.0010669298768496895, 0.0032592797191449145, 0.0028812589123032003, 0.0014263833611391711]}, "score": 0.99}, "ComplementNB": {"params": {"classification__alpha": 0.5}, "times": {"mean_fit_time": [0.0046939849853515625, 0.005015945434570313, 0.005603790283203125, 0.005606985092163086, 0.0074692249298095705], "std_fit_time": [0.00017999304794102947, 0.0008253212169356237, 0.0007875965547504057, 0.0009863264824591252, 0.001546562706642351], "mean_score_time": [0.0012456417083740235, 0.0014328479766845704, 0.0016141891479492187, 0.0015203475952148438, 0.0017980575561523438], "std_score_time": [4.5581641880456084e-05, 0.00020884473550563304, 0.00017808987571480938, 0.00023361606737733371, 0.0002731190959961071]}, "score": 0.925}, "LogisticRegression": {"params": {"classification__solver": "lbfgs", "classification__C": 10}, "times": {"mean_fit_time": [0.07416496276855469, 0.0540217399597168, 0.41374478340148924, 0.13987269401550292, 0.788762378692627], "std_fit_time": [0.025905237753168223, 0.013256604958055983, 0.08398350602194392, 0.022899432296855086, 0.060157324140599704], "mean_score_time": [0.001849365234375, 0.0018531322479248048, 0.010487794876098633, 0.0016452789306640625, 0.0023261070251464843], "std_score_time": [0.0003031994258295743, 0.00021732522956258217, 0.014748117771785129, 0.00011035173992917052, 0.00037405674980921846]}, "score": 0.9400000000000001}}