{"[NN]NeuralNetwork": {"params": {"classification__epochs": 15, "classification__batch_size": 25}, "times": {"mean_fit_time": [3.255098056793213, 2.83329176902771, 2.8562286853790284, 2.8774695873260496, 3.309972333908081, 2.881240701675415, 2.6906928539276125, 2.203810119628906, 1.86569185256958, 2.4441770553588866], "std_fit_time": [0.6376921065576237, 0.5447613797393633, 0.74475740877836, 0.6825931018400848, 0.8489552070486517, 0.7044876388172213, 0.516450900290128, 0.18261581266296828, 0.06108531222886683, 0.43408062223382976], "mean_score_time": [0.19699816703796386, 0.21059036254882812, 0.2810221195220947, 0.23188438415527343, 0.29552907943725587, 0.21870784759521483, 0.1833782196044922, 0.24176449775695802, 0.25613856315612793, 0.2285766124725342], "std_score_time": [0.027669058107601518, 0.03668204712642913, 0.08357080708144053, 0.05176462952463772, 0.09687743828257418, 0.03827415717949407, 0.03263236993727942, 0.014899696218880655, 0.031816904477071715, 0.028099914432144976]}, "score": 0.9238571428571429}, "RandomForestClassifier": {"params": {"classification__n_estimators": 300, "classification__min_samples_split": 5, "classification__min_samples_leaf": 4, "classification__max_features": "log2", "classification__max_depth": 70, "classification__bootstrap": true}, "times": {"mean_fit_time": [0.42256922721862794, 3.7836678504943846, 0.8762782573699951, 3.9684374809265135, 0.9627435207366943], "std_fit_time": [0.026350492014497393, 0.040738701256044396, 0.08232115037933833, 0.16007417395992307, 0.09850202154145432], "mean_score_time": [0.0013399124145507812, 0.004319000244140625, 0.0015996932983398438, 0.004542064666748047, 0.0017061233520507812], "std_score_time": [5.902697055602558e-05, 0.0014841276641105895, 4.132437091882853e-05, 0.0011471514767250645, 8.759785420597158e-05]}, "score": 0.99}, "KNeighborsClassifier": {"params": {"classification__weights": "uniform", "classification__n_neighbors": 15, "classification__metric": "minkowski", "classification__leaf_size": 33}, "times": {"mean_fit_time": [0.045454788208007815, 0.03846292495727539, 0.05588297843933106, 0.027091121673583983, 0.032823038101196286], "std_fit_time": [0.0209204859693003, 0.017353908432699672, 0.020566976381247427, 0.006584456224453292, 0.009698390622389592], "mean_score_time": [0.009583616256713867, 0.011591768264770508, 0.01116042137145996, 0.01051025390625, 0.010264158248901367], "std_score_time": [0.0006458614635713054, 0.003345887618262133, 0.0021945849855945707, 0.0011061945372470973, 0.0013284555374318953]}, "score": 0.834}, "ComplementNB": {"params": {"classification__alpha": 0.5}, "times": {"mean_fit_time": [0.00599212646484375, 0.0050051212310791016, 0.006156158447265625, 0.006899785995483398, 0.008463573455810548], "std_fit_time": [0.0009696264466153501, 0.0006833919125793479, 0.0011210653983716081, 0.0009837407063937045, 0.0006821513358247924], "mean_score_time": [0.0015412330627441405, 0.0013699054718017579, 0.001593017578125, 0.001485919952392578, 0.0018084526062011718], "std_score_time": [0.00021303921986283035, 0.00018357353684921146, 0.0003134551578643071, 0.00017057702854371968, 0.0002220150633773631]}, "score": 0.8240000000000001}, "LogisticRegression": {"params": {"classification__solver": "newton-cg", "classification__C": 0.1}, "times": {"mean_fit_time": [0.3636563777923584, 0.5476614475250244, 0.7278964042663574, 1.0546834945678711, 0.36883792877197263], "std_fit_time": [0.007410713347097661, 0.4109513700354466, 0.17094234595036492, 0.25593420837754716, 0.035097759039478926], "mean_score_time": [0.0017301559448242188, 0.002584075927734375, 0.003026247024536133, 0.0025537490844726564, 0.001972818374633789], "std_score_time": [0.00013656614546003187, 0.0009586252755047718, 0.0014284166574663655, 0.0011063858222133858, 0.00046458040481882893]}, "score": 0.958}}