{"[NN]NeuralNetwork": {"params": {"classification__epochs": 20, "classification__batch_size": 30}, "times": {"mean_fit_time": [3.9624449253082275, 3.8162160873413087, 3.6398412227630614, 3.786210823059082, 3.4295297145843504, 3.5370199203491213, 3.456335496902466, 3.167216682434082, 3.737649345397949, 3.5187292098999023], "std_fit_time": [0.5938703857039855, 0.34881941538488676, 0.5906615277060764, 0.3437618146104924, 0.33880880045900963, 0.35554410216869153, 0.29930947627474397, 0.4647538890209702, 0.23878912518811832, 0.29751267554770316], "mean_score_time": [0.23792057037353515, 0.27044029235839845, 0.338960075378418, 0.28238959312438966, 0.21225242614746093, 0.22084031105041504, 0.1870278835296631, 0.24225101470947266, 0.2764584064483643, 0.20143117904663085], "std_score_time": [0.0775240050010028, 0.06233852670652908, 0.1588640226401726, 0.0863788347988329, 0.040302666683448674, 0.06500569099204899, 0.02601870699219122, 0.033099191295902976, 0.10928595748164563, 0.02605549170911212]}, "score": 0.9675}, "RandomForestClassifier": {"params": {"classification__n_estimators": 400, "classification__min_samples_split": 5, "classification__min_samples_leaf": 2, "classification__max_features": "log2", "classification__max_depth": 40, "classification__bootstrap": true}, "times": {"mean_fit_time": [1.7357933044433593, 1.3560347080230712, 1.0328767776489258], "std_fit_time": [0.28455128171462657, 0.31741402488785914, 0.049752531824976756], "mean_score_time": [0.004051589965820312, 0.0021849155426025392, 0.0018779754638671875], "std_score_time": [0.0018347683180317948, 0.0010370203978054208, 0.0003041520456579511]}, "score": 0.9708333333333334}, "KNeighborsClassifier": {"params": {"classification__weights": "uniform", "classification__n_neighbors": 15, "classification__metric": "minkowski", "classification__leaf_size": 26}, "times": {"mean_fit_time": [0.030547189712524413, 0.036816883087158206, 0.027228593826293945], "std_fit_time": [0.007278895942533317, 0.013070682088313256, 0.005471114321903703], "mean_score_time": [0.009275293350219727, 0.008951950073242187, 0.00802006721496582], "std_score_time": [0.0013243668879597205, 0.0006965768100996126, 0.0003894449840283081]}, "score": 0.8816666666666666}, "ComplementNB": {"params": {"classification__alpha": 0}, "times": {"mean_fit_time": [0.005100822448730469, 0.004658985137939453, 0.005455493927001953], "std_fit_time": [0.000716296544978059, 0.0006287496439860885, 0.00025572105941636813], "mean_score_time": [0.0013723373413085938, 0.0012918949127197266, 0.001291370391845703], "std_score_time": [0.0001699837191509398, 0.000131909792768883, 8.96672719251776e-05]}, "score": 0.905}, "LogisticRegression": {"params": {"classification__solver": "lbfgs", "classification__C": 0.01}, "times": {"mean_fit_time": [0.4129491806030273, 0.29877281188964844, 0.27196059226989744], "std_fit_time": [0.03178887593539484, 0.00608935513171562, 0.014808403888164708], "mean_score_time": [0.03743038177490234, 0.001995086669921875, 0.002588987350463867], "std_score_time": [0.01183526291701959, 0.0005419004760145701, 0.0007050405766186882]}, "score": 0.9}}