{"[NN]NeuralNetwork": {"params": {"classification__epochs": 15, "classification__batch_size": 20}, "times": {"mean_fit_time": [4.9093766689300535, 5.04967098236084, 4.001280736923218, 4.792216396331787, 4.524387788772583, 5.293694686889649, 4.286544466018677, 4.893394851684571, 4.43556842803955, 4.99830813407898], "std_fit_time": [0.5397961496635838, 0.8868468117941675, 1.0153511709785439, 0.5232661153328279, 0.9954229681879602, 1.0243962654907661, 0.7714778999393885, 0.6594153474594562, 0.8292334394238127, 0.3653096458655551], "mean_score_time": [0.759968376159668, 0.6110485076904297, 0.6187108039855957, 0.48461108207702636, 0.5167284965515136, 0.5205553531646728, 0.5456791400909424, 0.4568437099456787, 0.5508169174194336, 0.4895627498626709], "std_score_time": [0.19752520273677085, 0.15520696825163519, 0.1962337798033733, 0.09314045445615489, 0.1525015250245158, 0.09688203908973192, 0.13689821299498356, 0.04755329270471873, 0.1136565836134874, 0.061996642476421296]}, "score": 0.8616666666666667}, "RandomForestClassifier": {"params": {"classification__n_estimators": 50, "classification__min_samples_split": 2, "classification__min_samples_leaf": 2, "classification__max_features": null, "classification__max_depth": 20, "classification__bootstrap": false}, "times": {"mean_fit_time": [0.247306489944458], "std_fit_time": [0.013054467310188585], "mean_score_time": [0.0018291473388671875], "std_score_time": [0.0003087290272903531]}, "score": 0.9066666666666666}, "KNeighborsClassifier": {"params": {"classification__weights": "distance", "classification__n_neighbors": 7, "classification__metric": "minkowski", "classification__leaf_size": 20}, "times": {"mean_fit_time": [0.026124334335327147], "std_fit_time": [0.00028719512918449775], "mean_score_time": [0.006554889678955078], "std_score_time": [0.0007225912227614187]}, "score": 0.3733333333333333}, "ComplementNB": {"params": {"classification__alpha": 0}, "times": {"mean_fit_time": [0.00439906120300293], "std_fit_time": [0.00018914381662336711], "mean_score_time": [0.0010295867919921874], "std_score_time": [9.4830143904974e-05]}, "score": 0.7466666666666668}, "LogisticRegression": {"params": {"classification__solver": "newton-cg", "classification__C": 0.01}, "times": {"mean_fit_time": [0.13855037689208985], "std_fit_time": [0.012810228707913197], "mean_score_time": [0.0016761302947998046], "std_score_time": [4.6946888535033914e-05]}, "score": 0.8399999999999999}}