{"[NN]NeuralNetwork": {"params": {"classification__epochs": 15, "classification__batch_size": 30}, "times": {"mean_fit_time": [5.326746892929077, 4.396720027923584, 4.55285267829895, 3.6021633625030516, 4.348479604721069, 3.3886337757110594, 3.7216156482696534, 3.5564677715301514, 3.5419532299041747, 3.38637490272522], "std_fit_time": [0.926083011405424, 0.9657557209606203, 0.5609703780584121, 0.5037421910307466, 0.5357193396684984, 0.4688519257189388, 0.7176579421743398, 0.7428842856954794, 0.6904504302514092, 0.3293417818505735], "mean_score_time": [0.37252464294433596, 0.4222087383270264, 0.34050931930541994, 0.3085087776184082, 0.3083016872406006, 0.4001939296722412, 0.26625890731811525, 0.3069756507873535, 0.31325345039367675, 0.24942703247070314], "std_score_time": [0.18317784317485988, 0.1023784442562694, 0.10390095614712332, 0.11092834190623004, 0.14930786668571508, 0.32940298330814227, 0.06351791336173852, 0.08214547259655458, 0.09126220727992192, 0.021914756732322994]}, "score": 0.9111111111111112}, "RandomForestClassifier": {"params": {"classification__n_estimators": 300, "classification__min_samples_split": 2, "classification__min_samples_leaf": 4, "classification__max_features": "log2", "classification__max_depth": 100, "classification__bootstrap": false}, "times": {"mean_fit_time": [2.3276875972747804, 1.0482841968536376, 0.7699280738830566], "std_fit_time": [0.2185470022779965, 0.13432011271981037, 0.049723459358155024], "mean_score_time": [0.0043274879455566405, 0.0015338897705078126, 0.0016872406005859375], "std_score_time": [0.0012704804036258023, 8.131025767566712e-05, 0.0001271040191915353]}, "score": 0.9666666666666668}, "KNeighborsClassifier": {"params": {"classification__weights": "uniform", "classification__n_neighbors": 3, "classification__metric": "manhattan", "classification__leaf_size": 30}, "times": {"mean_fit_time": [0.054495811462402344, 0.05124402046203613, 0.047559165954589845], "std_fit_time": [0.006822429969266856, 0.011120974658314124, 0.009949071153970201], "mean_score_time": [0.012053346633911133, 0.011397027969360351, 0.011179590225219726], "std_score_time": [0.0024659444943225866, 0.001201990737473057, 0.0021998695325403167]}, "score": 0.9833333333333332}, "ComplementNB": {"params": {"classification__alpha": 0.5}, "times": {"mean_fit_time": [0.0052715778350830075, 0.006028509140014649, 0.005703973770141602], "std_fit_time": [0.0006394752994010228, 0.0012848794517670735, 0.0002883871711481708], "mean_score_time": [0.0014740943908691407, 0.001691150665283203, 0.0014671802520751954], "std_score_time": [0.00022078443019354267, 0.0004032304121006121, 0.0001373151434321629]}, "score": 0.8916666666666668}, "LogisticRegression": {"params": {"classification__solver": "saga", "classification__C": 100}, "times": {"mean_fit_time": [0.6071523189544678, 0.5855263710021973, 0.963300371170044], "std_fit_time": [0.18794552584797025, 0.09482430804664828, 0.08378689362965404], "mean_score_time": [0.03251152038574219, 0.03381867408752441, 0.03734855651855469], "std_score_time": [0.009313971579052895, 0.006472493712766192, 0.008273685781762144]}, "score": 0.8816666666666666}}