{"[NN]NeuralNetwork": {"params": {"classification__epochs": 15, "classification__batch_size": 30}, "times": {"mean_fit_time": [5.414950132369995, 4.984124946594238, 5.04881649017334, 4.727385234832764, 4.3361225605010985, 4.864211893081665, 4.360600376129151, 4.975697946548462, 4.389810276031494, 5.463640451431274], "std_fit_time": [0.8253017824286621, 0.665220783301248, 0.6401251412608311, 0.7174781797839146, 0.32455352414366945, 0.45901845032303823, 0.4514758807311845, 0.8048250471783446, 0.8277323997745788, 0.534597628115018], "mean_score_time": [0.3990455150604248, 0.5672232151031494, 0.5767230987548828, 0.713794755935669, 0.6012183666229248, 0.6143886566162109, 0.6108738422393799, 0.6648931503295898, 0.55611252784729, 0.537945556640625], "std_score_time": [0.09157147608289999, 0.09241361409659131, 0.19579124317208813, 0.09014352230319544, 0.20337705195747813, 0.07890399592394079, 0.12605082565254716, 0.09731324353677441, 0.06433235650971625, 0.1958107712108542]}, "score": 0.9819444444444445}, "RandomForestClassifier": {"params": {"classification__n_estimators": 300, "classification__min_samples_split": 10, "classification__min_samples_leaf": 4, "classification__max_features": null, "classification__max_depth": 60, "classification__bootstrap": true}, "times": {"mean_fit_time": [0.4424021244049072, 1.5159428596496582, 1.277599000930786], "std_fit_time": [0.045437276007915944, 0.3062775316544599, 0.048419659617885344], "mean_score_time": [0.001985788345336914, 0.002801179885864258, 0.0038255691528320313], "std_score_time": [0.00036014330284125804, 0.0014285613834750601, 0.0013074820846707524]}, "score": 1.0}, "KNeighborsClassifier": {"params": {"classification__weights": "uniform", "classification__n_neighbors": 9, "classification__metric": "manhattan", "classification__leaf_size": 23}, "times": {"mean_fit_time": [0.025531816482543945, 0.034606122970581056, 0.028862667083740235], "std_fit_time": [0.00306745201594621, 0.006712217899829395, 0.008742958110492582], "mean_score_time": [0.009309148788452149, 0.00833735466003418, 0.00822434425354004], "std_score_time": [0.00040661530905613245, 0.000794429647167197, 0.0002169431742034262]}, "score": 0.975}, "ComplementNB": {"params": {"classification__alpha": 1.0}, "times": {"mean_fit_time": [0.003620433807373047, 0.0044651031494140625, 0.005259943008422851], "std_fit_time": [0.000276319558810809, 0.0007255834103749821, 0.0009314267526724492], "mean_score_time": [0.0011471748352050782, 0.001361846923828125, 0.0015142440795898437], "std_score_time": [0.00016693486642367037, 0.00023499355673398204, 0.0002922457647149471]}, "score": 0.8558333333333333}, "LogisticRegression": {"params": {"classification__solver": "newton-cg", "classification__C": 10}, "times": {"mean_fit_time": [0.5366160869598389, 0.08943037986755371, 0.16266674995422364], "std_fit_time": [0.04994160504759586, 0.012976783451009498, 0.028373369634670166], "mean_score_time": [0.03771967887878418, 0.0017009258270263671, 0.0019490718841552734], "std_score_time": [0.015805972776271618, 0.00026217976976785365, 0.00029120836041372046]}, "score": 0.9541666666666666}}