{"[NN]NeuralNetwork": {"params": {"classification__epochs": 5, "classification__batch_size": 25}, "times": {"mean_fit_time": [2.731493520736694, 3.0078313827514647, 2.707296085357666, 2.510497713088989, 2.6919203281402586, 2.282957983016968, 2.197198820114136, 2.4288607597351075, 2.387447643280029, 2.2958168983459473], "std_fit_time": [0.7068194996910614, 0.6716357909253976, 0.16351104313976303, 0.2032772741989382, 0.2945830591781148, 0.21018682581831477, 0.1592430624874279, 0.26529557289078354, 0.16581569993380882, 0.18093679386383577], "mean_score_time": [0.2450270175933838, 0.27789907455444335, 0.24355607032775878, 0.24595017433166505, 0.27246851921081544, 0.20228333473205568, 0.2884087085723877, 0.25622034072875977, 0.21721601486206055, 0.2729313850402832], "std_score_time": [0.10628045398725296, 0.10153600037077587, 0.04409997430851975, 0.04674165863258462, 0.07305373108419413, 0.008909676405297657, 0.10877201047552215, 0.06144641411428041, 0.012251327321941676, 0.06493248254801733]}, "score": 0.9583333333333333}, "RandomForestClassifier": {"params": {"classification__n_estimators": 100, "classification__min_samples_split": 2, "classification__min_samples_leaf": 4, "classification__max_features": "log2", "classification__max_depth": 20, "classification__bootstrap": true}, "times": {"mean_fit_time": [0.08658576011657715], "std_fit_time": [0.0030049890570475746], "mean_score_time": [0.0014948368072509766], "std_score_time": [0.00018436872803403821]}, "score": 1.0}, "KNeighborsClassifier": {"params": {"classification__weights": "uniform", "classification__n_neighbors": 19, "classification__metric": "manhattan", "classification__leaf_size": 26}, "times": {"mean_fit_time": [0.02753024101257324], "std_fit_time": [0.0042850421737397745], "mean_score_time": [0.0062924385070800785], "std_score_time": [0.0006998002512644837]}, "score": 0.8916666666666666}, "ComplementNB": {"params": {"classification__alpha": 0.5}, "times": {"mean_fit_time": [0.0034154415130615234], "std_fit_time": [0.0002960780790720462], "mean_score_time": [0.0008975028991699219], "std_score_time": [9.335073574870945e-05]}, "score": 0.9666666666666666}, "LogisticRegression": {"params": {"classification__solver": "saga", "classification__C": 1.0}, "times": {"mean_fit_time": [0.36570148468017577], "std_fit_time": [0.03288503729175736], "mean_score_time": [0.03505687713623047], "std_score_time": [0.0044748232211243594]}, "score": 0.6777777777777777}}