{"[NN]NeuralNetwork": {"params": {"classification__epochs": 15, "classification__batch_size": 30}, "times": {"mean_fit_time": [4.474565076828003, 4.27958607673645, 4.306594896316528, 4.29129695892334, 3.5537335872650146, 3.113640642166138, 4.779241275787354, 5.806045770645142, 4.918006849288941, 4.549471139907837], "std_fit_time": [0.8779876419052551, 1.1412572182475424, 0.43323373411885446, 1.2651598288740178, 0.9597418796301166, 0.2927225182142163, 0.24875507509927694, 0.6518431243767512, 0.8939982111107191, 0.6764814344651234], "mean_score_time": [0.3772946834564209, 0.36600022315979003, 0.36757650375366213, 0.434916353225708, 0.44592957496643065, 0.38222036361694334, 0.39121298789978026, 0.4943295955657959, 0.4099388122558594, 0.3493345737457275], "std_score_time": [0.06930555957674898, 0.07816506015774727, 0.10317840255646722, 0.18725914792376097, 0.09346935742332374, 0.15798541377850253, 0.11567035316103186, 0.14183829193212974, 0.06760849850797715, 0.05664246578748455]}, "score": 0.979978354978355}, "RandomForestClassifier": {"params": {"classification__n_estimators": 400, "classification__min_samples_split": 5, "classification__min_samples_leaf": 1, "classification__max_features": "log2", "classification__max_depth": 50, "classification__bootstrap": false}, "times": {"mean_fit_time": [1.468536949157715, 1.2741030216217042, 0.23116731643676758, 1.3640448093414306, 0.33418998718261717], "std_fit_time": [0.29446814934901433, 0.22958848459056821, 0.05300711287512934, 0.07634564520822894, 0.05369092512317715], "mean_score_time": [0.0020114421844482423, 0.002301454544067383, 0.0015150547027587891, 0.002305459976196289, 0.0015012741088867188], "std_score_time": [0.0005257195863717895, 0.00040350215593692285, 0.0004912527802596155, 0.00032928740457841834, 0.0003738077730967379]}, "score": 0.9800000000000001}, "KNeighborsClassifier": {"params": {"classification__weights": "uniform", "classification__n_neighbors": 11, "classification__metric": "manhattan", "classification__leaf_size": 30}, "times": {"mean_fit_time": [0.03996477127075195, 0.03020191192626953, 0.030478429794311524, 0.025751495361328126, 0.02804555892944336], "std_fit_time": [0.007714958719146848, 0.010770994376582375, 0.0027813955271330086, 0.005198570147700046, 0.004396405480047007], "mean_score_time": [0.009648418426513672, 0.008583164215087891, 0.008802080154418945, 0.010285234451293946, 0.010864162445068359], "std_score_time": [0.00041528370909839444, 0.0006786395050515842, 0.0009152695248101136, 0.0021903694348706973, 0.0011997908627967393]}, "score": 0.9675}, "ComplementNB": {"params": {"classification__alpha": 0.5}, "times": {"mean_fit_time": [0.005338859558105469, 0.0055692195892333984, 0.0049078941345214845, 0.005418252944946289, 0.005915689468383789], "std_fit_time": [0.0008051010760313018, 0.0011066049525801102, 0.0008467343566990077, 0.0007009185147879099, 0.0013141838609847028], "mean_score_time": [0.0013597965240478515, 0.0014868736267089843, 0.0015069961547851563, 0.00148468017578125, 0.0015691757202148438], "std_score_time": [0.00017959364966151995, 0.00022531055767827817, 0.0003892015282653944, 0.00020691702220901974, 0.00028136776866024334]}, "score": 0.9608333333333334}, "LogisticRegression": {"params": {"classification__solver": "newton-cg", "classification__C": 0.1}, "times": {"mean_fit_time": [0.5079638957977295, 0.07523107528686523, 0.05472908020019531, 0.06791071891784668, 0.06509528160095215], "std_fit_time": [0.05017087598083777, 0.013402342064594577, 0.01067556748094179, 0.00751978938339208, 0.0014546392237968794], "mean_score_time": [0.002644634246826172, 0.0019347667694091797, 0.0016558647155761718, 0.0017430305480957032, 0.0017275810241699219], "std_score_time": [0.0012275841662741772, 0.0004553568170307583, 0.00016649528524623287, 0.000333519979456021, 0.00012148796440432347]}, "score": 0.9608333333333334}}