{"[NN]NeuralNetwork": {"params": {"classification__epochs": 20, "classification__batch_size": 30}, "times": {"mean_fit_time": [2.917021656036377, 2.897450494766235, 2.6476830005645753, 2.709151792526245, 2.503504419326782, 3.2136544227600097, 2.343271780014038, 2.3417478084564207, 2.8334397315979003, 2.5982879638671874], "std_fit_time": [0.22882388953331217, 0.1117925885402895, 0.13082632095449306, 0.3883486796312359, 0.10684933628342334, 0.7282843544442281, 0.19891962312407613, 0.1109946886266875, 0.25124879964111413, 0.3661114274827864], "mean_score_time": [0.3449237823486328, 0.24344491958618164, 0.24695558547973634, 0.27808709144592286, 0.29058408737182617, 0.20936050415039062, 0.2818782806396484, 0.3550998687744141, 0.2627569198608398, 0.2493906021118164], "std_score_time": [0.06274194979016542, 0.03030965689459559, 0.027243302313495345, 0.050951740519212314, 0.033047479861635205, 0.07825691546316454, 0.07475346871427246, 0.10725905868081784, 0.03694491077601294, 0.0673256040299946]}, "score": 0.8721904761904762}, "RandomForestClassifier": {"params": {"classification__n_estimators": 400, "classification__min_samples_split": 2, "classification__min_samples_leaf": 2, "classification__max_features": "log2", "classification__max_depth": 20, "classification__bootstrap": false}, "times": {"mean_fit_time": [1.9763987064361572, 1.2713772773742675, 1.0186916828155517, 1.3094923973083497, 1.061043643951416], "std_fit_time": [0.05104280799183496, 0.05714735526582323, 0.05053414866613399, 0.03847498680940196, 0.05300301002939022], "mean_score_time": [0.004056024551391602, 0.0021755218505859373, 0.0019033432006835937, 0.0031603336334228515, 0.002551364898681641], "std_score_time": [0.00045584044668250647, 0.00047697983991247663, 0.00021113498622361317, 0.0005391584611254071, 0.000192043902622391]}, "score": 0.97}, "KNeighborsClassifier": {"params": {"classification__weights": "uniform", "classification__n_neighbors": 17, "classification__metric": "manhattan", "classification__leaf_size": 33}, "times": {"mean_fit_time": [0.032647895812988284, 0.020837020874023438, 0.030628299713134764, 0.04089193344116211, 0.03228559494018555], "std_fit_time": [0.006967982471080388, 0.0042154426046172415, 0.009006268912286702, 0.017119685239264285, 0.013470854163179764], "mean_score_time": [0.010324335098266602, 0.011121606826782227, 0.010182476043701172, 0.009875679016113281, 0.009972429275512696], "std_score_time": [0.0011263134071181318, 0.0020820583166650877, 0.0012282490202114651, 0.00030525290736499976, 0.00045318972280235004]}, "score": 0.9306666666666665}, "ComplementNB": {"params": {"classification__alpha": 1.0}, "times": {"mean_fit_time": [0.005267190933227539, 0.005195808410644531, 0.005050039291381836, 0.008504867553710938, 0.00903778076171875], "std_fit_time": [0.0009030724812538825, 0.000962865661313421, 0.0005697469703888835, 0.0004844661538054859, 0.0008483014714800485], "mean_score_time": [0.0013855934143066407, 0.0015917778015136718, 0.0015390396118164062, 0.001890277862548828, 0.0018812179565429687], "std_score_time": [0.00023859845052089768, 0.00047316351064289274, 0.0005588085031414641, 5.193490028262177e-05, 3.714882808589901e-05]}, "score": 0.876}, "LogisticRegression": {"params": {"classification__solver": "saga", "classification__C": 0.1}, "times": {"mean_fit_time": [0.890247917175293, 0.8743824481964111, 0.8458849906921386, 1.311032485961914, 1.2791600704193116], "std_fit_time": [0.15072271319011374, 0.10911445757809846, 0.12949716158920738, 0.07710946368249559, 0.10830447454205018], "mean_score_time": [0.0028191566467285155, 0.0031412601470947265, 0.002793025970458984, 0.0037990570068359374, 0.0047284126281738285], "std_score_time": [0.000923893997176476, 0.00011503528188552217, 0.0009493007317900984, 0.0006959347350233926, 0.0010144098657876633]}, "score": 0.7993333333333333}}