{"[NN]NeuralNetwork": {"params": {"classification__epochs": 15, "classification__batch_size": 25}, "times": {"mean_fit_time": [5.627087116241455, 4.392117929458618, 4.999491548538208, 4.735570192337036, 5.025490665435791, 4.5256105899810795, 4.824390029907226, 4.156081342697144, 4.9698741912841795, 5.632540893554688], "std_fit_time": [0.869963823018589, 0.5632029880078187, 1.026551027347281, 0.9198868243260144, 0.7429105787887414, 0.8511136819557997, 0.5809423704777203, 0.731830268844833, 0.8502405959041571, 0.9561267243641653], "mean_score_time": [0.40036935806274415, 0.4256767749786377, 0.36623687744140626, 0.48651299476623533, 0.6031390190124511, 0.5843523502349853, 0.39080419540405276, 0.49982028007507323, 0.4017792701721191, 0.5962226390838623], "std_score_time": [0.10845867788250568, 0.08864738394920245, 0.033897821285110846, 0.18429257017371484, 0.1862437172443932, 0.19787450967359807, 0.08301889048892518, 0.1110463062415796, 0.08548908674192103, 0.17877092208651346]}, "score": 0.946547619047619}, "RandomForestClassifier": {"params": {"classification__n_estimators": 500, "classification__min_samples_split": 2, "classification__min_samples_leaf": 2, "classification__max_features": null, "classification__max_depth": 10, "classification__bootstrap": true}, "times": {"mean_fit_time": [0.19456911087036133, 2.37568736076355, 2.286100912094116], "std_fit_time": [0.007423831690676778, 0.33308529520723457, 0.07582656509172478], "mean_score_time": [0.0014736652374267578, 0.0031928062438964845, 0.0035260677337646484], "std_score_time": [7.465890413509371e-05, 0.0010398336818333576, 0.0009786344226202167]}, "score": 0.99}, "KNeighborsClassifier": {"params": {"classification__weights": "uniform", "classification__n_neighbors": 3, "classification__metric": "euclidean", "classification__leaf_size": 16}, "times": {"mean_fit_time": [0.039275598526000974, 0.026168107986450195, 0.024600458145141602], "std_fit_time": [0.01226219484755334, 0.006983116526654279, 0.007434554531382848], "mean_score_time": [0.007488536834716797, 0.007883214950561523, 0.00721287727355957], "std_score_time": [0.000720183285429926, 0.0003884056166007845, 0.00031240873539633624]}, "score": 0.9775}, "ComplementNB": {"params": {"classification__alpha": 0.5}, "times": {"mean_fit_time": [0.0034429550170898436, 0.004403305053710937, 0.0052643299102783205], "std_fit_time": [9.343093300702707e-05, 0.0001351916514130678, 0.0004301980444802311], "mean_score_time": [0.0010360240936279296, 0.0011608600616455078, 0.0013052463531494141], "std_score_time": [6.09392664592963e-05, 4.448152114875351e-05, 7.447741539774558e-05]}, "score": 0.8825}, "LogisticRegression": {"params": {"classification__solver": "saga", "classification__C": 100}, "times": {"mean_fit_time": [0.45110716819763186, 0.4494227409362793, 1.020925235748291], "std_fit_time": [0.01948726619074047, 0.020573306387813073, 0.10406741013595912], "mean_score_time": [0.02884221076965332, 0.03145842552185059, 0.04059901237487793], "std_score_time": [0.004437497318743633, 0.005237319098325647, 0.01604729239276934]}, "score": 0.8525}}