{"[NN]NeuralNetwork": {"params": {"classification__epochs": 15, "classification__batch_size": 25}, "times": {"mean_fit_time": [4.700028133392334, 4.167005777359009, 4.0839801788330075, 3.9474267959594727, 3.711069869995117, 4.155523347854614, 4.573695039749145, 3.7889999866485597, 3.9861695766448975, 3.4494454860687256], "std_fit_time": [1.196462345964617, 0.7419068527182492, 0.6702022460473346, 0.9379464723042259, 0.5876570079492812, 0.5514340351424113, 0.4264694745313842, 0.7857342376870602, 0.43962939954457336, 0.7593814909659938], "mean_score_time": [0.34483656883239744, 0.3845736026763916, 0.6059348583221436, 0.2634109020233154, 0.46817402839660643, 0.36041927337646484, 0.38153605461120604, 0.2945432186126709, 0.3086221218109131, 0.3230565547943115], "std_score_time": [0.1404243249276344, 0.1562478102231186, 0.22393655364593693, 0.030865689836174326, 0.06539173183415542, 0.12256040078595132, 0.14992305797652908, 0.0682498053625436, 0.09147624747746713, 0.0779193809207159]}, "score": 0.9238571428571429}, "RandomForestClassifier": {"params": {"classification__n_estimators": 300, "classification__min_samples_split": 5, "classification__min_samples_leaf": 4, "classification__max_features": "log2", "classification__max_depth": 70, "classification__bootstrap": true}, "times": {"mean_fit_time": [0.6023980617523194, 3.783231258392334, 0.9349723815917969, 3.6317216396331786, 0.9076231479644775], "std_fit_time": [0.09350528721080013, 0.08907059942729682, 0.07142685925370057, 0.18645926972707919, 0.025600986361943145], "mean_score_time": [0.0018778800964355468, 0.0033908843994140624, 0.001878213882446289, 0.0032117366790771484, 0.0030654430389404296], "std_score_time": [0.00027118084276187677, 0.0003678572796743293, 0.00040152184392967853, 0.0009500611165242566, 0.000968882775783]}, "score": 0.99}, "KNeighborsClassifier": {"params": {"classification__weights": "uniform", "classification__n_neighbors": 15, "classification__metric": "minkowski", "classification__leaf_size": 33}, "times": {"mean_fit_time": [0.028742218017578126, 0.02971367835998535, 0.033099365234375, 0.021259498596191407, 0.03306574821472168], "std_fit_time": [0.006207446475063089, 0.004426449288431927, 0.002772816457104334, 0.006307984124751919, 0.01301989659572653], "mean_score_time": [0.010554027557373048, 0.01032261848449707, 0.010843896865844726, 0.010904645919799805, 0.010418272018432618], "std_score_time": [0.0019206363325045184, 0.0010925707945721177, 0.0012180966493603124, 0.0009306095201969223, 0.0018055918791816076]}, "score": 0.834}, "ComplementNB": {"params": {"classification__alpha": 0.5}, "times": {"mean_fit_time": [0.004885625839233398, 0.0052154541015625, 0.004967832565307617, 0.0078087329864501955, 0.0083709716796875], "std_fit_time": [0.0004016291112933854, 0.0009759218822094401, 0.0007329936639237149, 0.0011535437470266872, 0.0016674202874809583], "mean_score_time": [0.0013627052307128907, 0.0014267444610595703, 0.001320791244506836, 0.001668405532836914, 0.0018894672393798828], "std_score_time": [0.00026667787277460416, 0.00026217686448636013, 0.000199932162675383, 0.00024605469177004966, 0.00020859306751523654]}, "score": 0.8240000000000001}, "LogisticRegression": {"params": {"classification__solver": "newton-cg", "classification__C": 0.1}, "times": {"mean_fit_time": [0.4729790210723877, 0.6205065727233887, 0.6277806282043457, 0.44931349754333494, 1.259843921661377], "std_fit_time": [0.06376376727134137, 0.408316866395442, 0.10006877008810147, 0.06229103118186741, 0.40864496036119], "mean_score_time": [0.0025776386260986327, 0.0033049583435058594, 0.003782224655151367, 0.0022088050842285155, 0.003338623046875], "std_score_time": [0.0003380412793851064, 0.002164865889591739, 0.000759312313598295, 0.00034977900824914083, 0.0007483617687302174]}, "score": 0.958}}