{"[NN]NeuralNetwork": {"params": {"classification__epochs": 20, "classification__batch_size": 30}, "times": {"mean_fit_time": [5.247691011428833, 5.192158842086792, 4.438835096359253, 4.876630020141602, 4.52204442024231, 5.754533052444458, 4.953856611251831, 4.4967265129089355, 5.217961549758911, 4.916477012634277], "std_fit_time": [0.732319251027089, 0.720782011563623, 0.33636076800844933, 0.6163700115107755, 0.677538588746615, 1.1296066462329781, 0.38925250817472906, 0.2577079303114857, 0.5167799731999119, 0.8104760474170023], "mean_score_time": [0.46371774673461913, 0.5775818347930908, 0.6382342338562011, 0.6764404773712158, 0.681957483291626, 0.5086500167846679, 0.5996638298034668, 0.6836230754852295, 0.6896631717681885, 0.5912181854248046], "std_score_time": [0.12223919052722447, 0.15038710815779419, 0.12285191465843491, 0.190476688621119, 0.1313231116187977, 0.15728292188529908, 0.169996536762279, 0.12036351942744536, 0.21260881185212385, 0.1800234589929267]}, "score": 0.9675}, "RandomForestClassifier": {"params": {"classification__n_estimators": 400, "classification__min_samples_split": 5, "classification__min_samples_leaf": 2, "classification__max_features": "log2", "classification__max_depth": 40, "classification__bootstrap": true}, "times": {"mean_fit_time": [1.8692183017730712, 1.3687929153442382, 1.1502630710601807], "std_fit_time": [0.3421331022264666, 0.11558160150603228, 0.07558106611979871], "mean_score_time": [0.005695629119873047, 0.002944755554199219, 0.002578115463256836], "std_score_time": [0.002102955063084838, 0.000232477671460802, 0.0016729059448891558]}, "score": 0.9708333333333334}, "KNeighborsClassifier": {"params": {"classification__weights": "uniform", "classification__n_neighbors": 15, "classification__metric": "minkowski", "classification__leaf_size": 26}, "times": {"mean_fit_time": [0.017454099655151368, 0.029257440567016603, 0.023627328872680663], "std_fit_time": [0.001935434307949033, 0.011691428768871814, 0.0008614355444473123], "mean_score_time": [0.007783699035644531, 0.008291339874267578, 0.008050489425659179], "std_score_time": [0.0008635782441129712, 0.0005253684738184368, 0.0004214593785938831]}, "score": 0.8816666666666666}, "ComplementNB": {"params": {"classification__alpha": 0}, "times": {"mean_fit_time": [0.003467226028442383, 0.004536867141723633, 0.005055713653564453], "std_fit_time": [0.0003001607760455854, 0.0007404807745599658, 0.0002235663309619809], "mean_score_time": [0.0010649681091308594, 0.0011508941650390625, 0.001224517822265625], "std_score_time": [5.9685728235097e-05, 0.00011915142562323632, 4.455889525193522e-05]}, "score": 0.905}, "LogisticRegression": {"params": {"classification__solver": "lbfgs", "classification__C": 0.01}, "times": {"mean_fit_time": [0.4074235916137695, 0.28131327629089353, 0.3643771171569824], "std_fit_time": [0.0344090715660312, 0.013187331333940478, 0.03776360405063924], "mean_score_time": [0.03297615051269531, 0.0018727302551269532, 0.002145195007324219], "std_score_time": [0.007699850539581932, 0.0005284406629768129, 0.0004872331462454601]}, "score": 0.9183333333333333}}