{"[NN]NeuralNetwork": {"params": {"classification__epochs": 15, "classification__batch_size": 20}, "times": {"mean_fit_time": [1.8705623626708985, 2.0818201541900634, 1.9930054187774657, 1.879347276687622, 1.7438824653625489, 1.9297732830047607, 1.6064931869506835, 1.9412920951843262, 1.639631748199463, 1.8452045440673828], "std_fit_time": [0.2650420246249424, 0.5356941794840986, 0.48541920791255283, 0.1316624027469935, 0.1390093463896757, 0.07303521488016365, 0.05246314875781155, 0.5868701156645407, 0.06260065332314943, 0.18657052402694857], "mean_score_time": [0.2063413143157959, 0.20004868507385254, 0.18799090385437012, 0.20498085021972656, 0.2027207374572754, 0.18737168312072755, 0.17438082695007323, 0.18349533081054686, 0.1679521083831787, 0.1565704822540283], "std_score_time": [0.007908269313437492, 0.01910145851182357, 0.018554200479912925, 0.01726826216895066, 0.014984424431832611, 0.015161240276396225, 0.025847121562886377, 0.029006066191116762, 0.014136796997228173, 0.018169168298554184]}, "score": 0.8616666666666667}, "RandomForestClassifier": {"params": {"classification__n_estimators": 50, "classification__min_samples_split": 2, "classification__min_samples_leaf": 2, "classification__max_features": null, "classification__max_depth": 20, "classification__bootstrap": false}, "times": {"mean_fit_time": [0.18516621589660645], "std_fit_time": [0.02198332749684969], "mean_score_time": [0.001386880874633789], "std_score_time": [0.00027770486010855435]}, "score": 0.9066666666666666}, "KNeighborsClassifier": {"params": {"classification__weights": "distance", "classification__n_neighbors": 7, "classification__metric": "minkowski", "classification__leaf_size": 20}, "times": {"mean_fit_time": [0.02671651840209961], "std_fit_time": [0.005582010862792182], "mean_score_time": [0.006183338165283203], "std_score_time": [0.0004172275106947568]}, "score": 0.3733333333333333}, "ComplementNB": {"params": {"classification__alpha": 0}, "times": {"mean_fit_time": [0.004174995422363281], "std_fit_time": [0.0003752822765174375], "mean_score_time": [0.0009892940521240234], "std_score_time": [5.1271769923199005e-05]}, "score": 0.7466666666666668}, "LogisticRegression": {"params": {"classification__solver": "newton-cg", "classification__C": 0.01}, "times": {"mean_fit_time": [0.12446722984313965], "std_fit_time": [0.01123624875380404], "mean_score_time": [0.0016625881195068359], "std_score_time": [5.7763581780216676e-05]}, "score": 0.8399999999999999}}