{"[NN]NeuralNetwork": {"params": {"classification__epochs": 15, "classification__batch_size": 30}, "times": {"mean_fit_time": [3.6776087284088135, 3.1854921340942384, 2.793947219848633, 2.7314808845520018, 2.7206602573394774, 2.6180676460266112, 3.3925391674041747, 3.560529947280884, 2.877632761001587, 2.613829565048218], "std_fit_time": [0.30085517296748704, 0.4066331084568259, 0.41198763419070245, 0.14235832642057988, 0.3620045412613166, 0.31386662088982487, 0.28615639862324876, 0.46346227480341207, 0.49779190049928507, 0.18306988995464507], "mean_score_time": [0.37097821235656736, 0.3482683181762695, 0.31937470436096194, 0.23224139213562012, 0.3582757949829102, 0.4369307041168213, 0.31116933822631837, 0.21842126846313475, 0.32269816398620604, 0.24593138694763184], "std_score_time": [0.05034381972299657, 0.06575016779331148, 0.05517233474002514, 0.030153734861526494, 0.18316968444662196, 0.12281076357002536, 0.04750416612699108, 0.03361752026415142, 0.0820444873878915, 0.06541242444589734]}, "score": 0.979978354978355}, "RandomForestClassifier": {"params": {"classification__n_estimators": 400, "classification__min_samples_split": 5, "classification__min_samples_leaf": 1, "classification__max_features": "log2", "classification__max_depth": 50, "classification__bootstrap": false}, "times": {"mean_fit_time": [1.768503522872925, 1.358828592300415, 0.2752241611480713, 1.3267655849456788, 0.2848828315734863], "std_fit_time": [0.11327938016879714, 0.15516709049193822, 0.04224163716480514, 0.025137178655374393, 0.013162852600571729], "mean_score_time": [0.0035943031311035157, 0.0017731666564941406, 0.0015758514404296876, 0.0032488822937011717, 0.0013222694396972656], "std_score_time": [0.0015846841388634457, 0.00016546671254609292, 0.0003778313817459929, 0.0013571277966012362, 0.00013278335292435907]}, "score": 0.9800000000000001}, "KNeighborsClassifier": {"params": {"classification__weights": "uniform", "classification__n_neighbors": 11, "classification__metric": "manhattan", "classification__leaf_size": 30}, "times": {"mean_fit_time": [0.02567152976989746, 0.03847208023071289, 0.0442866325378418, 0.023414230346679686, 0.03311038017272949], "std_fit_time": [0.0041014622535413105, 0.010551373172825913, 0.00688122753788704, 0.0027788428198870195, 0.014722745717019528], "mean_score_time": [0.01004619598388672, 0.010489606857299804, 0.011144113540649415, 0.011005210876464843, 0.010873985290527344], "std_score_time": [0.0012246383755454746, 0.0019345880726750974, 0.001710611382080389, 0.0014561219436594606, 0.0021885573563264417]}, "score": 0.9675}, "ComplementNB": {"params": {"classification__alpha": 0.5}, "times": {"mean_fit_time": [0.0064642906188964845, 0.005134296417236328, 0.004602909088134766, 0.005589962005615234, 0.008005809783935548], "std_fit_time": [0.0018247015603544336, 0.0009869753926925995, 0.0008157948701073388, 0.0010758012412609406, 0.00370858609623553], "mean_score_time": [0.0016832828521728515, 0.0014855384826660157, 0.0012753963470458984, 0.0015002727508544923, 0.001874542236328125], "std_score_time": [0.0005217978802215939, 0.00026305137489407297, 0.00024951802756236044, 0.00021832761915407159, 0.0004541218602719423]}, "score": 0.9608333333333334}, "LogisticRegression": {"params": {"classification__solver": "newton-cg", "classification__C": 0.1}, "times": {"mean_fit_time": [0.5699011325836182, 0.07393269538879395, 0.06767687797546387, 0.06964268684387206, 0.09679079055786133], "std_fit_time": [0.10181511703492538, 0.016957396457459604, 0.01561162483464619, 0.004332987127817806, 0.020421325228556497], "mean_score_time": [0.0020784854888916014, 0.0020017623901367188, 0.0018920421600341797, 0.0017058849334716797, 0.002096891403198242], "std_score_time": [0.0006496555581383045, 0.0004876872403921236, 0.0003276218440332667, 9.601942350802013e-05, 0.00041359380146455154]}, "score": 0.9608333333333334}}