{"[NN]NeuralNetwork": {"params": {"classification__epochs": 15, "classification__batch_size": 30}, "times": {"mean_fit_time": [5.600453233718872, 4.859778118133545, 3.896461772918701, 4.358939599990845, 4.081587028503418, 4.362713098526001, 3.91416220664978, 3.955568265914917, 3.7905280590057373, 3.3597673892974855], "std_fit_time": [0.5885571941922827, 0.8935823474847719, 0.4762680057099524, 0.4137045505329294, 0.42306322322235845, 0.41208229925281237, 0.32526070354238723, 0.35363228932549906, 0.49945203465781446, 0.692389183970298], "mean_score_time": [0.2801673412322998, 0.3635525703430176, 0.4589134693145752, 0.36106228828430176, 0.38845105171203614, 0.43798279762268066, 0.3847931385040283, 0.2549130439758301, 0.28419036865234376, 0.32488412857055665], "std_score_time": [0.04544860524495161, 0.09868449283582366, 0.12840667352334226, 0.0975006422621918, 0.13766277765772428, 0.15021642821684683, 0.1621123612394376, 0.026665056905867127, 0.10758007207139234, 0.14145843360861193]}, "score": 0.9819444444444445}, "RandomForestClassifier": {"params": {"classification__n_estimators": 300, "classification__min_samples_split": 10, "classification__min_samples_leaf": 4, "classification__max_features": null, "classification__max_depth": 60, "classification__bootstrap": true}, "times": {"mean_fit_time": [0.4330111026763916, 1.2832691192626953, 1.1971555709838868], "std_fit_time": [0.03199237160194942, 0.12120535051789752, 0.02592635437472759], "mean_score_time": [0.0015439987182617188, 0.0016121387481689454, 0.0016644954681396484], "std_score_time": [0.00010222659156164457, 9.683427457702342e-05, 0.0002933939394597066]}, "score": 1.0}, "KNeighborsClassifier": {"params": {"classification__weights": "uniform", "classification__n_neighbors": 9, "classification__metric": "manhattan", "classification__leaf_size": 23}, "times": {"mean_fit_time": [0.04092316627502442, 0.03900675773620606, 0.04152827262878418], "std_fit_time": [0.011486533801103482, 0.00533242275173154, 0.009016545330359527], "mean_score_time": [0.008127546310424805, 0.010000801086425782, 0.009496355056762695], "std_score_time": [0.0013117364043118164, 0.002533714488940945, 0.0013615181119247667]}, "score": 0.975}, "ComplementNB": {"params": {"classification__alpha": 1.0}, "times": {"mean_fit_time": [0.004987144470214843, 0.004609441757202149, 0.0055309772491455075], "std_fit_time": [0.0010328228299545958, 0.0007197772891428404, 0.0008336170465597611], "mean_score_time": [0.0015048980712890625, 0.0015408515930175782, 0.001349496841430664], "std_score_time": [0.00032225768551836056, 0.000505143456579224, 0.00013692098148380968]}, "score": 0.8558333333333333}, "LogisticRegression": {"params": {"classification__solver": "newton-cg", "classification__C": 10}, "times": {"mean_fit_time": [0.5006425380706787, 0.09627747535705566, 0.1497805595397949], "std_fit_time": [0.10974069189279767, 0.015386866534160305, 0.008906485913066422], "mean_score_time": [0.03986692428588867, 0.0016070365905761718, 0.0017669677734375], "std_score_time": [0.015061491759482976, 8.2628546409774e-05, 0.00014235081905895647]}, "score": 0.9541666666666666}}