{"[NN]NeuralNetwork": {"params": {"classification__epochs": 20, "classification__batch_size": 25}, "times": {"mean_fit_time": [4.494713592529297, 4.44056978225708, 4.048453617095947, 3.7518074035644533, 3.376774311065674, 3.6994996070861816, 3.8353842735290526, 3.5885833263397218, 4.490539789199829, 4.399688053131103], "std_fit_time": [1.2552924658358733, 1.1088795584472477, 0.7908866472674098, 0.5632204083680182, 0.6196749791307956, 0.9369339199526634, 0.9260283367778532, 0.7452267523238302, 0.48915230002536475, 0.27363615236738725], "mean_score_time": [0.21020083427429198, 0.21875662803649903, 0.31263389587402346, 0.2506381034851074, 0.34063897132873533, 0.28338422775268557, 0.2797071933746338, 0.2544501781463623, 0.22337327003479004, 0.2713645935058594], "std_score_time": [0.048747005336068766, 0.05077533946201668, 0.06358671391524572, 0.07675658253726932, 0.15147665447764597, 0.04362290738580389, 0.16897475506673534, 0.024699052548404876, 0.036204931357831004, 0.05134649906227277]}, "score": 0.9819444444444445}, "RandomForestClassifier": {"params": {"classification__n_estimators": 300, "classification__min_samples_split": 10, "classification__min_samples_leaf": 4, "classification__max_features": "log2", "classification__max_depth": 60, "classification__bootstrap": true}, "times": {"mean_fit_time": [4.989210081100464, 0.8527951240539551, 0.05549712181091308, 0.7491508007049561, 0.06609740257263183], "std_fit_time": [0.1956174869824237, 0.02930498152148342, 0.00933411918089064, 0.006312083893252216, 0.010810445866731015], "mean_score_time": [0.004713726043701172, 0.0017158031463623048, 0.0015551090240478516, 0.0018802165985107421, 0.0015025138854980469], "std_score_time": [0.0012710648012816967, 0.0001737868724979096, 0.00031796053056107164, 0.00016821625509620743, 0.00030241127609423904]}, "score": 0.95}, "KNeighborsClassifier": {"params": {"classification__weights": "uniform", "classification__n_neighbors": 17, "classification__metric": "euclidean", "classification__leaf_size": 20}, "times": {"mean_fit_time": [0.0355804443359375, 0.03372201919555664, 0.048150157928466795, 0.026702165603637695, 0.04228143692016602], "std_fit_time": [0.015245410137689843, 0.006542298710764026, 0.01348068546114423, 0.0010971289804588467, 0.011909446526283335], "mean_score_time": [0.008687210083007813, 0.011395502090454101, 0.011763191223144532, 0.010981321334838867, 0.013126945495605469], "std_score_time": [0.000649146121319732, 0.004113908716021445, 0.0026955993940711537, 0.0008626562360636829, 0.007487418312603965]}, "score": 0.9428571428571428}, "ComplementNB": {"params": {"classification__alpha": 0.5}, "times": {"mean_fit_time": [0.0049590587615966795, 0.005334043502807617, 0.005492687225341797, 0.006894636154174805, 0.007046222686767578], "std_fit_time": [0.00019084822147175868, 0.001016484391943053, 0.0012053144341957465, 0.0009553535150043211, 0.0017000394611066932], "mean_score_time": [0.0013278007507324218, 0.0014790058135986327, 0.0014887332916259765, 0.0017972469329833984, 0.001771402359008789], "std_score_time": [7.824102997154235e-05, 0.0002854969295900168, 0.0003248344918294438, 0.00023855526820530418, 0.00030804837060477403]}, "score": 0.9400000000000001}, "LogisticRegression": {"params": {"classification__solver": "sag", "classification__C": 100}, "times": {"mean_fit_time": [0.05692577362060547, 0.06984391212463378, 0.4206987380981445, 0.0716282844543457, 0.6840400218963623], "std_fit_time": [0.014663001211723793, 0.009454775354973678, 0.03598663335684463, 0.009792864381571537, 0.032825055270551184], "mean_score_time": [0.0018151760101318359, 0.0018160820007324218, 0.0019398212432861328, 0.001560211181640625, 0.0022562503814697265], "std_score_time": [0.0002183920743674211, 0.00015981639650778493, 0.0005943353200348322, 8.063808394566542e-05, 0.0006060738828322489]}, "score": 0.95}}