{"[NN]NeuralNetwork": {"params": {"classification__epochs": 20, "classification__batch_size": 25}, "times": {"mean_fit_time": [3.567369556427002, 2.924596071243286, 3.289798212051392, 3.1660000324249267, 3.177656078338623, 2.688512849807739, 2.4500752449035645, 2.599665975570679, 2.7040656566619874, 2.4121315479278564], "std_fit_time": [0.2806986024768945, 0.3432206092128863, 0.43073092255144235, 0.3833013186071656, 0.30944850630068227, 0.3057543654704127, 0.4515571969204418, 0.16189851916405285, 0.3334501309290437, 0.2747920894355919], "mean_score_time": [0.4704608917236328, 0.3330852508544922, 0.29720916748046877, 0.35750560760498046, 0.3550868511199951, 0.24863066673278808, 0.2464466094970703, 0.3491837024688721, 0.32240471839904783, 0.29332361221313474], "std_score_time": [0.05860305095525072, 0.0651702843120465, 0.08907065434550264, 0.07472632837001, 0.15246552309380124, 0.02399839342977471, 0.09093186610443456, 0.06206129921237999, 0.1365864378317953, 0.08766716990051199]}, "score": 0.9041666666666666}, "RandomForestClassifier": {"params": {"classification__n_estimators": 200, "classification__min_samples_split": 10, "classification__min_samples_leaf": 1, "classification__max_features": null, "classification__max_depth": 30, "classification__bootstrap": true}, "times": {"mean_fit_time": [0.7622539043426514], "std_fit_time": [0.05267220757116363], "mean_score_time": [0.001749420166015625], "std_score_time": [0.0004865591453756834]}, "score": 1.0}, "KNeighborsClassifier": {"params": {"classification__weights": "distance", "classification__n_neighbors": 15, "classification__metric": "minkowski", "classification__leaf_size": 40}, "times": {"mean_fit_time": [0.02976670265197754], "std_fit_time": [0.004963678285095959], "mean_score_time": [0.0069767475128173825], "std_score_time": [0.0009246790418854766]}, "score": 0.35}, "ComplementNB": {"params": {"classification__alpha": 0.5}, "times": {"mean_fit_time": [0.0035918712615966796], "std_fit_time": [3.149999404265415e-05], "mean_score_time": [0.0010903358459472656], "std_score_time": [5.7349139797369945e-05]}, "score": 0.7833333333333333}, "LogisticRegression": {"params": {"classification__solver": "lbfgs", "classification__C": 100}, "times": {"mean_fit_time": [0.10722470283508301], "std_fit_time": [0.014454463797887535], "mean_score_time": [0.0019385337829589844], "std_score_time": [0.0006245290720528744]}, "score": 0.8333333333333333}}