{"[NN]NeuralNetwork": {"params": {"classification__epochs": 20, "classification__batch_size": 20}, "times": {"mean_fit_time": [3.163319301605225, 3.7657516479492186, 2.971944570541382, 3.5178404808044434, 3.3082508563995363, 3.3259533882141112, 3.1080317974090574, 3.1786678791046143, 3.076996946334839, 2.7222111225128174], "std_fit_time": [0.7190590609050094, 0.3578407186159046, 0.36748479053483357, 0.31932908334843446, 0.569958044208637, 0.1826438166088831, 0.5285679878373384, 0.29672596099534576, 0.5461389179937552, 0.6394367222493851], "mean_score_time": [0.24842090606689454, 0.19151644706726073, 0.2265626907348633, 0.24975223541259767, 0.2494509220123291, 0.213248348236084, 0.22079687118530272, 0.21057672500610353, 0.2167810916900635, 0.22885732650756835], "std_score_time": [0.024391324026892557, 0.0420053103910305, 0.02584768596939085, 0.06619524908277558, 0.04986804092187406, 0.03185815882242371, 0.03680966178398217, 0.042857165736369225, 0.02503292048532036, 0.04199393819384141]}, "score": 0.8433333333333334}, "RandomForestClassifier": {"params": {"classification__n_estimators": 50, "classification__min_samples_split": 2, "classification__min_samples_leaf": 1, "classification__max_features": "sqrt", "classification__max_depth": 100, "classification__bootstrap": true}, "times": {"mean_fit_time": [0.07250633239746093], "std_fit_time": [0.01268572963650438], "mean_score_time": [0.0012763500213623046], "std_score_time": [6.197151529125649e-05]}, "score": 0.9800000000000001}, "KNeighborsClassifier": {"params": {"classification__weights": "uniform", "classification__n_neighbors": 1, "classification__metric": "manhattan", "classification__leaf_size": 13}, "times": {"mean_fit_time": [0.03453431129455566], "std_fit_time": [0.00773241548094541], "mean_score_time": [0.00669550895690918], "std_score_time": [0.000406474520736756]}, "score": 0.9099999999999999}, "ComplementNB": {"params": {"classification__alpha": 0}, "times": {"mean_fit_time": [0.004425477981567383], "std_fit_time": [0.00046013534113804584], "mean_score_time": [0.0010442733764648438], "std_score_time": [9.52335848918046e-05]}, "score": 0.5933333333333334}, "LogisticRegression": {"params": {"classification__solver": "saga", "classification__C": 100}, "times": {"mean_fit_time": [0.6497308254241944], "std_fit_time": [0.06769554941751257], "mean_score_time": [0.04498071670532226], "std_score_time": [0.010445161526799595]}, "score": 0.7633333333333334}}