{"[NN]NeuralNetwork": {"params": {"classification__epochs": 5, "classification__batch_size": 20}, "times": {"mean_fit_time": [2.2694187641143797, 2.4989355564117433, 2.324037551879883, 3.422088384628296, 3.8722750186920165, 3.454923391342163, 3.589058351516724, 3.3822703838348387, 3.8828590869903565, 3.517321252822876], "std_fit_time": [0.12039032461871388, 0.235700206592093, 0.18301814457149734, 0.9652226578521725, 0.2578884557540901, 0.6463392087746642, 0.6220776261439753, 0.18393012946363074, 0.31584307195105726, 0.39877431963185644], "mean_score_time": [0.32311415672302246, 0.3315166473388672, 0.32183194160461426, 0.28240442276000977, 0.28262786865234374, 0.2602189064025879, 0.2951394557952881, 0.22444419860839843, 0.22673163414001465, 0.29307851791381834], "std_score_time": [0.043165677172279225, 0.06378659235880871, 0.05426693272637136, 0.046056631025027085, 0.08262501136052389, 0.09619296340796099, 0.06560841766704485, 0.025701302611216174, 0.06827229962890849, 0.12590890376018232]}, "score": 0.9854166666666668}, "RandomForestClassifier": {"params": {"classification__n_estimators": 500, "classification__min_samples_split": 2, "classification__min_samples_leaf": 1, "classification__max_features": null, "classification__max_depth": 60, "classification__bootstrap": false}, "times": {"mean_fit_time": [5.010188865661621, 2.666312408447266, 0.12164430618286133, 2.3351059436798094, 0.17570433616638184], "std_fit_time": [0.06766493548799607, 0.11745453274633322, 0.016284565848636003, 0.050037794048362096, 0.03263612968822181], "mean_score_time": [0.004291915893554687, 0.004181480407714844, 0.0017346858978271485, 0.006061363220214844, 0.0012149333953857422], "std_score_time": [0.001398396267418652, 0.0010309132417705687, 0.0003014272605088287, 0.0016403697416561402, 0.00010402302880320811]}, "score": 0.9916666666666668}, "KNeighborsClassifier": {"params": {"classification__weights": "uniform", "classification__n_neighbors": 9, "classification__metric": "minkowski", "classification__leaf_size": 16}, "times": {"mean_fit_time": [0.03144378662109375, 0.031964445114135744, 0.03244838714599609, 0.030445337295532227, 0.038082218170166014], "std_fit_time": [0.0003228306732908106, 0.0007629434555663982, 0.010343805347060711, 0.009694749732471067, 0.010468425294674295], "mean_score_time": [0.008499383926391602, 0.009200334548950195, 0.00884246826171875, 0.008424520492553711, 0.008924245834350586], "std_score_time": [0.0004012252756489215, 0.0003016018584690884, 0.001159429898262952, 0.0011629384069383837, 0.0007510233379391393]}, "score": 0.99}, "ComplementNB": {"params": {"classification__alpha": 0.5}, "times": {"mean_fit_time": [0.004727458953857422, 0.004239130020141602, 0.00526275634765625, 0.005575370788574219, 0.007983875274658204], "std_fit_time": [0.0006774939126696698, 0.0003600035091674397, 0.001010320029976595, 0.0008374374501281695, 0.0023818291002887944], "mean_score_time": [0.0012579917907714843, 0.001232004165649414, 0.0013800621032714843, 0.0015105724334716797, 0.00202794075012207], "std_score_time": [0.000195441503780788, 4.640843211048946e-05, 0.00020450725770230946, 0.00019164484626880767, 0.0006475952708885846]}, "score": 0.925}, "LogisticRegression": {"params": {"classification__solver": "lbfgs", "classification__C": 10}, "times": {"mean_fit_time": [0.06814641952514648, 0.0489905834197998, 0.39989027976989744, 0.1584557056427002, 0.7224283218383789], "std_fit_time": [0.025949952219267592, 0.01157292053470522, 0.1109419172352054, 0.06444523906517693, 0.03143564868918599], "mean_score_time": [0.002046680450439453, 0.0017303943634033204, 0.005221366882324219, 0.001580810546875, 0.002117824554443359], "std_score_time": [0.000379027944063992, 0.0003858115761082178, 0.003704875920964121, 3.154867935913848e-05, 0.000371531532727513]}, "score": 0.9400000000000001}}