{"[NN]NeuralNetwork": {"params": {"classification__epochs": 20, "classification__batch_size": 30}, "times": {"mean_fit_time": [3.8615487575531007, 3.57914252281189, 4.050545930862427, 3.374693727493286, 3.177055835723877, 3.4586968421936035, 2.9205180644989013, 2.874850606918335, 3.259495401382446, 2.7332111835479735], "std_fit_time": [0.31127061758597796, 0.348677946593011, 0.33818939384572727, 0.41375746155385934, 0.5349891735113349, 0.6220447039309267, 0.33501332035893683, 0.3176472811268764, 0.4596143248552338, 0.3142988835200494], "mean_score_time": [0.31143960952758787, 0.3609870433807373, 0.260008716583252, 0.3222666263580322, 0.37737298011779785, 0.23629870414733886, 0.2571516990661621, 0.2896880149841309, 0.21265053749084473, 0.24086565971374513], "std_score_time": [0.08371017621905713, 0.13222173826958095, 0.04759100078370353, 0.11164752755325397, 0.06577792728305315, 0.10733998236022181, 0.04072696021386754, 0.06652845332225082, 0.02574180522661422, 0.0879003931505562]}, "score": 0.9675}, "RandomForestClassifier": {"params": {"classification__n_estimators": 400, "classification__min_samples_split": 5, "classification__min_samples_leaf": 2, "classification__max_features": "log2", "classification__max_depth": 40, "classification__bootstrap": true}, "times": {"mean_fit_time": [2.197581958770752, 1.3863193035125732, 1.2571537494659424], "std_fit_time": [0.23421188810464602, 0.3136413121692763, 0.07059153747394024], "mean_score_time": [0.0029346466064453123, 0.00188140869140625, 0.005096340179443359], "std_score_time": [0.0008671783606442918, 0.00016437507112813504, 0.001656995633296793]}, "score": 0.9708333333333334}, "KNeighborsClassifier": {"params": {"classification__weights": "uniform", "classification__n_neighbors": 15, "classification__metric": "minkowski", "classification__leaf_size": 26}, "times": {"mean_fit_time": [0.027192211151123045, 0.03792738914489746, 0.028088998794555665], "std_fit_time": [0.006010040765848279, 0.005544969300817785, 0.00836460613899483], "mean_score_time": [0.010390424728393554, 0.011468982696533203, 0.009273767471313477], "std_score_time": [0.001383860758000416, 0.0030404904900774464, 0.0007063743087592967]}, "score": 0.8816666666666666}, "ComplementNB": {"params": {"classification__alpha": 0}, "times": {"mean_fit_time": [0.004294824600219726, 0.006095266342163086, 0.008485031127929688], "std_fit_time": [0.0008521781955448497, 0.0009324556615033102, 0.0010286987768438234], "mean_score_time": [0.0012901782989501952, 0.0015610694885253907, 0.0019086360931396484], "std_score_time": [0.0002461202555948475, 0.00020127920585269197, 0.0002907735865821844]}, "score": 0.905}, "LogisticRegression": {"params": {"classification__solver": "lbfgs", "classification__C": 0.01}, "times": {"mean_fit_time": [0.5641945838928223, 0.32175960540771487, 0.33803906440734866], "std_fit_time": [0.12787543702755863, 0.05899546237553074, 0.07468047957190822], "mean_score_time": [0.03569264411926269, 0.0021319866180419924, 0.0024497509002685547], "std_score_time": [0.005615781225846806, 0.0009344566900662837, 0.00014971494627222912]}, "score": 0.9183333333333333}}