{"[NN]NeuralNetwork": {"params": {"classification__epochs": 15, "classification__batch_size": 20}, "times": {"mean_fit_time": [5.773894119262695, 6.660263013839722, 4.971822690963745, 4.264426231384277, 5.634385395050049, 4.09814863204956, 5.362644624710083, 4.770007801055908, 5.349322032928467, 5.661065483093262], "std_fit_time": [0.6763874694716182, 0.6441962127435467, 0.27875075834649354, 0.705652364360489, 0.9896812011270155, 0.6384382842057753, 0.9546238502272885, 0.6504769119033587, 0.6208482045307572, 0.5595005399146118], "mean_score_time": [0.773737096786499, 0.6073878288269043, 0.5847606658935547, 0.6870339393615723, 0.5241354942321778, 0.5450178623199463, 0.4882026672363281, 0.45342292785644533, 0.50627760887146, 0.3941658496856689], "std_score_time": [0.13183014131367085, 0.1975398406984211, 0.19956629279971508, 0.09206689237330545, 0.08985218208381725, 0.10906072958195538, 0.1374726989171242, 0.11886289893343846, 0.11592722597525308, 0.1104539693966669]}, "score": 0.9824999999999999}, "RandomForestClassifier": {"params": {"classification__n_estimators": 1000, "classification__min_samples_split": 2, "classification__min_samples_leaf": 2, "classification__max_features": "sqrt", "classification__max_depth": null, "classification__bootstrap": true}, "times": {"mean_fit_time": [4.278957509994507, 5.614438438415528, 2.4798698902130125, 4.369290781021118, 2.499142599105835], "std_fit_time": [0.45729042922620977, 0.28024502648706695, 0.2473117389554127, 0.08824042638431821, 0.06512600621918486], "mean_score_time": [0.005843305587768554, 0.007067966461181641, 0.004854917526245117, 0.004146146774291992, 0.006283092498779297], "std_score_time": [0.001937626208767878, 0.0006492183070843504, 0.00215257471853282, 0.001160394020140078, 0.0019864886148705176]}, "score": 0.9775}, "KNeighborsClassifier": {"params": {"classification__weights": "uniform", "classification__n_neighbors": 11, "classification__metric": "manhattan", "classification__leaf_size": 30}, "times": {"mean_fit_time": [0.029672765731811525, 0.025701570510864257, 0.04712352752685547, 0.031412696838378905, 0.033744001388549806], "std_fit_time": [0.01418747359400005, 0.01282665150248862, 0.010755967207606729, 0.0016221602444537033, 0.006054098973168551], "mean_score_time": [0.00971989631652832, 0.009211969375610352, 0.00877695083618164, 0.008563709259033204, 0.008688735961914062], "std_score_time": [0.0011819169351135585, 0.0006771057155701664, 0.0010328356402757256, 0.0005645080233255916, 0.0003005405690996713]}, "score": 0.9875}, "ComplementNB": {"params": {"classification__alpha": 1.0}, "times": {"mean_fit_time": [0.0057948589324951175, 0.004502296447753906, 0.004973363876342773, 0.005924844741821289, 0.00566558837890625], "std_fit_time": [0.0014038415265496345, 0.0006230956147334681, 0.001029103558541412, 0.0011268076079870226, 0.0010873622337547295], "mean_score_time": [0.0013761043548583985, 0.001267862319946289, 0.0012938022613525391, 0.0015378952026367187, 0.0014830589294433593], "std_score_time": [0.00026895828189881616, 0.0002494998383195612, 0.0003113433214568334, 0.00030161884306160894, 0.0002998230412372155]}, "score": 0.9550000000000001}, "LogisticRegression": {"params": {"classification__solver": "saga", "classification__C": 100}, "times": {"mean_fit_time": [0.4125478267669678, 0.5471715450286865, 0.4456818103790283, 1.3680781364440917, 1.0068371295928955], "std_fit_time": [0.09278579721551183, 0.12663063748689193, 0.10946611557541099, 0.18030398929232988, 0.10267874822881362], "mean_score_time": [0.0034336566925048826, 0.0037491321563720703, 0.0031670570373535157, 0.004436397552490234, 0.003203725814819336], "std_score_time": [0.0018296088679600096, 0.001652655962176365, 0.001545919668901437, 0.001682172631722637, 0.0012267289093316868]}, "score": 0.9650000000000001}}