{"[NN]NeuralNetwork": {"params": {"classification__epochs": 20, "classification__batch_size": 30}, "times": {"mean_fit_time": [5.3185875415802, 4.508587169647217, 3.7272064208984377, 3.919237184524536, 3.4490611076354982, 4.620421695709228, 3.1189584255218508, 3.3116601943969726, 4.1104847431182865, 3.6298471450805665], "std_fit_time": [0.29812059147584646, 1.0186162071199192, 0.6143270839604922, 0.6082459049104743, 0.5380786829710195, 0.6900306400205714, 1.005646833450536, 0.7620896588431236, 0.38436016369702947, 0.5016677787810493], "mean_score_time": [0.47441611289978025, 0.3855269908905029, 0.4216029644012451, 0.4482580661773682, 0.4254759788513184, 0.39566354751586913, 0.40858988761901854, 0.41560001373291017, 0.26810832023620607, 0.3791461944580078], "std_score_time": [0.1648862964708748, 0.05297891023426139, 0.11672687443348519, 0.1927892015510102, 0.18682672045826934, 0.10284804835926056, 0.10842066914661481, 0.15966774765297057, 0.04577173527027523, 0.0523598854723954]}, "score": 0.8721904761904762}, "RandomForestClassifier": {"params": {"classification__n_estimators": 400, "classification__min_samples_split": 2, "classification__min_samples_leaf": 2, "classification__max_features": "log2", "classification__max_depth": 20, "classification__bootstrap": false}, "times": {"mean_fit_time": [2.3659762382507323, 1.445543098449707, 1.3822468280792237, 1.2371943950653077, 0.9985847473144531], "std_fit_time": [0.1758774363432298, 0.10409849624912429, 0.2552908551064014, 0.01641725299169543, 0.042644043458267264], "mean_score_time": [0.00570383071899414, 0.0019447803497314453, 0.0034217357635498045, 0.0017194271087646485, 0.0030954360961914064], "std_score_time": [0.0011566831561035907, 0.0002970281008710383, 0.0028715527138093574, 6.0739658713119785e-05, 0.0017615595037779154]}, "score": 0.97}, "KNeighborsClassifier": {"params": {"classification__weights": "uniform", "classification__n_neighbors": 17, "classification__metric": "manhattan", "classification__leaf_size": 33}, "times": {"mean_fit_time": [0.028417491912841798, 0.03130674362182617, 0.03465967178344727, 0.0414637565612793, 0.03176760673522949], "std_fit_time": [0.004951128929049977, 0.012803920732301721, 0.006308839012737523, 0.01423080097825859, 0.011801443307704204], "mean_score_time": [0.010173988342285157, 0.009879302978515626, 0.012058401107788086, 0.0106903076171875, 0.01120758056640625], "std_score_time": [0.001234139818315598, 0.0012972045339821818, 0.0017933122553880079, 0.000771791139647597, 0.00163249751092083]}, "score": 0.9306666666666665}, "ComplementNB": {"params": {"classification__alpha": 1.0}, "times": {"mean_fit_time": [0.0050181388854980465, 0.005559968948364258, 0.004913187026977539, 0.007481050491333008, 0.007413053512573242], "std_fit_time": [0.0008621874558339211, 0.0006039759265215471, 0.0007696186240495848, 0.00144081978780178, 0.002125732781041387], "mean_score_time": [0.0014772891998291015, 0.0016901969909667968, 0.0015076160430908202, 0.0017087936401367187, 0.0014906883239746093], "std_score_time": [0.0005190398510125936, 0.00024116938602991095, 0.00024187663436733853, 0.00020431759464646984, 0.00018639305295432344]}, "score": 0.876}, "LogisticRegression": {"params": {"classification__solver": "saga", "classification__C": 0.1}, "times": {"mean_fit_time": [1.0155445098876954, 1.1624258995056151, 1.0387717247009278, 1.4730222702026368, 1.4861711025238038], "std_fit_time": [0.09329030395051006, 0.11013442575225643, 0.24111342328363852, 0.1644848945945771, 0.09660958949260595], "mean_score_time": [0.0038170814514160156, 0.005993461608886719, 0.0035080909729003906, 0.003597116470336914, 0.003497600555419922], "std_score_time": [0.0003407650953074101, 0.002275571310114092, 0.000625394429185077, 0.0005124627661676933, 0.0005351186965801272]}, "score": 0.7993333333333333}}