{"[NN]NeuralNetwork": {"params": {"classification__epochs": 20, "classification__batch_size": 30}, "times": {"mean_fit_time": [5.797634553909302, 4.696314668655395, 5.152373313903809, 5.492460632324219, 4.815832471847534, 5.104923725128174, 5.442237424850464, 5.0938955783844, 5.39043116569519, 3.9858318328857423], "std_fit_time": [0.638978471205932, 0.5757378851411858, 0.7864232302752878, 0.6793129904932496, 0.650454358763539, 0.8788604827611933, 0.4041866667680902, 0.4098996691575016, 1.1406039545891873, 0.7453556254823114], "mean_score_time": [0.6347461700439453, 0.5745151996612549, 0.5913894653320313, 0.6196284294128418, 0.7195199489593506, 0.6453183174133301, 0.6048178195953369, 0.6347012996673584, 0.477094841003418, 0.5332740306854248], "std_score_time": [0.21695484438970045, 0.15532750838459972, 0.07662395056980013, 0.2243299034631043, 0.17762318921439335, 0.13923078643006692, 0.20346570679309, 0.1491641742121274, 0.06943066461977412, 0.1370566779766255]}, "score": 0.9675}, "RandomForestClassifier": {"params": {"classification__n_estimators": 400, "classification__min_samples_split": 5, "classification__min_samples_leaf": 2, "classification__max_features": "log2", "classification__max_depth": 40, "classification__bootstrap": true}, "times": {"mean_fit_time": [1.5202288150787353, 1.207641887664795, 1.42431640625], "std_fit_time": [0.19042238340731307, 0.11522008580420263, 0.2940655376822952], "mean_score_time": [0.002117156982421875, 0.004375839233398437, 0.0037565231323242188], "std_score_time": [0.0005242158913435044, 0.002844657474223955, 0.0017604019034352194]}, "score": 0.9708333333333334}, "KNeighborsClassifier": {"params": {"classification__weights": "uniform", "classification__n_neighbors": 15, "classification__metric": "minkowski", "classification__leaf_size": 26}, "times": {"mean_fit_time": [0.030632162094116212, 0.03117527961730957, 0.03310065269470215], "std_fit_time": [0.0020553896291220677, 0.0030091189931462543, 0.0026847711846281087], "mean_score_time": [0.008696413040161133, 0.007993459701538086, 0.007403278350830078], "std_score_time": [0.0016257223204786955, 0.0004367408513625071, 0.00057895655577665]}, "score": 0.8816666666666666}, "ComplementNB": {"params": {"classification__alpha": 0}, "times": {"mean_fit_time": [0.003813934326171875, 0.00491943359375, 0.005805492401123047], "std_fit_time": [0.00010996266016131652, 0.0005691884658642437, 0.0005249698408041474], "mean_score_time": [0.0011486053466796876, 0.0013626575469970702, 0.0013293743133544922], "std_score_time": [5.333751336722309e-05, 0.0002004682960133978, 6.370558710139376e-05]}, "score": 0.905}, "LogisticRegression": {"params": {"classification__solver": "lbfgs", "classification__C": 0.01}, "times": {"mean_fit_time": [0.40090065002441405, 0.2869425773620605, 0.25768017768859863], "std_fit_time": [0.022856762049046315, 0.007560510123645314, 0.01261461484902805], "mean_score_time": [0.03422613143920898, 0.0016064643859863281, 0.0016876220703125], "std_score_time": [0.009351240811605101, 4.060598086749889e-05, 0.00012749939046220732]}, "score": 0.9183333333333333}}