{"[NN]NeuralNetwork": {"params": {"classification__epochs": 15, "classification__batch_size": 20}, "times": {"mean_fit_time": [2.9000276565551757, 2.8154134273529055, 2.583449459075928, 3.3465738773345945, 2.141511249542236, 2.1959064483642576, 2.003710317611694, 2.8746541500091554, 2.849120283126831, 2.6663354873657226], "std_fit_time": [0.5434051283981068, 0.3755271783814188, 0.6218347694642823, 0.9272331827374977, 0.2606500495651909, 0.4291037872952871, 0.4135813895756692, 0.7671624687029116, 0.5306633043371597, 0.7435582707915322], "mean_score_time": [0.21696805953979492, 0.21222882270812987, 0.22044501304626465, 0.267180061340332, 0.18482465744018556, 0.19992418289184571, 0.19902539253234863, 0.19771342277526854, 0.1991060733795166, 0.20488948822021485], "std_score_time": [0.04046553502448771, 0.01580751604664537, 0.04484081321213012, 0.07003387012380465, 0.03189223676924877, 0.013253620776279573, 0.016345922671417663, 0.029425554340885358, 0.011818013715223827, 0.03393447117716136]}, "score": 0.7816666666666666}, "RandomForestClassifier": {"params": {"classification__n_estimators": 200, "classification__min_samples_split": 10, "classification__min_samples_leaf": 1, "classification__max_features": "sqrt", "classification__max_depth": 20, "classification__bootstrap": true}, "times": {"mean_fit_time": [0.49364256858825684], "std_fit_time": [0.0374804699271427], "mean_score_time": [0.0017477035522460937], "std_score_time": [0.00041643525928478894]}, "score": 0.9533333333333334}, "KNeighborsClassifier": {"params": {"classification__weights": "distance", "classification__n_neighbors": 17, "classification__metric": "manhattan", "classification__leaf_size": 10}, "times": {"mean_fit_time": [0.03515629768371582], "std_fit_time": [0.012800477246322495], "mean_score_time": [0.008274221420288086], "std_score_time": [0.0012700529968549376]}, "score": 0.36}, "ComplementNB": {"params": {"classification__alpha": 0}, "times": {"mean_fit_time": [0.004701805114746094], "std_fit_time": [0.0005438185823352759], "mean_score_time": [0.0010677337646484374], "std_score_time": [0.0002494688151285908]}, "score": 0.7233333333333333}, "LogisticRegression": {"params": {"classification__solver": "saga", "classification__C": 100}, "times": {"mean_fit_time": [0.603020429611206], "std_fit_time": [0.03606809287782767], "mean_score_time": [0.044183874130249025], "std_score_time": [0.012843830916469776]}, "score": 0.8166666666666667}}