{"[NN]NeuralNetwork": {"params": {"classification__epochs": 15, "classification__batch_size": 25}, "times": {"mean_fit_time": [3.591942644119263, 3.6003606796264647, 3.453219747543335, 3.5718815326690674, 3.316367197036743, 3.4462759017944338, 3.710192155838013, 4.197824096679687, 3.1885142803192137, 3.725361204147339], "std_fit_time": [0.5312365354723405, 0.7466007717487207, 0.12700575111830892, 0.6664936478531638, 0.6611473078079513, 0.7798338026240312, 0.9143136576236085, 0.41401942826614135, 0.7372359999066361, 0.43970614623851], "mean_score_time": [0.23983559608459473, 0.26074905395507814, 0.30388693809509276, 0.2615500926971436, 0.2628352165222168, 0.2682819366455078, 0.2555877685546875, 0.21005139350891114, 0.2792116641998291, 0.26587867736816406], "std_score_time": [0.012181527475673805, 0.08607195801601883, 0.06105111119220496, 0.03768423890482563, 0.029856235390951485, 0.03999313011916979, 0.0640910608463557, 0.03306206366158835, 0.049736306818752386, 0.06999694243468436]}, "score": 0.9238571428571429}, "RandomForestClassifier": {"params": {"classification__n_estimators": 300, "classification__min_samples_split": 5, "classification__min_samples_leaf": 4, "classification__max_features": "log2", "classification__max_depth": 70, "classification__bootstrap": true}, "times": {"mean_fit_time": [0.46048364639282224, 3.95952467918396, 1.0029920101165772, 3.717352819442749, 0.9154300212860107], "std_fit_time": [0.054297901344669774, 0.3825937279087962, 0.212965755238827, 0.05329849534372359, 0.03292930435625691], "mean_score_time": [0.0016127586364746093, 0.005065059661865235, 0.0019198894500732423, 0.0036388397216796874, 0.0019398212432861328], "std_score_time": [0.00031828616351915463, 0.0013838819776822923, 0.0002869622340461758, 0.001309126745230571, 0.0004507391207900189]}, "score": 0.99}, "KNeighborsClassifier": {"params": {"classification__weights": "uniform", "classification__n_neighbors": 15, "classification__metric": "minkowski", "classification__leaf_size": 33}, "times": {"mean_fit_time": [0.03679094314575195, 0.029164743423461915, 0.035797739028930665, 0.033370685577392575, 0.03058013916015625], "std_fit_time": [0.0057240636121195865, 0.0038864201203103158, 0.004389845230209376, 0.012890243005507014, 0.008801617689168439], "mean_score_time": [0.010129594802856445, 0.010501956939697266, 0.011804676055908203, 0.00998826026916504, 0.011295747756958009], "std_score_time": [0.0012606636137245622, 0.0009300051015356872, 0.0031782656963017814, 0.0004937708383234435, 0.0020111433661163993]}, "score": 0.834}, "ComplementNB": {"params": {"classification__alpha": 0.5}, "times": {"mean_fit_time": [0.005411958694458008, 0.004126787185668945, 0.005345964431762695, 0.008826208114624024, 0.008785104751586914], "std_fit_time": [0.0014654116969982035, 0.0001211661890750013, 0.0013296123044149138, 0.0013096327766918988, 0.0018362423900910242], "mean_score_time": [0.0012983322143554688, 0.0011738300323486327, 0.001411104202270508, 0.0018784046173095704, 0.001943683624267578], "std_score_time": [0.00033206316598636843, 4.9896765189952794e-05, 0.00027237527838242285, 0.0003434618893132297, 0.00031517506334708306]}, "score": 0.8240000000000001}, "LogisticRegression": {"params": {"classification__solver": "newton-cg", "classification__C": 0.1}, "times": {"mean_fit_time": [0.4077462673187256, 0.41758241653442385, 0.6231637954711914, 0.3594249725341797, 1.1742393970489502], "std_fit_time": [0.04219003792341213, 0.1695750557243798, 0.06483756735180347, 0.032911229322342896, 0.4274688559411267], "mean_score_time": [0.002263784408569336, 0.00222320556640625, 0.0034182071685791016, 0.001697397232055664, 0.0022710323333740234], "std_score_time": [0.0009266972504238458, 0.0002602824876937794, 0.0006812793271933889, 0.0002323305366793973, 0.0005061267524712517]}, "score": 0.958}}