{"[NN]NeuralNetwork": {"params": {"classification__epochs": 15, "classification__batch_size": 25}, "times": {"mean_fit_time": [4.863624477386475, 4.140358352661133, 5.271299362182617, 5.415779113769531, 4.541029596328736, 6.111970853805542, 4.758603239059449, 4.976105260848999, 5.07414493560791, 5.234171152114868], "std_fit_time": [0.445523957186732, 1.12511410156625, 0.9794090941502926, 0.5894780158826479, 1.0355495230235503, 1.4449432417170887, 1.0189374970684941, 1.0385045576611731, 0.5773411223876511, 0.8683212663460114], "mean_score_time": [0.4525472640991211, 0.4182572841644287, 0.7008503913879395, 0.6208097457885742, 0.4308756351470947, 0.4587561130523682, 0.4853637218475342, 0.43697381019592285, 0.5154561519622802, 0.37891154289245604], "std_score_time": [0.12400265426275496, 0.10697391579782299, 0.2782110848184864, 0.2667906642492417, 0.0877031582894472, 0.14902296929539333, 0.2275141976456267, 0.07854321318603782, 0.277527044062855, 0.0880228616928615]}, "score": 0.946547619047619}, "RandomForestClassifier": {"params": {"classification__n_estimators": 500, "classification__min_samples_split": 2, "classification__min_samples_leaf": 2, "classification__max_features": null, "classification__max_depth": 10, "classification__bootstrap": true}, "times": {"mean_fit_time": [0.24754867553710938, 2.528213691711426, 2.1544754028320314], "std_fit_time": [0.0673666885298887, 0.09954068942054527, 0.14305636059682786], "mean_score_time": [0.001831960678100586, 0.004463768005371094, 0.0031806468963623048], "std_score_time": [0.0004916212237263633, 0.0012951007875551218, 0.001172204447857231]}, "score": 0.99}, "KNeighborsClassifier": {"params": {"classification__weights": "uniform", "classification__n_neighbors": 3, "classification__metric": "euclidean", "classification__leaf_size": 16}, "times": {"mean_fit_time": [0.02717137336730957, 0.029216718673706055, 0.030332136154174804], "std_fit_time": [0.0026317174024519238, 0.0019296685885974445, 0.008657244987612828], "mean_score_time": [0.00932450294494629, 0.009167242050170898, 0.007687759399414062], "std_score_time": [0.0013691246174163806, 0.0008561765193483373, 0.0001287926836618526]}, "score": 0.9775}, "ComplementNB": {"params": {"classification__alpha": 0.5}, "times": {"mean_fit_time": [0.004002571105957031, 0.0042496204376220705, 0.00487213134765625], "std_fit_time": [0.0010321228243302596, 0.00017461132171001572, 0.0008469139977173556], "mean_score_time": [0.00117950439453125, 0.0011408329010009766, 0.0013682842254638672], "std_score_time": [0.0002234327550128463, 5.903062987132403e-05, 0.0002444254435707582]}, "score": 0.8825}, "LogisticRegression": {"params": {"classification__solver": "saga", "classification__C": 100}, "times": {"mean_fit_time": [0.4796180725097656, 0.4773543357849121, 0.7798593044281006], "std_fit_time": [0.026585826838584296, 0.02454758316181121, 0.048698417545204736], "mean_score_time": [0.028597402572631835, 0.02909197807312012, 0.04318666458129883], "std_score_time": [0.006344808238105157, 0.004880515286947661, 0.010425646965384136]}, "score": 0.8525}}