{"[NN]NeuralNetwork": {"params": {"classification__epochs": 15, "classification__batch_size": 30}, "times": {"mean_fit_time": [3.7430694580078123, 3.260371971130371, 3.0645875453948976, 3.353816270828247, 3.077981424331665, 3.409443473815918, 3.1152382850646974, 3.235977602005005, 3.465040397644043, 3.1463541984558105], "std_fit_time": [0.4176477921846307, 0.235389682335106, 0.32425843541891686, 0.316237237475398, 0.5469039252426233, 0.24424531406552896, 0.44719404294893006, 0.6102436147586178, 0.6340844837006075, 0.45741359869149173], "mean_score_time": [0.37296366691589355, 0.3920008182525635, 0.3996602535247803, 0.36417298316955565, 0.30103263854980467, 0.3246749401092529, 0.3303933620452881, 0.3980576515197754, 0.22099199295043945, 0.3323709011077881], "std_score_time": [0.032238239567462926, 0.1540603979434327, 0.07354642655654214, 0.0732904498283439, 0.05112785626945562, 0.1337675927706386, 0.0878978551506838, 0.07478642749440993, 0.035446213191722684, 0.12006924144795492]}, "score": 0.9819444444444445}, "RandomForestClassifier": {"params": {"classification__n_estimators": 300, "classification__min_samples_split": 10, "classification__min_samples_leaf": 4, "classification__max_features": null, "classification__max_depth": 60, "classification__bootstrap": true}, "times": {"mean_fit_time": [0.385789680480957, 1.5580503463745117, 1.1617294788360595], "std_fit_time": [0.05552008394091347, 0.1920876392859147, 0.07173631186635195], "mean_score_time": [0.0016202926635742188, 0.001968717575073242, 0.0017318248748779297], "std_score_time": [7.530827386048261e-05, 0.0006829572106427454, 0.00026105610283148645]}, "score": 1.0}, "KNeighborsClassifier": {"params": {"classification__weights": "uniform", "classification__n_neighbors": 9, "classification__metric": "manhattan", "classification__leaf_size": 23}, "times": {"mean_fit_time": [0.02249155044555664, 0.03366765975952148, 0.028887176513671876], "std_fit_time": [0.006866185907545176, 0.0032008052060277887, 0.0013996288037245218], "mean_score_time": [0.009184503555297851, 0.009303665161132813, 0.008231306076049804], "std_score_time": [0.0003650327383346046, 0.0006516253528085288, 0.0003751589973158662]}, "score": 0.975}, "ComplementNB": {"params": {"classification__alpha": 1.0}, "times": {"mean_fit_time": [0.0049784183502197266, 0.0043160438537597655, 0.0058463096618652345], "std_fit_time": [0.001832856264297725, 0.0005654740548225021, 0.0009123977477227029], "mean_score_time": [0.0013771533966064453, 0.0013702869415283202, 0.0014069080352783203], "std_score_time": [0.00029149232939035356, 0.00030592679210962056, 0.00017707738060515312]}, "score": 0.8558333333333333}, "LogisticRegression": {"params": {"classification__solver": "newton-cg", "classification__C": 10}, "times": {"mean_fit_time": [0.4885092258453369, 0.08899159431457519, 0.1559513568878174], "std_fit_time": [0.08494767917796196, 0.012479939305081924, 0.016994521644988877], "mean_score_time": [0.05157012939453125, 0.0016368865966796876, 0.001975393295288086], "std_score_time": [0.005108435319153022, 3.0350451007788146e-05, 0.00017498602284529748]}, "score": 0.9541666666666666}}