{"[NN]NeuralNetwork": {"params": {"classification__epochs": 10, "classification__batch_size": 30}, "times": {"mean_fit_time": [5.059215641021728, 5.237051773071289, 5.05193977355957, 5.214940166473388, 4.412186813354492, 4.4744805812835695, 4.622382307052613, 4.519436979293824, 4.876613759994507, 4.41294379234314], "std_fit_time": [0.5857857486909338, 0.9033101038538613, 0.14277758281734138, 0.4915503096738237, 0.6117505866584778, 0.6025826604146342, 0.4809962660148819, 0.5769103507585363, 0.4852878353292209, 0.3681251541718252], "mean_score_time": [0.33844776153564454, 0.3249533176422119, 0.38796300888061525, 0.22161588668823243, 0.3221562385559082, 0.27404298782348635, 0.2448589324951172, 0.22870898246765137, 0.22823562622070312, 0.23904690742492676], "std_score_time": [0.09395368864038833, 0.14122328263639444, 0.14691043994093803, 0.07051188091962778, 0.08576899351940878, 0.05552989524158112, 0.0571961804237327, 0.05127313539334803, 0.03894039921327046, 0.039039283393839795]}, "score": 0.9428571428571428}, "RandomForestClassifier": {"params": {"classification__n_estimators": 200, "classification__min_samples_split": 5, "classification__min_samples_leaf": 2, "classification__max_features": "sqrt", "classification__max_depth": 50, "classification__bootstrap": true}, "times": {"mean_fit_time": [0.4688587188720703, 0.728585958480835, 0.566926908493042], "std_fit_time": [0.0703791237445747, 0.10914054607258074, 0.02296842927334321], "mean_score_time": [0.0017045021057128906, 0.0015934467315673827, 0.0015697956085205078], "std_score_time": [0.0003038393276231876, 0.0002462484500385253, 0.00015776850424433804]}, "score": 0.9875}, "KNeighborsClassifier": {"params": {"classification__weights": "uniform", "classification__n_neighbors": 13, "classification__metric": "euclidean", "classification__leaf_size": 20}, "times": {"mean_fit_time": [0.04198160171508789, 0.03531689643859863, 0.03787908554077148], "std_fit_time": [0.015602463710536819, 0.014817399408603006, 0.0028254337442568636], "mean_score_time": [0.012385368347167969, 0.010148954391479493, 0.009339284896850587], "std_score_time": [0.0034792368924821244, 0.0016757685569218246, 0.00046669759112098167]}, "score": 0.9180555555555555}, "ComplementNB": {"params": {"classification__alpha": 0}, "times": {"mean_fit_time": [0.004997396469116211, 0.005156707763671875, 0.006939315795898437], "std_fit_time": [0.0006382533601375411, 0.0009454314248058555, 0.0019521437308965925], "mean_score_time": [0.0013018131256103515, 0.001485729217529297, 0.0016564369201660157], "std_score_time": [7.998826428282598e-05, 0.0002538130153727789, 0.00031692161601819605]}, "score": 0.8833333333333332}, "LogisticRegression": {"params": {"classification__solver": "newton-cg", "classification__C": 0.1}, "times": {"mean_fit_time": [0.18598151206970215, 0.5078168869018554, 0.212081241607666], "std_fit_time": [0.03926551055035683, 0.0902329677238519, 0.012859289698015862], "mean_score_time": [0.002094268798828125, 0.04978036880493164, 0.001821756362915039], "std_score_time": [0.00042974598032647444, 0.015812792764722382, 0.00020079980179670646]}, "score": 0.9400000000000001}}