{"[NN]NeuralNetwork": {"params": {"classification__epochs": 20, "classification__batch_size": 25}, "times": {"mean_fit_time": [3.6612229347229004, 3.1038904190063477, 3.6044968128204347, 3.364923620223999, 5.135753107070923, 4.573913860321045, 4.728603363037109, 3.9662207126617433, 2.904816198348999, 3.09804162979126], "std_fit_time": [0.5842774222423377, 0.5078345401695842, 1.0546344461405885, 0.898047993143521, 0.3926973583723145, 0.8477295284929305, 0.6431944129700632, 0.9166639946265732, 0.4688018882704084, 0.3192532379102023], "mean_score_time": [0.3622142791748047, 0.3946383476257324, 0.3771170139312744, 0.5803141117095947, 0.6073840618133545, 0.4487902164459229, 0.5490879058837891, 0.47783689498901366, 0.4166067123413086, 0.44847521781921384], "std_score_time": [0.09916061270670048, 0.06848329980619357, 0.14830094288272141, 0.2331944536858928, 0.20267134143128757, 0.12823554060963327, 0.20248088931233735, 0.12479458624939777, 0.10699959403268076, 0.1268655245008072]}, "score": 0.9333333333333333}, "RandomForestClassifier": {"params": {"classification__n_estimators": 100, "classification__min_samples_split": 5, "classification__min_samples_leaf": 4, "classification__max_features": "log2", "classification__max_depth": 50, "classification__bootstrap": false}, "times": {"mean_fit_time": [0.13489155769348143], "std_fit_time": [0.0032023272564652536], "mean_score_time": [0.0020389556884765625], "std_score_time": [7.181237259687817e-05]}, "score": 1.0}, "KNeighborsClassifier": {"params": {"classification__weights": "uniform", "classification__n_neighbors": 19, "classification__metric": "minkowski", "classification__leaf_size": 23}, "times": {"mean_fit_time": [0.04134459495544433], "std_fit_time": [0.013171031221307042], "mean_score_time": [0.01017608642578125], "std_score_time": [0.0014565035652433134]}, "score": 0.6388888888888888}, "ComplementNB": {"params": {"classification__alpha": 0}, "times": {"mean_fit_time": [0.005005025863647461], "std_fit_time": [0.0006940094897682745], "mean_score_time": [0.001443195343017578], "std_score_time": [0.0002061231634302445]}, "score": 0.9583333333333333}, "LogisticRegression": {"params": {"classification__solver": "saga", "classification__C": 100}, "times": {"mean_fit_time": [0.3585030555725098], "std_fit_time": [0.022843033865248434], "mean_score_time": [0.03657097816467285], "std_score_time": [0.008318962189380807]}, "score": 0.7555555555555555}}