{"[NN]NeuralNetwork": {"params": {"classification__epochs": 15, "classification__batch_size": 30}, "times": {"mean_fit_time": [4.789780521392823, 5.042995500564575, 5.131273412704468, 4.438362169265747, 5.449424743652344, 4.50229287147522, 5.778229522705078, 6.414607810974121, 5.287345027923584, 6.697543573379517], "std_fit_time": [0.3473613959588364, 0.5006657376617678, 0.769499594417663, 0.5937336045222944, 0.8904011453894769, 0.7016125619137408, 0.47632749733516827, 1.0263284956021965, 0.263739446107203, 0.5631450140289005], "mean_score_time": [0.48638172149658204, 0.4693930625915527, 0.46128997802734373, 0.5041550636291504, 0.45548100471496583, 0.48257622718811033, 0.6725582122802735, 0.5475219249725342, 0.6852930545806885, 0.5672528266906738], "std_score_time": [0.10213691079100208, 0.07140797534701739, 0.22122157170032175, 0.07934113992403956, 0.1174438453687258, 0.10933116537814791, 0.1825899026261832, 0.14819387422238925, 0.2656615728526741, 0.2213400440188695]}, "score": 0.9526349206349206}, "RandomForestClassifier": {"params": {"classification__n_estimators": 400, "classification__min_samples_split": 10, "classification__min_samples_leaf": 4, "classification__max_features": "log2", "classification__max_depth": 80, "classification__bootstrap": true}, "times": {"mean_fit_time": [0.970085620880127, 4.273424530029297, 1.2927427768707276, 1.0047443866729737, 1.3402219772338868], "std_fit_time": [0.21043765534898945, 0.5373881286713025, 0.1746227880139988, 0.11056861279564743, 0.03324717510169807], "mean_score_time": [0.0020368099212646484, 0.005337142944335937, 0.002915811538696289, 0.0030038833618164064, 0.0025736808776855467], "std_score_time": [0.0006257593999358866, 0.0012954962914582886, 0.00048274644886595514, 0.0017713611703710267, 0.0003355270821947833]}, "score": 0.992}, "KNeighborsClassifier": {"params": {"classification__weights": "uniform", "classification__n_neighbors": 13, "classification__metric": "euclidean", "classification__leaf_size": 20}, "times": {"mean_fit_time": [0.029994869232177736, 0.03652353286743164, 0.03910741806030273, 0.03399567604064942, 0.03269076347351074], "std_fit_time": [0.008239691176717148, 0.011979946521020409, 0.006356794793052698, 0.006630986950453844, 0.009637116919302073], "mean_score_time": [0.008595752716064452, 0.009654092788696288, 0.009135055541992187, 0.008849048614501953, 0.010530853271484375], "std_score_time": [0.0008666129136432901, 0.0012795468720806977, 0.0004113421145478298, 0.0006743294735138041, 0.003462341384931237]}, "score": 0.874}, "ComplementNB": {"params": {"classification__alpha": 0.5}, "times": {"mean_fit_time": [0.004483652114868164, 0.0043070316314697266, 0.006405782699584961, 0.008291244506835938, 0.007793331146240234], "std_fit_time": [0.0004269762283196208, 0.00010676936611918261, 0.001243573558715805, 0.002195042633876804, 0.0009019499267901767], "mean_score_time": [0.0011844635009765625, 0.001238870620727539, 0.0015557289123535156, 0.0016643524169921875, 0.00184326171875], "std_score_time": [5.786218018850053e-05, 1.916054882610778e-05, 0.00032951777909901814, 0.00044472880098547725, 0.00020738389731497363]}, "score": 0.9033333333333333}, "LogisticRegression": {"params": {"classification__solver": "newton-cg", "classification__C": 100}, "times": {"mean_fit_time": [0.5136218070983887, 0.202471923828125, 0.7331677436828613, 1.6520627021789551, 0.7519649028778076], "std_fit_time": [0.051418783271963704, 0.12397433441855972, 0.0688745034055749, 0.20819400645594158, 0.15610256927168975], "mean_score_time": [0.004797124862670898, 0.0019763946533203126, 0.003417778015136719, 0.0038824558258056642, 0.0022434234619140626], "std_score_time": [0.0014498540399549792, 0.0003328637802333047, 0.0008194129669681415, 0.0016653143912910159, 0.0003289852471923122]}, "score": 0.9462857142857144}}