{"[NN]NeuralNetwork": {"params": {"classification__epochs": 15, "classification__batch_size": 25}, "times": {"mean_fit_time": [5.233747482299805, 3.9653861045837404, 5.017821502685547, 4.802625846862793, 4.943203544616699, 5.532835006713867, 5.331301498413086, 5.0605628967285154, 4.7947369575500485, 5.695923233032227], "std_fit_time": [0.7817946447677703, 0.6067035916061403, 0.9060419581985515, 1.234305808653691, 0.9173157247533918, 0.8300844787376701, 1.0987779905470694, 1.228136788444423, 0.5629265094322703, 0.839583252803605], "mean_score_time": [0.519676399230957, 0.532991600036621, 0.5536669731140137, 0.6008944034576416, 0.6799775123596191, 0.6164288520812988, 0.45712709426879883, 0.736997127532959, 0.5287271976470947, 0.5332002162933349], "std_score_time": [0.12530512169824315, 0.10669457457544342, 0.18415341279357322, 0.2663686302640868, 0.1721100185204418, 0.23183364105226206, 0.14916897667394385, 0.2517144717985504, 0.10696063470249631, 0.1826128601213492]}, "score": 0.946547619047619}, "RandomForestClassifier": {"params": {"classification__n_estimators": 500, "classification__min_samples_split": 2, "classification__min_samples_leaf": 2, "classification__max_features": null, "classification__max_depth": 10, "classification__bootstrap": true}, "times": {"mean_fit_time": [0.27259116172790526, 2.2646488189697265, 2.4111818790435793], "std_fit_time": [0.07291309235650212, 0.28787368848297346, 0.04178185199706744], "mean_score_time": [0.0018938064575195312, 0.004887580871582031, 0.004587697982788086], "std_score_time": [0.0004053719251258898, 0.0022514280011224916, 0.0012058433418603836]}, "score": 0.99}, "KNeighborsClassifier": {"params": {"classification__weights": "uniform", "classification__n_neighbors": 3, "classification__metric": "euclidean", "classification__leaf_size": 16}, "times": {"mean_fit_time": [0.033174896240234376, 0.0340120792388916, 0.03455862998962402], "std_fit_time": [0.003952028385460092, 0.002355589041304533, 0.016592113595582672], "mean_score_time": [0.00856032371520996, 0.008865594863891602, 0.009883546829223632], "std_score_time": [0.0011299590890982865, 0.0008135900199404561, 0.001672948764486939]}, "score": 0.9775}, "ComplementNB": {"params": {"classification__alpha": 0.5}, "times": {"mean_fit_time": [0.0038177490234375, 0.004087638854980469, 0.004817819595336914], "std_fit_time": [0.0004601956970171892, 5.5156147982567e-05, 0.0005689642991187377], "mean_score_time": [0.0010539531707763673, 0.0011091232299804688, 0.0012787342071533202], "std_score_time": [3.508581937578464e-05, 4.212796249134472e-05, 6.866994810084543e-05]}, "score": 0.8825}, "LogisticRegression": {"params": {"classification__solver": "saga", "classification__C": 100}, "times": {"mean_fit_time": [0.5595903873443604, 0.4958329677581787, 0.8357837677001954], "std_fit_time": [0.0734798954536032, 0.07571357932392991, 0.04913159055317466], "mean_score_time": [0.03625898361206055, 0.04373917579650879, 0.037596273422241214], "std_score_time": [0.010598943375676795, 0.005901395999940631, 0.013556997235671112]}, "score": 0.8525}}