{"[NN]NeuralNetwork": {"params": {"classification__epochs": 20, "classification__batch_size": 25}, "times": {"mean_fit_time": [2.3770349502563475, 2.080540895462036, 2.285574436187744, 1.981478214263916, 1.9801176548004151, 1.9003213405609132, 1.8674808502197267, 1.873054075241089, 1.8579909324645996, 1.7618248462677002], "std_fit_time": [0.22290031745120792, 0.13369143179917248, 0.3510832582141642, 0.12429289629908728, 0.12121909064273827, 0.1813095430936074, 0.07327564728538691, 0.1208703563965835, 0.1619824231641819, 0.09827506167769734], "mean_score_time": [0.21253609657287598, 0.23098273277282716, 0.21448097229003907, 0.20757026672363282, 0.198433780670166, 0.1797518253326416, 0.20966973304748535, 0.16500611305236818, 0.19199137687683104, 0.17340807914733886], "std_score_time": [0.03189375625322752, 0.023019360737034183, 0.03618043833387912, 0.018021169365789708, 0.03064848107498877, 0.030580369242483956, 0.03134989262178372, 0.024751258523012666, 0.032274470155833575, 0.021968323746624156]}, "score": 0.9333333333333333}, "RandomForestClassifier": {"params": {"classification__n_estimators": 100, "classification__min_samples_split": 5, "classification__min_samples_leaf": 4, "classification__max_features": "log2", "classification__max_depth": 50, "classification__bootstrap": false}, "times": {"mean_fit_time": [0.08234567642211914], "std_fit_time": [0.0074962303808393275], "mean_score_time": [0.0013018608093261718], "std_score_time": [0.00023722495744682263]}, "score": 1.0}, "KNeighborsClassifier": {"params": {"classification__weights": "uniform", "classification__n_neighbors": 19, "classification__metric": "minkowski", "classification__leaf_size": 23}, "times": {"mean_fit_time": [0.027388811111450195], "std_fit_time": [0.0023274602568880364], "mean_score_time": [0.005979490280151367], "std_score_time": [0.0010294586307166718]}, "score": 0.6388888888888888}, "ComplementNB": {"params": {"classification__alpha": 0}, "times": {"mean_fit_time": [0.004167366027832031], "std_fit_time": [0.0006523777904688404], "mean_score_time": [0.0010319232940673828], "std_score_time": [0.00024909775982904565]}, "score": 0.9583333333333333}, "LogisticRegression": {"params": {"classification__solver": "saga", "classification__C": 100}, "times": {"mean_fit_time": [0.3506163597106934], "std_fit_time": [0.003815120854105676], "mean_score_time": [0.027398443222045897], "std_score_time": [0.0012821606914960495]}, "score": 0.7555555555555555}}