{"[NN]NeuralNetwork": {"params": {"classification__epochs": 20, "classification__batch_size": 20}, "times": {"mean_fit_time": [3.0108265399932863, 3.159037733078003, 2.4189871311187745, 2.874467468261719, 2.9248311519622803, 2.3290045261383057, 2.3287569999694826, 2.172216844558716, 2.3997207164764403, 2.301523733139038], "std_fit_time": [0.3745939917857292, 0.3953869203087902, 0.2556123102779649, 0.5027627044616764, 0.33931226114561547, 0.2329909253156832, 0.2766102903774097, 0.4532214101670021, 0.3062875427026144, 0.33573577545123046], "mean_score_time": [0.2681605815887451, 0.2475065231323242, 0.21368417739868165, 0.2124021530151367, 0.2578470230102539, 0.2159219741821289, 0.22610182762145997, 0.183168363571167, 0.18354597091674804, 0.19215617179870606], "std_score_time": [0.07620888286964639, 0.054390969504640396, 0.020819207617586558, 0.0382319188266631, 0.07416803016930837, 0.016868691669469218, 0.019129686531266905, 0.03321297575830875, 0.029317242134756574, 0.031007242603686275]}, "score": 0.8433333333333334}, "RandomForestClassifier": {"params": {"classification__n_estimators": 50, "classification__min_samples_split": 2, "classification__min_samples_leaf": 1, "classification__max_features": "sqrt", "classification__max_depth": 100, "classification__bootstrap": true}, "times": {"mean_fit_time": [0.06482224464416504], "std_fit_time": [0.011281049621753775], "mean_score_time": [0.0014095306396484375], "std_score_time": [0.0002622583562595014]}, "score": 0.9800000000000001}, "KNeighborsClassifier": {"params": {"classification__weights": "uniform", "classification__n_neighbors": 1, "classification__metric": "manhattan", "classification__leaf_size": 13}, "times": {"mean_fit_time": [0.029021215438842774], "std_fit_time": [0.007233549704870093], "mean_score_time": [0.007239532470703125], "std_score_time": [0.0003458382390054639]}, "score": 0.9099999999999999}, "ComplementNB": {"params": {"classification__alpha": 0}, "times": {"mean_fit_time": [0.004755258560180664], "std_fit_time": [0.0006805879403381306], "mean_score_time": [0.0011204719543457032], "std_score_time": [0.00021266748016952398]}, "score": 0.5933333333333334}, "LogisticRegression": {"params": {"classification__solver": "saga", "classification__C": 100}, "times": {"mean_fit_time": [0.6228551387786865], "std_fit_time": [0.03161376860160176], "mean_score_time": [0.039743471145629886], "std_score_time": [0.012973135116346731]}, "score": 0.7633333333333334}}