{"[NN]NeuralNetwork": {"params": {"classification__epochs": 15, "classification__batch_size": 30}, "times": {"mean_fit_time": [4.3828202247619625, 4.972965049743652, 3.522086524963379, 3.1406033515930174, 3.4827086448669435, 3.2623507976531982, 3.674022388458252, 2.7304067611694336, 3.344481611251831, 3.151332664489746], "std_fit_time": [0.7699559970538326, 0.5167585635548825, 0.8574605637359234, 0.8786179850932004, 1.0464966611787807, 0.4200638801459024, 0.280932318117413, 0.25658730723056367, 0.3375198727084095, 0.5144470974041212], "mean_score_time": [0.34746384620666504, 0.3874561309814453, 0.3061370372772217, 0.3405712127685547, 0.24774689674377443, 0.3780201435089111, 0.3723400115966797, 0.3403474807739258, 0.3388495922088623, 0.33642077445983887], "std_score_time": [0.15540251359200116, 0.1031251632034586, 0.046159859235505765, 0.11674281006351664, 0.09047871059626625, 0.1577875457093199, 0.20010955906821812, 0.2267654789105375, 0.050425194627899066, 0.10123335554146408]}, "score": 0.9111111111111112}, "RandomForestClassifier": {"params": {"classification__n_estimators": 300, "classification__min_samples_split": 2, "classification__min_samples_leaf": 4, "classification__max_features": "log2", "classification__max_depth": 100, "classification__bootstrap": false}, "times": {"mean_fit_time": [2.427063989639282, 0.8459644317626953, 0.8234489917755127], "std_fit_time": [0.2533197826482132, 0.04230797682756203, 0.04046918199232678], "mean_score_time": [0.005322551727294922, 0.0015578269958496094, 0.0017284393310546876], "std_score_time": [0.0034734806566101392, 0.00011950342131578858, 0.0001737761437146291]}, "score": 0.9666666666666668}, "KNeighborsClassifier": {"params": {"classification__weights": "uniform", "classification__n_neighbors": 3, "classification__metric": "manhattan", "classification__leaf_size": 30}, "times": {"mean_fit_time": [0.03219161033630371, 0.047490692138671874, 0.03504719734191895], "std_fit_time": [0.004405009247398334, 0.011505367833210035, 0.0034749594310437143], "mean_score_time": [0.008998632431030273, 0.008644294738769532, 0.008725929260253906], "std_score_time": [0.0005078181636633736, 0.0014334668894897618, 0.0004020933513995437]}, "score": 0.9833333333333332}, "ComplementNB": {"params": {"classification__alpha": 0.5}, "times": {"mean_fit_time": [0.004582786560058593, 0.006637382507324219, 0.006159830093383789], "std_fit_time": [0.0006771592940697887, 0.0010833723696172207, 0.0011041290417987668], "mean_score_time": [0.0013044357299804687, 0.0016440391540527345, 0.0015760421752929687], "std_score_time": [0.0001760650034778699, 0.00018339547645588187, 0.00022100548897473947]}, "score": 0.8916666666666668}, "LogisticRegression": {"params": {"classification__solver": "saga", "classification__C": 100}, "times": {"mean_fit_time": [0.6912793159484864, 0.5030172348022461, 0.8122458457946777], "std_fit_time": [0.12929602676011748, 0.07551356258439879, 0.0505267739370084], "mean_score_time": [0.03640599250793457, 0.037361431121826175, 0.03643388748168945], "std_score_time": [0.005425197162696005, 0.00597229991668916, 0.0073141594464500425]}, "score": 0.8816666666666666}}