{"[NN]NeuralNetwork": {"params": {"classification__epochs": 15, "classification__batch_size": 30}, "times": {"mean_fit_time": [4.41178674697876, 3.665864419937134, 4.389467000961304, 3.3630442142486574, 4.274346399307251, 3.8862614154815676, 2.8106996059417724, 3.9740665435791014, 3.613659143447876, 2.4409339427948], "std_fit_time": [0.49652545106827994, 0.7306280497733257, 0.6458732259622442, 0.8843794488119034, 0.8420153391998582, 0.6334403808226573, 0.6743572235972771, 0.850524975769919, 0.5012422061106889, 0.6228494272017138], "mean_score_time": [0.297652006149292, 0.487489128112793, 0.44958906173706054, 0.2635469436645508, 0.29155631065368653, 0.25548343658447265, 0.25430006980895997, 0.28711862564086915, 0.2692103862762451, 0.2795098304748535], "std_score_time": [0.12229076260955317, 0.15825835498856974, 0.24654102903423072, 0.04215088152695334, 0.06305708790332275, 0.062460873651794084, 0.03185762753033943, 0.07725284370892263, 0.06390231597834437, 0.04348621932865797]}, "score": 0.9111111111111112}, "RandomForestClassifier": {"params": {"classification__n_estimators": 300, "classification__min_samples_split": 2, "classification__min_samples_leaf": 4, "classification__max_features": "log2", "classification__max_depth": 100, "classification__bootstrap": false}, "times": {"mean_fit_time": [2.55810661315918, 0.8672821521759033, 0.8256888389587402], "std_fit_time": [0.360796004153989, 0.10937653634757383, 0.0599545385564079], "mean_score_time": [0.0032442569732666015, 0.0015962600708007812, 0.0017406463623046875], "std_score_time": [0.00037812797597300415, 5.543206840376165e-05, 0.0002417798755128132]}, "score": 0.9666666666666668}, "KNeighborsClassifier": {"params": {"classification__weights": "uniform", "classification__n_neighbors": 3, "classification__metric": "manhattan", "classification__leaf_size": 30}, "times": {"mean_fit_time": [0.026537227630615234, 0.030770587921142577, 0.06255564689636231], "std_fit_time": [0.007795568782152153, 0.0016367074465122161, 0.00857789286020879], "mean_score_time": [0.008624744415283204, 0.00821237564086914, 0.01168074607849121], "std_score_time": [0.0008249176085338156, 0.0008015551841823429, 0.001554266166200615]}, "score": 0.9833333333333332}, "ComplementNB": {"params": {"classification__alpha": 0.5}, "times": {"mean_fit_time": [0.00456852912902832, 0.005668210983276367, 0.0063340187072753905], "std_fit_time": [0.0008556418290107941, 0.0006072265262399475, 0.0003975402112042436], "mean_score_time": [0.0013682842254638672, 0.0014463901519775391, 0.001667928695678711], "std_score_time": [0.0002564246074239065, 0.00018710701225820757, 0.0001853443645639443]}, "score": 0.8916666666666668}, "LogisticRegression": {"params": {"classification__solver": "saga", "classification__C": 100}, "times": {"mean_fit_time": [0.5517005443572998, 0.5362697601318359, 0.8591035842895508], "std_fit_time": [0.051089141230158515, 0.05709080636296254, 0.05772209396768186], "mean_score_time": [0.03215312957763672, 0.04478707313537598, 0.03669276237487793], "std_score_time": [0.006999578037867631, 0.012465842855571169, 0.008878054974608515]}, "score": 0.8816666666666666}}