{"[NN]NeuralNetwork": {"params": {"classification__epochs": 20, "classification__batch_size": 20}, "times": {"mean_fit_time": [2.715949296951294, 2.816900110244751, 2.366593933105469, 2.1853282928466795, 2.3818799018859864, 2.3544597148895265, 2.2763803482055662, 2.43432297706604, 2.4922734260559083, 2.0122220516204834], "std_fit_time": [0.16285125526841523, 0.2360372864478753, 0.2649448263784745, 0.19647326829336925, 0.37435923701001744, 0.30201860274206993, 0.25290068904122043, 0.3269404029469328, 0.4746356263317496, 0.09921743483692017], "mean_score_time": [0.25054755210876467, 0.27461981773376465, 0.2695943355560303, 0.19688258171081544, 0.21662774085998535, 0.2323204517364502, 0.2904805183410645, 0.20172924995422364, 0.2265847682952881, 0.1910928249359131], "std_score_time": [0.043629058876232224, 0.025827965429023613, 0.05687066917592412, 0.03446847920712412, 0.03843474109755802, 0.08572541184208642, 0.05968111515792479, 0.03728745015728787, 0.05681941815567671, 0.014582689962148001]}, "score": 0.8640000000000001}, "RandomForestClassifier": {"params": {"classification__n_estimators": 50, "classification__min_samples_split": 5, "classification__min_samples_leaf": 1, "classification__max_features": "sqrt", "classification__max_depth": null, "classification__bootstrap": true}, "times": {"mean_fit_time": [0.07669253349304199], "std_fit_time": [0.004148319362822205], "mean_score_time": [0.0014348506927490234], "std_score_time": [0.0002681199583206188]}, "score": 0.9466666666666665}, "KNeighborsClassifier": {"params": {"classification__weights": "uniform", "classification__n_neighbors": 19, "classification__metric": "minkowski", "classification__leaf_size": 20}, "times": {"mean_fit_time": [0.03888998031616211], "std_fit_time": [0.020237756908162687], "mean_score_time": [0.0076181888580322266], "std_score_time": [0.0016335878109182437]}, "score": 0.9266666666666665}, "ComplementNB": {"params": {"classification__alpha": 1.0}, "times": {"mean_fit_time": [0.0040400981903076175], "std_fit_time": [0.00043976405087529723], "mean_score_time": [0.001047515869140625], "std_score_time": [6.381902021470532e-05]}, "score": 0.72}, "LogisticRegression": {"params": {"classification__solver": "saga", "classification__C": 100}, "times": {"mean_fit_time": [0.806443166732788], "std_fit_time": [0.143743712347971], "mean_score_time": [0.03724560737609863], "std_score_time": [0.01308098906540817]}, "score": 0.8333333333333333}}