{"[NN]NeuralNetwork": {"params": {"classification__epochs": 15, "classification__batch_size": 20}, "times": {"mean_fit_time": [4.721008968353272, 4.353769540786743, 5.764049768447876, 4.910466241836548, 5.959024810791016, 4.48963098526001, 4.830613851547241, 5.170496559143066, 5.528584003448486, 4.585148525238037], "std_fit_time": [0.8523825822591137, 0.4019410826417079, 0.5655310704651806, 1.171200620011683, 0.905267150964626, 0.7089299093280554, 1.3717443441123964, 0.9517746059056839, 0.6680075232514194, 0.8247239144462467], "mean_score_time": [0.518575382232666, 0.5002736568450927, 0.43547306060791013, 0.6282649517059327, 0.41849050521850584, 0.6347321510314942, 0.48241353034973145, 0.5037886142730713, 0.5408788204193116, 0.5321547031402588], "std_score_time": [0.10911372196795456, 0.06378682023004331, 0.06344752633867654, 0.1326705219125637, 0.10007282960554591, 0.15262360179914852, 0.1650562791712847, 0.04620381321857485, 0.10624415717838073, 0.10557357500988682]}, "score": 0.9459523809523809}, "RandomForestClassifier": {"params": {"classification__n_estimators": 10, "classification__min_samples_split": 2, "classification__min_samples_leaf": 4, "classification__max_features": "sqrt", "classification__max_depth": 70, "classification__bootstrap": true}, "times": {"mean_fit_time": [0.22574276924133302, 3.5185920715332033, 0.04761548042297363, 0.2545752048492432, 0.057517480850219724], "std_fit_time": [0.04985992224239214, 0.2448659063026683, 0.005086287101698534, 0.05738582122030574, 0.00864377020277018], "mean_score_time": [0.0014780044555664062, 0.003489398956298828, 0.0015594005584716798, 0.0017510414123535155, 0.001632356643676758], "std_score_time": [0.00012527896113445893, 0.000889203301417264, 0.0003904148487393519, 0.0003710412559665149, 0.0002472306445615479]}, "score": 0.9786666666666666}, "KNeighborsClassifier": {"params": {"classification__weights": "distance", "classification__n_neighbors": 5, "classification__metric": "manhattan", "classification__leaf_size": 23}, "times": {"mean_fit_time": [0.027263498306274413, 0.026932239532470703, 0.03379068374633789, 0.030916261672973632, 0.028516578674316406], "std_fit_time": [0.0065438293623003236, 0.0013880763419138792, 0.00404767233731001, 0.006125583121625834, 0.00813674724778241], "mean_score_time": [0.00964818000793457, 0.010325431823730469, 0.010523414611816407, 0.008674526214599609, 0.009592294692993164], "std_score_time": [0.0009157100212117716, 0.0005786133139445299, 0.0022962920567415226, 0.0005935229976879868, 0.0004905748793483254]}, "score": 0.650952380952381}, "ComplementNB": {"params": {"classification__alpha": 0.5}, "times": {"mean_fit_time": [0.005442142486572266, 0.005469846725463867, 0.0048007965087890625, 0.008649587631225586, 0.007965421676635743], "std_fit_time": [0.0010680452604874592, 0.0009466811845785461, 0.0005035006171747276, 0.000897714699623946, 0.0011349602833575544], "mean_score_time": [0.0012528419494628907, 0.0014310359954833984, 0.0012174606323242187, 0.0016710281372070313, 0.0017282962799072266], "std_score_time": [0.0003302113811851112, 0.0003113225729746149, 6.863914788085267e-05, 0.00025198700433851464, 0.00013972850300084382]}, "score": 0.9166666666666667}, "LogisticRegression": {"params": {"classification__solver": "newton-cg", "classification__C": 10}, "times": {"mean_fit_time": [0.8043953895568847, 0.7563643455505371, 0.338151741027832, 1.1918052196502686, 0.8735730648040771], "std_fit_time": [0.1239024009149469, 0.12509835481664558, 0.2544531016662265, 0.05210457062891261, 0.14878359055340593], "mean_score_time": [0.002121591567993164, 0.0023635387420654296, 0.010342597961425781, 0.003419017791748047, 0.002357196807861328], "std_score_time": [0.00034339952272849735, 0.0004297021589789399, 0.017255659543447256, 0.000292344253502476, 0.0005051604257064628]}, "score": 0.9526666666666668}}