{"[NN]NeuralNetwork": {"params": {"classification__epochs": 15, "classification__batch_size": 20}, "times": {"mean_fit_time": [3.114185428619385, 3.572966957092285, 3.3765811920166016, 2.886682653427124, 2.4374967575073243, 2.5703640937805177, 3.207734394073486, 3.0981156826019287, 3.0611588954925537, 3.2534281730651857], "std_fit_time": [0.3140220940525628, 0.5369526162603304, 0.47136066308831437, 0.400481780433475, 0.5128060634059617, 0.20480380234381665, 0.13766783048364614, 0.300665414490884, 0.5584786559508339, 0.5973019933504546], "mean_score_time": [0.24390592575073242, 0.2551121711730957, 0.22673754692077636, 0.24552497863769532, 0.2838914394378662, 0.24359869956970215, 0.21282424926757812, 0.22188968658447267, 0.22324867248535157, 0.2021503448486328], "std_score_time": [0.013898785886459344, 0.0686834907947558, 0.028288784123412455, 0.025850528743031696, 0.09793239563047587, 0.046710524964830746, 0.03738083407449639, 0.021075284428369673, 0.027709844444555577, 0.02981390780138487]}, "score": 0.8616666666666667}, "RandomForestClassifier": {"params": {"classification__n_estimators": 50, "classification__min_samples_split": 2, "classification__min_samples_leaf": 2, "classification__max_features": null, "classification__max_depth": 20, "classification__bootstrap": false}, "times": {"mean_fit_time": [0.18058857917785645], "std_fit_time": [0.015584452396403171], "mean_score_time": [0.0011461734771728515], "std_score_time": [0.00012297339101289162]}, "score": 0.9066666666666666}, "KNeighborsClassifier": {"params": {"classification__weights": "distance", "classification__n_neighbors": 7, "classification__metric": "minkowski", "classification__leaf_size": 20}, "times": {"mean_fit_time": [0.027661514282226563], "std_fit_time": [0.011861363440022548], "mean_score_time": [0.006076288223266601], "std_score_time": [0.0006571766081507156]}, "score": 0.3733333333333333}, "ComplementNB": {"params": {"classification__alpha": 0}, "times": {"mean_fit_time": [0.004308271408081055], "std_fit_time": [0.0005735633017173069], "mean_score_time": [0.0009992599487304687], "std_score_time": [0.00011912881041940112]}, "score": 0.7466666666666668}, "LogisticRegression": {"params": {"classification__solver": "newton-cg", "classification__C": 0.01}, "times": {"mean_fit_time": [0.12840032577514648], "std_fit_time": [0.00823973391066198], "mean_score_time": [0.001638650894165039], "std_score_time": [8.17523366843169e-05]}, "score": 0.8399999999999999}}