{"[NN]NeuralNetwork": {"params": {"classification__epochs": 15, "classification__batch_size": 30}, "times": {"mean_fit_time": [5.116043424606323, 4.223821449279785, 4.377455139160157, 4.6271522521972654, 4.493017339706421, 6.086372947692871, 5.196506118774414, 5.285886764526367, 6.125705242156982, 4.81395697593689], "std_fit_time": [0.3753135547354162, 0.36344461274302503, 0.7479626827897246, 1.4733342388314508, 0.943212165625403, 1.3278310565787603, 1.1558233827516609, 0.9530169722718521, 0.9282215857906938, 0.42480665857408906], "mean_score_time": [0.36378793716430663, 0.375717830657959, 0.48172526359558104, 0.5251502513885498, 0.47750535011291506, 0.44577608108520506, 0.47319493293762205, 0.39107456207275393, 0.6737523555755616, 0.2760746955871582], "std_score_time": [0.08542971916530553, 0.0430553923373394, 0.08643960514204954, 0.24897568211569246, 0.1336597084080762, 0.142092015475122, 0.1462619554377694, 0.060094802584859545, 0.24006960577222736, 0.02866313028587241]}, "score": 0.9819444444444445}, "RandomForestClassifier": {"params": {"classification__n_estimators": 300, "classification__min_samples_split": 10, "classification__min_samples_leaf": 4, "classification__max_features": null, "classification__max_depth": 60, "classification__bootstrap": true}, "times": {"mean_fit_time": [0.45541815757751464, 1.7324921131134032, 1.199718713760376], "std_fit_time": [0.08088935675474508, 0.17744462563391838, 0.01327153413811027], "mean_score_time": [0.002067375183105469, 0.0036764144897460938, 0.0030072689056396484], "std_score_time": [0.00043615819167957355, 0.0014679968957152418, 0.001518198304774448]}, "score": 1.0}, "KNeighborsClassifier": {"params": {"classification__weights": "uniform", "classification__n_neighbors": 9, "classification__metric": "manhattan", "classification__leaf_size": 23}, "times": {"mean_fit_time": [0.021885061264038087, 0.02292342185974121, 0.022435903549194336], "std_fit_time": [0.0036888258644314537, 0.004684827035261429, 0.005245620202051663], "mean_score_time": [0.008901500701904297, 0.008154344558715821, 0.008708953857421875], "std_score_time": [0.0012064236479888502, 0.0003327095999576879, 0.0004865274934786727]}, "score": 0.975}, "ComplementNB": {"params": {"classification__alpha": 1.0}, "times": {"mean_fit_time": [0.0038181304931640624, 0.004432106018066406, 0.005138492584228516], "std_fit_time": [0.000669428400262163, 0.0005968793123695002, 0.0008491057445026606], "mean_score_time": [0.0012160778045654298, 0.001399087905883789, 0.0013916969299316406], "std_score_time": [0.00022732036147115714, 0.00020508507299219552, 0.00020079201114542007]}, "score": 0.8558333333333333}, "LogisticRegression": {"params": {"classification__solver": "newton-cg", "classification__C": 10}, "times": {"mean_fit_time": [0.4838408946990967, 0.12821173667907715, 0.1890486717224121], "std_fit_time": [0.07733547430900983, 0.012659072650561978, 0.03614897314798073], "mean_score_time": [0.04294190406799316, 0.0019360065460205078, 0.0020821094512939453], "std_score_time": [0.0147867656980467, 0.0002597133055635347, 0.00017177730195812538]}, "score": 0.9541666666666666}}