{"[NN]NeuralNetwork": {"params": {"classification__epochs": 15, "classification__batch_size": 20}, "times": {"mean_fit_time": [1.979299545288086, 1.8662382125854493, 1.9536917209625244, 2.1326003074645996, 1.9535146713256837, 1.7349990844726562, 2.128004550933838, 1.829749631881714, 1.813289213180542, 1.8407967567443848], "std_fit_time": [0.5242256487100395, 0.14512860053518323, 0.19141631257292296, 0.3070632601505198, 0.3257325279032518, 0.14738591421056454, 0.663940395524707, 0.1340100716712158, 0.24906063577681192, 0.07024974606608735], "mean_score_time": [0.22285985946655273, 0.18259949684143068, 0.2013113021850586, 0.1663191318511963, 0.19041752815246582, 0.16909370422363282, 0.18710718154907227, 0.18009233474731445, 0.17859086990356446, 0.19071569442749023], "std_score_time": [0.03921149173576954, 0.018346121479330957, 0.009573966782291318, 0.021233989255896403, 0.0515660884207327, 0.033369489543895195, 0.03231293911667213, 0.024261145303192493, 0.01330818379192453, 0.022179874301933987]}, "score": 0.8616666666666667}, "RandomForestClassifier": {"params": {"classification__n_estimators": 50, "classification__min_samples_split": 2, "classification__min_samples_leaf": 2, "classification__max_features": null, "classification__max_depth": 20, "classification__bootstrap": false}, "times": {"mean_fit_time": [0.18715434074401854], "std_fit_time": [0.029370046351081484], "mean_score_time": [0.0011977672576904297], "std_score_time": [5.4643832341538546e-05]}, "score": 0.9066666666666666}, "KNeighborsClassifier": {"params": {"classification__weights": "distance", "classification__n_neighbors": 7, "classification__metric": "minkowski", "classification__leaf_size": 20}, "times": {"mean_fit_time": [0.03451714515686035], "std_fit_time": [0.006600769224676743], "mean_score_time": [0.0056231975555419925], "std_score_time": [0.0005366359274679013]}, "score": 0.3733333333333333}, "ComplementNB": {"params": {"classification__alpha": 0}, "times": {"mean_fit_time": [0.004079198837280274], "std_fit_time": [0.00040661161841036743], "mean_score_time": [0.0008905410766601562], "std_score_time": [9.579543392615734e-05]}, "score": 0.7466666666666668}, "LogisticRegression": {"params": {"classification__solver": "newton-cg", "classification__C": 0.01}, "times": {"mean_fit_time": [0.11619253158569336], "std_fit_time": [0.010125991667548585], "mean_score_time": [0.001470947265625], "std_score_time": [0.00011320335077509404]}, "score": 0.8399999999999999}}