{"[NN]NeuralNetwork": {"params": {"classification__epochs": 5, "classification__batch_size": 30}, "times": {"mean_fit_time": [3.154947519302368, 2.7094168663024902, 2.8923118114471436, 2.5561177253723146, 2.0999300956726072, 2.57867636680603, 2.6590970039367674, 2.3499894618988035, 2.218570327758789, 2.0038376808166505], "std_fit_time": [0.8164111761097025, 0.3713406222098121, 0.40312234765551974, 0.40160148068689344, 0.16648900119989785, 0.21119123187679173, 0.4487862659554358, 0.12862911070790164, 0.14350931098424777, 0.12038282699499188], "mean_score_time": [0.28575692176818845, 0.2401656150817871, 0.21819572448730468, 0.27634243965148925, 0.24553999900817872, 0.2351473331451416, 0.25375895500183104, 0.23489642143249512, 0.22730083465576173, 0.2403872489929199], "std_score_time": [0.08508136173090652, 0.029373301332968074, 0.03519928519554046, 0.06948176126391227, 0.03489289069387918, 0.03221850976807275, 0.06826684883573371, 0.027469974473957628, 0.018034208306387498, 0.012859233679721244]}, "score": 0.9855982905982905}, "RandomForestClassifier": {"params": {"classification__n_estimators": 300, "classification__min_samples_split": 10, "classification__min_samples_leaf": 4, "classification__max_features": "log2", "classification__max_depth": 20, "classification__bootstrap": true}, "times": {"mean_fit_time": [1.3701821327209474, 0.9071812152862548, 0.7225995063781738, 1.0882037162780762, 0.9343968391418457], "std_fit_time": [0.0893955281745575, 0.09908763622477455, 0.10172190757979126, 0.11623305906746642, 0.06192398996176245], "mean_score_time": [0.0018158912658691405, 0.0018222808837890625, 0.0018222332000732422, 0.0016605377197265625, 0.002536439895629883], "std_score_time": [0.0003154823467952178, 0.00023722116186406574, 0.00032069009430369587, 0.00013752196928002548, 0.0007173037549556023]}, "score": 0.9800000000000001}, "KNeighborsClassifier": {"params": {"classification__weights": "uniform", "classification__n_neighbors": 19, "classification__metric": "minkowski", "classification__leaf_size": 26}, "times": {"mean_fit_time": [0.06581883430480957, 0.03676605224609375, 0.048932647705078124, 0.050621414184570314, 0.0491091251373291], "std_fit_time": [0.013813286885770684, 0.015704724436212115, 0.01669586459134112, 0.013236649116453088, 0.009217416653719121], "mean_score_time": [0.009486961364746093, 0.009929227828979491, 0.010672569274902344, 0.011061477661132812, 0.00974726676940918], "std_score_time": [0.0007886398846951847, 0.0013439265073437088, 0.0013465249489827001, 0.0013581926674310985, 0.0007428783958693878]}, "score": 0.9650000000000001}, "ComplementNB": {"params": {"classification__alpha": 1.0}, "times": {"mean_fit_time": [0.005353116989135742, 0.0050542354583740234, 0.0047458171844482425, 0.005547666549682617, 0.00708303451538086], "std_fit_time": [0.000686520320023744, 0.0010007052450924662, 0.0008673813081001435, 0.0006771469038309537, 0.001708418673206631], "mean_score_time": [0.001399087905883789, 0.0013796329498291016, 0.001457977294921875, 0.0014533519744873047, 0.0018037319183349609], "std_score_time": [0.00015794912550975667, 0.0002766169549592978, 0.000271320778791081, 0.00026267133948158517, 0.00028081666950287206]}, "score": 0.9533333333333334}, "LogisticRegression": {"params": {"classification__solver": "sag", "classification__C": 0.1}, "times": {"mean_fit_time": [0.4744913101196289, 0.4723494052886963, 0.4021463394165039, 0.8438815593719482, 0.6372206687927247], "std_fit_time": [0.050147934569507086, 0.0532909382421208, 0.12968206609112, 0.1670638718448534, 0.16608103426882706], "mean_score_time": [0.0031318187713623045, 0.003077268600463867, 0.002168703079223633, 0.00228734016418457, 0.0017505168914794921], "std_score_time": [0.0007976535545587313, 0.001412305146683607, 0.00046265653036145076, 0.0003622293527214348, 0.00017563521124827925]}, "score": 0.9633333333333333}}