{"[NN]NeuralNetwork": {"params": {"classification__epochs": 20, "classification__batch_size": 25}, "times": {"mean_fit_time": [3.9130938053131104, 3.3972411155700684, 4.268508243560791, 3.7207686424255373, 4.815883159637451, 3.6751830101013185, 3.555490779876709, 3.919221067428589, 4.795434093475341, 4.5213292121887205], "std_fit_time": [0.4583450527147677, 0.323104743732416, 0.7461712023188097, 0.6021249786839905, 0.7948790694994832, 0.8379745016613956, 1.068958554113756, 1.0514317695557862, 0.614602284667545, 0.6302477485738729], "mean_score_time": [0.38527069091796873, 0.44111971855163573, 0.36005940437316897, 0.4295687675476074, 0.430741548538208, 0.45201525688171384, 0.3846414089202881, 0.4291536808013916, 0.517968225479126, 0.5159825801849365], "std_score_time": [0.08285007275740978, 0.11107464976712798, 0.055373431662981656, 0.09951533918403835, 0.2290979845848289, 0.10376339795027707, 0.11826288264020446, 0.11791326082953736, 0.160766458598368, 0.1751248343807044]}, "score": 0.9583333333333333}, "RandomForestClassifier": {"params": {"classification__n_estimators": 200, "classification__min_samples_split": 5, "classification__min_samples_leaf": 1, "classification__max_features": "sqrt", "classification__max_depth": null, "classification__bootstrap": false}, "times": {"mean_fit_time": [0.48621554374694825], "std_fit_time": [0.018738886314650847], "mean_score_time": [0.0015907764434814453], "std_score_time": [0.00014920556987525342]}, "score": 1.0}, "KNeighborsClassifier": {"params": {"classification__weights": "distance", "classification__n_neighbors": 11, "classification__metric": "manhattan", "classification__leaf_size": 33}, "times": {"mean_fit_time": [0.03742060661315918], "std_fit_time": [0.0023857746533014657], "mean_score_time": [0.007323932647705078], "std_score_time": [0.000299507048289323]}, "score": 0.55}, "ComplementNB": {"params": {"classification__alpha": 1.0}, "times": {"mean_fit_time": [0.003896188735961914], "std_fit_time": [0.0007054416556160134], "mean_score_time": [0.0012845039367675782], "std_score_time": [0.00018721051923032683]}, "score": 0.875}, "LogisticRegression": {"params": {"classification__solver": "saga", "classification__C": 10}, "times": {"mean_fit_time": [0.38140254020690917], "std_fit_time": [0.01792399083274391], "mean_score_time": [0.033349800109863284], "std_score_time": [0.008335823119716153]}, "score": 0.7666666666666666}}