{"[NN]NeuralNetwork": {"params": {"classification__epochs": 15, "classification__batch_size": 20}, "times": {"mean_fit_time": [3.781786823272705, 3.900100517272949, 5.167605876922607, 4.194293403625489, 4.29335389137268, 4.403697824478149, 4.478238868713379, 4.6070630073547365, 5.064534616470337, 3.973000907897949], "std_fit_time": [0.3110432445289989, 0.3131756522660678, 0.9661428405080275, 1.2774892349945792, 0.8135941004740976, 1.3869606683610027, 1.2304188058855803, 1.3916724094482555, 1.565541991176677, 0.7786869111270129], "mean_score_time": [0.37571444511413576, 0.3235743999481201, 0.4168117523193359, 0.4183356761932373, 0.4215264797210693, 0.6664846420288086, 0.4824211597442627, 0.3293015480041504, 0.4629453182220459, 0.39220876693725587], "std_score_time": [0.1302868611862708, 0.053681062814096556, 0.21945335018867784, 0.15340994151715914, 0.1439677189073722, 0.26695826238861553, 0.14049373860715378, 0.08803679161612606, 0.1681021831012667, 0.11479290751016809]}, "score": 0.9459523809523809}, "RandomForestClassifier": {"params": {"classification__n_estimators": 10, "classification__min_samples_split": 2, "classification__min_samples_leaf": 4, "classification__max_features": "sqrt", "classification__max_depth": 70, "classification__bootstrap": true}, "times": {"mean_fit_time": [0.258699893951416, 3.462734413146973, 0.07281413078308105, 0.21683530807495116, 0.06185879707336426], "std_fit_time": [0.03406254267353944, 0.0925453800936557, 0.009237558290114129, 0.008207084248476739, 0.010391217189635007], "mean_score_time": [0.0017660140991210937, 0.004748058319091797, 0.0033031463623046874, 0.0013645648956298827, 0.001302957534790039], "std_score_time": [0.00024620813324712973, 0.0018874732961687618, 0.0028722209994440635, 0.00019158463722545956, 0.00012154681114406723]}, "score": 0.9786666666666666}, "KNeighborsClassifier": {"params": {"classification__weights": "distance", "classification__n_neighbors": 5, "classification__metric": "manhattan", "classification__leaf_size": 23}, "times": {"mean_fit_time": [0.023140907287597656, 0.028631830215454103, 0.02219228744506836, 0.037753629684448245, 0.030877065658569337], "std_fit_time": [0.002019488024455455, 0.013278682974860123, 0.0033135932176399127, 0.0016707322158864629, 0.009864180888478586], "mean_score_time": [0.010179901123046875, 0.009211874008178711, 0.011304187774658202, 0.009191799163818359, 0.009457540512084962], "std_score_time": [0.00143833582477484, 0.0012642358369391725, 0.0016891807247249703, 0.0007518035691130275, 0.0007959632082923811]}, "score": 0.650952380952381}, "ComplementNB": {"params": {"classification__alpha": 0.5}, "times": {"mean_fit_time": [0.005312585830688476, 0.004410266876220703, 0.0044819355010986325, 0.008510208129882813, 0.007638788223266602], "std_fit_time": [0.0009885942776031035, 0.00019295614930845957, 0.00041251307952393945, 0.0012852557575203157, 0.001423792474297152], "mean_score_time": [0.0012934684753417968, 0.001245403289794922, 0.0012043476104736327, 0.001840066909790039, 0.0018094539642333984], "std_score_time": [0.00031312609120827395, 3.013618384726049e-05, 4.8170607999627717e-05, 0.0002795451241507805, 0.0002946516668935843]}, "score": 0.9166666666666667}, "LogisticRegression": {"params": {"classification__solver": "newton-cg", "classification__C": 10}, "times": {"mean_fit_time": [0.7463136196136475, 0.6600275039672852, 0.4104581832885742, 1.0002540588378905, 0.6844019889831543], "std_fit_time": [0.0827413515606056, 0.13967639135873017, 0.2588116789280801, 0.04794085694497244, 0.11059188368204005], "mean_score_time": [0.002072429656982422, 0.001910400390625, 0.0018161773681640626, 0.002946805953979492, 0.0017174243927001952], "std_score_time": [0.0004076731156864476, 0.0001967191334970469, 0.00041421514728886915, 0.0005507967748822829, 3.237812085991236e-05]}, "score": 0.9526666666666668}}