{"[NN]NeuralNetwork": {"params": {"classification__epochs": 15, "classification__batch_size": 20}, "times": {"mean_fit_time": [4.699095916748047, 3.1496149063110352, 3.835498905181885, 3.128869342803955, 2.560264778137207, 2.525870656967163, 2.782033586502075, 2.4677171230316164, 2.9772358894348145, 2.448793649673462], "std_fit_time": [0.9108028895981085, 0.680500593347568, 1.0249390138903305, 0.9151159509460732, 0.6564182401659211, 0.6815130765394491, 0.5008180655568532, 0.23011949596711184, 0.6823721918278184, 0.30995583889582884], "mean_score_time": [0.41196022033691404, 0.2877013683319092, 0.30321331024169923, 0.3002903938293457, 0.25862917900085447, 0.3841736316680908, 0.2886525630950928, 0.22514982223510743, 0.2637366771697998, 0.2685983180999756], "std_score_time": [0.14181071873518447, 0.0570276862395549, 0.04494975577886032, 0.05524692203766165, 0.04864198786064552, 0.19190318975963713, 0.09826247389888519, 0.012551265339786856, 0.04596560539370368, 0.046881990461364424]}, "score": 0.9459523809523809}, "RandomForestClassifier": {"params": {"classification__n_estimators": 10, "classification__min_samples_split": 2, "classification__min_samples_leaf": 4, "classification__max_features": "sqrt", "classification__max_depth": 70, "classification__bootstrap": true}, "times": {"mean_fit_time": [0.2003603458404541, 3.688216733932495, 0.03631448745727539, 0.21855802536010743, 0.053943634033203125], "std_fit_time": [0.005127881224570085, 0.21640872352130744, 0.005774853742257938, 0.036043456030316154, 0.011365455641768035], "mean_score_time": [0.0013944625854492188, 0.0033115386962890626, 0.0014209747314453125, 0.001218557357788086, 0.001284313201904297], "std_score_time": [0.00013902860962732095, 0.0006455652183785679, 0.00026919888115514327, 0.00010825862841356484, 0.00011072374435414973]}, "score": 0.9786666666666666}, "KNeighborsClassifier": {"params": {"classification__weights": "distance", "classification__n_neighbors": 5, "classification__metric": "manhattan", "classification__leaf_size": 23}, "times": {"mean_fit_time": [0.04481120109558105, 0.04884319305419922, 0.05640106201171875, 0.036468124389648436, 0.05314655303955078], "std_fit_time": [0.009866100385868166, 0.01830762515401021, 0.019776804442510752, 0.01365923986659489, 0.010247789875570073], "mean_score_time": [0.009156465530395508, 0.010440969467163086, 0.010096931457519531, 0.011056041717529297, 0.011336231231689453], "std_score_time": [0.0011140419808706658, 0.0005843609238215748, 0.0015989842758999142, 0.001608247301177886, 0.002362781617399056]}, "score": 0.650952380952381}, "ComplementNB": {"params": {"classification__alpha": 0.5}, "times": {"mean_fit_time": [0.005722522735595703, 0.005758333206176758, 0.005628013610839843, 0.008009386062622071, 0.00872945785522461], "std_fit_time": [0.0005602128613156343, 0.000877383822973344, 0.0010727761172385473, 0.0012610788411799437, 0.0033899389234512503], "mean_score_time": [0.0015241622924804688, 0.001508951187133789, 0.0014786243438720704, 0.0016308307647705078, 0.0019886970520019533], "std_score_time": [0.0002599749858775274, 0.0002672857087591154, 0.0002819966092297544, 0.00027968389133431346, 0.0005797199871284688]}, "score": 0.9166666666666667}, "LogisticRegression": {"params": {"classification__solver": "newton-cg", "classification__C": 10}, "times": {"mean_fit_time": [0.8443530082702637, 0.6078354358673096, 0.28713717460632326, 1.0324578762054444, 0.7279993057250976], "std_fit_time": [0.17363135862930243, 0.09883269130448749, 0.15890830935491623, 0.08993340497100187, 0.17396679542489343], "mean_score_time": [0.0030185699462890623, 0.002413511276245117, 0.0016841888427734375, 0.0020174503326416014, 0.0019836902618408205], "std_score_time": [0.0017375110604566334, 0.000603001188930118, 0.0001754786009191961, 0.0004015608020841055, 0.0003185998239979315]}, "score": 0.9526666666666668}}