{"[NN]NeuralNetwork": {"params": {"classification__epochs": 15, "classification__batch_size": 20}, "times": {"mean_fit_time": [3.72770471572876, 3.9746121406555175, 3.977404832839966, 3.685845708847046, 4.163268756866455, 3.765291213989258, 3.921399784088135, 3.920028257369995, 3.763788938522339, 3.5018839836120605], "std_fit_time": [0.5941627681082864, 0.5977763222218397, 0.48147079584261615, 0.5473184669055824, 0.5916344223031712, 0.4078576254619389, 0.5946493143785807, 0.17540007603015217, 0.38563824412319025, 0.6895791126181702], "mean_score_time": [0.35561275482177734, 0.33542704582214355, 0.27888240814208987, 0.2530722141265869, 0.29364686012268065, 0.2862050533294678, 0.24546370506286622, 0.3292969226837158, 0.2553977966308594, 0.26178460121154784], "std_score_time": [0.24328447922486382, 0.11091183331954245, 0.1016175019491284, 0.047590689016595224, 0.09743490417343502, 0.0541369165535143, 0.031688429971350164, 0.23346356345896246, 0.044545100588084134, 0.033236954176160564]}, "score": 0.9459523809523809}, "RandomForestClassifier": {"params": {"classification__n_estimators": 10, "classification__min_samples_split": 2, "classification__min_samples_leaf": 4, "classification__max_features": "sqrt", "classification__max_depth": 70, "classification__bootstrap": true}, "times": {"mean_fit_time": [0.19324874877929688, 3.393221044540405, 0.04138603210449219, 0.3307507514953613, 0.06375126838684082], "std_fit_time": [0.005839615702696, 0.14833323959094993, 0.006218566423254679, 0.0432249991378848, 0.012685871041820035], "mean_score_time": [0.0012183189392089844, 0.0046234130859375, 0.0015093326568603516, 0.0015666484832763672, 0.002241086959838867], "std_score_time": [1.8603372581124733e-05, 0.0015153348849030368, 0.0003840297864715271, 0.000298660474397695, 0.00048724245141656795]}, "score": 0.9786666666666666}, "KNeighborsClassifier": {"params": {"classification__weights": "distance", "classification__n_neighbors": 5, "classification__metric": "manhattan", "classification__leaf_size": 23}, "times": {"mean_fit_time": [0.02886486053466797, 0.0360715389251709, 0.026106882095336913, 0.03392248153686524, 0.027166080474853516], "std_fit_time": [0.007139735499369275, 0.012279326805489937, 0.002513927693078009, 0.012251065565605389, 0.006847102211988054], "mean_score_time": [0.010881948471069335, 0.013159704208374024, 0.013369560241699219, 0.010265445709228516, 0.013458776473999023], "std_score_time": [0.0011298915244682985, 0.00373586708336385, 0.004150360159683261, 0.001988749147145434, 0.0007353701644845054]}, "score": 0.650952380952381}, "ComplementNB": {"params": {"classification__alpha": 0.5}, "times": {"mean_fit_time": [0.006233501434326172, 0.004445314407348633, 0.005911493301391601, 0.009053754806518554, 0.008619308471679688], "std_fit_time": [0.0010342020574433818, 0.00033783820117831774, 0.000644228046872531, 0.00017903894889834997, 0.000295544078404409], "mean_score_time": [0.001626300811767578, 0.0012710094451904297, 0.0014842987060546876, 0.0018810749053955079, 0.0018782615661621094], "std_score_time": [0.0002965073140585872, 4.547411754013004e-05, 0.0002643083291482796, 4.849961344974615e-05, 4.368125080875055e-05]}, "score": 0.9166666666666667}, "LogisticRegression": {"params": {"classification__solver": "newton-cg", "classification__C": 10}, "times": {"mean_fit_time": [0.8132660388946533, 0.546938419342041, 0.32848291397094725, 1.013599681854248, 0.7650905609130859], "std_fit_time": [0.21510959471054966, 0.08966837646062167, 0.20007618013313566, 0.07177903234062122, 0.16006077104933564], "mean_score_time": [0.003208494186401367, 0.0024728298187255858, 0.0019002914428710937, 0.003057575225830078, 0.0022308349609375], "std_score_time": [0.001536321702914114, 0.0010951766957907636, 0.0002922079192675604, 0.000499682902397697, 0.0004211835273326065]}, "score": 0.9526666666666668}}