{"[NN]NeuralNetwork": {"params": {"classification__epochs": 10, "classification__batch_size": 30}, "times": {"mean_fit_time": [4.932926607131958, 4.726518535614014, 5.399512672424317, 5.820352602005005, 5.441703844070434, 4.83130784034729, 4.911750841140747, 4.698384809494018, 5.593123483657837, 4.8658771991729735], "std_fit_time": [0.6256869886632254, 0.7977835998619269, 0.9249258440968494, 0.2508501845947785, 0.38592947109944675, 0.7641228747520278, 0.24039363667368593, 0.4894568655377892, 0.5719294650135734, 0.6339109107615292], "mean_score_time": [0.37596611976623534, 0.4091951370239258, 0.34895954132080076, 0.2658874034881592, 0.2922205924987793, 0.29056463241577146, 0.3987022876739502, 0.27923994064331054, 0.1941600799560547, 0.3078746795654297], "std_score_time": [0.10121685426323329, 0.17637790400300568, 0.1261101954758715, 0.03365240747200317, 0.049806309910316246, 0.12392423976634871, 0.11956950334409201, 0.10511992999223287, 0.0510691062381321, 0.08222494300388067]}, "score": 0.9428571428571428}, "RandomForestClassifier": {"params": {"classification__n_estimators": 200, "classification__min_samples_split": 5, "classification__min_samples_leaf": 2, "classification__max_features": "sqrt", "classification__max_depth": 50, "classification__bootstrap": true}, "times": {"mean_fit_time": [0.41155166625976564, 0.7274510860443115, 0.5696178913116455], "std_fit_time": [0.02466193471508819, 0.11243628528033606, 0.030606516793484088], "mean_score_time": [0.001341390609741211, 0.0015302658081054687, 0.0017275333404541016], "std_score_time": [4.5943303496692245e-05, 0.0001356946184105749, 0.00016381895848497258]}, "score": 0.9875}, "KNeighborsClassifier": {"params": {"classification__weights": "uniform", "classification__n_neighbors": 13, "classification__metric": "euclidean", "classification__leaf_size": 20}, "times": {"mean_fit_time": [0.02500572204589844, 0.02840886116027832, 0.04941239356994629], "std_fit_time": [0.0014056098437286234, 0.006555590076977563, 0.027184169944095022], "mean_score_time": [0.008003520965576171, 0.008667373657226562, 0.010613393783569337], "std_score_time": [0.0006915747751278463, 0.0004561098991583411, 0.0012735276302606132]}, "score": 0.9180555555555555}, "ComplementNB": {"params": {"classification__alpha": 0}, "times": {"mean_fit_time": [0.005637931823730469, 0.004536247253417969, 0.007124090194702148], "std_fit_time": [0.0009748866068627979, 0.000640399237628585, 0.0013299487020143564], "mean_score_time": [0.0013973712921142578, 0.0012355327606201171, 0.0016131877899169921], "std_score_time": [0.00015241859402216582, 8.281295600063526e-05, 0.0002876870214659945]}, "score": 0.8833333333333332}, "LogisticRegression": {"params": {"classification__solver": "newton-cg", "classification__C": 0.1}, "times": {"mean_fit_time": [0.19260706901550292, 0.4984711170196533, 0.22321639060974122], "std_fit_time": [0.038512536738474525, 0.10237994245729541, 0.02711166885390961], "mean_score_time": [0.0020588397979736327, 0.03681426048278809, 0.002048778533935547], "std_score_time": [0.00041851809128425613, 0.006753262383917099, 0.0005333194868445733]}, "score": 0.9400000000000001}}