{"[NN]NeuralNetwork": {"params": {"classification__epochs": 5, "classification__batch_size": 25}, "times": {"mean_fit_time": [5.3487471580505375, 4.981147336959839, 5.400499296188355, 4.859341621398926, 4.34446382522583, 4.667374038696289, 4.5791558742523195, 4.606309938430786, 4.293293905258179, 4.313849210739136], "std_fit_time": [0.5851708115409113, 0.598397458478486, 1.606877605521669, 1.3616146374941427, 1.1602370679741927, 0.9433795776902211, 0.8423216090788764, 1.04891385610257, 0.38461889653948733, 0.6357156471913438], "mean_score_time": [0.4493119716644287, 0.6055187702178955, 0.5645610332489014, 0.3981924533843994, 0.4930825710296631, 0.34961299896240233, 0.41357131004333497, 0.5889204978942871, 0.3939967155456543, 0.3816500186920166], "std_score_time": [0.19736574397862558, 0.23572317979938096, 0.14065369822579743, 0.09595743904983722, 0.14154770463790284, 0.07595574702503843, 0.13144611904138398, 0.23652374423225614, 0.13886786628246792, 0.09956194315192644]}, "score": 0.9583333333333333}, "RandomForestClassifier": {"params": {"classification__n_estimators": 100, "classification__min_samples_split": 2, "classification__min_samples_leaf": 4, "classification__max_features": "log2", "classification__max_depth": 20, "classification__bootstrap": true}, "times": {"mean_fit_time": [0.08622303009033203], "std_fit_time": [0.005359877819502658], "mean_score_time": [0.0012293338775634765], "std_score_time": [2.390348100106584e-05]}, "score": 1.0}, "KNeighborsClassifier": {"params": {"classification__weights": "uniform", "classification__n_neighbors": 19, "classification__metric": "manhattan", "classification__leaf_size": 26}, "times": {"mean_fit_time": [0.03149328231811523], "std_fit_time": [0.0057492097349122325], "mean_score_time": [0.007109594345092773], "std_score_time": [0.0005947281640545847]}, "score": 0.8916666666666666}, "ComplementNB": {"params": {"classification__alpha": 0.5}, "times": {"mean_fit_time": [0.003226566314697266], "std_fit_time": [0.00011523896355075384], "mean_score_time": [0.0009139060974121093], "std_score_time": [8.124546790213505e-05]}, "score": 0.9666666666666666}, "LogisticRegression": {"params": {"classification__solver": "saga", "classification__C": 1.0}, "times": {"mean_fit_time": [0.36966514587402344], "std_fit_time": [0.026613212786864203], "mean_score_time": [0.039003610610961914], "std_score_time": [0.01868948621616051]}, "score": 0.6777777777777777}}