{"[NN]NeuralNetwork": {"params": {"classification__epochs": 20, "classification__batch_size": 25}, "times": {"mean_fit_time": [3.47927565574646, 2.5367422580718992, 2.460559129714966, 1.8875856399536133, 1.9922518730163574, 2.002177429199219, 2.413100576400757, 2.295114803314209, 2.1239562034606934, 1.8501727104187011], "std_fit_time": [0.6222079227618099, 0.3451877986507563, 0.25323364272878335, 0.146498417682417, 0.08936011771272692, 0.0932660940820569, 0.15273234824062398, 0.27514289311012574, 0.18442177624755782, 0.1359005890876079], "mean_score_time": [0.2790533065795898, 0.29549245834350585, 0.3269981861114502, 0.23949661254882812, 0.22115178108215333, 0.22221794128417968, 0.26943063735961914, 0.20813212394714356, 0.24643425941467284, 0.22775568962097167], "std_score_time": [0.022677107355542285, 0.05858137854376128, 0.05743159019947752, 0.052642184042992264, 0.018914329123824014, 0.007859673800564024, 0.028649999408111543, 0.01547263240001972, 0.05302817922719712, 0.010440855653827805]}, "score": 0.9333333333333333}, "RandomForestClassifier": {"params": {"classification__n_estimators": 100, "classification__min_samples_split": 5, "classification__min_samples_leaf": 4, "classification__max_features": "log2", "classification__max_depth": 50, "classification__bootstrap": false}, "times": {"mean_fit_time": [0.0818023681640625], "std_fit_time": [0.006913399990664071], "mean_score_time": [0.0012680530548095704], "std_score_time": [0.00013834184174389602]}, "score": 1.0}, "KNeighborsClassifier": {"params": {"classification__weights": "uniform", "classification__n_neighbors": 19, "classification__metric": "minkowski", "classification__leaf_size": 23}, "times": {"mean_fit_time": [0.032007026672363284], "std_fit_time": [0.002411123935584614], "mean_score_time": [0.006816577911376953], "std_score_time": [0.0009604121654987279]}, "score": 0.6388888888888888}, "ComplementNB": {"params": {"classification__alpha": 0}, "times": {"mean_fit_time": [0.003931379318237305], "std_fit_time": [0.00020307713632645243], "mean_score_time": [0.0010575294494628907], "std_score_time": [3.05211541941635e-05]}, "score": 0.9583333333333333}, "LogisticRegression": {"params": {"classification__solver": "saga", "classification__C": 100}, "times": {"mean_fit_time": [0.3618329048156738], "std_fit_time": [0.017475031421338785], "mean_score_time": [0.03581056594848633], "std_score_time": [0.003127912391052607]}, "score": 0.7555555555555555}}