{"[NN]NeuralNetwork": {"params": {"classification__epochs": 5, "classification__batch_size": 25}, "times": {"mean_fit_time": [4.0727989196777346, 5.157958889007569, 4.9215662479400635, 4.3569752216339115, 4.129305219650268, 3.906371021270752, 3.4951208591461183, 3.366314172744751, 3.2326662063598635, 3.205995512008667], "std_fit_time": [1.4013752884631956, 0.6251848723137895, 0.8930458223853884, 0.7075756660358439, 1.1160925867323046, 0.41767513154943803, 0.27329125847641356, 0.6910552959566484, 0.3578393302636893, 0.3874584456532046], "mean_score_time": [0.5733376026153565, 0.5940700531005859, 0.6214786529541015, 0.452912712097168, 0.35422649383544924, 0.37751340866088867, 0.44079113006591797, 0.3290926456451416, 0.3990185737609863, 0.31506075859069826], "std_score_time": [0.32954367421941755, 0.15237264120720137, 0.15228477874933183, 0.1396852261735368, 0.05666041760090868, 0.06643507279326895, 0.142809583138845, 0.11766467590665111, 0.08768239474045969, 0.05999443969502263]}, "score": 0.9583333333333333}, "RandomForestClassifier": {"params": {"classification__n_estimators": 100, "classification__min_samples_split": 2, "classification__min_samples_leaf": 4, "classification__max_features": "log2", "classification__max_depth": 20, "classification__bootstrap": true}, "times": {"mean_fit_time": [0.08750410079956054], "std_fit_time": [0.008794827612637217], "mean_score_time": [0.001312255859375], "std_score_time": [7.000693795672136e-05]}, "score": 1.0}, "KNeighborsClassifier": {"params": {"classification__weights": "uniform", "classification__n_neighbors": 19, "classification__metric": "manhattan", "classification__leaf_size": 26}, "times": {"mean_fit_time": [0.03142194747924805], "std_fit_time": [0.010250451502790352], "mean_score_time": [0.007821035385131837], "std_score_time": [0.0007592017647486178]}, "score": 0.8916666666666666}, "ComplementNB": {"params": {"classification__alpha": 0.5}, "times": {"mean_fit_time": [0.003615665435791016], "std_fit_time": [0.0006230291866676847], "mean_score_time": [0.0010947704315185547], "std_score_time": [0.00037593550634976207]}, "score": 0.9666666666666666}, "LogisticRegression": {"params": {"classification__solver": "saga", "classification__C": 1.0}, "times": {"mean_fit_time": [0.3587473392486572], "std_fit_time": [0.021793305185511862], "mean_score_time": [0.03036670684814453], "std_score_time": [0.00868960628666525]}, "score": 0.6777777777777777}}