{"[NN]NeuralNetwork": {"params": {"classification__epochs": 15, "classification__batch_size": 30}, "times": {"mean_fit_time": [3.361621141433716, 4.522397565841675, 2.956178617477417, 3.798017883300781, 3.34139347076416, 2.5132211208343507, 3.138831901550293, 3.181369161605835, 2.9550356388092043, 3.423110914230347], "std_fit_time": [1.0336509449523141, 0.9186094164627366, 0.35244814179552014, 0.38316912801568276, 0.5661262491207288, 0.4220312932879096, 0.9227095236133962, 0.47157932012618037, 0.3532003157819663, 0.3815828817804747], "mean_score_time": [0.3355663299560547, 0.3658289432525635, 0.4045408248901367, 0.35936498641967773, 0.3116592884063721, 0.32492771148681643, 0.40116329193115235, 0.243516206741333, 0.40950789451599123, 0.2631284236907959], "std_score_time": [0.05080375982391204, 0.13028184449709335, 0.08063440169249922, 0.11602636721591017, 0.09730396395101361, 0.06457745504507766, 0.09026519182494157, 0.02936483037663833, 0.22333547095025136, 0.017509654933679383]}, "score": 0.9526349206349206}, "RandomForestClassifier": {"params": {"classification__n_estimators": 400, "classification__min_samples_split": 10, "classification__min_samples_leaf": 4, "classification__max_features": "log2", "classification__max_depth": 80, "classification__bootstrap": true}, "times": {"mean_fit_time": [1.0687885761260987, 3.951438570022583, 1.743208074569702, 1.1464766025543214, 1.5127834796905517], "std_fit_time": [0.18634365216252588, 0.125272253921763, 0.22759271952977447, 0.16894360641405057, 0.06454982008536489], "mean_score_time": [0.0019992828369140626, 0.004299449920654297, 0.005323600769042969, 0.0018754959106445312, 0.0033460140228271486], "std_score_time": [0.00033040282391337675, 0.0011589402245400175, 0.002716799518350621, 0.0003981853693397133, 0.0016370843385286231]}, "score": 0.992}, "KNeighborsClassifier": {"params": {"classification__weights": "uniform", "classification__n_neighbors": 13, "classification__metric": "euclidean", "classification__leaf_size": 20}, "times": {"mean_fit_time": [0.04601197242736817, 0.03361268043518066, 0.0340580940246582, 0.024558544158935547, 0.02657480239868164], "std_fit_time": [0.004604239893835589, 0.011734902370698934, 0.011594701748476356, 0.004535006773378271, 0.002458028132885909], "mean_score_time": [0.008603525161743165, 0.00828394889831543, 0.010449838638305665, 0.009433412551879882, 0.00954432487487793], "std_score_time": [0.0006095475138515814, 0.0006415133559192937, 0.003496310514930855, 0.0003835496703742663, 0.0006903179691349672]}, "score": 0.874}, "ComplementNB": {"params": {"classification__alpha": 0.5}, "times": {"mean_fit_time": [0.004821252822875976, 0.004478168487548828, 0.004402875900268555, 0.006880664825439453, 0.007950592041015624], "std_fit_time": [0.00020288983462463271, 0.0002891561679838208, 0.000321489715687974, 0.0007848750429621103, 0.0008415805765287826], "mean_score_time": [0.0011401653289794921, 0.0011879920959472657, 0.0012257099151611328, 0.0015493869781494141, 0.0017906665802001954], "std_score_time": [4.937450182985869e-05, 3.435524860636714e-05, 7.097108809406967e-05, 0.0003279761956597338, 0.0001467883072570424]}, "score": 0.9033333333333333}, "LogisticRegression": {"params": {"classification__solver": "newton-cg", "classification__C": 100}, "times": {"mean_fit_time": [0.6165953159332276, 0.2678431510925293, 0.9727791309356689, 1.2912019729614257, 0.5700102806091308], "std_fit_time": [0.05783776384840044, 0.15277836441112683, 0.22877633826224017, 0.07374986336410798, 0.11491535819733492], "mean_score_time": [0.002565908432006836, 0.0024991512298583986, 0.0036431312561035155, 0.0024897098541259766, 0.0017361164093017579], "std_score_time": [0.0009067613485398893, 0.0005095807339445891, 0.0018203922770483466, 0.0005924400440900542, 6.416134117168506e-05]}, "score": 0.9462857142857144}}