{"[NN]NeuralNetwork": {"params": {"classification__epochs": 15, "classification__batch_size": 25}, "times": {"mean_fit_time": [4.555856657028198, 3.9602113723754884, 4.030683183670044, 3.7741432189941406, 4.017836952209473, 4.18612151145935, 4.405559921264649, 3.3895694732666017, 3.775251340866089, 3.816241502761841], "std_fit_time": [0.3623661486790059, 0.1859628069819836, 0.4992196366428757, 0.7185379487525327, 0.19968899345073346, 0.9506138365082574, 0.5689041061047876, 0.5684199935992283, 0.2793237309300838, 0.8787386251594491], "mean_score_time": [0.4378217220306396, 0.5429927825927734, 0.2735907077789307, 0.2689040660858154, 0.42540555000305175, 0.28876166343688964, 0.25841388702392576, 0.28571515083312987, 0.2755625247955322, 0.2744751930236816], "std_score_time": [0.14333450723367014, 0.15934926480798808, 0.05955959828472934, 0.046762911311956715, 0.1292839121201231, 0.04070158639030411, 0.05790532760680184, 0.07551843899996338, 0.04769471765842082, 0.07159012187284364]}, "score": 0.946547619047619}, "RandomForestClassifier": {"params": {"classification__n_estimators": 500, "classification__min_samples_split": 2, "classification__min_samples_leaf": 2, "classification__max_features": null, "classification__max_depth": 10, "classification__bootstrap": true}, "times": {"mean_fit_time": [0.20605387687683105, 2.272365140914917, 2.3816983699798584], "std_fit_time": [0.011036646134704352, 0.1605957528332233, 0.1232693987495016], "mean_score_time": [0.0013928413391113281, 0.00565185546875, 0.0037239551544189452], "std_score_time": [0.00014994106339685114, 0.0012363359373239748, 0.0014062471369562706]}, "score": 0.99}, "KNeighborsClassifier": {"params": {"classification__weights": "uniform", "classification__n_neighbors": 3, "classification__metric": "euclidean", "classification__leaf_size": 16}, "times": {"mean_fit_time": [0.026809501647949218, 0.03041987419128418, 0.028163051605224608], "std_fit_time": [0.002876470195828046, 0.011771673892340698, 0.0015515443313853527], "mean_score_time": [0.009695196151733398, 0.00915384292602539, 0.008503150939941407], "std_score_time": [0.0019067113085741913, 0.0011310803847755786, 0.0015446026017550398]}, "score": 0.9775}, "ComplementNB": {"params": {"classification__alpha": 0.5}, "times": {"mean_fit_time": [0.00499567985534668, 0.0050853252410888675, 0.005587959289550781], "std_fit_time": [0.000975628887130596, 0.0009704391300146766, 0.0008782163762767382], "mean_score_time": [0.0014837265014648437, 0.0013933181762695312, 0.0015658855438232422], "std_score_time": [0.00023808386195295052, 0.0002517840623551703, 0.00029012997703074784]}, "score": 0.8825}, "LogisticRegression": {"params": {"classification__solver": "saga", "classification__C": 100}, "times": {"mean_fit_time": [0.5038658142089844, 0.5362803936004639, 0.8832930088043213], "std_fit_time": [0.02956232300677442, 0.043344365233301846, 0.060069528121810545], "mean_score_time": [0.038458728790283205, 0.04218111038208008, 0.03729825019836426], "std_score_time": [0.010302730124460549, 0.012323060556681737, 0.0029291296521882183]}, "score": 0.8525}}