{"[NN]NeuralNetwork": {"params": {"classification__epochs": 15, "classification__batch_size": 20}, "times": {"mean_fit_time": [3.129083585739136, 3.1997642040252687, 2.685642147064209, 2.6192445278167726, 2.1689411640167235, 2.4330984115600587, 2.2752280235290527, 2.2616038799285887, 2.3793469429016114, 1.9416605472564696], "std_fit_time": [0.6670662340384799, 0.35610265893528487, 0.49852560876063173, 0.7785530245655846, 0.39344881088952116, 0.3465615828487414, 0.5321213694911374, 0.0862905593548583, 0.4404567030930071, 0.08486766594101637], "mean_score_time": [0.23485569953918456, 0.20872015953063966, 0.23410482406616212, 0.2146674633026123, 0.21728801727294922, 0.18416571617126465, 0.2229480266571045, 0.19263262748718263, 0.18080611228942872, 0.17342109680175782], "std_score_time": [0.03523551784840805, 0.018475002386705675, 0.01823158909730488, 0.018799439052159212, 0.009480764145364765, 0.02287048945102981, 0.010390981699850518, 0.024207962104011698, 0.05626831138677259, 0.03702646630061695]}, "score": 0.7816666666666666}, "RandomForestClassifier": {"params": {"classification__n_estimators": 200, "classification__min_samples_split": 10, "classification__min_samples_leaf": 1, "classification__max_features": "sqrt", "classification__max_depth": 20, "classification__bootstrap": true}, "times": {"mean_fit_time": [0.53270583152771], "std_fit_time": [0.09173708862275147], "mean_score_time": [0.0016959190368652343], "std_score_time": [0.00010377946396681475]}, "score": 0.9533333333333334}, "KNeighborsClassifier": {"params": {"classification__weights": "distance", "classification__n_neighbors": 17, "classification__metric": "manhattan", "classification__leaf_size": 10}, "times": {"mean_fit_time": [0.025339365005493164], "std_fit_time": [0.006359550727076456], "mean_score_time": [0.006931781768798828], "std_score_time": [0.00030142245542963804]}, "score": 0.36}, "ComplementNB": {"params": {"classification__alpha": 0}, "times": {"mean_fit_time": [0.005008268356323242], "std_fit_time": [0.0008630603241023911], "mean_score_time": [0.0011471271514892577], "std_score_time": [8.352856007457085e-05]}, "score": 0.7233333333333333}, "LogisticRegression": {"params": {"classification__solver": "saga", "classification__C": 100}, "times": {"mean_fit_time": [0.6066846370697021], "std_fit_time": [0.027735655855826064], "mean_score_time": [0.04227151870727539], "std_score_time": [0.01147490935760988]}, "score": 0.8166666666666667}}