{"[NN]NeuralNetwork": {"params": {"classification__epochs": 15, "classification__batch_size": 30}, "times": {"mean_fit_time": [4.904379987716675, 4.1366862773895265, 3.6440024375915527, 3.205685329437256, 3.029413414001465, 4.087796211242676, 3.6492162227630613, 3.3207819938659666, 3.390821599960327, 3.0579358100891114], "std_fit_time": [0.83618372173564, 0.6673478420060338, 0.38052534219030604, 0.4503058805011424, 0.3273849947144745, 0.998726215452799, 0.2596336002329521, 0.46904455353735547, 0.7506032867414456, 0.5120326001374131], "mean_score_time": [0.4123546123504639, 0.3147115230560303, 0.5099130630493164, 0.3495765686035156, 0.4045525074005127, 0.28186783790588377, 0.31827731132507325, 0.2928458690643311, 0.2356271266937256, 0.2122243881225586], "std_score_time": [0.17677633358070188, 0.0839281586032231, 0.1730933011625636, 0.08622146146765043, 0.11446206202119703, 0.08288381956792398, 0.10493692151493146, 0.05155835146506018, 0.059580775722567675, 0.06876650237673256]}, "score": 0.9819444444444445}, "RandomForestClassifier": {"params": {"classification__n_estimators": 300, "classification__min_samples_split": 10, "classification__min_samples_leaf": 4, "classification__max_features": null, "classification__max_depth": 60, "classification__bootstrap": true}, "times": {"mean_fit_time": [0.4929049015045166, 1.3048300743103027, 1.1725109577178956], "std_fit_time": [0.07632130547600498, 0.1061429347259914, 0.020563563194016296], "mean_score_time": [0.0016147136688232423, 0.0018625259399414062, 0.0019399166107177735], "std_score_time": [0.00024546299562514147, 0.00041442408189554936, 0.0003358833157553633]}, "score": 1.0}, "KNeighborsClassifier": {"params": {"classification__weights": "uniform", "classification__n_neighbors": 9, "classification__metric": "manhattan", "classification__leaf_size": 23}, "times": {"mean_fit_time": [0.023311519622802736, 0.030209684371948244, 0.026753902435302734], "std_fit_time": [0.007565074368943544, 0.010105170579596163, 0.007559080300594616], "mean_score_time": [0.01033797264099121, 0.009844970703125, 0.008790016174316406], "std_score_time": [0.0018266408877380474, 0.0015739257884706422, 0.0004666411849133281]}, "score": 0.975}, "ComplementNB": {"params": {"classification__alpha": 1.0}, "times": {"mean_fit_time": [0.006129121780395508, 0.0037880897521972655, 0.005112504959106446], "std_fit_time": [0.0014366718018654044, 0.0002666302499493277, 0.0007989223319319243], "mean_score_time": [0.0017992019653320312, 0.0011935710906982421, 0.0012660503387451171], "std_score_time": [0.0004666896058935168, 0.00019968784493759378, 8.019706410235299e-05]}, "score": 0.8558333333333333}, "LogisticRegression": {"params": {"classification__solver": "newton-cg", "classification__C": 10}, "times": {"mean_fit_time": [0.6010339736938477, 0.10261664390563965, 0.1491842269897461], "std_fit_time": [0.04279789178090005, 0.009076919464202773, 0.017996012995590786], "mean_score_time": [0.035697221755981445, 0.0020526885986328126, 0.0017869949340820312], "std_score_time": [0.00879320226671455, 0.0004132212212114249, 0.0001773038937089672]}, "score": 0.9541666666666666}}