{"[NN]NeuralNetwork": {"params": {"classification__epochs": 10, "classification__batch_size": 30}, "times": {"mean_fit_time": [3.670300817489624, 2.6509042263031004, 2.5048996925354006, 2.559787654876709, 2.064977741241455, 2.4279041290283203, 2.3535357475280763, 2.6445898532867433, 2.5900052070617674, 2.2899279594421387], "std_fit_time": [0.3892760800214372, 0.6526067721726581, 0.31509333491568153, 0.45258585962145625, 0.08825531201404427, 0.34212631291823137, 0.3224718079350965, 0.32063378137355697, 0.5267313279048104, 0.49748577363285795], "mean_score_time": [0.31120662689208983, 0.30698537826538086, 0.2461526870727539, 0.2423851490020752, 0.26140031814575193, 0.2634409427642822, 0.2650196075439453, 0.26904783248901365, 0.27463388442993164, 0.25530376434326174], "std_score_time": [0.0568536563641965, 0.12228113245023106, 0.017478677422485336, 0.03220223938239785, 0.03875233112860068, 0.060380740850217884, 0.06071773215705286, 0.0580660996923941, 0.047874686711468516, 0.04465853535486134]}, "score": 0.9428571428571428}, "RandomForestClassifier": {"params": {"classification__n_estimators": 200, "classification__min_samples_split": 5, "classification__min_samples_leaf": 2, "classification__max_features": "sqrt", "classification__max_depth": 50, "classification__bootstrap": true}, "times": {"mean_fit_time": [0.4594855785369873, 0.7370548725128174, 0.5933642864227295], "std_fit_time": [0.05919845059897227, 0.11125143860750238, 0.08193351537123109], "mean_score_time": [0.0014568328857421874, 0.001537466049194336, 0.0019488811492919921], "std_score_time": [8.013866633955273e-05, 6.009729873516327e-05, 0.0005792375017177448]}, "score": 0.9875}, "KNeighborsClassifier": {"params": {"classification__weights": "uniform", "classification__n_neighbors": 13, "classification__metric": "euclidean", "classification__leaf_size": 20}, "times": {"mean_fit_time": [0.02501363754272461, 0.025848579406738282, 0.03234496116638184], "std_fit_time": [0.00028645110325089054, 0.0009472462430188089, 0.006165260973575377], "mean_score_time": [0.00838623046875, 0.008404111862182618, 0.00858621597290039], "std_score_time": [0.0006449193319793788, 0.0007911137391523789, 0.0008829840417005397]}, "score": 0.9180555555555555}, "ComplementNB": {"params": {"classification__alpha": 0}, "times": {"mean_fit_time": [0.004311609268188477, 0.004750680923461914, 0.006446123123168945], "std_fit_time": [0.00018196117203187165, 0.0009424832497566667, 0.001096967618579799], "mean_score_time": [0.0012070178985595704, 0.0013758182525634766, 0.0014845371246337891], "std_score_time": [5.88673963677326e-05, 0.00023103754811489813, 0.00020343130612037862]}, "score": 0.8833333333333332}, "LogisticRegression": {"params": {"classification__solver": "newton-cg", "classification__C": 0.1}, "times": {"mean_fit_time": [0.1677023410797119, 0.43466625213623045, 0.21798171997070312], "std_fit_time": [0.05048051582290337, 0.04653088449453567, 0.03212201135454801], "mean_score_time": [0.0018225669860839843, 0.03402099609375, 0.0017623424530029297], "std_score_time": [0.00030139045481668384, 0.012238219677479525, 7.983148403947761e-05]}, "score": 0.9400000000000001}}