{"[NN]NeuralNetwork": {"params": {"classification__epochs": 20, "classification__batch_size": 20}, "times": {"mean_fit_time": [3.4346008777618406, 3.53318395614624, 2.8289366722106934, 3.1087697982788085, 3.1449394702911375, 3.1619479179382326, 2.847989320755005, 3.3351213455200197, 3.203661489486694, 3.1854130744934084], "std_fit_time": [0.6011990191520016, 0.6965506280689289, 0.25600690037055707, 0.3200481955287726, 0.13550266127688868, 0.3793057601946892, 0.2756744938143787, 0.4346051307574405, 0.40983592003243596, 0.25066463159114216], "mean_score_time": [0.32568039894104006, 0.27991299629211425, 0.2775905609130859, 0.33686060905456544, 0.23830060958862304, 0.19397802352905275, 0.30142760276794434, 0.26186037063598633, 0.22810859680175782, 0.2288818836212158], "std_score_time": [0.09669570246966817, 0.03777505454719451, 0.05175277277953557, 0.06237097880802974, 0.03888304734171782, 0.039302831414508445, 0.10334068676873095, 0.04723376598822393, 0.06672335053627716, 0.04314065107018122]}, "score": 0.8433333333333334}, "RandomForestClassifier": {"params": {"classification__n_estimators": 50, "classification__min_samples_split": 2, "classification__min_samples_leaf": 1, "classification__max_features": "sqrt", "classification__max_depth": 100, "classification__bootstrap": true}, "times": {"mean_fit_time": [0.06813130378723145], "std_fit_time": [0.009291174949056251], "mean_score_time": [0.0016101837158203126], "std_score_time": [0.00029835657930884157]}, "score": 0.9800000000000001}, "KNeighborsClassifier": {"params": {"classification__weights": "uniform", "classification__n_neighbors": 1, "classification__metric": "manhattan", "classification__leaf_size": 13}, "times": {"mean_fit_time": [0.032594490051269534], "std_fit_time": [0.007259306836602147], "mean_score_time": [0.007247257232666016], "std_score_time": [0.0005605536155477651]}, "score": 0.9099999999999999}, "ComplementNB": {"params": {"classification__alpha": 0}, "times": {"mean_fit_time": [0.004793548583984375], "std_fit_time": [0.0005736715783993717], "mean_score_time": [0.0011591434478759766], "std_score_time": [0.0001137835177521428]}, "score": 0.5933333333333334}, "LogisticRegression": {"params": {"classification__solver": "saga", "classification__C": 100}, "times": {"mean_fit_time": [0.633557939529419], "std_fit_time": [0.04422763105787311], "mean_score_time": [0.04002180099487305], "std_score_time": [0.004127327897467447]}, "score": 0.7633333333333334}}