{"[NN]NeuralNetwork": {"params": {"classification__epochs": 10, "classification__batch_size": 30}, "times": {"mean_fit_time": [4.969643402099609, 3.9204870223999024, 4.284398460388184, 4.021857643127442, 4.300838851928711, 4.196686887741089, 4.557474946975708, 4.7021221160888675, 4.794270610809326, 4.202153921127319], "std_fit_time": [0.666426169667282, 0.4786993089746492, 0.28586701377552404, 0.4321661072675134, 0.7351732441921, 0.19023616085404918, 0.3912647992998749, 0.833641082306675, 0.7853271798916042, 0.8344725911291192], "mean_score_time": [0.43218159675598145, 0.3855170726776123, 0.3614207744598389, 0.3643025875091553, 0.3755342483520508, 0.37770495414733884, 0.45069375038146975, 0.41024255752563477, 0.3359712600708008, 0.3601168155670166], "std_score_time": [0.12906721034976318, 0.10746098845629205, 0.06377134042094734, 0.08666595315976211, 0.07678629897049281, 0.04782591635821432, 0.240944968127222, 0.09339143637579456, 0.11159983323964609, 0.07341200107186356]}, "score": 0.9428571428571428}, "RandomForestClassifier": {"params": {"classification__n_estimators": 200, "classification__min_samples_split": 5, "classification__min_samples_leaf": 2, "classification__max_features": "sqrt", "classification__max_depth": 50, "classification__bootstrap": true}, "times": {"mean_fit_time": [0.6912912368774414, 0.8215462684631347, 0.6597381591796875], "std_fit_time": [0.03150329582308725, 0.21250522561421314, 0.12463943000827495], "mean_score_time": [0.0021275997161865233, 0.0019274234771728515, 0.0018546581268310547], "std_score_time": [0.00045100667535810597, 0.00026661003005954494, 0.00035900473985557834]}, "score": 0.9875}, "KNeighborsClassifier": {"params": {"classification__weights": "uniform", "classification__n_neighbors": 13, "classification__metric": "euclidean", "classification__leaf_size": 20}, "times": {"mean_fit_time": [0.030330562591552736, 0.03085665702819824, 0.03938412666320801], "std_fit_time": [0.006696134794640982, 0.007643722847375621, 0.012834361405454355], "mean_score_time": [0.008819675445556641, 0.008975934982299805, 0.00727691650390625], "std_score_time": [0.0007815168801970087, 0.0009141517701253408, 0.0003938709159591469]}, "score": 0.9180555555555555}, "ComplementNB": {"params": {"classification__alpha": 0}, "times": {"mean_fit_time": [0.004756784439086914, 0.004297494888305664, 0.005764007568359375], "std_fit_time": [0.001315340625784101, 0.0006525191496538215, 0.0007188929900441064], "mean_score_time": [0.0011588096618652343, 0.001272296905517578, 0.0013614177703857421], "std_score_time": [0.00011236894009546, 0.000186493725319242, 0.00014147971427762635]}, "score": 0.8833333333333332}, "LogisticRegression": {"params": {"classification__solver": "newton-cg", "classification__C": 0.1}, "times": {"mean_fit_time": [0.14062137603759767, 0.4258023738861084, 0.25823397636413575], "std_fit_time": [0.029626079981693688, 0.04853894504793927, 0.030032113741684484], "mean_score_time": [0.0018901348114013672, 0.046340656280517575, 0.0023514747619628905], "std_score_time": [0.00028275669113028625, 0.015660153161857628, 0.0005068267902362966]}, "score": 0.9400000000000001}}