{"[NN]NeuralNetwork": {"params": {"classification__epochs": 15, "classification__batch_size": 30}, "times": {"mean_fit_time": [4.467521286010742, 4.165756368637085, 3.5643014907836914, 3.6185198783874513, 4.356940603256225, 3.3238831996917724, 4.178662061691284, 4.070329761505127, 3.654662609100342, 3.88229923248291], "std_fit_time": [1.0316398986652906, 1.2415908176780455, 0.5666408703634329, 0.3255957700057605, 0.572168723211059, 0.2925395781106096, 0.705212113031969, 0.5193484739500777, 0.4033978354284196, 0.4178126186325123], "mean_score_time": [0.3819852352142334, 0.3730130672454834, 0.3483879566192627, 0.37385010719299316, 0.34564952850341796, 0.40194053649902345, 0.31819686889648435, 0.39133100509643554, 0.3366147518157959, 0.3141638278961182], "std_score_time": [0.10920225837636921, 0.13036004976040821, 0.05615042332049578, 0.06828440293955228, 0.04349700758895039, 0.06929999751041922, 0.06665736635022458, 0.16213731516750965, 0.06248231738445845, 0.0549581876609437]}, "score": 0.9526349206349206}, "RandomForestClassifier": {"params": {"classification__n_estimators": 400, "classification__min_samples_split": 10, "classification__min_samples_leaf": 4, "classification__max_features": "log2", "classification__max_depth": 80, "classification__bootstrap": true}, "times": {"mean_fit_time": [0.7517463684082031, 3.7351637363433836, 1.177142572402954, 0.9045120239257812, 1.2174133777618408], "std_fit_time": [0.04747109635948396, 0.21136531009191203, 0.11388827379724646, 0.03540693828549485, 0.021970863249675163], "mean_score_time": [0.0019223690032958984, 0.004233169555664063, 0.0018285274505615234, 0.002044868469238281, 0.0022462844848632813], "std_score_time": [0.0002424193872540531, 0.0005060992086607258, 0.0003737873409627806, 0.0005254663788702166, 0.0003938439560755134]}, "score": 0.992}, "KNeighborsClassifier": {"params": {"classification__weights": "uniform", "classification__n_neighbors": 13, "classification__metric": "euclidean", "classification__leaf_size": 20}, "times": {"mean_fit_time": [0.04295139312744141, 0.03256645202636719, 0.03326153755187988, 0.03125782012939453, 0.029649877548217775], "std_fit_time": [0.006575746564338827, 0.005481271952353799, 0.007095890259123599, 0.015933465183697527, 0.003783194122535837], "mean_score_time": [0.00953364372253418, 0.013009166717529297, 0.010945606231689452, 0.008788251876831054, 0.011038494110107423], "std_score_time": [0.0010235000646119272, 0.006661510664132208, 0.0016314671389540166, 0.0007032271254267871, 0.001149144561974699]}, "score": 0.874}, "ComplementNB": {"params": {"classification__alpha": 0.5}, "times": {"mean_fit_time": [0.004678535461425781, 0.004714488983154297, 0.005131816864013672, 0.008526372909545898, 0.008486223220825196], "std_fit_time": [0.0001649945730765779, 0.0008759270168226998, 0.0007483496185276353, 0.0013717529869973642, 0.001365014969047042], "mean_score_time": [0.0012135505676269531, 0.0015751838684082032, 0.001475381851196289, 0.0017559051513671875, 0.0019383430480957031], "std_score_time": [7.008922319031084e-05, 0.0006626519777492471, 0.00019732921646546688, 0.0002678126258400811, 0.00026761310377425285]}, "score": 0.9033333333333333}, "LogisticRegression": {"params": {"classification__solver": "newton-cg", "classification__C": 100}, "times": {"mean_fit_time": [0.6528306484222413, 0.2564666271209717, 0.9015015602111817, 1.322366189956665, 0.6270633220672608], "std_fit_time": [0.11462752088795518, 0.13696574697873395, 0.08950314635062118, 0.09482719397838041, 0.0600423189005516], "mean_score_time": [0.002855396270751953, 0.002089071273803711, 0.0026279449462890624, 0.002483654022216797, 0.002332162857055664], "std_score_time": [0.0011350483277199148, 0.00046718584816629545, 0.00034705473495993315, 0.0004612378911921386, 0.00037051070755258337]}, "score": 0.9462857142857144}}