{"name": "RandomForestClassifier-doh_1.1.1.1-iat_only-8", "balanced_accuracy": 0.6957234684507412, "classification_report": {"alexa_swan_kettle": {"precision": 1.0, "recall": 1.0, "f1-score": 1.0, "support": 9}, "aqara_hubM2": {"precision": 0.0, "recall": 0.0, "f1-score": 0.0, "support": 7}, "arlo_camera_pro4": {"precision": 1.0, "recall": 0.8333333333333334, "f1-score": 0.9090909090909091, "support": 12}, "boifun_baby": {"precision": 0.5, "recall": 0.7142857142857143, "f1-score": 0.588235294117647, "support": 7}, "bose_speaker": {"precision": 0.5454545454545454, "recall": 0.6666666666666666, "f1-score": 0.6, "support": 9}, "cosori_air_fryer": {"precision": 0.36363636363636365, "recall": 0.5714285714285714, "f1-score": 0.4444444444444444, "support": 7}, "echodot5": {"precision": 0.26666666666666666, "recall": 0.6666666666666666, "f1-score": 0.3809523809523809, "support": 6}, "google_nest_doorbell": {"precision": 0.625, "recall": 0.5555555555555556, "f1-score": 0.5882352941176471, "support": 9}, "google_nest_hub": {"precision": 1.0, "recall": 0.8888888888888888, "f1-score": 0.9411764705882353, "support": 9}, "govee_strip_light": {"precision": 1.0, "recall": 1.0, "f1-score": 1.0, "support": 14}, "iROBOT_roomba": {"precision": 0.0, "recall": 0.0, "f1-score": 0.0, "support": 8}, "nest_cam": {"precision": 0.75, "recall": 0.2727272727272727, "f1-score": 0.39999999999999997, "support": 11}, "netatmo_weather_station": {"precision": 0.1875, "recall": 1.0, "f1-score": 0.3157894736842105, "support": 3}, "petsafe_feeder": {"precision": 1.0, "recall": 0.42857142857142855, "f1-score": 0.6, "support": 14}, "ring_chime_pro": {"precision": 0.7142857142857143, "recall": 0.5, "f1-score": 0.588235294117647, "support": 10}, "simplicam": {"precision": 1.0, "recall": 1.0, "f1-score": 1.0, "support": 5}, "sonos_speaker": {"precision": 1.0, "recall": 0.9090909090909091, "f1-score": 0.9523809523809523, "support": 11}, "switchbot_hub_mini_1": {"precision": 0.7142857142857143, "recall": 1.0, "f1-score": 0.8333333333333333, "support": 10}, "vtech_baby_monitor": {"precision": 0.9090909090909091, "recall": 1.0, "f1-score": 0.9523809523809523, "support": 10}, "withings_sleep_analyser": {"precision": 0.6, "recall": 1.0, "f1-score": 0.7499999999999999, "support": 3}, "wiz_smart_bulb": {"precision": 0.5714285714285714, "recall": 0.5714285714285714, "f1-score": 0.5714285714285714, "support": 7}, "wyze_cam_pan_v2": {"precision": 0.7272727272727273, "recall": 0.7272727272727273, "f1-score": 0.7272727272727273, "support": 11}, "accuracy": 0.6875, "macro avg": {"precision": 0.6579373278236914, "recall": 0.6957234684507412, "f1-score": 0.6428616408140754, "support": 192}, "weighted avg": {"precision": 0.7196284834956709, "recall": 0.6875, "f1-score": 0.6760485622013291, "support": 192}}}
