{"name": "RandomForestClassifier-dot_1.1.1.1-iat_only-13", "balanced_accuracy": 0.7214023350386987, "classification_report": {"alexa_swan_kettle": {"precision": 1.0, "recall": 1.0, "f1-score": 1.0, "support": 7}, "aqara_hubM2": {"precision": 0.0, "recall": 0.0, "f1-score": 0.0, "support": 9}, "arlo_camera_pro4": {"precision": 1.0, "recall": 1.0, "f1-score": 1.0, "support": 11}, "boifun_baby": {"precision": 0.4444444444444444, "recall": 1.0, "f1-score": 0.6153846153846153, "support": 4}, "bose_speaker": {"precision": 0.5, "recall": 0.14285714285714285, "f1-score": 0.22222222222222224, "support": 7}, "cosori_air_fryer": {"precision": 0.5, "recall": 0.6666666666666666, "f1-score": 0.5714285714285715, "support": 9}, "echodot5": {"precision": 0.375, "recall": 0.6666666666666666, "f1-score": 0.4800000000000001, "support": 9}, "google_nest_doorbell": {"precision": 0.7777777777777778, "recall": 0.6363636363636364, "f1-score": 0.7000000000000001, "support": 11}, "google_nest_hub": {"precision": 0.875, "recall": 0.7777777777777778, "f1-score": 0.823529411764706, "support": 9}, "govee_strip_light": {"precision": 1.0, "recall": 1.0, "f1-score": 1.0, "support": 6}, "iROBOT_roomba": {"precision": 0.0, "recall": 0.0, "f1-score": 0.0, "support": 13}, "nest_cam": {"precision": 0.8, "recall": 0.5714285714285714, "f1-score": 0.6666666666666666, "support": 7}, "netatmo_weather_station": {"precision": 0.16666666666666666, "recall": 1.0, "f1-score": 0.2857142857142857, "support": 4}, "petsafe_feeder": {"precision": 1.0, "recall": 0.4, "f1-score": 0.5714285714285715, "support": 10}, "ring_chime_pro": {"precision": 0.9, "recall": 0.6, "f1-score": 0.7200000000000001, "support": 15}, "simplicam": {"precision": 1.0, "recall": 1.0, "f1-score": 1.0, "support": 10}, "sonos_speaker": {"precision": 1.0, "recall": 0.9090909090909091, "f1-score": 0.9523809523809523, "support": 11}, "switchbot_hub_mini_1": {"precision": 0.75, "recall": 1.0, "f1-score": 0.8571428571428571, "support": 12}, "vtech_baby_monitor": {"precision": 0.8571428571428571, "recall": 1.0, "f1-score": 0.923076923076923, "support": 6}, "withings_sleep_analyser": {"precision": 0.7777777777777778, "recall": 1.0, "f1-score": 0.8750000000000001, "support": 7}, "wiz_smart_bulb": {"precision": 0.75, "recall": 0.6666666666666666, "f1-score": 0.7058823529411765, "support": 9}, "wyze_cam_pan_v2": {"precision": 0.5555555555555556, "recall": 0.8333333333333334, "f1-score": 0.6666666666666667, "support": 6}, "accuracy": 0.6875, "macro avg": {"precision": 0.6831529581529582, "recall": 0.7214023350386987, "f1-score": 0.6652965498553733, "support": 192}, "weighted avg": {"precision": 0.6980241402116403, "recall": 0.6875, "f1-score": 0.665072046179583, "support": 192}}}
