{"name": "RandomForestClassifier-dot_8.8.8.8-iat_only-0", "balanced_accuracy": 0.6720468925014381, "classification_report": {"alexa_swan_kettle": {"precision": 0.9, "recall": 0.9, "f1-score": 0.9, "support": 10}, "aqara_hubM2": {"precision": 0.0, "recall": 0.0, "f1-score": 0.0, "support": 4}, "arlo_camera_pro4": {"precision": 1.0, "recall": 0.8, "f1-score": 0.888888888888889, "support": 5}, "boifun_baby": {"precision": 0.6, "recall": 0.42857142857142855, "f1-score": 0.5, "support": 7}, "bose_speaker": {"precision": 0.25, "recall": 0.5, "f1-score": 0.3333333333333333, "support": 4}, "cosori_air_fryer": {"precision": 0.6470588235294118, "recall": 0.8461538461538461, "f1-score": 0.7333333333333334, "support": 13}, "echodot5": {"precision": 0.4, "recall": 0.4, "f1-score": 0.4000000000000001, "support": 5}, "google_nest_doorbell": {"precision": 0.7222222222222222, "recall": 0.9285714285714286, "f1-score": 0.8125000000000001, "support": 14}, "google_nest_hub": {"precision": 0.8, "recall": 0.5, "f1-score": 0.6153846153846154, "support": 8}, "govee_strip_light": {"precision": 0.9, "recall": 1.0, "f1-score": 0.9473684210526316, "support": 9}, "iROBOT_roomba": {"precision": 0.6875, "recall": 0.9166666666666666, "f1-score": 0.7857142857142857, "support": 12}, "nest_cam": {"precision": 0.6666666666666666, "recall": 0.18181818181818182, "f1-score": 0.28571428571428575, "support": 11}, "netatmo_weather_station": {"precision": 0.0, "recall": 0.0, "f1-score": 0.0, "support": 2}, "petsafe_feeder": {"precision": 0.8571428571428571, "recall": 0.5, "f1-score": 0.631578947368421, "support": 12}, "ring_chime_pro": {"precision": 0.375, "recall": 0.6666666666666666, "f1-score": 0.4800000000000001, "support": 9}, "simplicam": {"precision": 1.0, "recall": 1.0, "f1-score": 1.0, "support": 9}, "sonos_speaker": {"precision": 1.0, "recall": 1.0, "f1-score": 1.0, "support": 6}, "switchbot_hub_mini_1": {"precision": 0.7857142857142857, "recall": 1.0, "f1-score": 0.88, "support": 11}, "vtech_baby_monitor": {"precision": 1.0, "recall": 0.9230769230769231, "f1-score": 0.9600000000000001, "support": 13}, "withings_sleep_analyser": {"precision": 0.75, "recall": 0.8571428571428571, "f1-score": 0.7999999999999999, "support": 7}, "wiz_smart_bulb": {"precision": 0.7777777777777778, "recall": 0.6363636363636364, "f1-score": 0.7000000000000001, "support": 11}, "wyze_cam_pan_v2": {"precision": 0.8888888888888888, "recall": 0.8, "f1-score": 0.8421052631578948, "support": 10}, "accuracy": 0.734375, "macro avg": {"precision": 0.6821805237246414, "recall": 0.6720468925014381, "f1-score": 0.6589055169976223, "support": 192}, "weighted avg": {"precision": 0.7437720053299097, "recall": 0.734375, "f1-score": 0.718681939557762, "support": 192}}}
