{"name": "RandomForestClassifier-dot_1.1.1.1-iat_only-7", "balanced_accuracy": 0.754563492063492, "classification_report": {"alexa_swan_kettle": {"precision": 1.0, "recall": 1.0, "f1-score": 1.0, "support": 8}, "aqara_hubM2": {"precision": 0.0, "recall": 0.0, "f1-score": 0.0, "support": 6}, "arlo_camera_pro4": {"precision": 1.0, "recall": 1.0, "f1-score": 1.0, "support": 11}, "boifun_baby": {"precision": 0.6428571428571429, "recall": 1.0, "f1-score": 0.782608695652174, "support": 9}, "bose_speaker": {"precision": 1.0, "recall": 0.4, "f1-score": 0.5714285714285715, "support": 5}, "cosori_air_fryer": {"precision": 0.8333333333333334, "recall": 1.0, "f1-score": 0.9090909090909091, "support": 10}, "echodot5": {"precision": 0.35714285714285715, "recall": 1.0, "f1-score": 0.5263157894736842, "support": 5}, "google_nest_doorbell": {"precision": 0.6666666666666666, "recall": 0.3333333333333333, "f1-score": 0.4444444444444444, "support": 6}, "google_nest_hub": {"precision": 1.0, "recall": 0.7777777777777778, "f1-score": 0.8750000000000001, "support": 9}, "govee_strip_light": {"precision": 1.0, "recall": 1.0, "f1-score": 1.0, "support": 11}, "iROBOT_roomba": {"precision": 0.0, "recall": 0.0, "f1-score": 0.0, "support": 11}, "nest_cam": {"precision": 0.75, "recall": 0.6666666666666666, "f1-score": 0.7058823529411765, "support": 9}, "netatmo_weather_station": {"precision": 0.1111111111111111, "recall": 1.0, "f1-score": 0.19999999999999998, "support": 2}, "petsafe_feeder": {"precision": 1.0, "recall": 0.3333333333333333, "f1-score": 0.5, "support": 9}, "ring_chime_pro": {"precision": 0.75, "recall": 0.375, "f1-score": 0.5, "support": 8}, "simplicam": {"precision": 1.0, "recall": 1.0, "f1-score": 1.0, "support": 13}, "sonos_speaker": {"precision": 0.9090909090909091, "recall": 1.0, "f1-score": 0.9523809523809523, "support": 10}, "switchbot_hub_mini_1": {"precision": 0.75, "recall": 1.0, "f1-score": 0.8571428571428571, "support": 15}, "vtech_baby_monitor": {"precision": 1.0, "recall": 1.0, "f1-score": 1.0, "support": 5}, "withings_sleep_analyser": {"precision": 0.9, "recall": 1.0, "f1-score": 0.9473684210526316, "support": 9}, "wiz_smart_bulb": {"precision": 1.0, "recall": 0.8571428571428571, "f1-score": 0.923076923076923, "support": 7}, "wyze_cam_pan_v2": {"precision": 1.0, "recall": 0.8571428571428571, "f1-score": 0.923076923076923, "support": 14}, "accuracy": 0.7760416666666666, "macro avg": {"precision": 0.7577364554637281, "recall": 0.754563492063492, "f1-score": 0.7099007654436931, "support": 192}, "weighted avg": {"precision": 0.7985306938431939, "recall": 0.7760416666666666, "f1-score": 0.7589041695545243, "support": 192}}}
