{"name": "RandomForestClassifier-doh_8.8.4.4-padding_128_bytes_both-12", "balanced_accuracy": 0.8170745920745922, "classification_report": {"alexa_swan_kettle": {"precision": 0.9, "recall": 1.0, "f1-score": 0.9473684210526316, "support": 9}, "aqara_hubM2": {"precision": 0.0, "recall": 0.0, "f1-score": 0.0, "support": 6}, "arlo_camera_pro4": {"precision": 1.0, "recall": 1.0, "f1-score": 1.0, "support": 7}, "boifun_baby": {"precision": 1.0, "recall": 1.0, "f1-score": 1.0, "support": 8}, "bose_speaker": {"precision": 1.0, "recall": 1.0, "f1-score": 1.0, "support": 9}, "cosori_air_fryer": {"precision": 0.4166666666666667, "recall": 0.8333333333333334, "f1-score": 0.5555555555555556, "support": 6}, "echodot5": {"precision": 0.8, "recall": 0.8, "f1-score": 0.8000000000000002, "support": 5}, "google_nest_doorbell": {"precision": 1.0, "recall": 0.875, "f1-score": 0.9333333333333333, "support": 8}, "google_nest_hub": {"precision": 1.0, "recall": 1.0, "f1-score": 1.0, "support": 8}, "govee_strip_light": {"precision": 1.0, "recall": 1.0, "f1-score": 1.0, "support": 14}, "iROBOT_roomba": {"precision": 0.0, "recall": 0.0, "f1-score": 0.0, "support": 9}, "nest_cam": {"precision": 1.0, "recall": 0.9230769230769231, "f1-score": 0.9600000000000001, "support": 13}, "netatmo_weather_station": {"precision": 0.16666666666666666, "recall": 1.0, "f1-score": 0.2857142857142857, "support": 3}, "petsafe_feeder": {"precision": 1.0, "recall": 0.4, "f1-score": 0.5714285714285715, "support": 10}, "ring_chime_pro": {"precision": 0.9090909090909091, "recall": 1.0, "f1-score": 0.9523809523809523, "support": 10}, "simplicam": {"precision": 0.8333333333333334, "recall": 1.0, "f1-score": 0.9090909090909091, "support": 5}, "sonos_speaker": {"precision": 1.0, "recall": 1.0, "f1-score": 1.0, "support": 12}, "switchbot_hub_mini_1": {"precision": 0.7857142857142857, "recall": 1.0, "f1-score": 0.88, "support": 11}, "vtech_baby_monitor": {"precision": 1.0, "recall": 1.0, "f1-score": 1.0, "support": 10}, "withings_sleep_analyser": {"precision": 0.7272727272727273, "recall": 1.0, "f1-score": 0.8421052631578948, "support": 8}, "wiz_smart_bulb": {"precision": 0.75, "recall": 0.375, "f1-score": 0.5, "support": 8}, "wyze_cam_pan_v2": {"precision": 1.0, "recall": 0.7692307692307693, "f1-score": 0.8695652173913044, "support": 13}, "accuracy": 0.828125, "macro avg": {"precision": 0.7858520267611179, "recall": 0.8170745920745922, "f1-score": 0.7730246595047927, "support": 192}, "weighted avg": {"precision": 0.8375969516594516, "recall": 0.828125, "f1-score": 0.8133760331328982, "support": 192}}}
