{"name": "RandomForestClassifier-doh_1.1.1.1-padding_random_block_both-1", "balanced_accuracy": 0.8230504344140709, "classification_report": {"alexa_swan_kettle": {"precision": 0.8181818181818182, "recall": 0.8181818181818182, "f1-score": 0.8181818181818182, "support": 11}, "aqara_hubM2": {"precision": 0.0, "recall": 0.0, "f1-score": 0.0, "support": 7}, "arlo_camera_pro4": {"precision": 0.9090909090909091, "recall": 0.9090909090909091, "f1-score": 0.9090909090909091, "support": 11}, "boifun_baby": {"precision": 1.0, "recall": 1.0, "f1-score": 1.0, "support": 4}, "bose_speaker": {"precision": 1.0, "recall": 1.0, "f1-score": 1.0, "support": 11}, "cosori_air_fryer": {"precision": 0.6666666666666666, "recall": 0.7272727272727273, "f1-score": 0.6956521739130435, "support": 11}, "echodot5": {"precision": 0.7142857142857143, "recall": 1.0, "f1-score": 0.8333333333333333, "support": 5}, "google_nest_doorbell": {"precision": 1.0, "recall": 1.0, "f1-score": 1.0, "support": 10}, "google_nest_hub": {"precision": 1.0, "recall": 1.0, "f1-score": 1.0, "support": 12}, "govee_strip_light": {"precision": 1.0, "recall": 1.0, "f1-score": 1.0, "support": 11}, "iROBOT_roomba": {"precision": 0.45, "recall": 1.0, "f1-score": 0.6206896551724138, "support": 9}, "nest_cam": {"precision": 1.0, "recall": 0.8333333333333334, "f1-score": 0.9090909090909091, "support": 12}, "netatmo_weather_station": {"precision": 0.0, "recall": 0.0, "f1-score": 0.0, "support": 5}, "petsafe_feeder": {"precision": 1.0, "recall": 0.25, "f1-score": 0.4, "support": 8}, "ring_chime_pro": {"precision": 1.0, "recall": 1.0, "f1-score": 1.0, "support": 7}, "simplicam": {"precision": 1.0, "recall": 1.0, "f1-score": 1.0, "support": 7}, "sonos_speaker": {"precision": 0.9090909090909091, "recall": 1.0, "f1-score": 0.9523809523809523, "support": 10}, "switchbot_hub_mini_1": {"precision": 0.8235294117647058, "recall": 1.0, "f1-score": 0.9032258064516129, "support": 14}, "vtech_baby_monitor": {"precision": 1.0, "recall": 1.0, "f1-score": 1.0, "support": 4}, "withings_sleep_analyser": {"precision": 0.5555555555555556, "recall": 1.0, "f1-score": 0.7142857142857143, "support": 5}, "wiz_smart_bulb": {"precision": 0.6666666666666666, "recall": 0.8, "f1-score": 0.7272727272727272, "support": 5}, "wyze_cam_pan_v2": {"precision": 1.0, "recall": 0.7692307692307693, "f1-score": 0.8695652173913044, "support": 13}, "accuracy": 0.84375, "macro avg": {"precision": 0.7960485296046794, "recall": 0.8230504344140709, "f1-score": 0.788762237116579, "support": 192}, "weighted avg": {"precision": 0.8316989264139999, "recall": 0.84375, "f1-score": 0.8187252564237711, "support": 192}}}
