{"name": "RandomForestClassifier-doh_8.8.4.4-padding_128_bytes_down-3", "balanced_accuracy": 0.8446051423324149, "classification_report": {"alexa_swan_kettle": {"precision": 1.0, "recall": 1.0, "f1-score": 1.0, "support": 11}, "aqara_hubM2": {"precision": 0.3333333333333333, "recall": 0.6666666666666666, "f1-score": 0.4444444444444444, "support": 6}, "arlo_camera_pro4": {"precision": 1.0, "recall": 1.0, "f1-score": 1.0, "support": 19}, "boifun_baby": {"precision": 0.875, "recall": 1.0, "f1-score": 0.9333333333333333, "support": 7}, "bose_speaker": {"precision": 1.0, "recall": 0.9090909090909091, "f1-score": 0.9523809523809523, "support": 11}, "cosori_air_fryer": {"precision": 0.5789473684210527, "recall": 0.9166666666666666, "f1-score": 0.7096774193548387, "support": 12}, "echodot5": {"precision": 1.0, "recall": 1.0, "f1-score": 1.0, "support": 8}, "google_nest_doorbell": {"precision": 1.0, "recall": 1.0, "f1-score": 1.0, "support": 7}, "google_nest_hub": {"precision": 0.875, "recall": 1.0, "f1-score": 0.9333333333333333, "support": 7}, "govee_strip_light": {"precision": 1.0, "recall": 1.0, "f1-score": 1.0, "support": 9}, "iROBOT_roomba": {"precision": 1.0, "recall": 0.5, "f1-score": 0.6666666666666666, "support": 6}, "nest_cam": {"precision": 1.0, "recall": 1.0, "f1-score": 1.0, "support": 9}, "netatmo_weather_station": {"precision": 0.0, "recall": 0.0, "f1-score": 0.0, "support": 6}, "petsafe_feeder": {"precision": 1.0, "recall": 0.4, "f1-score": 0.5714285714285715, "support": 10}, "ring_chime_pro": {"precision": 0.9375, "recall": 1.0, "f1-score": 0.967741935483871, "support": 15}, "simplicam": {"precision": 1.0, "recall": 1.0, "f1-score": 1.0, "support": 6}, "sonos_speaker": {"precision": 1.0, "recall": 0.8888888888888888, "f1-score": 0.9411764705882353, "support": 9}, "switchbot_hub_mini_1": {"precision": 0.8181818181818182, "recall": 1.0, "f1-score": 0.9, "support": 9}, "vtech_baby_monitor": {"precision": 1.0, "recall": 0.9, "f1-score": 0.9473684210526316, "support": 10}, "withings_sleep_analyser": {"precision": 0.6666666666666666, "recall": 1.0, "f1-score": 0.8, "support": 4}, "wiz_smart_bulb": {"precision": 1.0, "recall": 0.4, "f1-score": 0.5714285714285715, "support": 5}, "wyze_cam_pan_v2": {"precision": 1.0, "recall": 1.0, "f1-score": 1.0, "support": 6}, "accuracy": 0.875, "macro avg": {"precision": 0.8674831448455851, "recall": 0.8446051423324149, "f1-score": 0.8335900054316115, "support": 192}, "weighted avg": {"precision": 0.8921363096424774, "recall": 0.875, "f1-score": 0.8648827233921299, "support": 192}}}
