{"name": "RandomForestClassifier-dot_1.1.1.1-iat_only-3", "balanced_accuracy": 0.7203217237308146, "classification_report": {"alexa_swan_kettle": {"precision": 0.9166666666666666, "recall": 1.0, "f1-score": 0.9565217391304348, "support": 11}, "aqara_hubM2": {"precision": 0.0, "recall": 0.0, "f1-score": 0.0, "support": 6}, "arlo_camera_pro4": {"precision": 1.0, "recall": 1.0, "f1-score": 1.0, "support": 19}, "boifun_baby": {"precision": 0.5454545454545454, "recall": 0.8571428571428571, "f1-score": 0.6666666666666665, "support": 7}, "bose_speaker": {"precision": 1.0, "recall": 0.6363636363636364, "f1-score": 0.7777777777777778, "support": 11}, "cosori_air_fryer": {"precision": 0.5294117647058824, "recall": 0.75, "f1-score": 0.6206896551724139, "support": 12}, "echodot5": {"precision": 0.3888888888888889, "recall": 0.875, "f1-score": 0.5384615384615385, "support": 8}, "google_nest_doorbell": {"precision": 0.6666666666666666, "recall": 0.5714285714285714, "f1-score": 0.6153846153846153, "support": 7}, "google_nest_hub": {"precision": 0.8571428571428571, "recall": 0.8571428571428571, "f1-score": 0.8571428571428571, "support": 7}, "govee_strip_light": {"precision": 1.0, "recall": 1.0, "f1-score": 1.0, "support": 9}, "iROBOT_roomba": {"precision": 0.3333333333333333, "recall": 0.8333333333333334, "f1-score": 0.47619047619047616, "support": 6}, "nest_cam": {"precision": 1.0, "recall": 0.4444444444444444, "f1-score": 0.6153846153846153, "support": 9}, "netatmo_weather_station": {"precision": 0.0, "recall": 0.0, "f1-score": 0.0, "support": 6}, "petsafe_feeder": {"precision": 1.0, "recall": 0.3, "f1-score": 0.4615384615384615, "support": 10}, "ring_chime_pro": {"precision": 0.8, "recall": 0.5333333333333333, "f1-score": 0.64, "support": 15}, "simplicam": {"precision": 1.0, "recall": 1.0, "f1-score": 1.0, "support": 6}, "sonos_speaker": {"precision": 1.0, "recall": 0.8888888888888888, "f1-score": 0.9411764705882353, "support": 9}, "switchbot_hub_mini_1": {"precision": 0.75, "recall": 1.0, "f1-score": 0.8571428571428571, "support": 9}, "vtech_baby_monitor": {"precision": 1.0, "recall": 0.9, "f1-score": 0.9473684210526316, "support": 10}, "withings_sleep_analyser": {"precision": 0.6666666666666666, "recall": 1.0, "f1-score": 0.8, "support": 4}, "wiz_smart_bulb": {"precision": 0.6666666666666666, "recall": 0.4, "f1-score": 0.5, "support": 5}, "wyze_cam_pan_v2": {"precision": 0.6666666666666666, "recall": 1.0, "f1-score": 0.8, "support": 6}, "accuracy": 0.7395833333333334, "macro avg": {"precision": 0.7176165783117653, "recall": 0.7203217237308146, "f1-score": 0.6850657341651629, "support": 192}, "weighted avg": {"precision": 0.7696991359675183, "recall": 0.7395833333333334, "f1-score": 0.7217560885479465, "support": 192}}}
