{"name": "RandomForestClassifier-doh_1.1.1.1-iat_only-9", "balanced_accuracy": 0.7360442587715315, "classification_report": {"alexa_swan_kettle": {"precision": 1.0, "recall": 1.0, "f1-score": 1.0, "support": 14}, "aqara_hubM2": {"precision": 0.0, "recall": 0.0, "f1-score": 0.0, "support": 8}, "arlo_camera_pro4": {"precision": 1.0, "recall": 0.9090909090909091, "f1-score": 0.9523809523809523, "support": 11}, "boifun_baby": {"precision": 0.45454545454545453, "recall": 1.0, "f1-score": 0.625, "support": 5}, "bose_speaker": {"precision": 0.5, "recall": 1.0, "f1-score": 0.6666666666666666, "support": 2}, "cosori_air_fryer": {"precision": 0.5454545454545454, "recall": 1.0, "f1-score": 0.7058823529411764, "support": 6}, "echodot5": {"precision": 0.26666666666666666, "recall": 0.5714285714285714, "f1-score": 0.36363636363636365, "support": 7}, "google_nest_doorbell": {"precision": 0.9090909090909091, "recall": 0.7692307692307693, "f1-score": 0.8333333333333333, "support": 13}, "google_nest_hub": {"precision": 0.5714285714285714, "recall": 0.5, "f1-score": 0.5333333333333333, "support": 8}, "govee_strip_light": {"precision": 1.0, "recall": 1.0, "f1-score": 1.0, "support": 11}, "iROBOT_roomba": {"precision": 0.0, "recall": 0.0, "f1-score": 0.0, "support": 11}, "nest_cam": {"precision": 0.8, "recall": 0.4444444444444444, "f1-score": 0.5714285714285714, "support": 9}, "netatmo_weather_station": {"precision": 0.21739130434782608, "recall": 1.0, "f1-score": 0.3571428571428571, "support": 5}, "petsafe_feeder": {"precision": 1.0, "recall": 0.5384615384615384, "f1-score": 0.7000000000000001, "support": 13}, "ring_chime_pro": {"precision": 1.0, "recall": 0.3333333333333333, "f1-score": 0.5, "support": 9}, "simplicam": {"precision": 1.0, "recall": 1.0, "f1-score": 1.0, "support": 6}, "sonos_speaker": {"precision": 1.0, "recall": 0.8888888888888888, "f1-score": 0.9411764705882353, "support": 9}, "switchbot_hub_mini_1": {"precision": 0.7333333333333333, "recall": 1.0, "f1-score": 0.846153846153846, "support": 11}, "vtech_baby_monitor": {"precision": 0.9090909090909091, "recall": 0.8333333333333334, "f1-score": 0.8695652173913043, "support": 12}, "withings_sleep_analyser": {"precision": 0.9, "recall": 1.0, "f1-score": 0.9473684210526316, "support": 9}, "wiz_smart_bulb": {"precision": 1.0, "recall": 0.5714285714285714, "f1-score": 0.7272727272727273, "support": 7}, "wyze_cam_pan_v2": {"precision": 0.8333333333333334, "recall": 0.8333333333333334, "f1-score": 0.8333333333333334, "support": 6}, "accuracy": 0.71875, "macro avg": {"precision": 0.7109243194223431, "recall": 0.7360442587715315, "f1-score": 0.6806215657570607, "support": 192}, "weighted avg": {"precision": 0.7560648213501474, "recall": 0.71875, "f1-score": 0.7040319371524046, "support": 192}}}
