{"name": "RandomForestClassifier-doh_8.8.4.4-padding_random_block_down-4", "balanced_accuracy": 0.8458103764921947, "classification_report": {"alexa_swan_kettle": {"precision": 1.0, "recall": 1.0, "f1-score": 1.0, "support": 4}, "aqara_hubM2": {"precision": 0.0, "recall": 0.0, "f1-score": 0.0, "support": 10}, "arlo_camera_pro4": {"precision": 1.0, "recall": 1.0, "f1-score": 1.0, "support": 9}, "boifun_baby": {"precision": 0.9166666666666666, "recall": 1.0, "f1-score": 0.9565217391304348, "support": 11}, "bose_speaker": {"precision": 1.0, "recall": 1.0, "f1-score": 1.0, "support": 5}, "cosori_air_fryer": {"precision": 0.6363636363636364, "recall": 0.875, "f1-score": 0.7368421052631579, "support": 8}, "echodot5": {"precision": 1.0, "recall": 0.8181818181818182, "f1-score": 0.9, "support": 11}, "google_nest_doorbell": {"precision": 0.9166666666666666, "recall": 0.9166666666666666, "f1-score": 0.9166666666666666, "support": 12}, "google_nest_hub": {"precision": 1.0, "recall": 1.0, "f1-score": 1.0, "support": 7}, "govee_strip_light": {"precision": 1.0, "recall": 1.0, "f1-score": 1.0, "support": 15}, "iROBOT_roomba": {"precision": 1.0, "recall": 0.16666666666666666, "f1-score": 0.2857142857142857, "support": 6}, "nest_cam": {"precision": 1.0, "recall": 0.9090909090909091, "f1-score": 0.9523809523809523, "support": 11}, "netatmo_weather_station": {"precision": 0.17647058823529413, "recall": 1.0, "f1-score": 0.3, "support": 3}, "petsafe_feeder": {"precision": 1.0, "recall": 0.5, "f1-score": 0.6666666666666666, "support": 6}, "ring_chime_pro": {"precision": 0.9411764705882353, "recall": 1.0, "f1-score": 0.9696969696969697, "support": 16}, "simplicam": {"precision": 0.8, "recall": 1.0, "f1-score": 0.888888888888889, "support": 4}, "sonos_speaker": {"precision": 0.9333333333333333, "recall": 0.9333333333333333, "f1-score": 0.9333333333333333, "support": 15}, "switchbot_hub_mini_1": {"precision": 0.7272727272727273, "recall": 1.0, "f1-score": 0.8421052631578948, "support": 8}, "vtech_baby_monitor": {"precision": 1.0, "recall": 1.0, "f1-score": 1.0, "support": 7}, "withings_sleep_analyser": {"precision": 0.8888888888888888, "recall": 0.8888888888888888, "f1-score": 0.8888888888888888, "support": 9}, "wiz_smart_bulb": {"precision": 0.8571428571428571, "recall": 0.6, "f1-score": 0.7058823529411764, "support": 10}, "wyze_cam_pan_v2": {"precision": 1.0, "recall": 1.0, "f1-score": 1.0, "support": 5}, "accuracy": 0.8489583333333334, "macro avg": {"precision": 0.8542719015981048, "recall": 0.8458103764921947, "f1-score": 0.8156176414876962, "support": 192}, "weighted avg": {"precision": 0.8716254588956794, "recall": 0.8489583333333334, "f1-score": 0.8399652336895741, "support": 192}}}
