{"name": "RandomForestClassifier-dot_1.1.1.1-padding_128_bytes_both-2", "balanced_accuracy": 0.835371572871573, "classification_report": {"alexa_swan_kettle": {"precision": 1.0, "recall": 1.0, "f1-score": 1.0, "support": 5}, "aqara_hubM2": {"precision": 0.0, "recall": 0.0, "f1-score": 0.0, "support": 6}, "arlo_camera_pro4": {"precision": 1.0, "recall": 0.8333333333333334, "f1-score": 0.9090909090909091, "support": 6}, "boifun_baby": {"precision": 1.0, "recall": 1.0, "f1-score": 1.0, "support": 10}, "bose_speaker": {"precision": 1.0, "recall": 1.0, "f1-score": 1.0, "support": 11}, "cosori_air_fryer": {"precision": 0.6363636363636364, "recall": 0.875, "f1-score": 0.7368421052631579, "support": 8}, "echodot5": {"precision": 1.0, "recall": 0.9, "f1-score": 0.9473684210526316, "support": 10}, "google_nest_doorbell": {"precision": 1.0, "recall": 1.0, "f1-score": 1.0, "support": 7}, "google_nest_hub": {"precision": 1.0, "recall": 1.0, "f1-score": 1.0, "support": 10}, "govee_strip_light": {"precision": 1.0, "recall": 1.0, "f1-score": 1.0, "support": 12}, "iROBOT_roomba": {"precision": 0.55, "recall": 1.0, "f1-score": 0.7096774193548387, "support": 11}, "nest_cam": {"precision": 1.0, "recall": 0.8571428571428571, "f1-score": 0.923076923076923, "support": 7}, "netatmo_weather_station": {"precision": 0.0, "recall": 0.0, "f1-score": 0.0, "support": 4}, "petsafe_feeder": {"precision": 1.0, "recall": 0.5, "f1-score": 0.6666666666666666, "support": 6}, "ring_chime_pro": {"precision": 0.9333333333333333, "recall": 1.0, "f1-score": 0.9655172413793104, "support": 14}, "simplicam": {"precision": 0.8461538461538461, "recall": 1.0, "f1-score": 0.9166666666666666, "support": 11}, "sonos_speaker": {"precision": 1.0, "recall": 1.0, "f1-score": 1.0, "support": 8}, "switchbot_hub_mini_1": {"precision": 0.7, "recall": 1.0, "f1-score": 0.8235294117647058, "support": 7}, "vtech_baby_monitor": {"precision": 1.0, "recall": 1.0, "f1-score": 1.0, "support": 13}, "withings_sleep_analyser": {"precision": 0.8333333333333334, "recall": 1.0, "f1-score": 0.9090909090909091, "support": 10}, "wiz_smart_bulb": {"precision": 0.8333333333333334, "recall": 0.5555555555555556, "f1-score": 0.6666666666666667, "support": 9}, "wyze_cam_pan_v2": {"precision": 1.0, "recall": 0.8571428571428571, "f1-score": 0.923076923076923, "support": 7}, "accuracy": 0.8854166666666666, "macro avg": {"precision": 0.8332962492053398, "recall": 0.835371572871573, "f1-score": 0.8226031937795596, "support": 192}, "weighted avg": {"precision": 0.8658781322843824, "recall": 0.8854166666666666, "f1-score": 0.8646285662972025, "support": 192}}}
