{"name": "RandomForestClassifier-doh_8.8.4.4-iat_only-3", "balanced_accuracy": 0.7542683326774235, "classification_report": {"alexa_swan_kettle": {"precision": 1.0, "recall": 1.0, "f1-score": 1.0, "support": 11}, "aqara_hubM2": {"precision": 0.0, "recall": 0.0, "f1-score": 0.0, "support": 6}, "arlo_camera_pro4": {"precision": 0.95, "recall": 1.0, "f1-score": 0.9743589743589743, "support": 19}, "boifun_baby": {"precision": 0.7142857142857143, "recall": 0.7142857142857143, "f1-score": 0.7142857142857143, "support": 7}, "bose_speaker": {"precision": 1.0, "recall": 0.6363636363636364, "f1-score": 0.7777777777777778, "support": 11}, "cosori_air_fryer": {"precision": 0.8571428571428571, "recall": 0.5, "f1-score": 0.631578947368421, "support": 12}, "echodot5": {"precision": 0.3888888888888889, "recall": 0.875, "f1-score": 0.5384615384615385, "support": 8}, "google_nest_doorbell": {"precision": 0.8571428571428571, "recall": 0.8571428571428571, "f1-score": 0.8571428571428571, "support": 7}, "google_nest_hub": {"precision": 1.0, "recall": 1.0, "f1-score": 1.0, "support": 7}, "govee_strip_light": {"precision": 1.0, "recall": 1.0, "f1-score": 1.0, "support": 9}, "iROBOT_roomba": {"precision": 0.375, "recall": 1.0, "f1-score": 0.5454545454545454, "support": 6}, "nest_cam": {"precision": 0.8333333333333334, "recall": 0.5555555555555556, "f1-score": 0.6666666666666667, "support": 9}, "netatmo_weather_station": {"precision": 0.0, "recall": 0.0, "f1-score": 0.0, "support": 6}, "petsafe_feeder": {"precision": 0.6, "recall": 0.3, "f1-score": 0.4, "support": 10}, "ring_chime_pro": {"precision": 0.8, "recall": 0.5333333333333333, "f1-score": 0.64, "support": 15}, "simplicam": {"precision": 1.0, "recall": 1.0, "f1-score": 1.0, "support": 6}, "sonos_speaker": {"precision": 1.0, "recall": 0.8888888888888888, "f1-score": 0.9411764705882353, "support": 9}, "switchbot_hub_mini_1": {"precision": 0.75, "recall": 1.0, "f1-score": 0.8571428571428571, "support": 9}, "vtech_baby_monitor": {"precision": 1.0, "recall": 0.9, "f1-score": 0.9473684210526316, "support": 10}, "withings_sleep_analyser": {"precision": 0.6666666666666666, "recall": 1.0, "f1-score": 0.8, "support": 4}, "wiz_smart_bulb": {"precision": 0.4166666666666667, "recall": 1.0, "f1-score": 0.5882352941176471, "support": 5}, "wyze_cam_pan_v2": {"precision": 0.5555555555555556, "recall": 0.8333333333333334, "f1-score": 0.6666666666666667, "support": 6}, "accuracy": 0.7552083333333334, "macro avg": {"precision": 0.7165764790764789, "recall": 0.7542683326774235, "f1-score": 0.7066507605038425, "support": 192}, "weighted avg": {"precision": 0.77099041005291, "recall": 0.7552083333333334, "f1-score": 0.7376431127495368, "support": 192}}}
