{"name": "RandomForestClassifier-doh_8.8.4.4-iat_only-13", "balanced_accuracy": 0.7323724255542436, "classification_report": {"alexa_swan_kettle": {"precision": 1.0, "recall": 1.0, "f1-score": 1.0, "support": 7}, "aqara_hubM2": {"precision": 0.0, "recall": 0.0, "f1-score": 0.0, "support": 9}, "arlo_camera_pro4": {"precision": 1.0, "recall": 1.0, "f1-score": 1.0, "support": 11}, "boifun_baby": {"precision": 0.5, "recall": 1.0, "f1-score": 0.6666666666666666, "support": 4}, "bose_speaker": {"precision": 0.6666666666666666, "recall": 0.2857142857142857, "f1-score": 0.4, "support": 7}, "cosori_air_fryer": {"precision": 0.5, "recall": 0.6666666666666666, "f1-score": 0.5714285714285715, "support": 9}, "echodot5": {"precision": 0.42857142857142855, "recall": 0.6666666666666666, "f1-score": 0.5217391304347826, "support": 9}, "google_nest_doorbell": {"precision": 0.8181818181818182, "recall": 0.8181818181818182, "f1-score": 0.8181818181818182, "support": 11}, "google_nest_hub": {"precision": 1.0, "recall": 0.7777777777777778, "f1-score": 0.8750000000000001, "support": 9}, "govee_strip_light": {"precision": 1.0, "recall": 1.0, "f1-score": 1.0, "support": 6}, "iROBOT_roomba": {"precision": 0.5416666666666666, "recall": 1.0, "f1-score": 0.7027027027027027, "support": 13}, "nest_cam": {"precision": 0.8, "recall": 0.5714285714285714, "f1-score": 0.6666666666666666, "support": 7}, "netatmo_weather_station": {"precision": 0.0, "recall": 0.0, "f1-score": 0.0, "support": 4}, "petsafe_feeder": {"precision": 0.8, "recall": 0.4, "f1-score": 0.5333333333333333, "support": 10}, "ring_chime_pro": {"precision": 0.9, "recall": 0.6, "f1-score": 0.7200000000000001, "support": 15}, "simplicam": {"precision": 1.0, "recall": 1.0, "f1-score": 1.0, "support": 10}, "sonos_speaker": {"precision": 0.9090909090909091, "recall": 0.9090909090909091, "f1-score": 0.9090909090909091, "support": 11}, "switchbot_hub_mini_1": {"precision": 0.7333333333333333, "recall": 0.9166666666666666, "f1-score": 0.8148148148148148, "support": 12}, "vtech_baby_monitor": {"precision": 0.8571428571428571, "recall": 1.0, "f1-score": 0.923076923076923, "support": 6}, "withings_sleep_analyser": {"precision": 0.7777777777777778, "recall": 1.0, "f1-score": 0.8750000000000001, "support": 7}, "wiz_smart_bulb": {"precision": 0.75, "recall": 0.6666666666666666, "f1-score": 0.7058823529411765, "support": 9}, "wyze_cam_pan_v2": {"precision": 0.5555555555555556, "recall": 0.8333333333333334, "f1-score": 0.6666666666666667, "support": 6}, "accuracy": 0.7447916666666666, "macro avg": {"precision": 0.7062721369539551, "recall": 0.7323724255542436, "f1-score": 0.6986477525456831, "support": 192}, "weighted avg": {"precision": 0.7324797453703704, "recall": 0.7447916666666666, "f1-score": 0.7182786021420932, "support": 192}}}
