{"name": "RandomForestClassifier-dot_1.1.1.1-iat_only-11", "balanced_accuracy": 0.7974583497310769, "classification_report": {"alexa_swan_kettle": {"precision": 1.0, "recall": 1.0, "f1-score": 1.0, "support": 7}, "aqara_hubM2": {"precision": 0.0, "recall": 0.0, "f1-score": 0.0, "support": 8}, "arlo_camera_pro4": {"precision": 1.0, "recall": 1.0, "f1-score": 1.0, "support": 12}, "boifun_baby": {"precision": 0.7, "recall": 1.0, "f1-score": 0.8235294117647058, "support": 7}, "bose_speaker": {"precision": 0.8333333333333334, "recall": 1.0, "f1-score": 0.9090909090909091, "support": 5}, "cosori_air_fryer": {"precision": 0.5833333333333334, "recall": 0.7777777777777778, "f1-score": 0.6666666666666666, "support": 9}, "echodot5": {"precision": 0.6, "recall": 0.8571428571428571, "f1-score": 0.7058823529411764, "support": 7}, "google_nest_doorbell": {"precision": 0.8571428571428571, "recall": 0.8571428571428571, "f1-score": 0.8571428571428571, "support": 14}, "google_nest_hub": {"precision": 0.875, "recall": 0.7777777777777778, "f1-score": 0.823529411764706, "support": 9}, "govee_strip_light": {"precision": 1.0, "recall": 1.0, "f1-score": 1.0, "support": 15}, "iROBOT_roomba": {"precision": 0.0, "recall": 0.0, "f1-score": 0.0, "support": 10}, "nest_cam": {"precision": 0.6666666666666666, "recall": 0.5454545454545454, "f1-score": 0.6, "support": 11}, "netatmo_weather_station": {"precision": 0.15, "recall": 1.0, "f1-score": 0.2608695652173913, "support": 3}, "petsafe_feeder": {"precision": 1.0, "recall": 0.5833333333333334, "f1-score": 0.7368421052631579, "support": 12}, "ring_chime_pro": {"precision": 0.875, "recall": 0.6363636363636364, "f1-score": 0.7368421052631579, "support": 11}, "simplicam": {"precision": 1.0, "recall": 1.0, "f1-score": 1.0, "support": 5}, "sonos_speaker": {"precision": 1.0, "recall": 0.9090909090909091, "f1-score": 0.9523809523809523, "support": 11}, "switchbot_hub_mini_1": {"precision": 0.75, "recall": 1.0, "f1-score": 0.8571428571428571, "support": 9}, "vtech_baby_monitor": {"precision": 1.0, "recall": 1.0, "f1-score": 1.0, "support": 7}, "withings_sleep_analyser": {"precision": 0.9, "recall": 1.0, "f1-score": 0.9473684210526316, "support": 9}, "wiz_smart_bulb": {"precision": 0.75, "recall": 0.6, "f1-score": 0.6666666666666665, "support": 5}, "wyze_cam_pan_v2": {"precision": 1.0, "recall": 1.0, "f1-score": 1.0, "support": 6}, "accuracy": 0.78125, "macro avg": {"precision": 0.7518398268398269, "recall": 0.7974583497310769, "f1-score": 0.7519979219253563, "support": 192}, "weighted avg": {"precision": 0.7781250000000001, "recall": 0.78125, "f1-score": 0.7658500210118026, "support": 192}}}
