{"name": "RandomForestClassifier-dot_8.8.8.8-padding_128_bytes_both-0", "balanced_accuracy": 0.8038617947708857, "classification_report": {"alexa_swan_kettle": {"precision": 0.9, "recall": 0.9, "f1-score": 0.9, "support": 10}, "aqara_hubM2": {"precision": 0.0, "recall": 0.0, "f1-score": 0.0, "support": 4}, "arlo_camera_pro4": {"precision": 1.0, "recall": 0.8, "f1-score": 0.888888888888889, "support": 5}, "boifun_baby": {"precision": 1.0, "recall": 1.0, "f1-score": 1.0, "support": 7}, "bose_speaker": {"precision": 0.6666666666666666, "recall": 0.5, "f1-score": 0.5714285714285715, "support": 4}, "cosori_air_fryer": {"precision": 0.6111111111111112, "recall": 0.8461538461538461, "f1-score": 0.7096774193548387, "support": 13}, "echodot5": {"precision": 1.0, "recall": 1.0, "f1-score": 1.0, "support": 5}, "google_nest_doorbell": {"precision": 1.0, "recall": 1.0, "f1-score": 1.0, "support": 14}, "google_nest_hub": {"precision": 0.8, "recall": 1.0, "f1-score": 0.888888888888889, "support": 8}, "govee_strip_light": {"precision": 0.9, "recall": 1.0, "f1-score": 0.9473684210526316, "support": 9}, "iROBOT_roomba": {"precision": 0.7058823529411765, "recall": 1.0, "f1-score": 0.8275862068965517, "support": 12}, "nest_cam": {"precision": 1.0, "recall": 1.0, "f1-score": 1.0, "support": 11}, "netatmo_weather_station": {"precision": 0.0, "recall": 0.0, "f1-score": 0.0, "support": 2}, "petsafe_feeder": {"precision": 1.0, "recall": 0.3333333333333333, "f1-score": 0.5, "support": 12}, "ring_chime_pro": {"precision": 0.8888888888888888, "recall": 0.8888888888888888, "f1-score": 0.8888888888888888, "support": 9}, "simplicam": {"precision": 1.0, "recall": 1.0, "f1-score": 1.0, "support": 9}, "sonos_speaker": {"precision": 1.0, "recall": 1.0, "f1-score": 1.0, "support": 6}, "switchbot_hub_mini_1": {"precision": 0.6875, "recall": 1.0, "f1-score": 0.8148148148148148, "support": 11}, "vtech_baby_monitor": {"precision": 1.0, "recall": 0.9230769230769231, "f1-score": 0.9600000000000001, "support": 13}, "withings_sleep_analyser": {"precision": 0.8571428571428571, "recall": 0.8571428571428571, "f1-score": 0.8571428571428571, "support": 7}, "wiz_smart_bulb": {"precision": 0.7777777777777778, "recall": 0.6363636363636364, "f1-score": 0.7000000000000001, "support": 11}, "wyze_cam_pan_v2": {"precision": 0.9090909090909091, "recall": 1.0, "f1-score": 0.9523809523809523, "support": 10}, "accuracy": 0.859375, "macro avg": {"precision": 0.8047300256190631, "recall": 0.8038617947708857, "f1-score": 0.7912302686244495, "support": 192}, "weighted avg": {"precision": 0.8530763749628639, "recall": 0.859375, "f1-score": 0.8395374950619141, "support": 192}}}
