{"name": "RandomForestClassifier-doh_8.8.4.4-padding_random_block_down-12", "balanced_accuracy": 0.7949786324786324, "classification_report": {"alexa_swan_kettle": {"precision": 0.9, "recall": 1.0, "f1-score": 0.9473684210526316, "support": 9}, "aqara_hubM2": {"precision": 0.0, "recall": 0.0, "f1-score": 0.0, "support": 6}, "arlo_camera_pro4": {"precision": 1.0, "recall": 1.0, "f1-score": 1.0, "support": 7}, "boifun_baby": {"precision": 1.0, "recall": 1.0, "f1-score": 1.0, "support": 8}, "bose_speaker": {"precision": 1.0, "recall": 1.0, "f1-score": 1.0, "support": 9}, "cosori_air_fryer": {"precision": 0.2, "recall": 0.3333333333333333, "f1-score": 0.25, "support": 6}, "echodot5": {"precision": 0.6666666666666666, "recall": 0.8, "f1-score": 0.7272727272727272, "support": 5}, "google_nest_doorbell": {"precision": 1.0, "recall": 0.875, "f1-score": 0.9333333333333333, "support": 8}, "google_nest_hub": {"precision": 1.0, "recall": 1.0, "f1-score": 1.0, "support": 8}, "govee_strip_light": {"precision": 1.0, "recall": 1.0, "f1-score": 1.0, "support": 14}, "iROBOT_roomba": {"precision": 0.6666666666666666, "recall": 0.2222222222222222, "f1-score": 0.3333333333333333, "support": 9}, "nest_cam": {"precision": 1.0, "recall": 0.9230769230769231, "f1-score": 0.9600000000000001, "support": 13}, "netatmo_weather_station": {"precision": 0.2, "recall": 1.0, "f1-score": 0.33333333333333337, "support": 3}, "petsafe_feeder": {"precision": 0.8, "recall": 0.4, "f1-score": 0.5333333333333333, "support": 10}, "ring_chime_pro": {"precision": 0.9090909090909091, "recall": 1.0, "f1-score": 0.9523809523809523, "support": 10}, "simplicam": {"precision": 0.8333333333333334, "recall": 1.0, "f1-score": 0.9090909090909091, "support": 5}, "sonos_speaker": {"precision": 1.0, "recall": 0.9166666666666666, "f1-score": 0.9565217391304348, "support": 12}, "switchbot_hub_mini_1": {"precision": 0.7857142857142857, "recall": 1.0, "f1-score": 0.88, "support": 11}, "vtech_baby_monitor": {"precision": 1.0, "recall": 1.0, "f1-score": 1.0, "support": 10}, "withings_sleep_analyser": {"precision": 0.8888888888888888, "recall": 1.0, "f1-score": 0.9411764705882353, "support": 8}, "wiz_smart_bulb": {"precision": 0.4, "recall": 0.25, "f1-score": 0.3076923076923077, "support": 8}, "wyze_cam_pan_v2": {"precision": 1.0, "recall": 0.7692307692307693, "f1-score": 0.8695652173913044, "support": 13}, "accuracy": 0.8125, "macro avg": {"precision": 0.7841073068345796, "recall": 0.7949786324786324, "f1-score": 0.7652000944514925, "support": 192}, "weighted avg": {"precision": 0.8408587361712362, "recall": 0.8125, "f1-score": 0.8097161584218641, "support": 192}}}
