{"name": "RandomForestClassifier-doh_1.1.1.1-iat_only-14", "balanced_accuracy": 0.7427685950413223, "classification_report": {"alexa_swan_kettle": {"precision": 0.9090909090909091, "recall": 1.0, "f1-score": 0.9523809523809523, "support": 10}, "aqara_hubM2": {"precision": 0.0, "recall": 0.0, "f1-score": 0.0, "support": 7}, "arlo_camera_pro4": {"precision": 1.0, "recall": 1.0, "f1-score": 1.0, "support": 10}, "boifun_baby": {"precision": 0.5833333333333334, "recall": 1.0, "f1-score": 0.7368421052631579, "support": 7}, "bose_speaker": {"precision": 0.8888888888888888, "recall": 1.0, "f1-score": 0.9411764705882353, "support": 8}, "cosori_air_fryer": {"precision": 0.4666666666666667, "recall": 1.0, "f1-score": 0.6363636363636364, "support": 7}, "echodot5": {"precision": 0.4444444444444444, "recall": 1.0, "f1-score": 0.6153846153846153, "support": 8}, "google_nest_doorbell": {"precision": 0.875, "recall": 0.7777777777777778, "f1-score": 0.823529411764706, "support": 9}, "google_nest_hub": {"precision": 1.0, "recall": 0.7142857142857143, "f1-score": 0.8333333333333333, "support": 7}, "govee_strip_light": {"precision": 0.9230769230769231, "recall": 1.0, "f1-score": 0.9600000000000001, "support": 12}, "iROBOT_roomba": {"precision": 0.0, "recall": 0.0, "f1-score": 0.0, "support": 14}, "nest_cam": {"precision": 1.0, "recall": 0.2727272727272727, "f1-score": 0.42857142857142855, "support": 11}, "netatmo_weather_station": {"precision": 0.13043478260869565, "recall": 1.0, "f1-score": 0.23076923076923078, "support": 3}, "petsafe_feeder": {"precision": 1.0, "recall": 0.16666666666666666, "f1-score": 0.2857142857142857, "support": 12}, "ring_chime_pro": {"precision": 0.5, "recall": 0.2857142857142857, "f1-score": 0.36363636363636365, "support": 7}, "simplicam": {"precision": 1.0, "recall": 1.0, "f1-score": 1.0, "support": 3}, "sonos_speaker": {"precision": 1.0, "recall": 1.0, "f1-score": 1.0, "support": 4}, "switchbot_hub_mini_1": {"precision": 0.5555555555555556, "recall": 1.0, "f1-score": 0.7142857142857143, "support": 10}, "vtech_baby_monitor": {"precision": 1.0, "recall": 1.0, "f1-score": 1.0, "support": 11}, "withings_sleep_analyser": {"precision": 0.8888888888888888, "recall": 0.8888888888888888, "f1-score": 0.8888888888888888, "support": 9}, "wiz_smart_bulb": {"precision": 1.0, "recall": 0.4166666666666667, "f1-score": 0.5882352941176471, "support": 12}, "wyze_cam_pan_v2": {"precision": 1.0, "recall": 0.8181818181818182, "f1-score": 0.9, "support": 11}, "accuracy": 0.6979166666666666, "macro avg": {"precision": 0.7347900178433775, "recall": 0.7427685950413223, "f1-score": 0.677232351411918, "support": 192}, "weighted avg": {"precision": 0.7526372850931274, "recall": 0.6979166666666666, "f1-score": 0.6658132109118952, "support": 192}}}
