{"name": "RandomForestClassifier-dot_1.1.1.1-padding_random_block_up-9", "balanced_accuracy": 0.8298671025943753, "classification_report": {"alexa_swan_kettle": {"precision": 1.0, "recall": 1.0, "f1-score": 1.0, "support": 14}, "aqara_hubM2": {"precision": 0.0, "recall": 0.0, "f1-score": 0.0, "support": 8}, "arlo_camera_pro4": {"precision": 1.0, "recall": 0.9090909090909091, "f1-score": 0.9523809523809523, "support": 11}, "boifun_baby": {"precision": 0.8333333333333334, "recall": 1.0, "f1-score": 0.9090909090909091, "support": 5}, "bose_speaker": {"precision": 1.0, "recall": 1.0, "f1-score": 1.0, "support": 2}, "cosori_air_fryer": {"precision": 0.6, "recall": 1.0, "f1-score": 0.7499999999999999, "support": 6}, "echodot5": {"precision": 1.0, "recall": 0.5714285714285714, "f1-score": 0.7272727272727273, "support": 7}, "google_nest_doorbell": {"precision": 1.0, "recall": 1.0, "f1-score": 1.0, "support": 13}, "google_nest_hub": {"precision": 1.0, "recall": 1.0, "f1-score": 1.0, "support": 8}, "govee_strip_light": {"precision": 0.9166666666666666, "recall": 1.0, "f1-score": 0.9565217391304348, "support": 11}, "iROBOT_roomba": {"precision": 0.0, "recall": 0.0, "f1-score": 0.0, "support": 11}, "nest_cam": {"precision": 1.0, "recall": 0.8888888888888888, "f1-score": 0.9411764705882353, "support": 9}, "netatmo_weather_station": {"precision": 0.21739130434782608, "recall": 1.0, "f1-score": 0.3571428571428571, "support": 5}, "petsafe_feeder": {"precision": 1.0, "recall": 0.5384615384615384, "f1-score": 0.7000000000000001, "support": 13}, "ring_chime_pro": {"precision": 0.9, "recall": 1.0, "f1-score": 0.9473684210526316, "support": 9}, "simplicam": {"precision": 1.0, "recall": 1.0, "f1-score": 1.0, "support": 6}, "sonos_speaker": {"precision": 0.75, "recall": 1.0, "f1-score": 0.8571428571428571, "support": 9}, "switchbot_hub_mini_1": {"precision": 0.7333333333333333, "recall": 1.0, "f1-score": 0.846153846153846, "support": 11}, "vtech_baby_monitor": {"precision": 1.0, "recall": 1.0, "f1-score": 1.0, "support": 12}, "withings_sleep_analyser": {"precision": 0.875, "recall": 0.7777777777777778, "f1-score": 0.823529411764706, "support": 9}, "wiz_smart_bulb": {"precision": 0.8, "recall": 0.5714285714285714, "f1-score": 0.6666666666666666, "support": 7}, "wyze_cam_pan_v2": {"precision": 0.8571428571428571, "recall": 1.0, "f1-score": 0.923076923076923, "support": 6}, "accuracy": 0.8177083333333334, "macro avg": {"precision": 0.7946757952192735, "recall": 0.8298671025943753, "f1-score": 0.7889783537028976, "support": 192}, "weighted avg": {"precision": 0.8097472933919944, "recall": 0.8177083333333334, "f1-score": 0.7950822004503101, "support": 192}}}
