{"name": "RandomForestClassifier-doh_8.8.4.4-padding_random_block_both-6", "balanced_accuracy": 0.8365825351119469, "classification_report": {"alexa_swan_kettle": {"precision": 1.0, "recall": 1.0, "f1-score": 1.0, "support": 12}, "aqara_hubM2": {"precision": 0.0, "recall": 0.0, "f1-score": 0.0, "support": 5}, "arlo_camera_pro4": {"precision": 1.0, "recall": 0.875, "f1-score": 0.9333333333333333, "support": 8}, "boifun_baby": {"precision": 1.0, "recall": 1.0, "f1-score": 1.0, "support": 9}, "bose_speaker": {"precision": 0.9090909090909091, "recall": 1.0, "f1-score": 0.9523809523809523, "support": 10}, "cosori_air_fryer": {"precision": 0.42857142857142855, "recall": 0.75, "f1-score": 0.5454545454545454, "support": 8}, "echodot5": {"precision": 0.75, "recall": 1.0, "f1-score": 0.8571428571428571, "support": 6}, "google_nest_doorbell": {"precision": 0.7142857142857143, "recall": 1.0, "f1-score": 0.8333333333333333, "support": 5}, "google_nest_hub": {"precision": 1.0, "recall": 0.9285714285714286, "f1-score": 0.962962962962963, "support": 14}, "govee_strip_light": {"precision": 1.0, "recall": 1.0, "f1-score": 1.0, "support": 15}, "iROBOT_roomba": {"precision": 1.0, "recall": 0.1, "f1-score": 0.18181818181818182, "support": 10}, "nest_cam": {"precision": 1.0, "recall": 0.7647058823529411, "f1-score": 0.8666666666666666, "support": 17}, "netatmo_weather_station": {"precision": 0.07142857142857142, "recall": 1.0, "f1-score": 0.13333333333333333, "support": 1}, "petsafe_feeder": {"precision": 0.8571428571428571, "recall": 0.46153846153846156, "f1-score": 0.6, "support": 13}, "ring_chime_pro": {"precision": 0.8888888888888888, "recall": 1.0, "f1-score": 0.9411764705882353, "support": 8}, "simplicam": {"precision": 1.0, "recall": 1.0, "f1-score": 1.0, "support": 4}, "sonos_speaker": {"precision": 0.8333333333333334, "recall": 1.0, "f1-score": 0.9090909090909091, "support": 5}, "switchbot_hub_mini_1": {"precision": 0.8181818181818182, "recall": 1.0, "f1-score": 0.9, "support": 9}, "vtech_baby_monitor": {"precision": 1.0, "recall": 0.9, "f1-score": 0.9473684210526316, "support": 10}, "withings_sleep_analyser": {"precision": 0.8888888888888888, "recall": 1.0, "f1-score": 0.9411764705882353, "support": 8}, "wiz_smart_bulb": {"precision": 0.8333333333333334, "recall": 0.625, "f1-score": 0.7142857142857143, "support": 8}, "wyze_cam_pan_v2": {"precision": 1.0, "recall": 1.0, "f1-score": 1.0, "support": 7}, "accuracy": 0.828125, "macro avg": {"precision": 0.8178702610520792, "recall": 0.8365825351119469, "f1-score": 0.7827056432741769, "support": 192}, "weighted avg": {"precision": 0.8865853475228476, "recall": 0.828125, "f1-score": 0.8256365329668994, "support": 192}}}
