{"name": "RandomForestClassifier-dot_1.1.1.1-padding_random_block_down-0", "balanced_accuracy": 0.797368288277379, "classification_report": {"alexa_swan_kettle": {"precision": 0.9, "recall": 0.9, "f1-score": 0.9, "support": 10}, "aqara_hubM2": {"precision": 0.0, "recall": 0.0, "f1-score": 0.0, "support": 4}, "arlo_camera_pro4": {"precision": 1.0, "recall": 0.8, "f1-score": 0.888888888888889, "support": 5}, "boifun_baby": {"precision": 1.0, "recall": 1.0, "f1-score": 1.0, "support": 7}, "bose_speaker": {"precision": 0.6666666666666666, "recall": 0.5, "f1-score": 0.5714285714285715, "support": 4}, "cosori_air_fryer": {"precision": 0.6875, "recall": 0.8461538461538461, "f1-score": 0.7586206896551724, "support": 13}, "echodot5": {"precision": 1.0, "recall": 1.0, "f1-score": 1.0, "support": 5}, "google_nest_doorbell": {"precision": 1.0, "recall": 1.0, "f1-score": 1.0, "support": 14}, "google_nest_hub": {"precision": 0.8, "recall": 1.0, "f1-score": 0.888888888888889, "support": 8}, "govee_strip_light": {"precision": 0.9, "recall": 1.0, "f1-score": 0.9473684210526316, "support": 9}, "iROBOT_roomba": {"precision": 0.7058823529411765, "recall": 1.0, "f1-score": 0.8275862068965517, "support": 12}, "nest_cam": {"precision": 1.0, "recall": 1.0, "f1-score": 1.0, "support": 11}, "netatmo_weather_station": {"precision": 0.0, "recall": 0.0, "f1-score": 0.0, "support": 2}, "petsafe_feeder": {"precision": 0.6666666666666666, "recall": 0.3333333333333333, "f1-score": 0.4444444444444444, "support": 12}, "ring_chime_pro": {"precision": 0.8888888888888888, "recall": 0.8888888888888888, "f1-score": 0.8888888888888888, "support": 9}, "simplicam": {"precision": 1.0, "recall": 1.0, "f1-score": 1.0, "support": 9}, "sonos_speaker": {"precision": 1.0, "recall": 1.0, "f1-score": 1.0, "support": 6}, "switchbot_hub_mini_1": {"precision": 0.6875, "recall": 1.0, "f1-score": 0.8148148148148148, "support": 11}, "vtech_baby_monitor": {"precision": 1.0, "recall": 0.9230769230769231, "f1-score": 0.9600000000000001, "support": 13}, "withings_sleep_analyser": {"precision": 0.8333333333333334, "recall": 0.7142857142857143, "f1-score": 0.7692307692307692, "support": 7}, "wiz_smart_bulb": {"precision": 0.7, "recall": 0.6363636363636364, "f1-score": 0.6666666666666666, "support": 11}, "wyze_cam_pan_v2": {"precision": 0.9090909090909091, "recall": 1.0, "f1-score": 0.9523809523809523, "support": 10}, "accuracy": 0.8541666666666666, "macro avg": {"precision": 0.7884331280721656, "recall": 0.797368288277379, "f1-score": 0.7854185546926019, "support": 192}, "weighted avg": {"precision": 0.8320911319073083, "recall": 0.8541666666666666, "f1-score": 0.8342642896722601, "support": 192}}}
