{"name": "RandomForestClassifier-doh_1.1.1.1-iat_only-14", "balanced_accuracy": 0.7078171828171829, "classification_report": {"alexa_swan_kettle": {"precision": 0.9090909090909091, "recall": 1.0, "f1-score": 0.9523809523809523, "support": 10}, "aqara_hubM2": {"precision": 0.0, "recall": 0.0, "f1-score": 0.0, "support": 7}, "arlo_camera_pro4": {"precision": 1.0, "recall": 1.0, "f1-score": 1.0, "support": 10}, "boifun_baby": {"precision": 0.4, "recall": 0.5714285714285714, "f1-score": 0.47058823529411764, "support": 7}, "bose_speaker": {"precision": 0.6666666666666666, "recall": 0.75, "f1-score": 0.7058823529411765, "support": 8}, "cosori_air_fryer": {"precision": 0.8181818181818182, "recall": 0.9, "f1-score": 0.8571428571428572, "support": 10}, "echodot5": {"precision": 0.23076923076923078, "recall": 0.42857142857142855, "f1-score": 0.3, "support": 7}, "google_nest_doorbell": {"precision": 0.7777777777777778, "recall": 0.7777777777777778, "f1-score": 0.7777777777777778, "support": 9}, "google_nest_hub": {"precision": 0.7142857142857143, "recall": 0.7142857142857143, "f1-score": 0.7142857142857143, "support": 7}, "govee_strip_light": {"precision": 1.0, "recall": 1.0, "f1-score": 1.0, "support": 10}, "iROBOT_roomba": {"precision": 0.0, "recall": 0.0, "f1-score": 0.0, "support": 8}, "nest_cam": {"precision": 1.0, "recall": 0.3333333333333333, "f1-score": 0.5, "support": 9}, "netatmo_weather_station": {"precision": 0.17647058823529413, "recall": 1.0, "f1-score": 0.3, "support": 3}, "petsafe_feeder": {"precision": 1.0, "recall": 0.3076923076923077, "f1-score": 0.47058823529411764, "support": 13}, "ring_chime_pro": {"precision": 0.75, "recall": 0.375, "f1-score": 0.5, "support": 8}, "simplicam": {"precision": 0.9, "recall": 0.9, "f1-score": 0.9, "support": 10}, "sonos_speaker": {"precision": 0.75, "recall": 0.75, "f1-score": 0.75, "support": 8}, "switchbot_hub_mini_1": {"precision": 0.6, "recall": 1.0, "f1-score": 0.7499999999999999, "support": 12}, "vtech_baby_monitor": {"precision": 1.0, "recall": 1.0, "f1-score": 1.0, "support": 11}, "withings_sleep_analyser": {"precision": 1.0, "recall": 1.0, "f1-score": 1.0, "support": 9}, "wiz_smart_bulb": {"precision": 1.0, "recall": 0.875, "f1-score": 0.9333333333333333, "support": 8}, "wyze_cam_pan_v2": {"precision": 0.8888888888888888, "recall": 0.8888888888888888, "f1-score": 0.8888888888888888, "support": 9}, "accuracy": 0.7202072538860104, "macro avg": {"precision": 0.7082787088134682, "recall": 0.7078171828171829, "f1-score": 0.6714031066972244, "support": 193}, "weighted avg": {"precision": 0.755185787493011, "recall": 0.7202072538860104, "f1-score": 0.7052887476234017, "support": 193}}}
