{"name": "RandomForestClassifier-doh_8.8.4.4-padding_random_block_down-1", "balanced_accuracy": 0.8012937819756001, "classification_report": {"alexa_swan_kettle": {"precision": 1.0, "recall": 0.9090909090909091, "f1-score": 0.9523809523809523, "support": 11}, "aqara_hubM2": {"precision": 1.0, "recall": 0.14285714285714285, "f1-score": 0.25, "support": 7}, "arlo_camera_pro4": {"precision": 0.9090909090909091, "recall": 0.9090909090909091, "f1-score": 0.9090909090909091, "support": 11}, "boifun_baby": {"precision": 1.0, "recall": 1.0, "f1-score": 1.0, "support": 4}, "bose_speaker": {"precision": 0.9166666666666666, "recall": 1.0, "f1-score": 0.9565217391304348, "support": 11}, "cosori_air_fryer": {"precision": 0.75, "recall": 0.5454545454545454, "f1-score": 0.631578947368421, "support": 11}, "echodot5": {"precision": 0.5555555555555556, "recall": 1.0, "f1-score": 0.7142857142857143, "support": 5}, "google_nest_doorbell": {"precision": 1.0, "recall": 1.0, "f1-score": 1.0, "support": 10}, "google_nest_hub": {"precision": 1.0, "recall": 0.8333333333333334, "f1-score": 0.9090909090909091, "support": 12}, "govee_strip_light": {"precision": 1.0, "recall": 1.0, "f1-score": 1.0, "support": 12}, "iROBOT_roomba": {"precision": 1.0, "recall": 0.1, "f1-score": 0.18181818181818182, "support": 10}, "nest_cam": {"precision": 1.0, "recall": 0.6363636363636364, "f1-score": 0.7777777777777778, "support": 11}, "netatmo_weather_station": {"precision": 0.23529411764705882, "recall": 1.0, "f1-score": 0.38095238095238093, "support": 4}, "petsafe_feeder": {"precision": 1.0, "recall": 0.2, "f1-score": 0.33333333333333337, "support": 5}, "ring_chime_pro": {"precision": 1.0, "recall": 1.0, "f1-score": 1.0, "support": 9}, "simplicam": {"precision": 1.0, "recall": 1.0, "f1-score": 1.0, "support": 9}, "sonos_speaker": {"precision": 0.9, "recall": 1.0, "f1-score": 0.9473684210526316, "support": 9}, "switchbot_hub_mini_1": {"precision": 0.6666666666666666, "recall": 1.0, "f1-score": 0.8, "support": 10}, "vtech_baby_monitor": {"precision": 1.0, "recall": 1.0, "f1-score": 1.0, "support": 8}, "withings_sleep_analyser": {"precision": 0.5, "recall": 1.0, "f1-score": 0.6666666666666666, "support": 5}, "wiz_smart_bulb": {"precision": 0.5, "recall": 0.625, "f1-score": 0.5555555555555556, "support": 8}, "wyze_cam_pan_v2": {"precision": 0.8888888888888888, "recall": 0.7272727272727273, "f1-score": 0.7999999999999999, "support": 11}, "accuracy": 0.8031088082901554, "macro avg": {"precision": 0.8555528547507157, "recall": 0.8012937819756001, "f1-score": 0.7621100676592666, "support": 193}, "weighted avg": {"precision": 0.8865115649022993, "recall": 0.8031088082901554, "f1-score": 0.7919384696355566, "support": 193}}}
