{"name": "RandomForestClassifier-dot_1.1.1.1-padding_128_bytes_both-5", "balanced_accuracy": 0.8172799422799423, "classification_report": {"alexa_swan_kettle": {"precision": 1.0, "recall": 1.0, "f1-score": 1.0, "support": 8}, "aqara_hubM2": {"precision": 0.0, "recall": 0.0, "f1-score": 0.0, "support": 4}, "arlo_camera_pro4": {"precision": 1.0, "recall": 1.0, "f1-score": 1.0, "support": 6}, "boifun_baby": {"precision": 1.0, "recall": 1.0, "f1-score": 1.0, "support": 9}, "bose_speaker": {"precision": 1.0, "recall": 0.8888888888888888, "f1-score": 0.9411764705882353, "support": 9}, "cosori_air_fryer": {"precision": 1.0, "recall": 0.1111111111111111, "f1-score": 0.19999999999999998, "support": 9}, "echodot5": {"precision": 1.0, "recall": 1.0, "f1-score": 1.0, "support": 6}, "google_nest_doorbell": {"precision": 1.0, "recall": 0.9166666666666666, "f1-score": 0.9565217391304348, "support": 12}, "google_nest_hub": {"precision": 0.8181818181818182, "recall": 1.0, "f1-score": 0.9, "support": 9}, "govee_strip_light": {"precision": 1.0, "recall": 1.0, "f1-score": 1.0, "support": 10}, "iROBOT_roomba": {"precision": 0.0, "recall": 0.0, "f1-score": 0.0, "support": 13}, "nest_cam": {"precision": 1.0, "recall": 1.0, "f1-score": 1.0, "support": 13}, "netatmo_weather_station": {"precision": 0.05555555555555555, "recall": 1.0, "f1-score": 0.10526315789473684, "support": 1}, "petsafe_feeder": {"precision": 1.0, "recall": 0.2857142857142857, "f1-score": 0.4444444444444445, "support": 14}, "ring_chime_pro": {"precision": 0.875, "recall": 1.0, "f1-score": 0.9333333333333333, "support": 7}, "simplicam": {"precision": 1.0, "recall": 1.0, "f1-score": 1.0, "support": 8}, "sonos_speaker": {"precision": 1.0, "recall": 1.0, "f1-score": 1.0, "support": 11}, "switchbot_hub_mini_1": {"precision": 0.5333333333333333, "recall": 1.0, "f1-score": 0.6956521739130436, "support": 8}, "vtech_baby_monitor": {"precision": 1.0, "recall": 1.0, "f1-score": 1.0, "support": 14}, "withings_sleep_analyser": {"precision": 1.0, "recall": 1.0, "f1-score": 1.0, "support": 4}, "wiz_smart_bulb": {"precision": 0.4, "recall": 0.8888888888888888, "f1-score": 0.5517241379310346, "support": 9}, "wyze_cam_pan_v2": {"precision": 1.0, "recall": 0.8888888888888888, "f1-score": 0.9411764705882353, "support": 9}, "accuracy": 0.7979274611398963, "macro avg": {"precision": 0.8037304866850321, "recall": 0.8172799422799423, "f1-score": 0.7576950876283408, "support": 193}, "weighted avg": {"precision": 0.8466883864552258, "recall": 0.7979274611398963, "f1-score": 0.780885962105116, "support": 193}}}
