{"name": "RandomForestClassifier-doh_8.8.4.4-padding_128_bytes_down-14", "balanced_accuracy": 0.8022283272283272, "classification_report": {"alexa_swan_kettle": {"precision": 1.0, "recall": 1.0, "f1-score": 1.0, "support": 10}, "aqara_hubM2": {"precision": 0.0, "recall": 0.0, "f1-score": 0.0, "support": 7}, "arlo_camera_pro4": {"precision": 1.0, "recall": 1.0, "f1-score": 1.0, "support": 10}, "boifun_baby": {"precision": 0.7777777777777778, "recall": 1.0, "f1-score": 0.8750000000000001, "support": 7}, "bose_speaker": {"precision": 1.0, "recall": 1.0, "f1-score": 1.0, "support": 8}, "cosori_air_fryer": {"precision": 0.7, "recall": 0.7, "f1-score": 0.7, "support": 10}, "echodot5": {"precision": 1.0, "recall": 0.8571428571428571, "f1-score": 0.923076923076923, "support": 7}, "google_nest_doorbell": {"precision": 1.0, "recall": 0.7777777777777778, "f1-score": 0.8750000000000001, "support": 9}, "google_nest_hub": {"precision": 0.7777777777777778, "recall": 1.0, "f1-score": 0.8750000000000001, "support": 7}, "govee_strip_light": {"precision": 1.0, "recall": 1.0, "f1-score": 1.0, "support": 10}, "iROBOT_roomba": {"precision": 0.375, "recall": 0.75, "f1-score": 0.5, "support": 8}, "nest_cam": {"precision": 1.0, "recall": 1.0, "f1-score": 1.0, "support": 9}, "netatmo_weather_station": {"precision": 0.0, "recall": 0.0, "f1-score": 0.0, "support": 3}, "petsafe_feeder": {"precision": 0.6, "recall": 0.23076923076923078, "f1-score": 0.33333333333333337, "support": 13}, "ring_chime_pro": {"precision": 0.875, "recall": 0.875, "f1-score": 0.875, "support": 8}, "simplicam": {"precision": 1.0, "recall": 1.0, "f1-score": 1.0, "support": 10}, "sonos_speaker": {"precision": 0.8571428571428571, "recall": 0.75, "f1-score": 0.7999999999999999, "support": 8}, "switchbot_hub_mini_1": {"precision": 0.5263157894736842, "recall": 0.8333333333333334, "f1-score": 0.6451612903225806, "support": 12}, "vtech_baby_monitor": {"precision": 1.0, "recall": 1.0, "f1-score": 1.0, "support": 11}, "withings_sleep_analyser": {"precision": 1.0, "recall": 1.0, "f1-score": 1.0, "support": 9}, "wiz_smart_bulb": {"precision": 0.7777777777777778, "recall": 0.875, "f1-score": 0.823529411764706, "support": 8}, "wyze_cam_pan_v2": {"precision": 1.0, "recall": 1.0, "f1-score": 1.0, "support": 9}, "accuracy": 0.8238341968911918, "macro avg": {"precision": 0.7848541809068125, "recall": 0.8022283272283272, "f1-score": 0.782959134477161, "support": 193}, "weighted avg": {"precision": 0.8139069608390579, "recall": 0.8238341968911918, "f1-score": 0.8064769045225929, "support": 193}}}
