{"name": "RandomForestClassifier-dot_1.1.1.1-padding_random_block_down-9", "balanced_accuracy": 0.8009307611580337, "classification_report": {"alexa_swan_kettle": {"precision": 1.0, "recall": 1.0, "f1-score": 1.0, "support": 14}, "aqara_hubM2": {"precision": 0.0, "recall": 0.0, "f1-score": 0.0, "support": 8}, "arlo_camera_pro4": {"precision": 1.0, "recall": 0.9090909090909091, "f1-score": 0.9523809523809523, "support": 11}, "boifun_baby": {"precision": 1.0, "recall": 1.0, "f1-score": 1.0, "support": 6}, "bose_speaker": {"precision": 1.0, "recall": 1.0, "f1-score": 1.0, "support": 2}, "cosori_air_fryer": {"precision": 0.35714285714285715, "recall": 0.8333333333333334, "f1-score": 0.5, "support": 6}, "echodot5": {"precision": 1.0, "recall": 0.7142857142857143, "f1-score": 0.8333333333333333, "support": 7}, "google_nest_doorbell": {"precision": 1.0, "recall": 0.8888888888888888, "f1-score": 0.9411764705882353, "support": 9}, "google_nest_hub": {"precision": 1.0, "recall": 1.0, "f1-score": 1.0, "support": 11}, "govee_strip_light": {"precision": 0.8888888888888888, "recall": 1.0, "f1-score": 0.9411764705882353, "support": 8}, "iROBOT_roomba": {"precision": 0.0, "recall": 0.0, "f1-score": 0.0, "support": 7}, "nest_cam": {"precision": 0.8888888888888888, "recall": 0.8888888888888888, "f1-score": 0.8888888888888888, "support": 9}, "netatmo_weather_station": {"precision": 0.2222222222222222, "recall": 1.0, "f1-score": 0.3636363636363636, "support": 4}, "petsafe_feeder": {"precision": 1.0, "recall": 0.23076923076923078, "f1-score": 0.375, "support": 13}, "ring_chime_pro": {"precision": 0.7777777777777778, "recall": 1.0, "f1-score": 0.8750000000000001, "support": 7}, "simplicam": {"precision": 1.0, "recall": 0.9230769230769231, "f1-score": 0.9600000000000001, "support": 13}, "sonos_speaker": {"precision": 0.7857142857142857, "recall": 1.0, "f1-score": 0.88, "support": 11}, "switchbot_hub_mini_1": {"precision": 0.6111111111111112, "recall": 1.0, "f1-score": 0.7586206896551725, "support": 11}, "vtech_baby_monitor": {"precision": 1.0, "recall": 1.0, "f1-score": 1.0, "support": 14}, "withings_sleep_analyser": {"precision": 0.8571428571428571, "recall": 0.8571428571428571, "f1-score": 0.8571428571428571, "support": 7}, "wiz_smart_bulb": {"precision": 1.0, "recall": 0.375, "f1-score": 0.5454545454545454, "support": 8}, "wyze_cam_pan_v2": {"precision": 1.0, "recall": 1.0, "f1-score": 1.0, "support": 7}, "accuracy": 0.8031088082901554, "macro avg": {"precision": 0.7904040404040406, "recall": 0.8009307611580337, "f1-score": 0.7578095714394812, "support": 193}, "weighted avg": {"precision": 0.8287688132247718, "recall": 0.8031088082901554, "f1-score": 0.78047944670421, "support": 193}}}
