{"name": "RandomForestClassifier-doh_8.8.4.4-padding_random_block_both-14", "balanced_accuracy": 0.8243739846012573, "classification_report": {"alexa_swan_kettle": {"precision": 1.0, "recall": 1.0, "f1-score": 1.0, "support": 10}, "aqara_hubM2": {"precision": 0.0, "recall": 0.0, "f1-score": 0.0, "support": 7}, "arlo_camera_pro4": {"precision": 0.9090909090909091, "recall": 1.0, "f1-score": 0.9523809523809523, "support": 10}, "boifun_baby": {"precision": 1.0, "recall": 1.0, "f1-score": 1.0, "support": 7}, "bose_speaker": {"precision": 1.0, "recall": 1.0, "f1-score": 1.0, "support": 8}, "cosori_air_fryer": {"precision": 0.8571428571428571, "recall": 0.6, "f1-score": 0.7058823529411764, "support": 10}, "echodot5": {"precision": 0.875, "recall": 1.0, "f1-score": 0.9333333333333333, "support": 7}, "google_nest_doorbell": {"precision": 0.8571428571428571, "recall": 0.6666666666666666, "f1-score": 0.75, "support": 9}, "google_nest_hub": {"precision": 0.875, "recall": 1.0, "f1-score": 0.9333333333333333, "support": 7}, "govee_strip_light": {"precision": 1.0, "recall": 1.0, "f1-score": 1.0, "support": 10}, "iROBOT_roomba": {"precision": 0.25, "recall": 0.125, "f1-score": 0.16666666666666666, "support": 8}, "nest_cam": {"precision": 1.0, "recall": 1.0, "f1-score": 1.0, "support": 9}, "netatmo_weather_station": {"precision": 0.21428571428571427, "recall": 1.0, "f1-score": 0.35294117647058826, "support": 3}, "petsafe_feeder": {"precision": 0.4444444444444444, "recall": 0.3076923076923077, "f1-score": 0.3636363636363637, "support": 13}, "ring_chime_pro": {"precision": 0.875, "recall": 0.875, "f1-score": 0.875, "support": 8}, "simplicam": {"precision": 1.0, "recall": 1.0, "f1-score": 1.0, "support": 10}, "sonos_speaker": {"precision": 1.0, "recall": 1.0, "f1-score": 1.0, "support": 8}, "switchbot_hub_mini_1": {"precision": 0.6, "recall": 1.0, "f1-score": 0.7499999999999999, "support": 12}, "vtech_baby_monitor": {"precision": 1.0, "recall": 0.9090909090909091, "f1-score": 0.9523809523809523, "support": 11}, "withings_sleep_analyser": {"precision": 1.0, "recall": 0.7777777777777778, "f1-score": 0.8750000000000001, "support": 9}, "wiz_smart_bulb": {"precision": 1.0, "recall": 0.875, "f1-score": 0.9333333333333333, "support": 8}, "wyze_cam_pan_v2": {"precision": 1.0, "recall": 1.0, "f1-score": 1.0, "support": 9}, "accuracy": 0.8186528497409327, "macro avg": {"precision": 0.8071412173684901, "recall": 0.8243739846012573, "f1-score": 0.7974494756580319, "support": 193}, "weighted avg": {"precision": 0.8251153279650689, "recall": 0.8186528497409327, "f1-score": 0.8100341266982535, "support": 193}}}
