{"name": "RandomForestClassifier-doh_8.8.4.4-padding_random_block_down-7", "balanced_accuracy": 0.777479338842975, "classification_report": {"alexa_swan_kettle": {"precision": 0.8, "recall": 1.0, "f1-score": 0.888888888888889, "support": 8}, "aqara_hubM2": {"precision": 0.3333333333333333, "recall": 0.16666666666666666, "f1-score": 0.2222222222222222, "support": 6}, "arlo_camera_pro4": {"precision": 1.0, "recall": 1.0, "f1-score": 1.0, "support": 11}, "boifun_baby": {"precision": 1.0, "recall": 1.0, "f1-score": 1.0, "support": 9}, "bose_speaker": {"precision": 1.0, "recall": 0.6, "f1-score": 0.7499999999999999, "support": 5}, "cosori_air_fryer": {"precision": 0.4375, "recall": 0.7, "f1-score": 0.5384615384615384, "support": 10}, "echodot5": {"precision": 1.0, "recall": 1.0, "f1-score": 1.0, "support": 5}, "google_nest_doorbell": {"precision": 1.0, "recall": 0.6, "f1-score": 0.7499999999999999, "support": 10}, "google_nest_hub": {"precision": 1.0, "recall": 0.6666666666666666, "f1-score": 0.8, "support": 6}, "govee_strip_light": {"precision": 0.8888888888888888, "recall": 1.0, "f1-score": 0.9411764705882353, "support": 8}, "iROBOT_roomba": {"precision": 1.0, "recall": 0.08333333333333333, "f1-score": 0.15384615384615385, "support": 12}, "nest_cam": {"precision": 1.0, "recall": 1.0, "f1-score": 1.0, "support": 13}, "netatmo_weather_station": {"precision": 0.17647058823529413, "recall": 0.75, "f1-score": 0.2857142857142857, "support": 4}, "petsafe_feeder": {"precision": 0.7142857142857143, "recall": 0.45454545454545453, "f1-score": 0.5555555555555556, "support": 11}, "ring_chime_pro": {"precision": 0.6363636363636364, "recall": 1.0, "f1-score": 0.7777777777777778, "support": 7}, "simplicam": {"precision": 1.0, "recall": 1.0, "f1-score": 1.0, "support": 8}, "sonos_speaker": {"precision": 1.0, "recall": 1.0, "f1-score": 1.0, "support": 8}, "switchbot_hub_mini_1": {"precision": 0.8461538461538461, "recall": 0.9166666666666666, "f1-score": 0.8799999999999999, "support": 12}, "vtech_baby_monitor": {"precision": 0.8888888888888888, "recall": 1.0, "f1-score": 0.9411764705882353, "support": 8}, "withings_sleep_analyser": {"precision": 0.9166666666666666, "recall": 0.9166666666666666, "f1-score": 0.9166666666666666, "support": 12}, "wiz_smart_bulb": {"precision": 0.6666666666666666, "recall": 0.25, "f1-score": 0.36363636363636365, "support": 8}, "wyze_cam_pan_v2": {"precision": 0.8, "recall": 1.0, "f1-score": 0.888888888888889, "support": 12}, "accuracy": 0.7823834196891192, "macro avg": {"precision": 0.8229644649764972, "recall": 0.777479338842975, "f1-score": 0.7570005128561277, "support": 193}, "weighted avg": {"precision": 0.8450879397618198, "recall": 0.7823834196891192, "f1-score": 0.7700425257968689, "support": 193}}}
