{"name": "RandomForestClassifier-doh_8.8.4.4-iat_only-8", "balanced_accuracy": 0.6859290961563689, "classification_report": {"alexa_swan_kettle": {"precision": 1.0, "recall": 1.0, "f1-score": 1.0, "support": 9}, "aqara_hubM2": {"precision": 0.0, "recall": 0.0, "f1-score": 0.0, "support": 7}, "arlo_camera_pro4": {"precision": 1.0, "recall": 0.8333333333333334, "f1-score": 0.9090909090909091, "support": 12}, "boifun_baby": {"precision": 0.36363636363636365, "recall": 0.5714285714285714, "f1-score": 0.4444444444444444, "support": 7}, "bose_speaker": {"precision": 0.6666666666666666, "recall": 0.4444444444444444, "f1-score": 0.5333333333333333, "support": 9}, "cosori_air_fryer": {"precision": 0.4444444444444444, "recall": 0.6666666666666666, "f1-score": 0.5333333333333333, "support": 6}, "echodot5": {"precision": 0.2857142857142857, "recall": 0.8, "f1-score": 0.4210526315789473, "support": 5}, "google_nest_doorbell": {"precision": 0.8181818181818182, "recall": 0.75, "f1-score": 0.7826086956521738, "support": 12}, "google_nest_hub": {"precision": 0.8333333333333334, "recall": 0.625, "f1-score": 0.7142857142857143, "support": 8}, "govee_strip_light": {"precision": 0.9375, "recall": 1.0, "f1-score": 0.967741935483871, "support": 15}, "iROBOT_roomba": {"precision": 0.0, "recall": 0.0, "f1-score": 0.0, "support": 6}, "nest_cam": {"precision": 0.6666666666666666, "recall": 0.5, "f1-score": 0.5714285714285715, "support": 12}, "netatmo_weather_station": {"precision": 0.26666666666666666, "recall": 1.0, "f1-score": 0.4210526315789474, "support": 4}, "petsafe_feeder": {"precision": 1.0, "recall": 0.5, "f1-score": 0.6666666666666666, "support": 12}, "ring_chime_pro": {"precision": 1.0, "recall": 0.4, "f1-score": 0.5714285714285715, "support": 10}, "simplicam": {"precision": 1.0, "recall": 1.0, "f1-score": 1.0, "support": 5}, "sonos_speaker": {"precision": 0.8888888888888888, "recall": 0.8888888888888888, "f1-score": 0.8888888888888888, "support": 9}, "switchbot_hub_mini_1": {"precision": 0.5333333333333333, "recall": 1.0, "f1-score": 0.6956521739130436, "support": 8}, "vtech_baby_monitor": {"precision": 0.9, "recall": 0.9, "f1-score": 0.9, "support": 10}, "withings_sleep_analyser": {"precision": 0.75, "recall": 0.8571428571428571, "f1-score": 0.7999999999999999, "support": 7}, "wiz_smart_bulb": {"precision": 0.8, "recall": 0.4444444444444444, "f1-score": 0.5714285714285714, "support": 9}, "wyze_cam_pan_v2": {"precision": 0.6666666666666666, "recall": 0.9090909090909091, "f1-score": 0.7692307692307692, "support": 11}, "accuracy": 0.694300518134715, "macro avg": {"precision": 0.6737135970090515, "recall": 0.6859290961563689, "f1-score": 0.6437121746257617, "support": 193}, "weighted avg": {"precision": 0.7321487450373462, "recall": 0.694300518134715, "f1-score": 0.6827587376472068, "support": 193}}}
