{"name": "RandomForestClassifier-doh_8.8.4.4-iat_only-9", "balanced_accuracy": 0.7013756445574628, "classification_report": {"alexa_swan_kettle": {"precision": 1.0, "recall": 1.0, "f1-score": 1.0, "support": 14}, "aqara_hubM2": {"precision": 0.0, "recall": 0.0, "f1-score": 0.0, "support": 8}, "arlo_camera_pro4": {"precision": 1.0, "recall": 0.9090909090909091, "f1-score": 0.9523809523809523, "support": 11}, "boifun_baby": {"precision": 0.4, "recall": 0.6666666666666666, "f1-score": 0.5, "support": 6}, "bose_speaker": {"precision": 0.2, "recall": 0.5, "f1-score": 0.28571428571428575, "support": 2}, "cosori_air_fryer": {"precision": 0.4444444444444444, "recall": 0.6666666666666666, "f1-score": 0.5333333333333333, "support": 6}, "echodot5": {"precision": 0.6666666666666666, "recall": 0.5714285714285714, "f1-score": 0.6153846153846153, "support": 7}, "google_nest_doorbell": {"precision": 1.0, "recall": 0.4444444444444444, "f1-score": 0.6153846153846153, "support": 9}, "google_nest_hub": {"precision": 1.0, "recall": 0.8181818181818182, "f1-score": 0.9, "support": 11}, "govee_strip_light": {"precision": 0.8888888888888888, "recall": 1.0, "f1-score": 0.9411764705882353, "support": 8}, "iROBOT_roomba": {"precision": 0.0, "recall": 0.0, "f1-score": 0.0, "support": 7}, "nest_cam": {"precision": 0.5714285714285714, "recall": 0.4444444444444444, "f1-score": 0.5, "support": 9}, "netatmo_weather_station": {"precision": 0.2222222222222222, "recall": 1.0, "f1-score": 0.3636363636363636, "support": 4}, "petsafe_feeder": {"precision": 1.0, "recall": 0.23076923076923078, "f1-score": 0.375, "support": 13}, "ring_chime_pro": {"precision": 0.8, "recall": 0.5714285714285714, "f1-score": 0.6666666666666666, "support": 7}, "simplicam": {"precision": 1.0, "recall": 1.0, "f1-score": 1.0, "support": 13}, "sonos_speaker": {"precision": 1.0, "recall": 1.0, "f1-score": 1.0, "support": 11}, "switchbot_hub_mini_1": {"precision": 0.6111111111111112, "recall": 1.0, "f1-score": 0.7586206896551725, "support": 11}, "vtech_baby_monitor": {"precision": 0.9333333333333333, "recall": 1.0, "f1-score": 0.9655172413793104, "support": 14}, "withings_sleep_analyser": {"precision": 0.8571428571428571, "recall": 0.8571428571428571, "f1-score": 0.8571428571428571, "support": 7}, "wiz_smart_bulb": {"precision": 0.75, "recall": 0.75, "f1-score": 0.75, "support": 8}, "wyze_cam_pan_v2": {"precision": 0.5833333333333334, "recall": 1.0, "f1-score": 0.7368421052631579, "support": 7}, "accuracy": 0.7305699481865285, "macro avg": {"precision": 0.6785714285714287, "recall": 0.7013756445574628, "f1-score": 0.6507636452967984, "support": 193}, "weighted avg": {"precision": 0.7603544699399623, "recall": 0.7305699481865285, "f1-score": 0.7100484999069961, "support": 193}}}
