{"name": "RandomForestClassifier-doh_1.1.1.1-padding_128_bytes_both-10", "balanced_accuracy": 0.8274126757081303, "classification_report": {"alexa_swan_kettle": {"precision": 1.0, "recall": 0.9, "f1-score": 0.9473684210526316, "support": 10}, "aqara_hubM2": {"precision": 0.0, "recall": 0.0, "f1-score": 0.0, "support": 4}, "arlo_camera_pro4": {"precision": 1.0, "recall": 1.0, "f1-score": 1.0, "support": 6}, "boifun_baby": {"precision": 1.0, "recall": 1.0, "f1-score": 1.0, "support": 5}, "bose_speaker": {"precision": 1.0, "recall": 0.9375, "f1-score": 0.967741935483871, "support": 16}, "cosori_air_fryer": {"precision": 0.5, "recall": 0.8181818181818182, "f1-score": 0.6206896551724137, "support": 11}, "echodot5": {"precision": 1.0, "recall": 0.8888888888888888, "f1-score": 0.9411764705882353, "support": 9}, "google_nest_doorbell": {"precision": 1.0, "recall": 1.0, "f1-score": 1.0, "support": 14}, "google_nest_hub": {"precision": 1.0, "recall": 1.0, "f1-score": 1.0, "support": 7}, "govee_strip_light": {"precision": 1.0, "recall": 1.0, "f1-score": 1.0, "support": 13}, "iROBOT_roomba": {"precision": 0.65, "recall": 1.0, "f1-score": 0.787878787878788, "support": 13}, "nest_cam": {"precision": 0.8, "recall": 1.0, "f1-score": 0.888888888888889, "support": 8}, "netatmo_weather_station": {"precision": 0.0, "recall": 0.0, "f1-score": 0.0, "support": 3}, "petsafe_feeder": {"precision": 0.8571428571428571, "recall": 0.46153846153846156, "f1-score": 0.6, "support": 13}, "ring_chime_pro": {"precision": 1.0, "recall": 1.0, "f1-score": 1.0, "support": 8}, "simplicam": {"precision": 0.875, "recall": 1.0, "f1-score": 0.9333333333333333, "support": 7}, "sonos_speaker": {"precision": 1.0, "recall": 1.0, "f1-score": 1.0, "support": 6}, "switchbot_hub_mini_1": {"precision": 0.6428571428571429, "recall": 1.0, "f1-score": 0.782608695652174, "support": 9}, "vtech_baby_monitor": {"precision": 1.0, "recall": 1.0, "f1-score": 1.0, "support": 7}, "withings_sleep_analyser": {"precision": 1.0, "recall": 1.0, "f1-score": 1.0, "support": 7}, "wiz_smart_bulb": {"precision": 0.6666666666666666, "recall": 0.36363636363636365, "f1-score": 0.4705882352941177, "support": 11}, "wyze_cam_pan_v2": {"precision": 1.0, "recall": 0.8333333333333334, "f1-score": 0.9090909090909091, "support": 6}, "accuracy": 0.8601036269430051, "macro avg": {"precision": 0.8178030303030304, "recall": 0.8274126757081303, "f1-score": 0.811334787837971, "support": 193}, "weighted avg": {"precision": 0.8535590920305945, "recall": 0.8601036269430051, "f1-score": 0.8425756093833054, "support": 193}}}
