{"name": "RandomForestClassifier-doh_1.1.1.1-iat_only-6", "balanced_accuracy": 0.6963875177110471, "classification_report": {"alexa_swan_kettle": {"precision": 0.8461538461538461, "recall": 0.9166666666666666, "f1-score": 0.8799999999999999, "support": 12}, "aqara_hubM2": {"precision": 0.0, "recall": 0.0, "f1-score": 0.0, "support": 5}, "arlo_camera_pro4": {"precision": 1.0, "recall": 1.0, "f1-score": 1.0, "support": 8}, "boifun_baby": {"precision": 0.5714285714285714, "recall": 0.8888888888888888, "f1-score": 0.6956521739130435, "support": 9}, "bose_speaker": {"precision": 0.5, "recall": 0.6, "f1-score": 0.5454545454545454, "support": 10}, "cosori_air_fryer": {"precision": 0.6363636363636364, "recall": 0.875, "f1-score": 0.7368421052631579, "support": 8}, "echodot5": {"precision": 0.6666666666666666, "recall": 0.3333333333333333, "f1-score": 0.4444444444444444, "support": 6}, "google_nest_doorbell": {"precision": 0.6666666666666666, "recall": 0.6666666666666666, "f1-score": 0.6666666666666666, "support": 6}, "google_nest_hub": {"precision": 1.0, "recall": 0.6428571428571429, "f1-score": 0.782608695652174, "support": 14}, "govee_strip_light": {"precision": 1.0, "recall": 1.0, "f1-score": 1.0, "support": 14}, "iROBOT_roomba": {"precision": 0.0, "recall": 0.0, "f1-score": 0.0, "support": 11}, "nest_cam": {"precision": 0.3888888888888889, "recall": 0.4117647058823529, "f1-score": 0.39999999999999997, "support": 17}, "netatmo_weather_station": {"precision": 0.0625, "recall": 1.0, "f1-score": 0.11764705882352941, "support": 1}, "petsafe_feeder": {"precision": 0.8571428571428571, "recall": 0.46153846153846156, "f1-score": 0.6, "support": 13}, "ring_chime_pro": {"precision": 0.6666666666666666, "recall": 0.5, "f1-score": 0.5714285714285715, "support": 8}, "simplicam": {"precision": 1.0, "recall": 1.0, "f1-score": 1.0, "support": 3}, "sonos_speaker": {"precision": 0.75, "recall": 0.75, "f1-score": 0.75, "support": 4}, "switchbot_hub_mini_1": {"precision": 0.6875, "recall": 0.9166666666666666, "f1-score": 0.7857142857142857, "support": 12}, "vtech_baby_monitor": {"precision": 1.0, "recall": 1.0, "f1-score": 1.0, "support": 9}, "withings_sleep_analyser": {"precision": 0.8, "recall": 1.0, "f1-score": 0.888888888888889, "support": 8}, "wiz_smart_bulb": {"precision": 1.0, "recall": 0.5, "f1-score": 0.6666666666666666, "support": 8}, "wyze_cam_pan_v2": {"precision": 0.6666666666666666, "recall": 0.8571428571428571, "f1-score": 0.75, "support": 7}, "accuracy": 0.6787564766839378, "macro avg": {"precision": 0.671211112120203, "recall": 0.6963875177110471, "f1-score": 0.6491824592234533, "support": 193}, "weighted avg": {"precision": 0.6987258064330603, "recall": 0.6787564766839378, "f1-score": 0.6694581957043171, "support": 193}}}
