{"name": "RandomForestClassifier-doh_8.8.4.4-padding_128_bytes_up-1", "balanced_accuracy": 0.7864669421487602, "classification_report": {"alexa_swan_kettle": {"precision": 1.0, "recall": 0.9090909090909091, "f1-score": 0.9523809523809523, "support": 11}, "aqara_hubM2": {"precision": 0.0, "recall": 0.0, "f1-score": 0.0, "support": 7}, "arlo_camera_pro4": {"precision": 0.9090909090909091, "recall": 0.9090909090909091, "f1-score": 0.9090909090909091, "support": 11}, "boifun_baby": {"precision": 1.0, "recall": 1.0, "f1-score": 1.0, "support": 4}, "bose_speaker": {"precision": 1.0, "recall": 1.0, "f1-score": 1.0, "support": 11}, "cosori_air_fryer": {"precision": 0.6, "recall": 0.5454545454545454, "f1-score": 0.5714285714285713, "support": 11}, "echodot5": {"precision": 0.625, "recall": 1.0, "f1-score": 0.7692307692307693, "support": 5}, "google_nest_doorbell": {"precision": 1.0, "recall": 1.0, "f1-score": 1.0, "support": 10}, "google_nest_hub": {"precision": 1.0, "recall": 1.0, "f1-score": 1.0, "support": 12}, "govee_strip_light": {"precision": 1.0, "recall": 1.0, "f1-score": 1.0, "support": 12}, "iROBOT_roomba": {"precision": 0.5263157894736842, "recall": 1.0, "f1-score": 0.6896551724137931, "support": 10}, "nest_cam": {"precision": 1.0, "recall": 0.6363636363636364, "f1-score": 0.7777777777777778, "support": 11}, "netatmo_weather_station": {"precision": 0.0, "recall": 0.0, "f1-score": 0.0, "support": 4}, "petsafe_feeder": {"precision": 1.0, "recall": 0.2, "f1-score": 0.33333333333333337, "support": 5}, "ring_chime_pro": {"precision": 1.0, "recall": 1.0, "f1-score": 1.0, "support": 9}, "simplicam": {"precision": 0.9, "recall": 1.0, "f1-score": 0.9473684210526316, "support": 9}, "sonos_speaker": {"precision": 0.9, "recall": 1.0, "f1-score": 0.9473684210526316, "support": 9}, "switchbot_hub_mini_1": {"precision": 0.6666666666666666, "recall": 1.0, "f1-score": 0.8, "support": 10}, "vtech_baby_monitor": {"precision": 1.0, "recall": 1.0, "f1-score": 1.0, "support": 8}, "withings_sleep_analyser": {"precision": 0.5, "recall": 1.0, "f1-score": 0.6666666666666666, "support": 5}, "wiz_smart_bulb": {"precision": 0.375, "recall": 0.375, "f1-score": 0.375, "support": 8}, "wyze_cam_pan_v2": {"precision": 1.0, "recall": 0.7272727272727273, "f1-score": 0.8421052631578948, "support": 11}, "accuracy": 0.8238341968911918, "macro avg": {"precision": 0.772821516601421, "recall": 0.7864669421487602, "f1-score": 0.7537002844357242, "support": 193}, "weighted avg": {"precision": 0.8153099718207436, "recall": 0.8238341968911918, "f1-score": 0.799875416380499, "support": 193}}}
