{"name": "RandomForestClassifier-doh_1.1.1.1-padding_128_bytes_both-0", "balanced_accuracy": 0.7934711122211123, "classification_report": {"alexa_swan_kettle": {"precision": 0.9090909090909091, "recall": 1.0, "f1-score": 0.9523809523809523, "support": 10}, "aqara_hubM2": {"precision": 0.0, "recall": 0.0, "f1-score": 0.0, "support": 4}, "arlo_camera_pro4": {"precision": 0.625, "recall": 1.0, "f1-score": 0.7692307692307693, "support": 5}, "boifun_baby": {"precision": 0.8571428571428571, "recall": 0.8571428571428571, "f1-score": 0.8571428571428571, "support": 7}, "bose_speaker": {"precision": 1.0, "recall": 0.5, "f1-score": 0.6666666666666666, "support": 4}, "cosori_air_fryer": {"precision": 0.5294117647058824, "recall": 0.9, "f1-score": 0.6666666666666667, "support": 10}, "echodot5": {"precision": 0.875, "recall": 1.0, "f1-score": 0.9333333333333333, "support": 7}, "google_nest_doorbell": {"precision": 1.0, "recall": 0.9375, "f1-score": 0.967741935483871, "support": 16}, "google_nest_hub": {"precision": 0.9166666666666666, "recall": 0.9166666666666666, "f1-score": 0.9166666666666666, "support": 12}, "govee_strip_light": {"precision": 1.0, "recall": 1.0, "f1-score": 1.0, "support": 10}, "iROBOT_roomba": {"precision": 0.5333333333333333, "recall": 1.0, "f1-score": 0.6956521739130436, "support": 8}, "nest_cam": {"precision": 1.0, "recall": 1.0, "f1-score": 1.0, "support": 13}, "netatmo_weather_station": {"precision": 0.0, "recall": 0.0, "f1-score": 0.0, "support": 4}, "petsafe_feeder": {"precision": 1.0, "recall": 0.23076923076923078, "f1-score": 0.375, "support": 13}, "ring_chime_pro": {"precision": 1.0, "recall": 0.7142857142857143, "f1-score": 0.8333333333333333, "support": 7}, "simplicam": {"precision": 1.0, "recall": 1.0, "f1-score": 1.0, "support": 10}, "sonos_speaker": {"precision": 1.0, "recall": 0.8, "f1-score": 0.888888888888889, "support": 5}, "switchbot_hub_mini_1": {"precision": 0.6363636363636364, "recall": 1.0, "f1-score": 0.7777777777777778, "support": 7}, "vtech_baby_monitor": {"precision": 0.9, "recall": 1.0, "f1-score": 0.9473684210526316, "support": 9}, "withings_sleep_analyser": {"precision": 0.9, "recall": 1.0, "f1-score": 0.9473684210526316, "support": 9}, "wiz_smart_bulb": {"precision": 0.75, "recall": 0.6, "f1-score": 0.6666666666666665, "support": 10}, "wyze_cam_pan_v2": {"precision": 0.9285714285714286, "recall": 1.0, "f1-score": 0.962962962962963, "support": 13}, "accuracy": 0.8393782383419689, "macro avg": {"precision": 0.7891172998124869, "recall": 0.7934711122211123, "f1-score": 0.7647658406008965, "support": 193}, "weighted avg": {"precision": 0.8452210747699929, "recall": 0.8393782383419689, "f1-score": 0.814097188507933, "support": 193}}}
