{"name": "RandomForestClassifier-doh_8.8.4.4-padding_random_block_up-5", "balanced_accuracy": 0.8006854256854258, "classification_report": {"alexa_swan_kettle": {"precision": 1.0, "recall": 1.0, "f1-score": 1.0, "support": 8}, "aqara_hubM2": {"precision": 0.0, "recall": 0.0, "f1-score": 0.0, "support": 4}, "arlo_camera_pro4": {"precision": 1.0, "recall": 1.0, "f1-score": 1.0, "support": 6}, "boifun_baby": {"precision": 1.0, "recall": 1.0, "f1-score": 1.0, "support": 9}, "bose_speaker": {"precision": 1.0, "recall": 0.8888888888888888, "f1-score": 0.9411764705882353, "support": 9}, "cosori_air_fryer": {"precision": 0.3333333333333333, "recall": 0.1111111111111111, "f1-score": 0.16666666666666666, "support": 9}, "echodot5": {"precision": 1.0, "recall": 1.0, "f1-score": 1.0, "support": 6}, "google_nest_doorbell": {"precision": 0.9166666666666666, "recall": 0.9166666666666666, "f1-score": 0.9166666666666666, "support": 12}, "google_nest_hub": {"precision": 0.7272727272727273, "recall": 0.8888888888888888, "f1-score": 0.7999999999999999, "support": 9}, "govee_strip_light": {"precision": 1.0, "recall": 1.0, "f1-score": 1.0, "support": 10}, "iROBOT_roomba": {"precision": 0.7222222222222222, "recall": 1.0, "f1-score": 0.8387096774193548, "support": 13}, "nest_cam": {"precision": 1.0, "recall": 1.0, "f1-score": 1.0, "support": 13}, "netatmo_weather_station": {"precision": 0.0, "recall": 0.0, "f1-score": 0.0, "support": 1}, "petsafe_feeder": {"precision": 1.0, "recall": 0.2857142857142857, "f1-score": 0.4444444444444445, "support": 14}, "ring_chime_pro": {"precision": 1.0, "recall": 0.8571428571428571, "f1-score": 0.923076923076923, "support": 7}, "simplicam": {"precision": 1.0, "recall": 1.0, "f1-score": 1.0, "support": 8}, "sonos_speaker": {"precision": 1.0, "recall": 1.0, "f1-score": 1.0, "support": 11}, "switchbot_hub_mini_1": {"precision": 0.5333333333333333, "recall": 1.0, "f1-score": 0.6956521739130436, "support": 8}, "vtech_baby_monitor": {"precision": 1.0, "recall": 1.0, "f1-score": 1.0, "support": 14}, "withings_sleep_analyser": {"precision": 1.0, "recall": 1.0, "f1-score": 1.0, "support": 4}, "wiz_smart_bulb": {"precision": 0.3888888888888889, "recall": 0.7777777777777778, "f1-score": 0.5185185185185185, "support": 9}, "wyze_cam_pan_v2": {"precision": 0.8888888888888888, "recall": 0.8888888888888888, "f1-score": 0.8888888888888888, "support": 9}, "accuracy": 0.844559585492228, "macro avg": {"precision": 0.7959366391184574, "recall": 0.8006854256854258, "f1-score": 0.778809110462852, "support": 193}, "weighted avg": {"precision": 0.8533731093316586, "recall": 0.844559585492228, "f1-score": 0.8237795791890022, "support": 193}}}
