{"name": "RandomForestClassifier-doh_1.1.1.1-padding_128_bytes_both-4", "balanced_accuracy": 0.8408003612549066, "classification_report": {"alexa_swan_kettle": {"precision": 1.0, "recall": 1.0, "f1-score": 1.0, "support": 4}, "aqara_hubM2": {"precision": 0.0, "recall": 0.0, "f1-score": 0.0, "support": 10}, "arlo_camera_pro4": {"precision": 0.9, "recall": 1.0, "f1-score": 0.9473684210526316, "support": 9}, "boifun_baby": {"precision": 1.0, "recall": 1.0, "f1-score": 1.0, "support": 11}, "bose_speaker": {"precision": 0.8333333333333334, "recall": 1.0, "f1-score": 0.9090909090909091, "support": 5}, "cosori_air_fryer": {"precision": 0.6666666666666666, "recall": 1.0, "f1-score": 0.8, "support": 8}, "echodot5": {"precision": 1.0, "recall": 0.8181818181818182, "f1-score": 0.9, "support": 11}, "google_nest_doorbell": {"precision": 1.0, "recall": 1.0, "f1-score": 1.0, "support": 10}, "google_nest_hub": {"precision": 1.0, "recall": 0.8888888888888888, "f1-score": 0.9411764705882353, "support": 9}, "govee_strip_light": {"precision": 1.0, "recall": 0.9285714285714286, "f1-score": 0.962962962962963, "support": 14}, "iROBOT_roomba": {"precision": 0.43478260869565216, "recall": 1.0, "f1-score": 0.6060606060606061, "support": 10}, "nest_cam": {"precision": 1.0, "recall": 1.0, "f1-score": 1.0, "support": 8}, "netatmo_weather_station": {"precision": 0.0, "recall": 0.0, "f1-score": 0.0, "support": 4}, "petsafe_feeder": {"precision": 1.0, "recall": 0.3, "f1-score": 0.4615384615384615, "support": 10}, "ring_chime_pro": {"precision": 1.0, "recall": 0.8888888888888888, "f1-score": 0.9411764705882353, "support": 9}, "simplicam": {"precision": 0.75, "recall": 1.0, "f1-score": 0.8571428571428571, "support": 3}, "sonos_speaker": {"precision": 0.9230769230769231, "recall": 0.9230769230769231, "f1-score": 0.9230769230769231, "support": 13}, "switchbot_hub_mini_1": {"precision": 0.7058823529411765, "recall": 1.0, "f1-score": 0.8275862068965517, "support": 12}, "vtech_baby_monitor": {"precision": 1.0, "recall": 1.0, "f1-score": 1.0, "support": 8}, "withings_sleep_analyser": {"precision": 0.7777777777777778, "recall": 1.0, "f1-score": 0.8750000000000001, "support": 7}, "wiz_smart_bulb": {"precision": 1.0, "recall": 0.75, "f1-score": 0.8571428571428571, "support": 8}, "wyze_cam_pan_v2": {"precision": 0.9090909090909091, "recall": 1.0, "f1-score": 0.9523809523809523, "support": 10}, "accuracy": 0.8497409326424871, "macro avg": {"precision": 0.813664116890111, "recall": 0.8408003612549066, "f1-score": 0.8073501862964629, "support": 193}, "weighted avg": {"precision": 0.8352526832000217, "recall": 0.8497409326424871, "f1-score": 0.8211338569851203, "support": 193}}}
