{"name": "RandomForestClassifier-doh_1.1.1.1-iat_only-13", "balanced_accuracy": 0.6981355765446675, "classification_report": {"alexa_swan_kettle": {"precision": 0.875, "recall": 1.0, "f1-score": 0.9333333333333333, "support": 7}, "aqara_hubM2": {"precision": 0.0, "recall": 0.0, "f1-score": 0.0, "support": 9}, "arlo_camera_pro4": {"precision": 1.0, "recall": 1.0, "f1-score": 1.0, "support": 11}, "boifun_baby": {"precision": 0.3076923076923077, "recall": 1.0, "f1-score": 0.47058823529411764, "support": 4}, "bose_speaker": {"precision": 0.5714285714285714, "recall": 0.5714285714285714, "f1-score": 0.5714285714285714, "support": 7}, "cosori_air_fryer": {"precision": 0.5714285714285714, "recall": 0.8888888888888888, "f1-score": 0.6956521739130435, "support": 9}, "echodot5": {"precision": 0.2857142857142857, "recall": 0.2222222222222222, "f1-score": 0.25, "support": 9}, "google_nest_doorbell": {"precision": 0.7777777777777778, "recall": 0.6363636363636364, "f1-score": 0.7000000000000001, "support": 11}, "google_nest_hub": {"precision": 1.0, "recall": 0.5555555555555556, "f1-score": 0.7142857142857143, "support": 9}, "govee_strip_light": {"precision": 1.0, "recall": 1.0, "f1-score": 1.0, "support": 7}, "iROBOT_roomba": {"precision": 0.5714285714285714, "recall": 1.0, "f1-score": 0.7272727272727273, "support": 12}, "nest_cam": {"precision": 0.35294117647058826, "recall": 0.75, "f1-score": 0.48, "support": 8}, "netatmo_weather_station": {"precision": 0.0, "recall": 0.0, "f1-score": 0.0, "support": 3}, "petsafe_feeder": {"precision": 1.0, "recall": 0.4166666666666667, "f1-score": 0.5882352941176471, "support": 12}, "ring_chime_pro": {"precision": 0.6666666666666666, "recall": 0.2857142857142857, "f1-score": 0.4, "support": 14}, "simplicam": {"precision": 1.0, "recall": 1.0, "f1-score": 1.0, "support": 10}, "sonos_speaker": {"precision": 1.0, "recall": 0.8, "f1-score": 0.888888888888889, "support": 10}, "switchbot_hub_mini_1": {"precision": 0.8461538461538461, "recall": 1.0, "f1-score": 0.9166666666666666, "support": 11}, "vtech_baby_monitor": {"precision": 1.0, "recall": 0.875, "f1-score": 0.9333333333333333, "support": 8}, "withings_sleep_analyser": {"precision": 0.5833333333333334, "recall": 1.0, "f1-score": 0.7368421052631579, "support": 7}, "wiz_smart_bulb": {"precision": 0.8, "recall": 0.5, "f1-score": 0.6153846153846154, "support": 8}, "wyze_cam_pan_v2": {"precision": 0.75, "recall": 0.8571428571428571, "f1-score": 0.7999999999999999, "support": 7}, "accuracy": 0.6994818652849741, "macro avg": {"precision": 0.6799802321861146, "recall": 0.6981355765446675, "f1-score": 0.655541439053719, "support": 193}, "weighted avg": {"precision": 0.718552547895736, "recall": 0.6994818652849741, "f1-score": 0.6756532853564302, "support": 193}}}
