{"name": "RandomForestClassifier-doh_8.8.4.4-padding_random_block_down-4", "balanced_accuracy": 0.8080037386855569, "classification_report": {"alexa_swan_kettle": {"precision": 1.0, "recall": 0.75, "f1-score": 0.8571428571428571, "support": 4}, "aqara_hubM2": {"precision": 0.3333333333333333, "recall": 0.1, "f1-score": 0.15384615384615383, "support": 10}, "arlo_camera_pro4": {"precision": 0.9, "recall": 1.0, "f1-score": 0.9473684210526316, "support": 9}, "boifun_baby": {"precision": 1.0, "recall": 1.0, "f1-score": 1.0, "support": 11}, "bose_speaker": {"precision": 0.625, "recall": 1.0, "f1-score": 0.7692307692307693, "support": 5}, "cosori_air_fryer": {"precision": 0.6666666666666666, "recall": 1.0, "f1-score": 0.8, "support": 8}, "echodot5": {"precision": 1.0, "recall": 0.7272727272727273, "f1-score": 0.8421052631578948, "support": 11}, "google_nest_doorbell": {"precision": 1.0, "recall": 0.9, "f1-score": 0.9473684210526316, "support": 10}, "google_nest_hub": {"precision": 1.0, "recall": 0.7777777777777778, "f1-score": 0.8750000000000001, "support": 9}, "govee_strip_light": {"precision": 1.0, "recall": 1.0, "f1-score": 1.0, "support": 14}, "iROBOT_roomba": {"precision": 1.0, "recall": 0.1, "f1-score": 0.18181818181818182, "support": 10}, "nest_cam": {"precision": 1.0, "recall": 0.875, "f1-score": 0.9333333333333333, "support": 8}, "netatmo_weather_station": {"precision": 0.15, "recall": 0.75, "f1-score": 0.24999999999999997, "support": 4}, "petsafe_feeder": {"precision": 1.0, "recall": 0.3, "f1-score": 0.4615384615384615, "support": 10}, "ring_chime_pro": {"precision": 0.8888888888888888, "recall": 0.8888888888888888, "f1-score": 0.8888888888888888, "support": 9}, "simplicam": {"precision": 0.6, "recall": 1.0, "f1-score": 0.7499999999999999, "support": 3}, "sonos_speaker": {"precision": 0.8666666666666667, "recall": 1.0, "f1-score": 0.9285714285714286, "support": 13}, "switchbot_hub_mini_1": {"precision": 0.7058823529411765, "recall": 1.0, "f1-score": 0.8275862068965517, "support": 12}, "vtech_baby_monitor": {"precision": 1.0, "recall": 1.0, "f1-score": 1.0, "support": 8}, "withings_sleep_analyser": {"precision": 0.8571428571428571, "recall": 0.8571428571428571, "f1-score": 0.8571428571428571, "support": 7}, "wiz_smart_bulb": {"precision": 1.0, "recall": 0.75, "f1-score": 0.8571428571428571, "support": 8}, "wyze_cam_pan_v2": {"precision": 1.0, "recall": 1.0, "f1-score": 1.0, "support": 10}, "accuracy": 0.8031088082901554, "macro avg": {"precision": 0.8451627620745267, "recall": 0.8080037386855569, "f1-score": 0.7785492773097954, "support": 193}, "weighted avg": {"precision": 0.8757975210809713, "recall": 0.8031088082901554, "f1-score": 0.7946175322253204, "support": 193}}}
