{"name": "RandomForestClassifier-dot_8.8.8.8-iat_only-13", "balanced_accuracy": 0.6677948314311951, "classification_report": {"alexa_swan_kettle": {"precision": 0.7777777777777778, "recall": 1.0, "f1-score": 0.8750000000000001, "support": 7}, "aqara_hubM2": {"precision": 1.0, "recall": 0.1111111111111111, "f1-score": 0.19999999999999998, "support": 9}, "arlo_camera_pro4": {"precision": 1.0, "recall": 1.0, "f1-score": 1.0, "support": 11}, "boifun_baby": {"precision": 0.3, "recall": 0.75, "f1-score": 0.4285714285714285, "support": 4}, "bose_speaker": {"precision": 0.25, "recall": 0.14285714285714285, "f1-score": 0.18181818181818182, "support": 7}, "cosori_air_fryer": {"precision": 0.5, "recall": 0.7777777777777778, "f1-score": 0.6086956521739131, "support": 9}, "echodot5": {"precision": 0.3181818181818182, "recall": 0.7777777777777778, "f1-score": 0.45161290322580644, "support": 9}, "google_nest_doorbell": {"precision": 0.8571428571428571, "recall": 0.5454545454545454, "f1-score": 0.6666666666666665, "support": 11}, "google_nest_hub": {"precision": 1.0, "recall": 0.5555555555555556, "f1-score": 0.7142857142857143, "support": 9}, "govee_strip_light": {"precision": 1.0, "recall": 1.0, "f1-score": 1.0, "support": 7}, "iROBOT_roomba": {"precision": 0.0, "recall": 0.0, "f1-score": 0.0, "support": 12}, "nest_cam": {"precision": 0.3333333333333333, "recall": 0.125, "f1-score": 0.18181818181818182, "support": 8}, "netatmo_weather_station": {"precision": 0.14285714285714285, "recall": 1.0, "f1-score": 0.25, "support": 3}, "petsafe_feeder": {"precision": 0.8333333333333334, "recall": 0.4166666666666667, "f1-score": 0.5555555555555556, "support": 12}, "ring_chime_pro": {"precision": 0.625, "recall": 0.35714285714285715, "f1-score": 0.45454545454545453, "support": 14}, "simplicam": {"precision": 1.0, "recall": 1.0, "f1-score": 1.0, "support": 10}, "sonos_speaker": {"precision": 0.9, "recall": 0.9, "f1-score": 0.9, "support": 10}, "switchbot_hub_mini_1": {"precision": 0.8461538461538461, "recall": 1.0, "f1-score": 0.9166666666666666, "support": 11}, "vtech_baby_monitor": {"precision": 1.0, "recall": 1.0, "f1-score": 1.0, "support": 8}, "withings_sleep_analyser": {"precision": 0.7777777777777778, "recall": 1.0, "f1-score": 0.8750000000000001, "support": 7}, "wiz_smart_bulb": {"precision": 0.6, "recall": 0.375, "f1-score": 0.4615384615384615, "support": 8}, "wyze_cam_pan_v2": {"precision": 0.6, "recall": 0.8571428571428571, "f1-score": 0.7058823529411764, "support": 7}, "accuracy": 0.6373056994818653, "macro avg": {"precision": 0.666434449388995, "recall": 0.6677948314311951, "f1-score": 0.6103480554457822, "support": 193}, "weighted avg": {"precision": 0.6931814874820056, "recall": 0.6373056994818653, "f1-score": 0.6181003146559222, "support": 193}}}
