{"name": "RandomForestClassifier-doh_8.8.4.4-padding_random_block_both-13", "balanced_accuracy": 0.8272514102059557, "classification_report": {"alexa_swan_kettle": {"precision": 0.875, "recall": 1.0, "f1-score": 0.9333333333333333, "support": 7}, "aqara_hubM2": {"precision": 1.0, "recall": 0.1111111111111111, "f1-score": 0.19999999999999998, "support": 9}, "arlo_camera_pro4": {"precision": 1.0, "recall": 1.0, "f1-score": 1.0, "support": 11}, "boifun_baby": {"precision": 0.6666666666666666, "recall": 1.0, "f1-score": 0.8, "support": 4}, "bose_speaker": {"precision": 0.875, "recall": 1.0, "f1-score": 0.9333333333333333, "support": 7}, "cosori_air_fryer": {"precision": 0.5, "recall": 0.8888888888888888, "f1-score": 0.64, "support": 9}, "echodot5": {"precision": 1.0, "recall": 0.8888888888888888, "f1-score": 0.9411764705882353, "support": 9}, "google_nest_doorbell": {"precision": 0.9, "recall": 0.8181818181818182, "f1-score": 0.8571428571428572, "support": 11}, "google_nest_hub": {"precision": 0.8888888888888888, "recall": 0.8888888888888888, "f1-score": 0.8888888888888888, "support": 9}, "govee_strip_light": {"precision": 1.0, "recall": 1.0, "f1-score": 1.0, "support": 7}, "iROBOT_roomba": {"precision": 1.0, "recall": 0.16666666666666666, "f1-score": 0.2857142857142857, "support": 12}, "nest_cam": {"precision": 0.875, "recall": 0.875, "f1-score": 0.875, "support": 8}, "netatmo_weather_station": {"precision": 0.16666666666666666, "recall": 1.0, "f1-score": 0.2857142857142857, "support": 3}, "petsafe_feeder": {"precision": 1.0, "recall": 0.3333333333333333, "f1-score": 0.5, "support": 12}, "ring_chime_pro": {"precision": 0.9285714285714286, "recall": 0.9285714285714286, "f1-score": 0.9285714285714286, "support": 14}, "simplicam": {"precision": 1.0, "recall": 1.0, "f1-score": 1.0, "support": 10}, "sonos_speaker": {"precision": 1.0, "recall": 0.8, "f1-score": 0.888888888888889, "support": 10}, "switchbot_hub_mini_1": {"precision": 0.8461538461538461, "recall": 1.0, "f1-score": 0.9166666666666666, "support": 11}, "vtech_baby_monitor": {"precision": 1.0, "recall": 1.0, "f1-score": 1.0, "support": 8}, "withings_sleep_analyser": {"precision": 0.7, "recall": 1.0, "f1-score": 0.8235294117647058, "support": 7}, "wiz_smart_bulb": {"precision": 0.6666666666666666, "recall": 0.5, "f1-score": 0.5714285714285715, "support": 8}, "wyze_cam_pan_v2": {"precision": 0.875, "recall": 1.0, "f1-score": 0.9333333333333333, "support": 7}, "accuracy": 0.7979274611398963, "macro avg": {"precision": 0.8528915528915529, "recall": 0.8272514102059557, "f1-score": 0.7819418979713099, "support": 193}, "weighted avg": {"precision": 0.8885113591072141, "recall": 0.7979274611398963, "f1-score": 0.7868043037595002, "support": 193}}}
