{"name": "RandomForestClassifier-doh_1.1.1.1-padding_random_block_up-5", "balanced_accuracy": 0.8029565131837859, "classification_report": {"alexa_swan_kettle": {"precision": 1.0, "recall": 0.875, "f1-score": 0.9333333333333333, "support": 8}, "aqara_hubM2": {"precision": 0.0, "recall": 0.0, "f1-score": 0.0, "support": 4}, "arlo_camera_pro4": {"precision": 0.8571428571428571, "recall": 1.0, "f1-score": 0.923076923076923, "support": 6}, "boifun_baby": {"precision": 1.0, "recall": 1.0, "f1-score": 1.0, "support": 9}, "bose_speaker": {"precision": 1.0, "recall": 0.8888888888888888, "f1-score": 0.9411764705882353, "support": 9}, "cosori_air_fryer": {"precision": 0.3333333333333333, "recall": 0.1111111111111111, "f1-score": 0.16666666666666666, "support": 9}, "echodot5": {"precision": 0.8571428571428571, "recall": 1.0, "f1-score": 0.923076923076923, "support": 6}, "google_nest_doorbell": {"precision": 1.0, "recall": 1.0, "f1-score": 1.0, "support": 12}, "google_nest_hub": {"precision": 0.8181818181818182, "recall": 1.0, "f1-score": 0.9, "support": 9}, "govee_strip_light": {"precision": 1.0, "recall": 1.0, "f1-score": 1.0, "support": 10}, "iROBOT_roomba": {"precision": 0.7222222222222222, "recall": 1.0, "f1-score": 0.8387096774193548, "support": 13}, "nest_cam": {"precision": 1.0, "recall": 1.0, "f1-score": 1.0, "support": 13}, "netatmo_weather_station": {"precision": 0.0, "recall": 0.0, "f1-score": 0.0, "support": 1}, "petsafe_feeder": {"precision": 1.0, "recall": 0.2857142857142857, "f1-score": 0.4444444444444445, "support": 14}, "ring_chime_pro": {"precision": 0.875, "recall": 1.0, "f1-score": 0.9333333333333333, "support": 7}, "simplicam": {"precision": 1.0, "recall": 1.0, "f1-score": 1.0, "support": 8}, "sonos_speaker": {"precision": 1.0, "recall": 0.9090909090909091, "f1-score": 0.9523809523809523, "support": 11}, "switchbot_hub_mini_1": {"precision": 0.5333333333333333, "recall": 1.0, "f1-score": 0.6956521739130436, "support": 8}, "vtech_baby_monitor": {"precision": 1.0, "recall": 0.9285714285714286, "f1-score": 0.962962962962963, "support": 14}, "withings_sleep_analyser": {"precision": 1.0, "recall": 1.0, "f1-score": 1.0, "support": 4}, "wiz_smart_bulb": {"precision": 0.3888888888888889, "recall": 0.7777777777777778, "f1-score": 0.5185185185185185, "support": 9}, "wyze_cam_pan_v2": {"precision": 1.0, "recall": 0.8888888888888888, "f1-score": 0.9411764705882353, "support": 9}, "accuracy": 0.844559585492228, "macro avg": {"precision": 0.7902384231929687, "recall": 0.8029565131837859, "f1-score": 0.7761140386501331, "support": 193}, "weighted avg": {"precision": 0.8545590995072861, "recall": 0.844559585492228, "f1-score": 0.8234875833773477, "support": 193}}}
