{"name": "RandomForestClassifier-dot_1.1.1.1-iat_only-14", "balanced_accuracy": 0.7277153402153402, "classification_report": {"alexa_swan_kettle": {"precision": 0.9090909090909091, "recall": 1.0, "f1-score": 0.9523809523809523, "support": 10}, "aqara_hubM2": {"precision": 0.0, "recall": 0.0, "f1-score": 0.0, "support": 7}, "arlo_camera_pro4": {"precision": 1.0, "recall": 1.0, "f1-score": 1.0, "support": 10}, "boifun_baby": {"precision": 0.42857142857142855, "recall": 0.42857142857142855, "f1-score": 0.42857142857142855, "support": 7}, "bose_speaker": {"precision": 0.625, "recall": 0.625, "f1-score": 0.625, "support": 8}, "cosori_air_fryer": {"precision": 0.8181818181818182, "recall": 0.9, "f1-score": 0.8571428571428572, "support": 10}, "echodot5": {"precision": 0.4166666666666667, "recall": 0.7142857142857143, "f1-score": 0.5263157894736842, "support": 7}, "google_nest_doorbell": {"precision": 0.6363636363636364, "recall": 0.7777777777777778, "f1-score": 0.7000000000000001, "support": 9}, "google_nest_hub": {"precision": 0.875, "recall": 1.0, "f1-score": 0.9333333333333333, "support": 7}, "govee_strip_light": {"precision": 1.0, "recall": 1.0, "f1-score": 1.0, "support": 10}, "iROBOT_roomba": {"precision": 0.4444444444444444, "recall": 1.0, "f1-score": 0.6153846153846153, "support": 8}, "nest_cam": {"precision": 0.625, "recall": 0.5555555555555556, "f1-score": 0.5882352941176471, "support": 9}, "netatmo_weather_station": {"precision": 0.0, "recall": 0.0, "f1-score": 0.0, "support": 3}, "petsafe_feeder": {"precision": 1.0, "recall": 0.23076923076923078, "f1-score": 0.375, "support": 13}, "ring_chime_pro": {"precision": 0.6, "recall": 0.375, "f1-score": 0.4615384615384615, "support": 8}, "simplicam": {"precision": 1.0, "recall": 1.0, "f1-score": 1.0, "support": 10}, "sonos_speaker": {"precision": 1.0, "recall": 0.75, "f1-score": 0.8571428571428571, "support": 8}, "switchbot_hub_mini_1": {"precision": 0.5714285714285714, "recall": 1.0, "f1-score": 0.7272727272727273, "support": 12}, "vtech_baby_monitor": {"precision": 1.0, "recall": 1.0, "f1-score": 1.0, "support": 11}, "withings_sleep_analyser": {"precision": 1.0, "recall": 1.0, "f1-score": 1.0, "support": 9}, "wiz_smart_bulb": {"precision": 1.0, "recall": 0.875, "f1-score": 0.9333333333333333, "support": 8}, "wyze_cam_pan_v2": {"precision": 1.0, "recall": 0.7777777777777778, "f1-score": 0.8750000000000001, "support": 9}, "accuracy": 0.7616580310880829, "macro avg": {"precision": 0.7249885215794306, "recall": 0.7277153402153402, "f1-score": 0.7025296204405408, "support": 193}, "weighted avg": {"precision": 0.7713956739863476, "recall": 0.7616580310880829, "f1-score": 0.7374267692663881, "support": 193}}}
