{"name": "RandomForestClassifier-doh_8.8.4.4-padding_random_block_down-13", "balanced_accuracy": 0.7898235602781057, "classification_report": {"alexa_swan_kettle": {"precision": 0.875, "recall": 1.0, "f1-score": 0.9333333333333333, "support": 7}, "aqara_hubM2": {"precision": 1.0, "recall": 0.1111111111111111, "f1-score": 0.19999999999999998, "support": 9}, "arlo_camera_pro4": {"precision": 1.0, "recall": 1.0, "f1-score": 1.0, "support": 11}, "boifun_baby": {"precision": 0.5714285714285714, "recall": 1.0, "f1-score": 0.7272727272727273, "support": 4}, "bose_speaker": {"precision": 0.75, "recall": 0.8571428571428571, "f1-score": 0.7999999999999999, "support": 7}, "cosori_air_fryer": {"precision": 0.4444444444444444, "recall": 0.8888888888888888, "f1-score": 0.5925925925925926, "support": 9}, "echodot5": {"precision": 1.0, "recall": 0.5555555555555556, "f1-score": 0.7142857142857143, "support": 9}, "google_nest_doorbell": {"precision": 1.0, "recall": 0.8181818181818182, "f1-score": 0.9, "support": 11}, "google_nest_hub": {"precision": 0.8571428571428571, "recall": 0.6666666666666666, "f1-score": 0.75, "support": 9}, "govee_strip_light": {"precision": 1.0, "recall": 1.0, "f1-score": 1.0, "support": 7}, "iROBOT_roomba": {"precision": 1.0, "recall": 0.16666666666666666, "f1-score": 0.2857142857142857, "support": 12}, "nest_cam": {"precision": 0.7777777777777778, "recall": 0.875, "f1-score": 0.823529411764706, "support": 8}, "netatmo_weather_station": {"precision": 0.16666666666666666, "recall": 1.0, "f1-score": 0.2857142857142857, "support": 3}, "petsafe_feeder": {"precision": 1.0, "recall": 0.3333333333333333, "f1-score": 0.5, "support": 12}, "ring_chime_pro": {"precision": 0.8666666666666667, "recall": 0.9285714285714286, "f1-score": 0.896551724137931, "support": 14}, "simplicam": {"precision": 1.0, "recall": 1.0, "f1-score": 1.0, "support": 10}, "sonos_speaker": {"precision": 0.8888888888888888, "recall": 0.8, "f1-score": 0.8421052631578948, "support": 10}, "switchbot_hub_mini_1": {"precision": 0.8461538461538461, "recall": 1.0, "f1-score": 0.9166666666666666, "support": 11}, "vtech_baby_monitor": {"precision": 1.0, "recall": 1.0, "f1-score": 1.0, "support": 8}, "withings_sleep_analyser": {"precision": 0.7, "recall": 1.0, "f1-score": 0.8235294117647058, "support": 7}, "wiz_smart_bulb": {"precision": 0.75, "recall": 0.375, "f1-score": 0.5, "support": 8}, "wyze_cam_pan_v2": {"precision": 0.7, "recall": 1.0, "f1-score": 0.8235294117647058, "support": 7}, "accuracy": 0.7616580310880829, "macro avg": {"precision": 0.8270077145077145, "recall": 0.7898235602781057, "f1-score": 0.7415829467349795, "support": 193}, "weighted avg": {"precision": 0.8664618484566672, "recall": 0.7616580310880829, "f1-score": 0.7498124375736274, "support": 193}}}
