{"name": "RandomForestClassifier-doh_8.8.4.4-padding_random_block_down-14", "balanced_accuracy": 0.7986180486180486, "classification_report": {"alexa_swan_kettle": {"precision": 1.0, "recall": 1.0, "f1-score": 1.0, "support": 10}, "aqara_hubM2": {"precision": 0.0, "recall": 0.0, "f1-score": 0.0, "support": 7}, "arlo_camera_pro4": {"precision": 0.8333333333333334, "recall": 1.0, "f1-score": 0.9090909090909091, "support": 10}, "boifun_baby": {"precision": 1.0, "recall": 1.0, "f1-score": 1.0, "support": 7}, "bose_speaker": {"precision": 1.0, "recall": 1.0, "f1-score": 1.0, "support": 8}, "cosori_air_fryer": {"precision": 0.7142857142857143, "recall": 0.5, "f1-score": 0.588235294117647, "support": 10}, "echodot5": {"precision": 1.0, "recall": 0.7142857142857143, "f1-score": 0.8333333333333333, "support": 7}, "google_nest_doorbell": {"precision": 1.0, "recall": 0.8888888888888888, "f1-score": 0.9411764705882353, "support": 9}, "google_nest_hub": {"precision": 0.8333333333333334, "recall": 0.7142857142857143, "f1-score": 0.7692307692307692, "support": 7}, "govee_strip_light": {"precision": 1.0, "recall": 1.0, "f1-score": 1.0, "support": 10}, "iROBOT_roomba": {"precision": 0.25, "recall": 0.125, "f1-score": 0.16666666666666666, "support": 8}, "nest_cam": {"precision": 1.0, "recall": 0.7777777777777778, "f1-score": 0.8750000000000001, "support": 9}, "netatmo_weather_station": {"precision": 0.21428571428571427, "recall": 1.0, "f1-score": 0.35294117647058826, "support": 3}, "petsafe_feeder": {"precision": 0.4444444444444444, "recall": 0.3076923076923077, "f1-score": 0.3636363636363637, "support": 13}, "ring_chime_pro": {"precision": 1.0, "recall": 1.0, "f1-score": 1.0, "support": 8}, "simplicam": {"precision": 0.9090909090909091, "recall": 1.0, "f1-score": 0.9523809523809523, "support": 10}, "sonos_speaker": {"precision": 0.8888888888888888, "recall": 1.0, "f1-score": 0.9411764705882353, "support": 8}, "switchbot_hub_mini_1": {"precision": 0.6, "recall": 1.0, "f1-score": 0.7499999999999999, "support": 12}, "vtech_baby_monitor": {"precision": 1.0, "recall": 1.0, "f1-score": 1.0, "support": 11}, "withings_sleep_analyser": {"precision": 0.875, "recall": 0.7777777777777778, "f1-score": 0.823529411764706, "support": 9}, "wiz_smart_bulb": {"precision": 1.0, "recall": 0.875, "f1-score": 0.9333333333333333, "support": 8}, "wyze_cam_pan_v2": {"precision": 0.8, "recall": 0.8888888888888888, "f1-score": 0.8421052631578948, "support": 9}, "accuracy": 0.7979274611398963, "macro avg": {"precision": 0.7892119244391972, "recall": 0.7986180486180486, "f1-score": 0.7746289279254378, "support": 193}, "weighted avg": {"precision": 0.8041822742599944, "recall": 0.7979274611398963, "f1-score": 0.7884291637556047, "support": 193}}}
