{"name": "RandomForestClassifier-doh_1.1.1.1-iat_only-1", "balanced_accuracy": 0.6600780532598715, "classification_report": {"alexa_swan_kettle": {"precision": 1.0, "recall": 0.9090909090909091, "f1-score": 0.9523809523809523, "support": 11}, "aqara_hubM2": {"precision": 0.0, "recall": 0.0, "f1-score": 0.0, "support": 7}, "arlo_camera_pro4": {"precision": 0.9090909090909091, "recall": 0.9090909090909091, "f1-score": 0.9090909090909091, "support": 11}, "boifun_baby": {"precision": 0.3076923076923077, "recall": 1.0, "f1-score": 0.47058823529411764, "support": 4}, "bose_speaker": {"precision": 0.7777777777777778, "recall": 0.6363636363636364, "f1-score": 0.7000000000000001, "support": 11}, "cosori_air_fryer": {"precision": 0.6666666666666666, "recall": 0.5454545454545454, "f1-score": 0.6, "support": 11}, "echodot5": {"precision": 0.23529411764705882, "recall": 0.8, "f1-score": 0.3636363636363636, "support": 5}, "google_nest_doorbell": {"precision": 0.75, "recall": 0.6, "f1-score": 0.6666666666666665, "support": 10}, "google_nest_hub": {"precision": 0.75, "recall": 0.5, "f1-score": 0.6, "support": 12}, "govee_strip_light": {"precision": 1.0, "recall": 1.0, "f1-score": 1.0, "support": 12}, "iROBOT_roomba": {"precision": 0.0, "recall": 0.0, "f1-score": 0.0, "support": 10}, "nest_cam": {"precision": 1.0, "recall": 0.18181818181818182, "f1-score": 0.3076923076923077, "support": 11}, "netatmo_weather_station": {"precision": 0.21052631578947367, "recall": 1.0, "f1-score": 0.34782608695652173, "support": 4}, "petsafe_feeder": {"precision": 1.0, "recall": 0.2, "f1-score": 0.33333333333333337, "support": 5}, "ring_chime_pro": {"precision": 1.0, "recall": 0.5555555555555556, "f1-score": 0.7142857142857143, "support": 9}, "simplicam": {"precision": 1.0, "recall": 0.8888888888888888, "f1-score": 0.9411764705882353, "support": 9}, "sonos_speaker": {"precision": 1.0, "recall": 1.0, "f1-score": 1.0, "support": 9}, "switchbot_hub_mini_1": {"precision": 0.6666666666666666, "recall": 1.0, "f1-score": 0.8, "support": 10}, "vtech_baby_monitor": {"precision": 0.875, "recall": 0.875, "f1-score": 0.875, "support": 8}, "withings_sleep_analyser": {"precision": 0.45454545454545453, "recall": 1.0, "f1-score": 0.625, "support": 5}, "wiz_smart_bulb": {"precision": 0.375, "recall": 0.375, "f1-score": 0.375, "support": 8}, "wyze_cam_pan_v2": {"precision": 0.6, "recall": 0.5454545454545454, "f1-score": 0.5714285714285713, "support": 11}, "accuracy": 0.6476683937823834, "macro avg": {"precision": 0.6626481916307415, "recall": 0.6600780532598715, "f1-score": 0.5978684368797134, "support": 193}, "weighted avg": {"precision": 0.7107649114530842, "recall": 0.6476683937823834, "f1-score": 0.6326209961186704, "support": 193}}}
