{"name": "RandomForestClassifier-doh_1.1.1.1-padding_random_block_down-3", "balanced_accuracy": 0.8139233241505969, "classification_report": {"alexa_swan_kettle": {"precision": 0.9090909090909091, "recall": 0.9090909090909091, "f1-score": 0.9090909090909091, "support": 11}, "aqara_hubM2": {"precision": 0.0, "recall": 0.0, "f1-score": 0.0, "support": 6}, "arlo_camera_pro4": {"precision": 0.95, "recall": 1.0, "f1-score": 0.9743589743589743, "support": 19}, "boifun_baby": {"precision": 1.0, "recall": 1.0, "f1-score": 1.0, "support": 7}, "bose_speaker": {"precision": 0.9166666666666666, "recall": 1.0, "f1-score": 0.9565217391304348, "support": 11}, "cosori_air_fryer": {"precision": 0.5833333333333334, "recall": 0.7, "f1-score": 0.6363636363636365, "support": 10}, "echodot5": {"precision": 1.0, "recall": 1.0, "f1-score": 1.0, "support": 9}, "google_nest_doorbell": {"precision": 1.0, "recall": 1.0, "f1-score": 1.0, "support": 7}, "google_nest_hub": {"precision": 1.0, "recall": 0.8888888888888888, "f1-score": 0.9411764705882353, "support": 9}, "govee_strip_light": {"precision": 1.0, "recall": 0.875, "f1-score": 0.9333333333333333, "support": 8}, "iROBOT_roomba": {"precision": 0.6190476190476191, "recall": 1.0, "f1-score": 0.7647058823529412, "support": 13}, "nest_cam": {"precision": 1.0, "recall": 1.0, "f1-score": 1.0, "support": 9}, "netatmo_weather_station": {"precision": 0.0, "recall": 0.0, "f1-score": 0.0, "support": 4}, "petsafe_feeder": {"precision": 1.0, "recall": 0.3333333333333333, "f1-score": 0.5, "support": 6}, "ring_chime_pro": {"precision": 1.0, "recall": 1.0, "f1-score": 1.0, "support": 14}, "simplicam": {"precision": 1.0, "recall": 1.0, "f1-score": 1.0, "support": 5}, "sonos_speaker": {"precision": 1.0, "recall": 1.0, "f1-score": 1.0, "support": 8}, "switchbot_hub_mini_1": {"precision": 0.7692307692307693, "recall": 1.0, "f1-score": 0.8695652173913044, "support": 10}, "vtech_baby_monitor": {"precision": 1.0, "recall": 1.0, "f1-score": 1.0, "support": 6}, "withings_sleep_analyser": {"precision": 0.8, "recall": 1.0, "f1-score": 0.888888888888889, "support": 8}, "wiz_smart_bulb": {"precision": 0.25, "recall": 0.2, "f1-score": 0.22222222222222224, "support": 5}, "wyze_cam_pan_v2": {"precision": 1.0, "recall": 1.0, "f1-score": 1.0, "support": 8}, "accuracy": 0.8756476683937824, "macro avg": {"precision": 0.8089713316986044, "recall": 0.8139233241505969, "f1-score": 0.799828512441858, "support": 193}, "weighted avg": {"precision": 0.8464072197232818, "recall": 0.8756476683937824, "f1-score": 0.8507487138630877, "support": 193}}}
