{"name": "RandomForestClassifier-doh_1.1.1.1-padding_random_block_down-12", "balanced_accuracy": 0.8171023421023421, "classification_report": {"alexa_swan_kettle": {"precision": 0.8888888888888888, "recall": 0.8888888888888888, "f1-score": 0.8888888888888888, "support": 9}, "aqara_hubM2": {"precision": 0.0, "recall": 0.0, "f1-score": 0.0, "support": 6}, "arlo_camera_pro4": {"precision": 0.875, "recall": 1.0, "f1-score": 0.9333333333333333, "support": 7}, "boifun_baby": {"precision": 1.0, "recall": 1.0, "f1-score": 1.0, "support": 8}, "bose_speaker": {"precision": 1.0, "recall": 1.0, "f1-score": 1.0, "support": 9}, "cosori_air_fryer": {"precision": 0.4166666666666667, "recall": 0.7142857142857143, "f1-score": 0.5263157894736842, "support": 7}, "echodot5": {"precision": 0.8, "recall": 0.8, "f1-score": 0.8000000000000002, "support": 5}, "google_nest_doorbell": {"precision": 1.0, "recall": 1.0, "f1-score": 1.0, "support": 8}, "google_nest_hub": {"precision": 1.0, "recall": 1.0, "f1-score": 1.0, "support": 9}, "govee_strip_light": {"precision": 1.0, "recall": 1.0, "f1-score": 1.0, "support": 13}, "iROBOT_roomba": {"precision": 0.5294117647058824, "recall": 1.0, "f1-score": 0.6923076923076924, "support": 9}, "nest_cam": {"precision": 1.0, "recall": 0.9230769230769231, "f1-score": 0.9600000000000001, "support": 13}, "netatmo_weather_station": {"precision": 0.0, "recall": 0.0, "f1-score": 0.0, "support": 3}, "petsafe_feeder": {"precision": 1.0, "recall": 0.4, "f1-score": 0.5714285714285715, "support": 10}, "ring_chime_pro": {"precision": 1.0, "recall": 1.0, "f1-score": 1.0, "support": 10}, "simplicam": {"precision": 0.8333333333333334, "recall": 1.0, "f1-score": 0.9090909090909091, "support": 5}, "sonos_speaker": {"precision": 1.0, "recall": 1.0, "f1-score": 1.0, "support": 12}, "switchbot_hub_mini_1": {"precision": 0.7857142857142857, "recall": 1.0, "f1-score": 0.88, "support": 11}, "vtech_baby_monitor": {"precision": 1.0, "recall": 1.0, "f1-score": 1.0, "support": 9}, "withings_sleep_analyser": {"precision": 0.6666666666666666, "recall": 1.0, "f1-score": 0.8, "support": 8}, "wiz_smart_bulb": {"precision": 0.7142857142857143, "recall": 0.5, "f1-score": 0.588235294117647, "support": 10}, "wyze_cam_pan_v2": {"precision": 1.0, "recall": 0.75, "f1-score": 0.8571428571428571, "support": 12}, "accuracy": 0.8549222797927462, "macro avg": {"precision": 0.795907605466429, "recall": 0.8171023421023421, "f1-score": 0.7912156061719812, "support": 193}, "weighted avg": {"precision": 0.8502180665012119, "recall": 0.8549222797927462, "f1-score": 0.8364565833007739, "support": 193}}}
