{"[NN]NeuralNetwork": {"params": {"classification__epochs": 10, "classification__batch_size": 30}, "times": {"mean_fit_time": [3.698285675048828, 2.9061481952667236, 2.8202735424041747, 2.6193029403686525, 2.6216265201568603, 2.795118570327759, 2.507224941253662, 3.1401086330413817, 2.8691670894622803, 2.4189754486083985], "std_fit_time": [0.28107157608709277, 0.2270445934878892, 0.22102175433857474, 0.4974859958481057, 0.25933958124908674, 0.5638166277532887, 0.17806955515949008, 0.5935820899328088, 0.529077210946311, 0.47012000884554395], "mean_score_time": [0.27295656204223634, 0.26448073387146, 0.21807689666748048, 0.24791479110717773, 0.2686455726623535, 0.2356274127960205, 0.17867789268493653, 0.23899378776550292, 0.2515122413635254, 0.2001129150390625], "std_score_time": [0.0625587510186618, 0.018767465482756426, 0.029212767267102882, 0.01718630315497861, 0.02128949586967428, 0.02316971399004519, 0.012070468517201048, 0.05497705298340681, 0.04490989066132315, 0.04265049094122911]}, "score": 0.9805021367521368}, "RandomForestClassifier": {"params": {"classification__n_estimators": 400, "classification__min_samples_split": 5, "classification__min_samples_leaf": 1, "classification__max_features": "log2", "classification__max_depth": 50, "classification__bootstrap": false}, "times": {"mean_fit_time": [1.6888815402984618, 1.2800553798675538, 0.3003120422363281, 1.2560587406158448, 0.3062483310699463], "std_fit_time": [0.1622686764998019, 0.08619272197298108, 0.07056478059036882, 0.08838506930645082, 0.019960888520674194], "mean_score_time": [0.003077983856201172, 0.0018044471740722655, 0.0014834880828857421, 0.0022515296936035157, 0.0018169879913330078], "std_score_time": [0.002006503820465078, 0.00027882453358319184, 0.00032130901197647324, 0.0003905883041669324, 0.000495184472156104]}, "score": 0.9816666666666667}, "KNeighborsClassifier": {"params": {"classification__weights": "uniform", "classification__n_neighbors": 11, "classification__metric": "manhattan", "classification__leaf_size": 30}, "times": {"mean_fit_time": [0.039751625061035155, 0.031118059158325197, 0.04566764831542969, 0.03889012336730957, 0.0359893798828125], "std_fit_time": [0.016422357969218218, 0.003961821154187519, 0.015413563976369228, 0.019212875624897655, 0.010706089192740032], "mean_score_time": [0.012430763244628907, 0.010722541809082031, 0.010598564147949218, 0.009527206420898438, 0.013172149658203125], "std_score_time": [0.004470797718605684, 0.0015255172911947574, 0.0022896896561576644, 0.0016799876248078463, 0.0024566130741840073]}, "score": 0.9716666666666667}, "ComplementNB": {"params": {"classification__alpha": 1.0}, "times": {"mean_fit_time": [0.006781721115112304, 0.006353569030761719, 0.006311464309692383, 0.0064677238464355465, 0.005892753601074219], "std_fit_time": [0.000707033222384099, 0.0006791836285498723, 0.000562737779797282, 0.0008524925413459445, 0.0011448397124593295], "mean_score_time": [0.0017284393310546876, 0.0017272472381591798, 0.001726055145263672, 0.0016998291015625, 0.0016033172607421875], "std_score_time": [0.00018733860882372082, 0.00023065691302277022, 0.00018924864855071426, 0.00029351310678443705, 0.00035332531081699284]}, "score": 0.9816666666666667}, "LogisticRegression": {"params": {"classification__solver": "newton-cg", "classification__C": 0.1}, "times": {"mean_fit_time": [0.4934335708618164, 0.1382894515991211, 0.08827919960021972, 0.3104698657989502, 0.23477745056152344], "std_fit_time": [0.06106142432402147, 0.13509993834735692, 0.058965523261898606, 0.11131607227236097, 0.07915544938248605], "mean_score_time": [0.0025007247924804686, 0.0019500732421875, 0.001658487319946289, 0.0017613410949707032, 0.0018845558166503905], "std_score_time": [0.001219504272464577, 0.0004619254578649443, 0.0001689351615757206, 5.7832425668653156e-05, 0.0003042324058439702]}, "score": 0.9716666666666667}}