{"[NN]NeuralNetwork": {"params": {"classification__epochs": 10, "classification__batch_size": 30}, "times": {"mean_fit_time": [3.9552253246307374, 4.68029751777649, 3.634382390975952, 4.413612604141235, 3.435658073425293, 4.1594202518463135, 3.266393232345581, 4.142736911773682, 3.54991192817688, 3.299411916732788], "std_fit_time": [0.5019297457076641, 0.5591471933961247, 0.5478528636611891, 0.7230508363957824, 0.3237498140748236, 0.4145668545538379, 0.3268951149694066, 0.5348758995625652, 0.6296660749920451, 0.6219653302002515], "mean_score_time": [0.2618413925170898, 0.46704816818237305, 0.4006606101989746, 0.37356133460998536, 0.22437658309936523, 0.21169095039367675, 0.33965611457824707, 0.30206665992736814, 0.25608258247375487, 0.1820131301879883], "std_score_time": [0.06592929294137344, 0.07941397099010368, 0.08876076473330183, 0.09452406046759065, 0.03874006407123066, 0.025260428397317857, 0.09197579757282524, 0.10419813048286894, 0.055408463881346424, 0.028375573816965004]}, "score": 0.9842045454545454}, "RandomForestClassifier": {"params": {"classification__n_estimators": 500, "classification__min_samples_split": 2, "classification__min_samples_leaf": 1, "classification__max_features": null, "classification__max_depth": 60, "classification__bootstrap": false}, "times": {"mean_fit_time": [4.894375038146973, 2.9883572578430178, 0.11524033546447754, 2.2038188934326173, 0.141302490234375], "std_fit_time": [0.3460150150888312, 0.4126548143367178, 0.011686936642531917, 0.08753694710500633, 0.02172216495720056], "mean_score_time": [0.004021787643432617, 0.004187393188476563, 0.0016513824462890624, 0.004436922073364258, 0.0016139984130859376], "std_score_time": [0.0015442560210081173, 0.0010221277092710107, 0.0003025558860843887, 0.0014136409434297764, 0.0003029731371466159]}, "score": 0.9733333333333334}, "KNeighborsClassifier": {"params": {"classification__weights": "uniform", "classification__n_neighbors": 9, "classification__metric": "minkowski", "classification__leaf_size": 16}, "times": {"mean_fit_time": [0.03345489501953125, 0.029505348205566405, 0.042377042770385745, 0.055466413497924805, 0.05339622497558594], "std_fit_time": [0.012786139745071026, 0.006996155904124493, 0.010201925148664715, 0.022903099125886773, 0.02466627737855615], "mean_score_time": [0.013150405883789063, 0.011303329467773437, 0.008960914611816407, 0.011350440979003906, 0.009143352508544922], "std_score_time": [0.006985729336680585, 0.0028786577395540328, 0.0007202002234156953, 0.0028588512419636526, 0.0013260615380154]}, "score": 0.9616666666666667}, "ComplementNB": {"params": {"classification__alpha": 0.5}, "times": {"mean_fit_time": [0.0057010650634765625, 0.00458836555480957, 0.004395055770874024, 0.006738710403442383, 0.007452630996704101], "std_fit_time": [0.0012048314689144487, 0.0006637479895176506, 0.000730671931034123, 0.0030588836267362246, 0.002806142790458505], "mean_score_time": [0.0014497756958007813, 0.0013738155364990234, 0.0013054370880126952, 0.0015886306762695312, 0.001649951934814453], "std_score_time": [0.0002124321260002506, 0.0001878546206330137, 0.0002447521385530347, 0.0003365641645930476, 0.00033368012247346853]}, "score": 0.975}, "LogisticRegression": {"params": {"classification__solver": "lbfgs", "classification__C": 10}, "times": {"mean_fit_time": [0.12464771270751954, 0.13467493057250976, 0.45940022468566893, 0.2223238468170166, 0.7411776542663574], "std_fit_time": [0.06970094853670895, 0.07904729047825179, 0.16232004863031682, 0.05406884735016902, 0.0335865225404772], "mean_score_time": [0.0017219066619873046, 0.0018228530883789063, 0.0020539283752441405, 0.0017409801483154296, 0.0020633220672607424], "std_score_time": [0.00015377391389209116, 0.00020529872625259655, 0.0003754698081709698, 0.00022141759767423208, 0.0001831051210559087]}, "score": 0.9633333333333333}}