{"[NN]NeuralNetwork": {"params": {"classification__epochs": 20, "classification__batch_size": 30}, "times": {"mean_fit_time": [2.7664838790893556, 3.9750714778900145, 2.327956771850586, 3.096454381942749, 3.279863452911377, 2.646257925033569, 2.6142062664031984, 3.145193576812744, 2.834985113143921, 3.886755609512329], "std_fit_time": [0.2560835039039698, 0.8881848314138048, 0.18255480340688957, 0.4037779192484604, 0.5025609583799919, 0.5507709939599235, 0.4678987922263293, 0.28280814838585405, 0.7459730785928878, 1.0615624102976056], "mean_score_time": [0.31254091262817385, 0.3031949996948242, 0.23477845191955565, 0.251216983795166, 0.20986194610595704, 0.34734349250793456, 0.2637545108795166, 0.21879897117614747, 0.3106070995330811, 0.28726043701171877], "std_score_time": [0.13529665122915058, 0.09695930669866605, 0.009726800272508582, 0.05179865808618624, 0.030216463949444796, 0.09874201145700907, 0.05573282264936918, 0.005210724088097631, 0.08831438823657854, 0.13729952823768862]}, "score": 0.9356349206349206}, "RandomForestClassifier": {"params": {"classification__n_estimators": 300, "classification__min_samples_split": 10, "classification__min_samples_leaf": 4, "classification__max_features": "log2", "classification__max_depth": 20, "classification__bootstrap": false}, "times": {"mean_fit_time": [1.0984066009521485, 4.1526871681213375, 1.5691303253173827, 0.9475405216217041, 1.3018839836120606], "std_fit_time": [0.1777369393074915, 0.3527612305395522, 0.2027320953144358, 0.07474861329805517, 0.04634129084086369], "mean_score_time": [0.0016295433044433594, 0.004420089721679688, 0.0027164459228515626, 0.0018851757049560547, 0.003757476806640625], "std_score_time": [0.0001738135476626873, 0.0019151576901121404, 0.0005688922017830589, 0.00018475597043585165, 0.001817612543174653]}, "score": 0.9942857142857143}, "KNeighborsClassifier": {"params": {"classification__weights": "uniform", "classification__n_neighbors": 13, "classification__metric": "euclidean", "classification__leaf_size": 20}, "times": {"mean_fit_time": [0.057121896743774415, 0.05424280166625976, 0.05351438522338867, 0.040018892288208006, 0.028509521484375], "std_fit_time": [0.003974778303211038, 0.008472073973731845, 0.005515668027190376, 0.008968013306361903, 0.008323844285615773], "mean_score_time": [0.011031198501586913, 0.014975786209106445, 0.014154720306396484, 0.01627383232116699, 0.01051936149597168], "std_score_time": [0.0007904634922589121, 0.0051216276532958654, 0.006311556338510111, 0.00433528860974734, 0.0012142792970054757]}, "score": 0.8749523809523809}, "ComplementNB": {"params": {"classification__alpha": 0.5}, "times": {"mean_fit_time": [0.006757974624633789, 0.004574871063232422, 0.005296087265014649, 0.00856952667236328, 0.007502079010009766], "std_fit_time": [0.00048274231817650194, 0.0003616188708878993, 0.0010518889218764922, 0.001189574742466966, 0.0007799856727972342], "mean_score_time": [0.0016610145568847657, 0.001359701156616211, 0.0014727115631103516, 0.0018132686614990234, 0.0017127037048339845], "std_score_time": [0.00014617267118224528, 0.00020388298959351988, 0.0002949742179246442, 0.00018449978880140185, 0.0002836863155342192]}, "score": 0.7762857142857144}, "LogisticRegression": {"params": {"classification__solver": "newton-cg", "classification__C": 100}, "times": {"mean_fit_time": [0.6437117099761963, 0.17586588859558105, 0.8370494365692138, 1.056238317489624, 0.575877571105957], "std_fit_time": [0.10858154175364364, 0.05489880765806782, 0.07976424574690397, 0.10068142170981588, 0.1760564160540357], "mean_score_time": [0.0026821613311767576, 0.0030304431915283204, 0.0029461860656738283, 0.002867317199707031, 0.0019066333770751953], "std_score_time": [0.0009247741220186458, 0.001461243408304997, 0.001099836254123342, 0.0006866890939813179, 0.00031551753026589247]}, "score": 0.9862857142857143}}