{"[NN]NeuralNetwork": {"params": {"classification__epochs": 20, "classification__batch_size": 20}, "times": {"mean_fit_time": [3.128862762451172, 2.70699462890625, 2.6239102363586424, 2.657252883911133, 2.549857521057129, 2.7426745891571045, 2.6234790802001955, 2.850835084915161, 2.727242088317871, 2.7970832347869874], "std_fit_time": [0.6849533935529245, 0.6936589517048378, 0.29805372176949413, 0.45504896636311487, 0.6590168485452712, 0.11396742915866923, 0.5621326710619159, 0.7171113647321374, 0.6550682936408261, 0.3989894914579399], "mean_score_time": [0.2294160842895508, 0.2036892890930176, 0.2780510425567627, 0.2573715686798096, 0.2527615547180176, 0.2141723155975342, 0.2295753002166748, 0.21315412521362304, 0.1889115810394287, 0.29682140350341796], "std_score_time": [0.06538236855917158, 0.0603922082831897, 0.06578471337007785, 0.1329396524893879, 0.09121766320570569, 0.017593853166406326, 0.05994268277085211, 0.061881169868154486, 0.025079484538117945, 0.061160209589829644]}, "score": 0.8275}, "RandomForestClassifier": {"params": {"classification__n_estimators": 200, "classification__min_samples_split": 10, "classification__min_samples_leaf": 1, "classification__max_features": "sqrt", "classification__max_depth": 20, "classification__bootstrap": true}, "times": {"mean_fit_time": [0.5706332683563232], "std_fit_time": [0.011747727115658656], "mean_score_time": [0.0015950202941894531], "std_score_time": [0.0001563690748595986]}, "score": 0.9533333333333334}, "KNeighborsClassifier": {"params": {"classification__weights": "distance", "classification__n_neighbors": 17, "classification__metric": "manhattan", "classification__leaf_size": 10}, "times": {"mean_fit_time": [0.027748298645019532], "std_fit_time": [0.0056181055085714965], "mean_score_time": [0.006978034973144531], "std_score_time": [0.0007686651817829897]}, "score": 0.36}, "ComplementNB": {"params": {"classification__alpha": 0}, "times": {"mean_fit_time": [0.004408550262451172], "std_fit_time": [0.0003629197054366337], "mean_score_time": [0.0011296272277832031], "std_score_time": [0.00023574623667182987]}, "score": 0.7083333333333334}, "LogisticRegression": {"params": {"classification__solver": "saga", "classification__C": 100}, "times": {"mean_fit_time": [0.6149637222290039], "std_fit_time": [0.027718975347604397], "mean_score_time": [0.031416702270507815], "std_score_time": [0.008066407197806703]}, "score": 0.7933333333333332}}