{"[NN]NeuralNetwork": {"params": {"classification__epochs": 20, "classification__batch_size": 25}, "times": {"mean_fit_time": [3.8181703090667725, 3.9684025764465334, 3.730257177352905, 3.1761866569519044, 2.9547009468078613, 3.2410873889923097, 3.7059332847595217, 2.211668920516968, 3.357313346862793, 3.220796585083008], "std_fit_time": [1.0984821712134119, 1.0347024419246185, 0.6141745787203299, 0.207878458740778, 0.2489282967633858, 0.8235489745899448, 0.5239861088354889, 0.2983235649982002, 0.6331208138022718, 0.7420023579085716], "mean_score_time": [0.2793900489807129, 0.26973690986633303, 0.30742225646972654, 0.3061270236968994, 0.3296382427215576, 0.2974844932556152, 0.24417948722839355, 0.22781133651733398, 0.25876812934875487, 0.21942534446716308], "std_score_time": [0.08077925931445942, 0.026330519585423148, 0.03131688449880969, 0.04488423771062648, 0.0383654394071166, 0.08141360518677727, 0.03146476546318713, 0.024273572226438545, 0.043820648532096516, 0.041169065764663726]}, "score": 0.9845238095238095}, "RandomForestClassifier": {"params": {"classification__n_estimators": 300, "classification__min_samples_split": 10, "classification__min_samples_leaf": 4, "classification__max_features": "log2", "classification__max_depth": 60, "classification__bootstrap": true}, "times": {"mean_fit_time": [4.545999431610108, 0.8896927833557129, 0.05742182731628418, 1.0575940608978271, 0.08795928955078125], "std_fit_time": [0.22676334108086663, 0.07381009859081668, 0.008944851095259493, 0.059749092808588235, 0.02696441277380756], "mean_score_time": [0.004962396621704101, 0.0016814708709716798, 0.0013294696807861328, 0.0029190540313720702, 0.0019504070281982423], "std_score_time": [0.0006939239715432563, 5.579292256826623e-05, 0.00034714571712419855, 0.0011413660776637541, 0.0005957503651515312]}, "score": 0.99}, "KNeighborsClassifier": {"params": {"classification__weights": "uniform", "classification__n_neighbors": 17, "classification__metric": "euclidean", "classification__leaf_size": 20}, "times": {"mean_fit_time": [0.02100648880004883, 0.03172078132629395, 0.023479938507080078, 0.027206277847290038, 0.029810619354248048], "std_fit_time": [0.0030238385516464135, 0.01564179140423411, 0.0036715234760757737, 0.007371505573946412, 0.008016263327955166], "mean_score_time": [0.008562946319580078, 0.00852217674255371, 0.008864116668701173, 0.008086347579956054, 0.007909250259399415], "std_score_time": [0.0009427362166408138, 0.0006444887459995177, 0.0006468426621887701, 0.00015791509117852516, 0.0004733900259113793]}, "score": 0.97}, "ComplementNB": {"params": {"classification__alpha": 0.5}, "times": {"mean_fit_time": [0.0047876834869384766, 0.003981876373291016, 0.0046390056610107425, 0.005097436904907227, 0.006165552139282227], "std_fit_time": [0.0005831600891388237, 0.00010266088075045554, 0.0011697014893652777, 0.0003059115109389458, 0.00100316878948904], "mean_score_time": [0.001264810562133789, 0.0011455059051513673, 0.0013317584991455079, 0.0013868331909179688, 0.0016372203826904297], "std_score_time": [0.000258683565024825, 3.5695521355897164e-05, 0.00032736391683706347, 3.387672131437225e-05, 0.00023570210735932628]}, "score": 0.97}, "LogisticRegression": {"params": {"classification__solver": "newton-cg", "classification__C": 100}, "times": {"mean_fit_time": [0.06869449615478515, 0.13920121192932128, 0.43566098213195803, 0.1364368438720703, 0.19291024208068847], "std_fit_time": [0.04835158102442283, 0.16994645180191073, 0.006885128590149281, 0.07932954326408023, 0.18527769513567194], "mean_score_time": [0.0015690326690673828, 0.0018228054046630859, 0.0022695064544677734, 0.002051973342895508, 0.0022872447967529296], "std_score_time": [0.00017540187666437897, 0.0003312675492208967, 0.0005657340211568272, 0.00047109712438953694, 0.0004922435182524463]}, "score": 0.9800000000000001}}