{"[NN]NeuralNetwork": {"params": {"classification__epochs": 20, "classification__batch_size": 25}, "times": {"mean_fit_time": [5.07660403251648, 4.8806592464447025, 4.679758596420288, 4.392507266998291, 3.840683031082153, 3.3926098346710205, 3.603151321411133, 4.144532060623169, 3.6466932773590086, 3.0339948654174806], "std_fit_time": [0.8147277785999851, 0.34396605873622343, 0.75744815147667, 0.8312890718927255, 0.6724650408356916, 0.7442947698948117, 0.5936473709514088, 0.5590353219942743, 0.3127619072398994, 0.13345306428216322], "mean_score_time": [0.3359407901763916, 0.30801868438720703, 0.30093841552734374, 0.29179906845092773, 0.3388376235961914, 0.2671011447906494, 0.25118436813354494, 0.3332404613494873, 0.27835817337036134, 0.23845305442810058], "std_score_time": [0.22395423297825845, 0.04756777547225037, 0.09456329171954425, 0.09556542789959906, 0.1676949823746119, 0.0499374344567494, 0.05001195489956637, 0.13492959035308763, 0.07254166215040252, 0.059350424932296]}, "score": 0.9461904761904762}, "RandomForestClassifier": {"params": {"classification__n_estimators": 400, "classification__min_samples_split": 5, "classification__min_samples_leaf": 2, "classification__max_features": "log2", "classification__max_depth": 40, "classification__bootstrap": true}, "times": {"mean_fit_time": [1.5784011363983155, 1.2615916728973389, 1.0221232414245605], "std_fit_time": [0.2079621491878338, 0.10842198205778235, 0.06595027705803053], "mean_score_time": [0.0026375293731689454, 0.0017062187194824218, 0.0018155097961425782], "std_score_time": [0.0014284509807825593, 0.00012658985727345576, 8.47573722957083e-05]}, "score": 0.975}, "KNeighborsClassifier": {"params": {"classification__weights": "uniform", "classification__n_neighbors": 15, "classification__metric": "minkowski", "classification__leaf_size": 26}, "times": {"mean_fit_time": [0.048005199432373045, 0.040018892288208006, 0.034266328811645506], "std_fit_time": [0.021160470652996987, 0.009549128294435136, 0.008283015095095308], "mean_score_time": [0.010928535461425781, 0.009075546264648437, 0.009870815277099609], "std_score_time": [0.0019077581716984754, 0.0010719046958824, 0.0013523771850493282]}, "score": 0.8266666666666665}, "ComplementNB": {"params": {"classification__alpha": 1.0}, "times": {"mean_fit_time": [0.004539966583251953, 0.005481624603271484, 0.0063036918640136715], "std_fit_time": [0.0005213457588119399, 0.00065953161624106, 0.001254387903368262], "mean_score_time": [0.0013239383697509766, 0.0013916015625, 0.0015453338623046876], "std_score_time": [9.589075507920141e-05, 8.497920474520046e-05, 0.00024293927127307032]}, "score": 0.9075}, "LogisticRegression": {"params": {"classification__solver": "lbfgs", "classification__C": 0.01}, "times": {"mean_fit_time": [0.6256698608398438, 0.38927416801452636, 0.33196120262145995], "std_fit_time": [0.046071947275703226, 0.060992132741879757, 0.05784607716551255], "mean_score_time": [0.03487935066223145, 0.0025737762451171877, 0.0019372940063476563], "std_score_time": [0.00708310908471575, 0.0006653403958346666, 0.00024775917291047653]}, "score": 0.9216666666666666}}