{"[NN]NeuralNetwork": {"params": {"classification__epochs": 15, "classification__batch_size": 20}, "times": {"mean_fit_time": [3.0963788986206056, 4.005192852020263, 2.596874237060547, 2.3689820766448975, 2.5748470783233643, 2.6003384590148926, 2.131471872329712, 2.132353591918945, 2.318822956085205, 2.695222568511963], "std_fit_time": [0.21622757289946487, 0.6223471897814857, 0.6182408860984511, 0.43762261443367406, 0.4407407941546024, 0.589659693410811, 0.4361963595204967, 0.5354779048249698, 0.30484464878638845, 0.4083036874566993], "mean_score_time": [0.34678378105163576, 0.33402585983276367, 0.21111302375793456, 0.23479118347167968, 0.2015331745147705, 0.27513537406921384, 0.1714008331298828, 0.1748361587524414, 0.2391672134399414, 0.2284296989440918], "std_score_time": [0.1244481724396209, 0.20121205381762516, 0.054197478768056535, 0.02481983390953805, 0.011846439296519474, 0.04477913998189681, 0.03529259292642429, 0.042148978787520636, 0.016747255623520328, 0.03789435480564313]}, "score": 0.9779545454545454}, "RandomForestClassifier": {"params": {"classification__n_estimators": 1000, "classification__min_samples_split": 2, "classification__min_samples_leaf": 2, "classification__max_features": "sqrt", "classification__max_depth": null, "classification__bootstrap": true}, "times": {"mean_fit_time": [4.452297401428223, 4.902810764312744, 3.1045112133026125, 3.933489513397217, 2.4575133323669434], "std_fit_time": [0.25976659483486525, 0.39319348422385736, 0.42324123265698826, 0.05159905481425372, 0.0711073620369859], "mean_score_time": [0.005883550643920899, 0.004115581512451172, 0.004702186584472657, 0.003564119338989258, 0.005503654479980469], "std_score_time": [0.0016793788293336476, 0.0016205896632438116, 0.001289961069238464, 0.0009236658481598035, 0.002087544408634301]}, "score": 0.99}, "KNeighborsClassifier": {"params": {"classification__weights": "uniform", "classification__n_neighbors": 11, "classification__metric": "manhattan", "classification__leaf_size": 30}, "times": {"mean_fit_time": [0.03535728454589844, 0.03201794624328613, 0.03644566535949707, 0.027793169021606445, 0.02848396301269531], "std_fit_time": [0.01289075862980949, 0.00450748619665718, 0.006481206226489816, 0.010324758591350026, 0.0070849387738237445], "mean_score_time": [0.01033163070678711, 0.009386348724365234, 0.008799266815185548, 0.011328840255737304, 0.010409402847290038], "std_score_time": [0.0018642242490066094, 0.0013716396728175825, 0.0004114195490062901, 0.0013400100743689058, 0.0010645694973912]}, "score": 1.0}, "ComplementNB": {"params": {"classification__alpha": 1.0}, "times": {"mean_fit_time": [0.006216716766357422, 0.005553579330444336, 0.004866600036621094, 0.005570220947265625, 0.006516742706298828], "std_fit_time": [0.000922934541384792, 0.0008935316959542501, 0.0009571302856147269, 0.0009626830820989644, 0.002215067564163726], "mean_score_time": [0.0015309810638427734, 0.0015231609344482423, 0.0013931751251220702, 0.001411771774291992, 0.0016065597534179687], "std_score_time": [0.000295447110357764, 0.00032903783846784123, 0.00023840449291579098, 0.0001864306208969989, 0.0003702609859764445]}, "score": 0.9800000000000001}, "LogisticRegression": {"params": {"classification__solver": "saga", "classification__C": 100}, "times": {"mean_fit_time": [0.5013975143432617, 0.5914555072784424, 0.4576888561248779, 0.9791406631469727, 0.7825022220611573], "std_fit_time": [0.13568855121084625, 0.09090656290588028, 0.15289795939157722, 0.029851324467673565, 0.01533894013045235], "mean_score_time": [0.0030997276306152345, 0.003818225860595703, 0.0028022289276123046, 0.0024021625518798827, 0.0033504486083984373], "std_score_time": [0.0007786735813806239, 0.001291944213816052, 0.0007693902174980788, 0.0003524701638294142, 0.0017910995864704857]}, "score": 0.9675}}