{"[NN]NeuralNetwork": {"params": {"classification__epochs": 20, "classification__batch_size": 25}, "times": {"mean_fit_time": [2.588544797897339, 3.3700112819671633, 2.26540789604187, 2.2516966342926024, 1.935053825378418, 2.2622737884521484, 2.327476072311401, 2.0168657302856445, 1.9926064014434814, 2.107158136367798], "std_fit_time": [0.7743055709478712, 0.9654677727451447, 0.1927258015817264, 0.503975465257114, 0.1681760308685068, 0.13662424588594696, 0.37034735369765837, 0.20776799668699059, 0.18752548153461887, 0.14816188588755416], "mean_score_time": [0.22667951583862306, 0.2525607109069824, 0.2653811931610107, 0.27679924964904784, 0.21682419776916503, 0.23545775413513184, 0.2993506908416748, 0.20999469757080078, 0.21695947647094727, 0.21767163276672363], "std_score_time": [0.055746465595064056, 0.028361638494533676, 0.028051420251912845, 0.03350711163439024, 0.037054788557426666, 0.028041818239148506, 0.04607426922090095, 0.01526310056749271, 0.02172152411955731, 0.01762008504592428]}, "score": 0.9708333333333334}, "RandomForestClassifier": {"params": {"classification__n_estimators": 200, "classification__min_samples_split": 5, "classification__min_samples_leaf": 1, "classification__max_features": "sqrt", "classification__max_depth": null, "classification__bootstrap": false}, "times": {"mean_fit_time": [0.4989645957946777], "std_fit_time": [0.04767310902533945], "mean_score_time": [0.0015746116638183593], "std_score_time": [0.00015785820695029417]}, "score": 1.0}, "KNeighborsClassifier": {"params": {"classification__weights": "distance", "classification__n_neighbors": 11, "classification__metric": "manhattan", "classification__leaf_size": 33}, "times": {"mean_fit_time": [0.025146102905273436], "std_fit_time": [0.005371456800289308], "mean_score_time": [0.0065154552459716795], "std_score_time": [0.0009529947768564788]}, "score": 0.25}, "ComplementNB": {"params": {"classification__alpha": 1.0}, "times": {"mean_fit_time": [0.0034768104553222655], "std_fit_time": [0.0002793013728350028], "mean_score_time": [0.0010255813598632813], "std_score_time": [4.669830645996727e-05]}, "score": 0.875}, "LogisticRegression": {"params": {"classification__solver": "saga", "classification__C": 10}, "times": {"mean_fit_time": [0.37770724296569824], "std_fit_time": [0.018449699499541623], "mean_score_time": [0.033148670196533205], "std_score_time": [0.008630995726716462]}, "score": 0.7833333333333333}}