{"[NN]NeuralNetwork": {"params": {"classification__epochs": 15, "classification__batch_size": 20}, "times": {"mean_fit_time": [4.750859212875366, 6.243246793746948, 4.646360683441162, 4.09118618965149, 3.758389711380005, 3.7900824546813965, 3.8265167236328126, 5.257040500640869, 4.517973375320435, 5.366619729995728], "std_fit_time": [1.1993132376188052, 1.3006543174568728, 0.2827951967576226, 0.8010880878969474, 0.4750358837025724, 0.3373218911502542, 0.9817252705622903, 0.9899807798068437, 0.8170467867185068, 0.6866038505032975], "mean_score_time": [0.5940630912780762, 0.6899537086486817, 0.5217472553253174, 0.6274032115936279, 0.5459022045135498, 0.6076260089874268, 0.626251220703125, 0.5869743824005127, 0.6252381801605225, 0.5188875675201416], "std_score_time": [0.04290157652349051, 0.27245316393243363, 0.07663316087955, 0.16152049151662112, 0.09576869321682663, 0.05632197016590093, 0.16481518255934563, 0.2364195305949317, 0.05719973127649754, 0.07015890635584246]}, "score": 0.9779545454545454}, "RandomForestClassifier": {"params": {"classification__n_estimators": 1000, "classification__min_samples_split": 2, "classification__min_samples_leaf": 2, "classification__max_features": "sqrt", "classification__max_depth": null, "classification__bootstrap": true}, "times": {"mean_fit_time": [4.034627866744995, 4.498038959503174, 2.5564118385314942, 4.363931608200073, 2.6960521221160887], "std_fit_time": [0.2314984421909824, 0.11810695492837787, 0.06312252401269412, 0.12023373195366843, 0.027989075986449154], "mean_score_time": [0.0054012775421142575, 0.004015207290649414, 0.004681444168090821, 0.0049683570861816405, 0.0041503429412841795], "std_score_time": [0.0016876810487785221, 0.001113005466912465, 0.0010228406529618319, 0.0010333526426580463, 0.0019667112051228917]}, "score": 0.99}, "KNeighborsClassifier": {"params": {"classification__weights": "uniform", "classification__n_neighbors": 11, "classification__metric": "manhattan", "classification__leaf_size": 30}, "times": {"mean_fit_time": [0.026706123352050783, 0.02941122055053711, 0.02301163673400879, 0.02953348159790039, 0.03413624763488769], "std_fit_time": [0.004269279088118494, 0.00832306044224222, 0.005790826978268023, 0.003759279383303063, 0.015003155471784956], "mean_score_time": [0.009273004531860352, 0.009445571899414062, 0.008883333206176758, 0.011424064636230469, 0.0109619140625], "std_score_time": [0.0005579488153728908, 0.0006006108914292498, 0.0007673208760154349, 0.0021884683481330344, 0.0020600758147829527]}, "score": 1.0}, "ComplementNB": {"params": {"classification__alpha": 1.0}, "times": {"mean_fit_time": [0.006180000305175781, 0.004328870773315429, 0.004214191436767578, 0.005560302734375, 0.0056305408477783205], "std_fit_time": [0.002053954826174387, 0.0002576670934830061, 0.0003648571980788479, 0.0008270707945486026, 0.0007094872623552752], "mean_score_time": [0.001342630386352539, 0.0012000560760498046, 0.0012191295623779296, 0.0014896392822265625, 0.0014493942260742187], "std_score_time": [0.00023214206729649654, 5.43436646587935e-05, 0.00012313719279675667, 0.00034280701815843736, 0.00019801987960231383]}, "score": 0.9800000000000001}, "LogisticRegression": {"params": {"classification__solver": "saga", "classification__C": 100}, "times": {"mean_fit_time": [0.4026827335357666, 0.5179835796356201, 0.40933785438537595, 0.9114610195159912, 0.7329778671264648], "std_fit_time": [0.08116470394673266, 0.07093440413268007, 0.08635159150846479, 0.04551832132389218, 0.05168726836373093], "mean_score_time": [0.002288818359375, 0.003359699249267578, 0.0028716087341308593, 0.0025861263275146484, 0.002055501937866211], "std_score_time": [0.0007776634135046442, 0.0006683070632041509, 0.0011434981634058925, 0.00031397255689489016, 0.00023982044071611767]}, "score": 0.9675}}