{"[NN]NeuralNetwork": {"params": {"classification__epochs": 5, "classification__batch_size": 25}, "times": {"mean_fit_time": [4.997891426086426, 4.2663064956665036, 4.65094838142395, 3.2272372245788574, 3.8793545246124266, 3.0091885566711425, 3.4487035274505615, 3.377086353302002, 2.868603324890137, 3.2051302433013915], "std_fit_time": [0.31796836775362214, 0.5778963415375641, 0.7218898487942983, 0.5688735285942438, 0.9320800244116532, 0.3779255142102316, 0.29037168561129734, 0.39472809798454433, 0.37130229130617687, 0.6323306381920907], "mean_score_time": [0.3240655899047852, 0.34551138877868653, 0.27416367530822755, 0.31757321357727053, 0.27624988555908203, 0.2385099411010742, 0.29712529182434083, 0.17684192657470704, 0.20986580848693848, 0.31209874153137207], "std_score_time": [0.0669888059724876, 0.10764984574640377, 0.059767459920939375, 0.1620253169668925, 0.07321607516313872, 0.024855398182856082, 0.06654088758090954, 0.05746449932091157, 0.039338665022978496, 0.05988851898427693]}, "score": 0.9598611111111112}, "RandomForestClassifier": {"params": {"classification__n_estimators": 500, "classification__min_samples_split": 10, "classification__min_samples_leaf": 1, "classification__max_features": null, "classification__max_depth": 20, "classification__bootstrap": true}, "times": {"mean_fit_time": [2.2536330223083496, 0.8170597553253174, 2.022885799407959], "std_fit_time": [0.26787020015478685, 0.0592218464652061, 0.06228979835777983], "mean_score_time": [0.0033734321594238283, 0.001776409149169922, 0.0035135746002197266], "std_score_time": [0.000615798136445231, 0.00022417500848040186, 0.0015019737790421532]}, "score": 1.0}, "KNeighborsClassifier": {"params": {"classification__weights": "uniform", "classification__n_neighbors": 3, "classification__metric": "manhattan", "classification__leaf_size": 30}, "times": {"mean_fit_time": [0.03440051078796387, 0.04533987045288086, 0.02213430404663086], "std_fit_time": [0.0023478946352818897, 0.017398348612726537, 0.0016482194112217216], "mean_score_time": [0.008304977416992187, 0.00880427360534668, 0.010678386688232422], "std_score_time": [0.00039994435160139536, 0.0008923312184828111, 0.0017441639820863]}, "score": 0.9775}, "ComplementNB": {"params": {"classification__alpha": 0.5}, "times": {"mean_fit_time": [0.004636335372924805, 0.005825471878051758, 0.006398582458496093], "std_fit_time": [0.0006800391929537776, 0.0008903139755811125, 0.0008262601145240245], "mean_score_time": [0.0013873577117919922, 0.0014600753784179688, 0.0017021656036376952], "std_score_time": [0.00023538292461870882, 0.0002625375930448033, 0.00012416216985559544]}, "score": 0.9066666666666666}, "LogisticRegression": {"params": {"classification__solver": "sag", "classification__C": 10}, "times": {"mean_fit_time": [0.5837230205535888, 0.5642943382263184, 0.6773317337036133], "std_fit_time": [0.07130991666288582, 0.06526255814962971, 0.03644815675000704], "mean_score_time": [0.038184833526611325, 0.03117814064025879, 0.03143644332885742], "std_score_time": [0.010897605168322918, 0.009811600138785037, 0.006221483477630504]}, "score": 0.8225}}