{"[NN]NeuralNetwork": {"params": {"classification__epochs": 20, "classification__batch_size": 25}, "times": {"mean_fit_time": [5.02535982131958, 4.59136962890625, 4.104407167434692, 4.478716945648193, 4.535770225524902, 4.107174015045166, 4.480178880691528, 4.661819553375244, 4.190089082717895, 4.209874057769776], "std_fit_time": [0.8338764273467263, 0.885227465239584, 0.7014855404107502, 0.7855985553452927, 1.0255633276072516, 0.7431742411839886, 0.2656923285882293, 0.7124164898886294, 0.6568253545320344, 0.6714376293918951], "mean_score_time": [0.5837677478790283, 0.5749560832977295, 0.5463340282440186, 0.6786224842071533, 0.5346000671386719, 0.5465415954589844, 0.5761318206787109, 0.5880811214447021, 0.48804411888122556, 0.4745513916015625], "std_score_time": [0.07925104452190883, 0.18218068399530468, 0.06638203961178296, 0.28812783638948875, 0.31790595128059496, 0.14400473835462718, 0.2013952367219888, 0.1303708309652984, 0.12909781826539085, 0.11830476312684553]}, "score": 0.9708333333333334}, "RandomForestClassifier": {"params": {"classification__n_estimators": 200, "classification__min_samples_split": 5, "classification__min_samples_leaf": 1, "classification__max_features": "sqrt", "classification__max_depth": null, "classification__bootstrap": false}, "times": {"mean_fit_time": [0.592295503616333], "std_fit_time": [0.016433444551634882], "mean_score_time": [0.0018231391906738282], "std_score_time": [0.00028611987377839576]}, "score": 1.0}, "KNeighborsClassifier": {"params": {"classification__weights": "distance", "classification__n_neighbors": 11, "classification__metric": "manhattan", "classification__leaf_size": 33}, "times": {"mean_fit_time": [0.029816150665283203], "std_fit_time": [0.014468772822789213], "mean_score_time": [0.006248283386230469], "std_score_time": [0.00039351771643547287]}, "score": 0.25}, "ComplementNB": {"params": {"classification__alpha": 1.0}, "times": {"mean_fit_time": [0.0035596370697021486], "std_fit_time": [0.00015851887450371124], "mean_score_time": [0.0010923385620117188], "std_score_time": [5.7908648381113944e-05]}, "score": 0.875}, "LogisticRegression": {"params": {"classification__solver": "saga", "classification__C": 10}, "times": {"mean_fit_time": [0.41353721618652345], "std_fit_time": [0.041868632144348314], "mean_score_time": [0.04241337776184082], "std_score_time": [0.00879258060756738]}, "score": 0.7833333333333333}}