{"[NN]NeuralNetwork": {"params": {"classification__epochs": 15, "classification__batch_size": 25}, "times": {"mean_fit_time": [3.6460880279541015, 3.7742910861968992, 3.2613955974578857, 3.4317845344543456, 3.1203476905822756, 3.0714340686798094, 2.4082157611846924, 2.7239285945892333, 3.1104119300842283, 2.6193496704101564], "std_fit_time": [0.1976831556205693, 0.6469459715059798, 0.8759344346089575, 0.3139400605467348, 0.4488625740309616, 0.38907797168513863, 0.29956631224542923, 0.4166760593754486, 0.47780551638314145, 0.2763935528995906], "mean_score_time": [0.375241756439209, 0.5000211238861084, 0.40632944107055663, 0.22162785530090331, 0.2603758335113525, 0.3228593349456787, 0.2853982925415039, 0.2659751415252686, 0.2787928581237793, 0.19594483375549315], "std_score_time": [0.13700399808824493, 0.09998142699062611, 0.10904104041337526, 0.0850009340217633, 0.10132411407319343, 0.18153836427532016, 0.12759090570940967, 0.1150587274075276, 0.11939120767712451, 0.04707097655652171]}, "score": 0.8633333333333333}, "RandomForestClassifier": {"params": {"classification__n_estimators": 50, "classification__min_samples_split": 2, "classification__min_samples_leaf": 1, "classification__max_features": "sqrt", "classification__max_depth": 100, "classification__bootstrap": true}, "times": {"mean_fit_time": [0.08058881759643555], "std_fit_time": [0.013426622831060143], "mean_score_time": [0.001592111587524414], "std_score_time": [0.0002656358507409546]}, "score": 0.9800000000000001}, "KNeighborsClassifier": {"params": {"classification__weights": "uniform", "classification__n_neighbors": 1, "classification__metric": "manhattan", "classification__leaf_size": 13}, "times": {"mean_fit_time": [0.029285287857055663], "std_fit_time": [0.007649459063566254], "mean_score_time": [0.008078479766845703], "std_score_time": [0.001179645580848624]}, "score": 0.9199999999999999}, "ComplementNB": {"params": {"classification__alpha": 0}, "times": {"mean_fit_time": [0.004707145690917969], "std_fit_time": [0.00045387820485585093], "mean_score_time": [0.0011072635650634765], "std_score_time": [4.353431855294154e-05]}, "score": 0.7433333333333334}, "LogisticRegression": {"params": {"classification__solver": "saga", "classification__C": 100}, "times": {"mean_fit_time": [0.6282734394073486], "std_fit_time": [0.042896243419252626], "mean_score_time": [0.037766027450561526], "std_score_time": [0.014600459170281235]}, "score": 0.8033333333333333}}