{"[NN]NeuralNetwork": {"params": {"classification__epochs": 10, "classification__batch_size": 30}, "times": {"mean_fit_time": [7.009112358093262, 5.086999416351318, 4.631867790222168, 4.4268882274627686, 4.485064888000489, 4.672709608078003, 5.537512016296387, 5.142352676391601, 4.313217210769653, 4.46589093208313], "std_fit_time": [0.49013119351998624, 0.7930423444639257, 0.6165383949361631, 0.5518310394844901, 0.9302691071608333, 1.2177809771972488, 1.0339026894670829, 0.5184373199613189, 0.5714148350316162, 0.6051741774854315], "mean_score_time": [0.667921495437622, 0.4314246654510498, 0.43964648246765137, 0.43695850372314454, 0.6621740341186524, 0.6934620380401612, 0.5020649909973145, 0.5000978946685791, 0.4853715419769287, 0.41080245971679685], "std_score_time": [0.06535154134966091, 0.10383411274791343, 0.08046016866211067, 0.0926110608490579, 0.11234362159602622, 0.13372429795596422, 0.287007772368232, 0.07842796691559509, 0.15906514794011586, 0.0998018262934237]}, "score": 0.9536904761904761}, "RandomForestClassifier": {"params": {"classification__n_estimators": 100, "classification__min_samples_split": 10, "classification__min_samples_leaf": 4, "classification__max_features": "sqrt", "classification__max_depth": 60, "classification__bootstrap": true}, "times": {"mean_fit_time": [0.22330656051635742, 2.416762638092041, 0.27759518623352053], "std_fit_time": [0.008810635620046655, 0.17785035692598408, 0.04826062318786869], "mean_score_time": [0.0014859676361083985, 0.004079771041870117, 0.0015089988708496093], "std_score_time": [6.827112578045964e-05, 0.0012959549324912307, 0.0004233416148532846]}, "score": 1.0}, "KNeighborsClassifier": {"params": {"classification__weights": "uniform", "classification__n_neighbors": 3, "classification__metric": "euclidean", "classification__leaf_size": 16}, "times": {"mean_fit_time": [0.028433895111083983, 0.03351073265075684, 0.03155946731567383], "std_fit_time": [0.00636425843453942, 0.008126863186127122, 0.007831903454812984], "mean_score_time": [0.010196113586425781, 0.009976863861083984, 0.009687995910644532], "std_score_time": [0.0007789288537689743, 0.0009677290357688317, 0.0015162247006487012]}, "score": 0.9550000000000001}, "ComplementNB": {"params": {"classification__alpha": 0.5}, "times": {"mean_fit_time": [0.004587602615356445, 0.005123043060302734, 0.005540180206298828], "std_fit_time": [0.0011387525911862146, 0.0009516799410133305, 0.0010300685295113441], "mean_score_time": [0.0013472080230712891, 0.001325845718383789, 0.0014191627502441405], "std_score_time": [0.00027387056564771075, 0.0002222668888008134, 0.00017465280392801557]}, "score": 0.9075}, "LogisticRegression": {"params": {"classification__solver": "saga", "classification__C": 100}, "times": {"mean_fit_time": [0.5133098125457763, 0.47679624557495115, 1.126149845123291], "std_fit_time": [0.04428866980317836, 0.03152838029800254, 0.15342716811770843], "mean_score_time": [0.03471074104309082, 0.03747615814208984, 0.04344491958618164], "std_score_time": [0.006415939618463962, 0.013751649703377247, 0.004552568476243885]}, "score": 0.8375}}