{"[NN]NeuralNetwork": {"params": {"classification__epochs": 10, "classification__batch_size": 30}, "times": {"mean_fit_time": [3.6825324058532716, 3.091852378845215, 2.9712475299835206, 2.7003777980804444, 2.9334906578063964, 3.1147086143493654, 3.7628835678100585, 3.9613873958587646, 3.9988276958465576, 3.029301118850708], "std_fit_time": [0.2485904836027848, 0.39196356933329796, 0.07313434926498617, 0.4876786489513521, 0.4920822722625132, 0.47733493708188757, 0.9682596314752114, 1.1032285983437082, 0.793725526877902, 0.6817819078621847], "mean_score_time": [0.2662994384765625, 0.3484050750732422, 0.3493302822113037, 0.5241421222686767, 0.3784654140472412, 0.3607785701751709, 0.3124424934387207, 0.2998497009277344, 0.2563889980316162, 0.29606099128723146], "std_score_time": [0.1561256482700959, 0.14043031514782195, 0.1374384397664874, 0.19422814311949516, 0.11850299537617878, 0.16314505975815186, 0.19275542644330096, 0.0641894100625425, 0.05005293611945958, 0.15253098712155752]}, "score": 0.9805021367521368}, "RandomForestClassifier": {"params": {"classification__n_estimators": 400, "classification__min_samples_split": 5, "classification__min_samples_leaf": 1, "classification__max_features": "log2", "classification__max_depth": 50, "classification__bootstrap": false}, "times": {"mean_fit_time": [1.7698666095733642, 1.2915803909301757, 0.239239501953125, 1.1823013305664063, 0.2732039451599121], "std_fit_time": [0.11471208383859632, 0.07989713802785911, 0.06750259769614697, 0.0959983506368545, 0.024158148143927423], "mean_score_time": [0.0037610530853271484, 0.0016995906829833985, 0.0015153884887695312, 0.002566671371459961, 0.0013553142547607423], "std_score_time": [0.0008411980655932103, 4.657154061340437e-05, 0.0003522519087151179, 0.0010170687611175434, 0.00010699737082078264]}, "score": 0.9816666666666667}, "KNeighborsClassifier": {"params": {"classification__weights": "uniform", "classification__n_neighbors": 11, "classification__metric": "manhattan", "classification__leaf_size": 30}, "times": {"mean_fit_time": [0.08354330062866211, 0.04365253448486328, 0.04954276084899902, 0.037634849548339844, 0.04180612564086914], "std_fit_time": [0.013338926137625365, 0.014919218145001282, 0.009280068927266913, 0.011458713466202234, 0.015373687688962861], "mean_score_time": [0.01177682876586914, 0.010695314407348633, 0.019981527328491212, 0.015770959854125976, 0.011635971069335938], "std_score_time": [0.00219520332264341, 0.0014751296758565167, 0.010834106637868615, 0.0069430857445077696, 0.0023870577556665672]}, "score": 0.9716666666666667}, "ComplementNB": {"params": {"classification__alpha": 1.0}, "times": {"mean_fit_time": [0.005686902999877929, 0.004926490783691406, 0.0050909996032714845, 0.005259990692138672, 0.005275630950927734], "std_fit_time": [0.001041539705353159, 0.0004740410219215038, 0.0010395117462009605, 0.0007194640811130389, 0.0006572672708961344], "mean_score_time": [0.0014462947845458984, 0.0013896942138671875, 0.0014772891998291015, 0.001379537582397461, 0.0014517784118652343], "std_score_time": [0.00020856610921582777, 0.00015004493254042696, 0.00027424046252717024, 4.447012072295878e-05, 0.0001936250932394279]}, "score": 0.9816666666666667}, "LogisticRegression": {"params": {"classification__solver": "newton-cg", "classification__C": 0.1}, "times": {"mean_fit_time": [0.4790815353393555, 0.11700878143310547, 0.09056172370910645, 0.3390395164489746, 0.22027115821838378], "std_fit_time": [0.059586559055878965, 0.12807990529743293, 0.03987269153449162, 0.14864352250668852, 0.08018802108747441], "mean_score_time": [0.002304363250732422, 0.0016450881958007812, 0.0019564151763916014, 0.0021370887756347657, 0.0017007827758789063], "std_score_time": [0.0012514364460703843, 0.00025527471808855763, 0.0004270143550987161, 0.0003700068496084729, 5.144266360523793e-05]}, "score": 0.9716666666666667}}