{"[NN]NeuralNetwork": {"params": {"classification__epochs": 10, "classification__batch_size": 25}, "times": {"mean_fit_time": [1.8803149223327638, 1.8931514263153075, 1.9208081245422364, 2.048094654083252, 1.7864158153533936, 1.857202672958374, 2.0681115627288817, 1.9381100177764892, 1.7914576530456543, 1.953836441040039], "std_fit_time": [0.07368331282224623, 0.08516217513255675, 0.22996256358072653, 0.2207646903851625, 0.06770658143703044, 0.17294262411581926, 0.3331205811081367, 0.056872379623414106, 0.16325254398548114, 0.07499880935987861], "mean_score_time": [0.17420754432678223, 0.20007920265197754, 0.19260144233703613, 0.19741907119750976, 0.1849821090698242, 0.19405026435852052, 0.2064974308013916, 0.1621920108795166, 0.17103466987609864, 0.16674213409423827], "std_score_time": [0.017808591932656992, 0.027132347567715816, 0.02035071020746843, 0.02744614019189093, 0.023095959266822196, 0.018225389146032767, 0.017277084670650072, 0.010887330078282622, 0.039549441482014044, 0.019296235779920044]}, "score": 0.925}, "RandomForestClassifier": {"params": {"classification__n_estimators": 100, "classification__min_samples_split": 2, "classification__min_samples_leaf": 4, "classification__max_features": "log2", "classification__max_depth": 20, "classification__bootstrap": true}, "times": {"mean_fit_time": [0.09026861190795898], "std_fit_time": [0.009179444466918532], "mean_score_time": [0.0014958858489990234], "std_score_time": [0.00028356874364940073]}, "score": 1.0}, "KNeighborsClassifier": {"params": {"classification__weights": "uniform", "classification__n_neighbors": 19, "classification__metric": "manhattan", "classification__leaf_size": 26}, "times": {"mean_fit_time": [0.024030303955078124], "std_fit_time": [0.0028049318543280585], "mean_score_time": [0.007551145553588867], "std_score_time": [0.0005529887821994974]}, "score": 0.8777777777777779}, "ComplementNB": {"params": {"classification__alpha": 0.5}, "times": {"mean_fit_time": [0.0034332752227783205], "std_fit_time": [0.00021122203656570612], "mean_score_time": [0.0009210109710693359], "std_score_time": [8.104576615060886e-05]}, "score": 0.875}, "LogisticRegression": {"params": {"classification__solver": "saga", "classification__C": 1.0}, "times": {"mean_fit_time": [0.3508056640625], "std_fit_time": [0.021799449792166154], "mean_score_time": [0.03545994758605957], "std_score_time": [0.011455303879162689]}, "score": 0.525}}