{"[NN]NeuralNetwork": {"params": {"classification__epochs": 20, "classification__batch_size": 20}, "times": {"mean_fit_time": [2.260791873931885, 2.6701752185821532, 2.683302164077759, 2.3668820381164553, 2.1297061920166014, 2.2170763492584227, 1.66834397315979, 2.5668971061706545, 1.7556560039520264, 2.013978910446167], "std_fit_time": [0.3428846396588312, 1.3249850594930592, 0.6601501824486301, 0.45646967452862264, 0.24042546475012974, 0.282841513588835, 0.13318708663077924, 0.4245128617115415, 0.2271047736097113, 0.30475125034692313], "mean_score_time": [0.1879272937774658, 0.22733120918273925, 0.21582584381103515, 0.24540443420410157, 0.20768847465515136, 0.2226499557495117, 0.18262262344360353, 0.21477346420288085, 0.17962126731872557, 0.18210153579711913], "std_score_time": [0.02462510064942979, 0.11229951827545966, 0.04945588014385042, 0.026067176519766012, 0.01879256661913723, 0.0339122691713406, 0.020583902242829483, 0.006567860284919455, 0.03667598277511428, 0.03036353997395635]}, "score": 0.8606666666666666}, "RandomForestClassifier": {"params": {"classification__n_estimators": 50, "classification__min_samples_split": 5, "classification__min_samples_leaf": 1, "classification__max_features": "sqrt", "classification__max_depth": null, "classification__bootstrap": true}, "times": {"mean_fit_time": [0.06282391548156738], "std_fit_time": [0.0037979419454666394], "mean_score_time": [0.0015371322631835937], "std_score_time": [0.00040125245924476906]}, "score": 1.0}, "KNeighborsClassifier": {"params": {"classification__weights": "uniform", "classification__n_neighbors": 19, "classification__metric": "minkowski", "classification__leaf_size": 20}, "times": {"mean_fit_time": [0.03289275169372559], "std_fit_time": [0.003409272583506132], "mean_score_time": [0.005743551254272461], "std_score_time": [0.0006741347852293813]}, "score": 0.9400000000000001}, "ComplementNB": {"params": {"classification__alpha": 1.0}, "times": {"mean_fit_time": [0.004848670959472656], "std_fit_time": [0.0011892329566265388], "mean_score_time": [0.0012125968933105469], "std_score_time": [0.0003368354194619683]}, "score": 0.7266666666666667}, "LogisticRegression": {"params": {"classification__solver": "saga", "classification__C": 100}, "times": {"mean_fit_time": [0.6669680118560791], "std_fit_time": [0.0343428172406304], "mean_score_time": [0.03306303024291992], "std_score_time": [0.004893563360194874]}, "score": 0.86}}