{"[NN]NeuralNetwork": {"params": {"classification__epochs": 20, "classification__batch_size": 25}, "times": {"mean_fit_time": [2.5145330905914305, 2.7015964508056642, 2.587373399734497, 2.1759605884552, 3.213206243515015, 2.2833627700805663, 1.8725082874298096, 2.148415279388428, 2.1334607124328615, 2.0937026500701905], "std_fit_time": [0.2554425426264084, 0.5257282410693606, 0.2401377104813299, 0.48130228310891304, 1.0039470442153386, 0.27742799334743745, 0.15767966481492596, 0.33907211036840484, 0.20022742324816153, 0.3850030465921165], "mean_score_time": [0.26074752807617185, 0.24490642547607422, 0.18937950134277343, 0.22437505722045897, 0.26906709671020507, 0.20754833221435548, 0.21738524436950685, 0.17541790008544922, 0.20097579956054687, 0.1966160774230957], "std_score_time": [0.08046164036203464, 0.07821198978243714, 0.043674295899910044, 0.04860137764663307, 0.05906399041433522, 0.03018307485466461, 0.0753154717590717, 0.04533504722467506, 0.04155365097371756, 0.06485648977821384]}, "score": 0.9708333333333334}, "RandomForestClassifier": {"params": {"classification__n_estimators": 200, "classification__min_samples_split": 5, "classification__min_samples_leaf": 1, "classification__max_features": "sqrt", "classification__max_depth": null, "classification__bootstrap": false}, "times": {"mean_fit_time": [0.48633537292480467], "std_fit_time": [0.029519171066009715], "mean_score_time": [0.0016637802124023437], "std_score_time": [0.00035901891382555923]}, "score": 1.0}, "KNeighborsClassifier": {"params": {"classification__weights": "distance", "classification__n_neighbors": 11, "classification__metric": "manhattan", "classification__leaf_size": 33}, "times": {"mean_fit_time": [0.03064279556274414], "std_fit_time": [0.02374558618051209], "mean_score_time": [0.006456422805786133], "std_score_time": [0.0007852278226909998]}, "score": 0.25}, "ComplementNB": {"params": {"classification__alpha": 1.0}, "times": {"mean_fit_time": [0.003911590576171875], "std_fit_time": [0.0008626021700894026], "mean_score_time": [0.001094961166381836], "std_score_time": [0.00022693955328919712]}, "score": 0.875}, "LogisticRegression": {"params": {"classification__solver": "saga", "classification__C": 10}, "times": {"mean_fit_time": [0.3657190799713135], "std_fit_time": [0.02095846843029047], "mean_score_time": [0.02981147766113281], "std_score_time": [0.008491803397721825]}, "score": 0.7833333333333333}}