{"[NN]NeuralNetwork": {"params": {"classification__epochs": 10, "classification__batch_size": 25}, "times": {"mean_fit_time": [4.044018793106079, 3.771290922164917, 4.364145040512085, 5.010937643051148, 4.431078338623047, 5.016029691696167, 4.582871341705323, 4.1221057891845705, 4.660120058059692, 4.830978679656982], "std_fit_time": [0.3450064984411906, 0.1931806402254704, 0.7681028056391044, 0.9020757605568814, 0.7146328648077499, 0.6940814805887808, 0.4779050259915364, 1.0214504477454707, 0.5311649928407219, 1.0113157303233147], "mean_score_time": [0.4703541278839111, 0.43430423736572266, 0.36533174514770506, 0.6359921455383301, 0.4634521961212158, 0.5087204933166504, 0.5950437545776367, 0.6199760437011719, 0.6608006954193115, 0.4208231449127197], "std_score_time": [0.1944698520683825, 0.15046714222426102, 0.12228068676317254, 0.20280441133084737, 0.18410818454253622, 0.17194998021110655, 0.18236815481705068, 0.149000563636591, 0.2096161724694277, 0.14543555620140433]}, "score": 0.928888888888889}, "RandomForestClassifier": {"params": {"classification__n_estimators": 10, "classification__min_samples_split": 5, "classification__min_samples_leaf": 2, "classification__max_features": null, "classification__max_depth": 80, "classification__bootstrap": true}, "times": {"mean_fit_time": [0.07384867668151855], "std_fit_time": [0.01608248940009233], "mean_score_time": [0.0014976024627685546], "std_score_time": [0.00019726163663069186]}, "score": 1.0}, "KNeighborsClassifier": {"params": {"classification__weights": "distance", "classification__n_neighbors": 9, "classification__metric": "euclidean", "classification__leaf_size": 23}, "times": {"mean_fit_time": [0.032057571411132815], "std_fit_time": [0.00998254544623689], "mean_score_time": [0.007253789901733398], "std_score_time": [0.0009459793496864538]}, "score": 0.4}, "ComplementNB": {"params": {"classification__alpha": 0.5}, "times": {"mean_fit_time": [0.003390645980834961], "std_fit_time": [0.0001392326615745662], "mean_score_time": [0.0009386539459228516], "std_score_time": [0.00011068663098663987]}, "score": 0.85}, "LogisticRegression": {"params": {"classification__solver": "sag", "classification__C": 0.1}, "times": {"mean_fit_time": [0.2997337818145752], "std_fit_time": [0.026439677309616313], "mean_score_time": [0.0302001953125], "std_score_time": [0.007747545841175588]}, "score": 0.9083333333333332}}