{"[NN]NeuralNetwork": {"params": {"classification__epochs": 15, "classification__batch_size": 25}, "times": {"mean_fit_time": [4.4192156314849855, 5.213740730285645, 4.644900608062744, 4.690356922149658, 4.48955807685852, 4.149975919723511, 3.942607069015503, 4.782819986343384, 4.7579902648925785, 4.62910566329956], "std_fit_time": [1.1842950466302629, 0.65264302081799, 0.486391071728819, 0.5248767801476483, 0.9239408251320178, 0.6714893973321965, 0.36041003898646234, 0.43634706836539405, 0.8714353113148715, 0.30807729915493454], "mean_score_time": [0.5077965736389161, 0.43500943183898927, 0.5438318252563477, 0.4685631275177002, 0.45904126167297366, 0.5422574043273926, 0.5056943893432617, 0.5006599426269531, 0.41250319480895997, 0.4775965213775635], "std_score_time": [0.032599098600518094, 0.13100269311568385, 0.25249875745582845, 0.15782023198608752, 0.16054220984823478, 0.1712947958838805, 0.04559204936375552, 0.24930562943014922, 0.09914770086680454, 0.09527236028585642]}, "score": 0.8633333333333333}, "RandomForestClassifier": {"params": {"classification__n_estimators": 50, "classification__min_samples_split": 2, "classification__min_samples_leaf": 1, "classification__max_features": "sqrt", "classification__max_depth": 100, "classification__bootstrap": true}, "times": {"mean_fit_time": [0.09762768745422364], "std_fit_time": [0.009714956787379228], "mean_score_time": [0.00180511474609375], "std_score_time": [0.00019225210878122214]}, "score": 0.9800000000000001}, "KNeighborsClassifier": {"params": {"classification__weights": "uniform", "classification__n_neighbors": 1, "classification__metric": "manhattan", "classification__leaf_size": 13}, "times": {"mean_fit_time": [0.03492236137390137], "std_fit_time": [0.009151419728799414], "mean_score_time": [0.009768009185791016], "std_score_time": [0.0009723486034457579]}, "score": 0.9199999999999999}, "ComplementNB": {"params": {"classification__alpha": 0}, "times": {"mean_fit_time": [0.004397249221801758], "std_fit_time": [0.00022453312439615114], "mean_score_time": [0.0010948657989501953], "std_score_time": [0.0001536415941181146]}, "score": 0.7433333333333334}, "LogisticRegression": {"params": {"classification__solver": "saga", "classification__C": 100}, "times": {"mean_fit_time": [0.6364431858062745], "std_fit_time": [0.029884635549038103], "mean_score_time": [0.034092140197753903], "std_score_time": [0.00450127792362197]}, "score": 0.8033333333333333}}