{"[NN]NeuralNetwork": {"params": {"classification__epochs": 20, "classification__batch_size": 30}, "times": {"mean_fit_time": [3.522983503341675, 3.4086999893188477, 2.4759700775146483, 2.99578914642334, 3.0088797569274903, 2.4999465465545656, 3.239176893234253, 3.0251986026763915, 3.320474720001221, 2.9996209144592285], "std_fit_time": [0.8620450468599664, 0.7137084620956662, 0.5016912138410113, 0.6511160640943476, 0.9301964332132262, 0.47265524720724933, 0.9741338488589516, 0.6338087472669782, 0.18656521547319607, 0.3263710801647021], "mean_score_time": [0.31181039810180666, 0.2238987922668457, 0.2983855247497559, 0.2746880054473877, 0.31501522064208987, 0.2790700435638428, 0.27431521415710447, 0.25465641021728513, 0.23023009300231934, 0.20604796409606935], "std_score_time": [0.13910664698851852, 0.02959406991721577, 0.09289762521285239, 0.09435873261033936, 0.09137120074557548, 0.08169163209102061, 0.1020174902413106, 0.02107836477031143, 0.028434941995196663, 0.03634429423992124]}, "score": 0.9356349206349206}, "RandomForestClassifier": {"params": {"classification__n_estimators": 300, "classification__min_samples_split": 10, "classification__min_samples_leaf": 4, "classification__max_features": "log2", "classification__max_depth": 20, "classification__bootstrap": false}, "times": {"mean_fit_time": [0.9514798164367676, 4.060303974151611, 1.4094719409942627, 0.9480307102203369, 1.5014780521392823], "std_fit_time": [0.22011626786445998, 0.35013961527101634, 0.31160547716003784, 0.10061525614567568, 0.13875700404637722], "mean_score_time": [0.00178070068359375, 0.004612350463867187, 0.002379894256591797, 0.002292776107788086, 0.003589963912963867], "std_score_time": [0.00014029084045670364, 0.0009831816618161911, 0.0006013459174338176, 0.0005807565264195513, 0.0013565033573636888]}, "score": 0.9942857142857143}, "KNeighborsClassifier": {"params": {"classification__weights": "uniform", "classification__n_neighbors": 13, "classification__metric": "euclidean", "classification__leaf_size": 20}, "times": {"mean_fit_time": [0.035642576217651364, 0.04181981086730957, 0.03661818504333496, 0.037867403030395506, 0.037390708923339844], "std_fit_time": [0.007952088972472867, 0.00737047705835557, 0.014395251334122958, 0.008012114865174929, 0.007381910703630142], "mean_score_time": [0.009436607360839844, 0.010980844497680664, 0.010883235931396484, 0.009418773651123046, 0.01013960838317871], "std_score_time": [0.001454936043679379, 0.0018409857364642583, 0.0024846668177439944, 0.0012131535886923642, 0.0006936714476310914]}, "score": 0.8749523809523809}, "ComplementNB": {"params": {"classification__alpha": 0.5}, "times": {"mean_fit_time": [0.005478286743164062, 0.004540109634399414, 0.006110954284667969, 0.008015203475952148, 0.009035348892211914], "std_fit_time": [0.0011772783390009449, 9.493702083427524e-05, 0.0018090583001907688, 0.001244446299283423, 0.001219357068773644], "mean_score_time": [0.0013214111328125, 0.0012538909912109375, 0.0013780593872070312, 0.0016449451446533202, 0.0020377635955810547], "std_score_time": [0.00018092628215645264, 2.2963756727394617e-05, 0.00010884856552735769, 0.00024140879410247342, 0.00012444910863555148]}, "score": 0.7762857142857144}, "LogisticRegression": {"params": {"classification__solver": "newton-cg", "classification__C": 100}, "times": {"mean_fit_time": [0.6450567722320557, 0.18616099357604982, 0.7605854034423828, 1.045544147491455, 0.6330358505249023], "std_fit_time": [0.0745034876687662, 0.06753665247305887, 0.022763364237345655, 0.11188266210716107, 0.16093227941876115], "mean_score_time": [0.003943777084350586, 0.0019263267517089845, 0.003421640396118164, 0.003059101104736328, 0.002121639251708984], "std_score_time": [0.0008156704091153068, 0.00024600197672612227, 0.0011814513794917098, 0.00010579064100102863, 0.0005278273618794959]}, "score": 0.9862857142857143}}