{"[NN]NeuralNetwork": {"params": {"classification__epochs": 20, "classification__batch_size": 25}, "times": {"mean_fit_time": [4.604327774047851, 4.75430006980896, 4.81567530632019, 4.858835601806641, 4.604221343994141, 5.265554332733155, 5.45590877532959, 4.67212324142456, 5.037236928939819, 5.13667631149292], "std_fit_time": [0.7220987067465685, 0.5672868802492161, 0.7205735030103354, 0.8506942438086863, 0.5217879371388244, 0.7299406208825566, 0.9126142579079544, 0.920007815006314, 1.016131893698269, 0.3027970055852994], "mean_score_time": [0.536647367477417, 0.6386448860168457, 0.5185676097869873, 0.5728562355041504, 0.6075711250305176, 0.6053001880645752, 0.5882156372070313, 0.6693857192993165, 0.49330363273620603, 0.46468305587768555], "std_score_time": [0.038301558146646576, 0.08624642109036623, 0.10614609062009069, 0.1355880152712483, 0.09762033366842117, 0.19807278973881376, 0.1319390584813805, 0.14841038993378314, 0.1374807041708082, 0.1740601816531289]}, "score": 0.9461904761904762}, "RandomForestClassifier": {"params": {"classification__n_estimators": 400, "classification__min_samples_split": 5, "classification__min_samples_leaf": 2, "classification__max_features": "log2", "classification__max_depth": 40, "classification__bootstrap": true}, "times": {"mean_fit_time": [1.7503463745117187, 1.4345106601715087, 1.2366706371307372], "std_fit_time": [0.2903248804637968, 0.23330169211400767, 0.1203813864988896], "mean_score_time": [0.0017350673675537109, 0.001718902587890625, 0.0017519950866699218], "std_score_time": [5.7297019602311186e-05, 8.967094868552762e-05, 9.126476357678894e-05]}, "score": 0.975}, "KNeighborsClassifier": {"params": {"classification__weights": "uniform", "classification__n_neighbors": 15, "classification__metric": "minkowski", "classification__leaf_size": 26}, "times": {"mean_fit_time": [0.02474322319030762, 0.035158538818359376, 0.03200368881225586], "std_fit_time": [0.006002392859301465, 0.008488984906471016, 0.0015700308830356264], "mean_score_time": [0.008942985534667968, 0.00808544158935547, 0.007379388809204102], "std_score_time": [0.00017990697573345881, 0.0007077329708232117, 0.0005462780926158206]}, "score": 0.8266666666666665}, "ComplementNB": {"params": {"classification__alpha": 1.0}, "times": {"mean_fit_time": [0.004666709899902343, 0.005190086364746094, 0.005883646011352539], "std_fit_time": [0.0019418273298649604, 0.000708852115001625, 0.0016024975674683232], "mean_score_time": [0.0012434959411621095, 0.001376771926879883, 0.0014968395233154296], "std_score_time": [0.0001854685450214215, 0.00019149406256575765, 0.0003049340408239704]}, "score": 0.9075}, "LogisticRegression": {"params": {"classification__solver": "lbfgs", "classification__C": 0.01}, "times": {"mean_fit_time": [0.5183623790740967, 0.36452746391296387, 0.3313571929931641], "std_fit_time": [0.11986129436804635, 0.04547676983580127, 0.019844398622747162], "mean_score_time": [0.05151371955871582, 0.0022943973541259765, 0.0018310546875], "std_score_time": [0.008578458883679396, 0.0005975028479189318, 0.00035640067307230903]}, "score": 0.9116666666666667}}