{"[NN]NeuralNetwork": {"params": {"classification__epochs": 20, "classification__batch_size": 25}, "times": {"mean_fit_time": [3.183183431625366, 4.302721166610718, 3.7307533264160155, 2.513602352142334, 2.5511518478393556, 3.105270767211914, 2.5672233581542967, 3.0559350490570067, 2.599396085739136, 3.178765153884888], "std_fit_time": [1.0554089970009546, 1.2216747309936191, 0.20819956396873304, 0.5381590750879192, 0.4848206360994711, 0.41906827847896577, 0.6108561903764684, 0.5100238641223267, 0.3929339004264799, 0.8156224520972801], "mean_score_time": [0.18786306381225587, 0.2436201572418213, 0.21291003227233887, 0.23900432586669923, 0.20347113609313966, 0.20389833450317382, 0.30551834106445314, 0.2463435173034668, 0.2202922821044922, 0.2442918300628662], "std_score_time": [0.05245882700480303, 0.047432992521623446, 0.024817534283525296, 0.07409318705767644, 0.03118967923995641, 0.03613397064858161, 0.09065435559183747, 0.037688306490654085, 0.04324588025519396, 0.06666252497379109]}, "score": 0.9054126984126984}, "RandomForestClassifier": {"params": {"classification__n_estimators": 400, "classification__min_samples_split": 2, "classification__min_samples_leaf": 2, "classification__max_features": "log2", "classification__max_depth": 20, "classification__bootstrap": false}, "times": {"mean_fit_time": [2.258256196975708, 1.554553174972534, 1.2235607624053955, 1.2709682941436768, 1.0001821994781495], "std_fit_time": [0.20607120786771127, 0.1543954365211051, 0.09021481529889032, 0.010559168559483701, 0.06846431175807162], "mean_score_time": [0.005015897750854492, 0.0023813247680664062, 0.002115154266357422, 0.002414512634277344, 0.0018504142761230468], "std_score_time": [0.0012847860465361478, 0.0008395223228583092, 0.00039833437890142654, 0.0010068859198559567, 0.00022340537887188784]}, "score": 0.9800000000000001}, "KNeighborsClassifier": {"params": {"classification__weights": "uniform", "classification__n_neighbors": 17, "classification__metric": "manhattan", "classification__leaf_size": 16}, "times": {"mean_fit_time": [0.03205637931823731, 0.027442502975463866, 0.02570033073425293, 0.025123119354248047, 0.04603700637817383], "std_fit_time": [0.006731632551358905, 0.003610604684686217, 0.003208711660556343, 0.005340534814606341, 0.020792043362909202], "mean_score_time": [0.011336278915405274, 0.01270155906677246, 0.01402130126953125, 0.010774183273315429, 0.017489051818847655], "std_score_time": [0.00161986238229106, 0.003306809235787409, 0.0032450166079372746, 0.0008809192621146223, 0.006979337699105014]}, "score": 0.9473333333333332}, "ComplementNB": {"params": {"classification__alpha": 1.0}, "times": {"mean_fit_time": [0.005874252319335938, 0.005393552780151367, 0.006473731994628906, 0.008378219604492188, 0.00917038917541504], "std_fit_time": [0.001362696998080637, 0.0011720802785003678, 0.0006749912752583299, 0.00048295044305300553, 0.0012650196889483379], "mean_score_time": [0.0016552925109863282, 0.0017372608184814454, 0.0021044254302978516, 0.0019257068634033203, 0.0019521236419677735], "std_score_time": [0.00042058265650798417, 0.0005155683356231693, 0.0005494285177689844, 7.232709650117295e-05, 7.563280701179177e-05]}, "score": 0.7833333333333334}, "LogisticRegression": {"params": {"classification__solver": "saga", "classification__C": 0.1}, "times": {"mean_fit_time": [1.1202998638153077, 1.0960686683654786, 0.9708266735076905, 1.3688290119171143, 1.2614062786102296], "std_fit_time": [0.2326396690703447, 0.1184605775164424, 0.13965300412987203, 0.19238789247935306, 0.07421466313719446], "mean_score_time": [0.005394268035888672, 0.004533910751342773, 0.004199314117431641, 0.0035888671875, 0.003475332260131836], "std_score_time": [0.0017951996426225085, 0.0007088100007495515, 0.0023417318621690593, 0.0005351577735056039, 0.0012059567383257636]}, "score": 0.8186666666666668}}