{"[NN]NeuralNetwork": {"params": {"classification__epochs": 20, "classification__batch_size": 25}, "times": {"mean_fit_time": [3.681541395187378, 3.5490737438201903, 3.6011982440948485, 3.478028583526611, 4.95080976486206, 3.515433931350708, 4.416596364974976, 4.311674737930298, 3.970171308517456, 4.257123947143555], "std_fit_time": [0.5908760080188936, 0.356957437620611, 0.4757491057859943, 0.4696618612206297, 1.04258046504201, 0.7685438701832407, 0.8766524752768164, 0.5526870621347517, 0.8612751112862739, 0.8488511451135077], "mean_score_time": [0.3390963554382324, 0.280200719833374, 0.3941213130950928, 0.30820317268371583, 0.4031089782714844, 0.28433618545532224, 0.3816051006317139, 0.4063086032867432, 0.42078299522399903, 0.3322585582733154], "std_score_time": [0.08070708253196164, 0.021239736067152133, 0.06386727887905568, 0.05557864030043932, 0.22698756588020141, 0.025342273634100843, 0.09907190429307672, 0.1266485691051257, 0.1882740902645042, 0.0793782706846552]}, "score": 0.9708333333333334}, "RandomForestClassifier": {"params": {"classification__n_estimators": 200, "classification__min_samples_split": 5, "classification__min_samples_leaf": 1, "classification__max_features": "sqrt", "classification__max_depth": null, "classification__bootstrap": false}, "times": {"mean_fit_time": [0.5046843528747559], "std_fit_time": [0.0269644902918049], "mean_score_time": [0.0016324996948242187], "std_score_time": [0.00011741696510021353]}, "score": 1.0}, "KNeighborsClassifier": {"params": {"classification__weights": "distance", "classification__n_neighbors": 11, "classification__metric": "manhattan", "classification__leaf_size": 33}, "times": {"mean_fit_time": [0.028843069076538087], "std_fit_time": [1.1438726120970041e-05], "mean_score_time": [0.008031320571899415], "std_score_time": [0.00018794362229357823]}, "score": 0.25}, "ComplementNB": {"params": {"classification__alpha": 1.0}, "times": {"mean_fit_time": [0.0036695003509521484], "std_fit_time": [0.0005065153643100397], "mean_score_time": [0.0010366439819335938], "std_score_time": [0.00021700444675412634]}, "score": 0.875}, "LogisticRegression": {"params": {"classification__solver": "saga", "classification__C": 10}, "times": {"mean_fit_time": [0.38760972023010254], "std_fit_time": [0.03678580571048747], "mean_score_time": [0.040288114547729494], "std_score_time": [0.011283360107274541]}, "score": 0.7833333333333333}}