{"[NN]NeuralNetwork": {"params": {"classification__epochs": 20, "classification__batch_size": 25}, "times": {"mean_fit_time": [4.977239322662354, 4.631363439559936, 3.7984176158905028, 3.1623580932617186, 3.3709127426147463, 3.8718399524688722, 3.2794618129730226, 2.3593092918395997, 3.309249925613403, 2.890907907485962], "std_fit_time": [0.6888883428482881, 0.7137585603700729, 0.7142315611305634, 0.4729987509068726, 0.5858385051187639, 0.6549081861725422, 0.31811384432532497, 0.22865939085709128, 0.8644657698026181, 0.3133799754572515], "mean_score_time": [0.31138148307800295, 0.46426777839660643, 0.2281179428100586, 0.24924263954162598, 0.4264851093292236, 0.3620461463928223, 0.19741921424865722, 0.18257732391357423, 0.19644479751586913, 0.21905460357666015], "std_score_time": [0.130757085671292, 0.16111288183305064, 0.024037862054822955, 0.028224721590174483, 0.1821926431411756, 0.21203423581620295, 0.05357646271312379, 0.03183036802558262, 0.023459207650174077, 0.02259283963250661]}, "score": 0.9845238095238095}, "RandomForestClassifier": {"params": {"classification__n_estimators": 300, "classification__min_samples_split": 10, "classification__min_samples_leaf": 4, "classification__max_features": "log2", "classification__max_depth": 60, "classification__bootstrap": true}, "times": {"mean_fit_time": [4.610809087753296, 0.7813802719116211, 0.07213058471679687, 0.825285530090332, 0.07354111671447754], "std_fit_time": [0.18436867831023385, 0.06774392977281538, 0.014857718545428935, 0.06237496609701609, 0.0048791191877844775], "mean_score_time": [0.0037345409393310545, 0.0017651557922363282, 0.0014897823333740235, 0.0017232418060302735, 0.0016959667205810546], "std_score_time": [0.0011017469470363736, 0.00016507972945967804, 0.0002235734093790318, 0.00017468129934091042, 0.00038932294228374707]}, "score": 0.99}, "KNeighborsClassifier": {"params": {"classification__weights": "uniform", "classification__n_neighbors": 17, "classification__metric": "euclidean", "classification__leaf_size": 20}, "times": {"mean_fit_time": [0.03935937881469727, 0.04651222229003906, 0.052498245239257814, 0.05776581764221191, 0.043569087982177734], "std_fit_time": [0.01203541408563192, 0.01726360738951066, 0.015321126367278731, 0.009042402814148677, 0.015736119594208682], "mean_score_time": [0.010499048233032226, 0.010240125656127929, 0.009359502792358398, 0.010775470733642578, 0.010846233367919922], "std_score_time": [0.0018834502803200728, 0.0013663607594570026, 0.0003885555970716421, 0.0014714854963340058, 0.001384782663886976]}, "score": 0.97}, "ComplementNB": {"params": {"classification__alpha": 0.5}, "times": {"mean_fit_time": [0.005609893798828125, 0.006274366378784179, 0.005551576614379883, 0.007412910461425781, 0.007027721405029297], "std_fit_time": [0.0011162449951846046, 0.0003054901307092875, 0.0013019641350799952, 0.0010457736934388292, 0.0006684965747688883], "mean_score_time": [0.0016355037689208985, 0.001760244369506836, 0.0016366004943847655, 0.0038783073425292967, 0.0017577171325683593], "std_score_time": [0.0005418284787221437, 3.5928975840697235e-05, 0.0003500572812623238, 0.0039053821827925764, 0.0002080128854265352]}, "score": 0.97}, "LogisticRegression": {"params": {"classification__solver": "newton-cg", "classification__C": 100}, "times": {"mean_fit_time": [0.08539762496948242, 0.11718788146972656, 0.43437418937683103, 0.1289381980895996, 0.1687239170074463], "std_fit_time": [0.05238900283665992, 0.124056400381736, 0.059370146300561484, 0.07590669811430412, 0.15770229102936728], "mean_score_time": [0.002080965042114258, 0.0017070770263671875, 0.002588844299316406, 0.0020720958709716797, 0.0019546985626220704], "std_score_time": [0.0009824275333997195, 0.00016889858889609243, 0.0016784968197369932, 0.0004942533189889809, 0.000343456162917523]}, "score": 0.9800000000000001}}