{"[NN]NeuralNetwork": {"params": {"classification__epochs": 20, "classification__batch_size": 20}, "times": {"mean_fit_time": [2.8975898742675783, 2.9577174186706543, 2.631038856506348, 2.8076846599578857, 3.159857416152954, 2.9649573802947997, 3.1978719234466553, 3.1069032669067385, 2.4458786964416506, 2.3519592761993406], "std_fit_time": [0.4176385854130738, 0.4276238047588426, 0.2889598794100473, 0.5259543910286306, 0.3381724932373903, 0.5165161933811084, 0.796630258783583, 0.22214520268124793, 0.4062362980463108, 0.3014981654278957], "mean_score_time": [0.4296389102935791, 0.3183773994445801, 0.318707275390625, 0.38170685768127444, 0.283474063873291, 0.30449557304382324, 0.34729528427124023, 0.3184171199798584, 0.3471508502960205, 0.23555879592895507], "std_score_time": [0.11565490430916016, 0.08496966550675987, 0.061006102224045886, 0.1454228171758937, 0.07915873174145571, 0.029785701879798853, 0.1090529028665008, 0.07503911966047332, 0.16597291312993098, 0.04025241843600893]}, "score": 0.8606666666666666}, "RandomForestClassifier": {"params": {"classification__n_estimators": 50, "classification__min_samples_split": 5, "classification__min_samples_leaf": 1, "classification__max_features": "sqrt", "classification__max_depth": null, "classification__bootstrap": true}, "times": {"mean_fit_time": [0.0813267707824707], "std_fit_time": [0.010396001314462654], "mean_score_time": [0.0014650821685791016], "std_score_time": [0.00033471023804996705]}, "score": 1.0}, "KNeighborsClassifier": {"params": {"classification__weights": "uniform", "classification__n_neighbors": 19, "classification__metric": "minkowski", "classification__leaf_size": 20}, "times": {"mean_fit_time": [0.03190155029296875], "std_fit_time": [0.011105309420374992], "mean_score_time": [0.007284688949584961], "std_score_time": [0.0018636973348051132]}, "score": 0.9400000000000001}, "ComplementNB": {"params": {"classification__alpha": 1.0}, "times": {"mean_fit_time": [0.0040320873260498045], "std_fit_time": [0.0005777873132548699], "mean_score_time": [0.0009774208068847657], "std_score_time": [0.00015022607667013343]}, "score": 0.7266666666666667}, "LogisticRegression": {"params": {"classification__solver": "saga", "classification__C": 100}, "times": {"mean_fit_time": [0.6952820301055909], "std_fit_time": [0.048678807147503625], "mean_score_time": [0.0416722297668457], "std_score_time": [0.004171442856829541]}, "score": 0.86}}