{"[NN]NeuralNetwork": {"params": {"classification__epochs": 20, "classification__batch_size": 25}, "times": {"mean_fit_time": [3.4726531982421873, 2.9035430908203126, 3.312345838546753, 2.7276355743408205, 2.7283437252044678, 2.8144747257232665, 2.924907922744751, 3.1266181468963623, 2.8499413967132567, 2.8041842460632322], "std_fit_time": [0.5010333810366796, 0.5141401703297248, 0.4572943343857883, 0.2863015813101288, 0.4910721276229789, 0.3504942451276914, 0.5535128104003713, 0.5557893182990031, 0.21123160901099539, 0.31563053685438924], "mean_score_time": [0.27306418418884276, 0.38399734497070315, 0.3043072700500488, 0.3751265525817871, 0.3083888053894043, 0.26369333267211914, 0.3478275775909424, 0.2352663516998291, 0.32254815101623535, 0.26384358406066893], "std_score_time": [0.07540955317477266, 0.14455446307247463, 0.09313576927618358, 0.14002406954489366, 0.20325942293177227, 0.15913594645731624, 0.09330457375833466, 0.08636855857313101, 0.09125764563107339, 0.09879620013790863]}, "score": 0.9708333333333334}, "RandomForestClassifier": {"params": {"classification__n_estimators": 200, "classification__min_samples_split": 5, "classification__min_samples_leaf": 1, "classification__max_features": "sqrt", "classification__max_depth": null, "classification__bootstrap": false}, "times": {"mean_fit_time": [0.5290247440338135], "std_fit_time": [0.0070303686646092725], "mean_score_time": [0.0017724037170410156], "std_score_time": [0.00026293810076850595]}, "score": 1.0}, "KNeighborsClassifier": {"params": {"classification__weights": "distance", "classification__n_neighbors": 11, "classification__metric": "manhattan", "classification__leaf_size": 33}, "times": {"mean_fit_time": [0.03145194053649902], "std_fit_time": [0.003750005530863608], "mean_score_time": [0.005984973907470703], "std_score_time": [0.0005156001274570929]}, "score": 0.25}, "ComplementNB": {"params": {"classification__alpha": 1.0}, "times": {"mean_fit_time": [0.0034250736236572264], "std_fit_time": [0.0003759805023367009], "mean_score_time": [0.0009525299072265625], "std_score_time": [0.00012800599147770673]}, "score": 0.875}, "LogisticRegression": {"params": {"classification__solver": "saga", "classification__C": 10}, "times": {"mean_fit_time": [0.37721905708312986], "std_fit_time": [0.019053248065567793], "mean_score_time": [0.038453292846679685], "std_score_time": [0.003489565774942453]}, "score": 0.7833333333333333}}