{"[NN]NeuralNetwork": {"params": {"classification__epochs": 10, "classification__batch_size": 30}, "times": {"mean_fit_time": [4.601598691940308, 4.474289464950561, 4.318388509750366, 3.0744919776916504, 3.394797372817993, 3.0681039333343505, 4.423646783828735, 4.831103897094726, 3.9376442432403564, 3.641708421707153], "std_fit_time": [1.423477828136188, 1.5880151620613494, 1.2521462573234239, 0.9714254801596011, 1.3694880031175816, 0.5680081264230278, 0.9723439659430426, 0.8597550692555107, 0.8068947485327131, 0.7153290348711632], "mean_score_time": [0.4327885150909424, 0.5027657985687256, 0.5363136768341065, 0.4973464012145996, 0.5652165412902832, 0.4246943950653076, 0.6042829036712647, 0.5635002613067627, 0.4658797740936279, 0.4309504985809326], "std_score_time": [0.15205242306301847, 0.19742378200449087, 0.0940784448669968, 0.14969928045671171, 0.07497070283248077, 0.08277787945416112, 0.11515649158435884, 0.1321604849889699, 0.10056799569887462, 0.08066936788478933]}, "score": 0.9805021367521368}, "RandomForestClassifier": {"params": {"classification__n_estimators": 400, "classification__min_samples_split": 5, "classification__min_samples_leaf": 1, "classification__max_features": "log2", "classification__max_depth": 50, "classification__bootstrap": false}, "times": {"mean_fit_time": [1.5481389522552491, 1.3081323623657226, 0.24569158554077147, 1.4909743785858154, 0.28822970390319824], "std_fit_time": [0.10953075179133649, 0.1904383697763771, 0.026357920928697105, 0.11894757202316625, 0.019356419117687144], "mean_score_time": [0.0024794578552246095, 0.0017468929290771484, 0.0017251968383789062, 0.00240325927734375, 0.0014794826507568359], "std_score_time": [0.0011982660920789967, 5.9983006261888074e-05, 0.00038112335573263695, 0.0004586796983032785, 0.00026959112068382075]}, "score": 0.9816666666666667}, "KNeighborsClassifier": {"params": {"classification__weights": "uniform", "classification__n_neighbors": 11, "classification__metric": "manhattan", "classification__leaf_size": 30}, "times": {"mean_fit_time": [0.03179025650024414, 0.03317618370056152, 0.032982683181762694, 0.03148541450500488, 0.02969198226928711], "std_fit_time": [0.002552736020366421, 0.005565594202884544, 0.0071571938898392935, 0.008445161898600515, 0.0058323592846026995], "mean_score_time": [0.008532476425170899, 0.009714126586914062, 0.010484552383422852, 0.009253311157226562, 0.009059429168701172], "std_score_time": [0.000556344518499951, 0.002149779658458003, 0.0017971071473729442, 0.0012336566831214167, 0.0004555170240960078]}, "score": 0.9716666666666667}, "ComplementNB": {"params": {"classification__alpha": 1.0}, "times": {"mean_fit_time": [0.005727148056030274, 0.0047362327575683595, 0.005398082733154297, 0.00448455810546875, 0.005630111694335938], "std_fit_time": [0.0009765864067578654, 0.0010115040931100781, 0.00134525810354579, 0.0002978908473703988, 0.0009580212895561433], "mean_score_time": [0.0014403820037841796, 0.0013871192932128906, 0.0014805316925048829, 0.0012615203857421875, 0.0015025615692138671], "std_score_time": [0.0002292860257098591, 0.0002872196472262253, 0.0003592530010591437, 5.834612670135552e-05, 0.0002002402349151667]}, "score": 0.9816666666666667}, "LogisticRegression": {"params": {"classification__solver": "newton-cg", "classification__C": 0.1}, "times": {"mean_fit_time": [0.5719918251037598, 0.12169365882873535, 0.10002284049987793, 0.35756235122680663, 0.25307726860046387], "std_fit_time": [0.03377497145740203, 0.11360268664950854, 0.05233311556790471, 0.12598312431267, 0.09528403111319146], "mean_score_time": [0.0033525943756103514, 0.0020704269409179688, 0.002175569534301758, 0.0017266273498535156, 0.0018177032470703125], "std_score_time": [0.0017096416120163066, 0.0009853370352117265, 0.0005858118860446488, 8.859757585767526e-05, 0.00010244477640254944]}, "score": 0.9716666666666667}}