{"[NN]NeuralNetwork": {"params": {"classification__epochs": 20, "classification__batch_size": 20}, "times": {"mean_fit_time": [3.164030838012695, 3.9181363582611084, 4.396736574172974, 4.601603984832764, 4.544543838500976, 4.157182455062866, 4.1242882251739506, 4.166961431503296, 4.000940132141113, 3.909289836883545], "std_fit_time": [0.3833367151256839, 0.6771459255543213, 1.076491775822858, 0.5571480814025934, 0.37464173454236227, 0.5526967186975388, 0.7677806155511281, 0.8393624966153183, 0.17247840038503454, 0.416131036338083], "mean_score_time": [0.5485960960388183, 0.36653499603271483, 0.491567325592041, 0.346190881729126, 0.42915945053100585, 0.4448342800140381, 0.39261178970336913, 0.30414891242980957, 0.35459084510803224, 0.3668095111846924], "std_score_time": [0.17248696180580964, 0.08928737375986573, 0.12787146924596285, 0.06517264229978306, 0.08901666035148843, 0.2040023610429064, 0.08607545406252647, 0.049141642884060824, 0.13005954739941325, 0.07622221062004797]}, "score": 0.86}, "RandomForestClassifier": {"params": {"classification__n_estimators": 50, "classification__min_samples_split": 2, "classification__min_samples_leaf": 2, "classification__max_features": null, "classification__max_depth": 20, "classification__bootstrap": false}, "times": {"mean_fit_time": [0.19916114807128907], "std_fit_time": [0.006580301769376742], "mean_score_time": [0.0017158031463623048], "std_score_time": [0.00033961046072856013]}, "score": 0.9333333333333332}, "KNeighborsClassifier": {"params": {"classification__weights": "distance", "classification__n_neighbors": 7, "classification__metric": "minkowski", "classification__leaf_size": 20}, "times": {"mean_fit_time": [0.02525467872619629], "std_fit_time": [0.0076620220241710255], "mean_score_time": [0.007481002807617187], "std_score_time": [0.0008912492975483194]}, "score": 0.2733333333333333}, "ComplementNB": {"params": {"classification__alpha": 0}, "times": {"mean_fit_time": [0.004104757308959961], "std_fit_time": [0.0001352452249153059], "mean_score_time": [0.001014566421508789], "std_score_time": [0.00011407760727539312]}, "score": 0.6866666666666668}, "LogisticRegression": {"params": {"classification__solver": "newton-cg", "classification__C": 0.01}, "times": {"mean_fit_time": [0.1722947120666504], "std_fit_time": [0.030433789450637863], "mean_score_time": [0.00196990966796875], "std_score_time": [0.00033386745821568583]}, "score": 0.8400000000000001}}