{"[NN]NeuralNetwork": {"params": {"classification__epochs": 15, "classification__batch_size": 25}, "times": {"mean_fit_time": [2.7994338989257814, 2.744254398345947, 2.617143726348877, 2.620930576324463, 3.0812745094299316, 2.59000244140625, 2.905545949935913, 2.7873913288116454, 2.6986220359802244, 2.759854316711426], "std_fit_time": [0.4300246892904735, 0.43310494131008503, 0.41631539943064766, 0.475916566652366, 0.09231547347354428, 0.40247423118359726, 0.2029716659707803, 0.2852798956095045, 0.22806118175122708, 0.213366111091458], "mean_score_time": [0.3407705783843994, 0.18520355224609375, 0.21416196823120118, 0.22762999534606934, 0.23430876731872557, 0.2218173027038574, 0.20901331901550294, 0.21453919410705566, 0.17184371948242189, 0.17978353500366212], "std_score_time": [0.173434408718748, 0.02363958559576451, 0.0334146514729817, 0.030657799781756163, 0.004590945723547103, 0.02973023158922676, 0.023284989810891454, 0.02424806237972678, 0.029467835087131945, 0.022972398114789887]}, "score": 0.8633333333333333}, "RandomForestClassifier": {"params": {"classification__n_estimators": 50, "classification__min_samples_split": 2, "classification__min_samples_leaf": 1, "classification__max_features": "sqrt", "classification__max_depth": 100, "classification__bootstrap": true}, "times": {"mean_fit_time": [0.05957064628601074], "std_fit_time": [0.004257795252383639], "mean_score_time": [0.001520395278930664], "std_score_time": [0.0001582508235320304]}, "score": 0.9800000000000001}, "KNeighborsClassifier": {"params": {"classification__weights": "uniform", "classification__n_neighbors": 1, "classification__metric": "manhattan", "classification__leaf_size": 13}, "times": {"mean_fit_time": [0.02679619789123535], "std_fit_time": [0.006185641139649105], "mean_score_time": [0.0077440738677978516], "std_score_time": [0.0009824579048878957]}, "score": 0.9199999999999999}, "ComplementNB": {"params": {"classification__alpha": 0}, "times": {"mean_fit_time": [0.004293918609619141], "std_fit_time": [0.0005969050136650317], "mean_score_time": [0.0010042667388916015], "std_score_time": [0.00014579582874350632]}, "score": 0.7433333333333334}, "LogisticRegression": {"params": {"classification__solver": "saga", "classification__C": 100}, "times": {"mean_fit_time": [0.6210321903228759], "std_fit_time": [0.029332708344339403], "mean_score_time": [0.033043956756591795], "std_score_time": [0.005011729484767461]}, "score": 0.8033333333333333}}