{"[NN]NeuralNetwork": {"params": {"classification__epochs": 20, "classification__batch_size": 25}, "times": {"mean_fit_time": [5.1964788913726805, 4.643340158462524, 5.45332407951355, 4.97143874168396, 4.985170173645019, 5.263183975219727, 5.253252649307251, 4.508968210220337, 5.6952431201934814, 5.181504440307617], "std_fit_time": [0.4777498652349493, 0.8536376926012152, 0.4461660583957523, 0.5501176706755859, 0.4705257139736911, 0.26292957480220014, 0.5155283607110002, 0.6430122790458898, 0.18427929549401156, 0.6001958719957726], "mean_score_time": [0.5476743698120117, 0.5732541084289551, 0.5564304828643799, 0.4879640579223633, 0.39995627403259276, 0.5663513660430908, 0.701280927658081, 0.8247515678405761, 0.5714821338653564, 0.5603106498718262], "std_score_time": [0.1518489814392972, 0.08615092016584848, 0.16702740597455787, 0.19264367918879177, 0.12440032337087935, 0.15614080583663947, 0.12480832156980044, 0.1304177918080572, 0.17856247591686414, 0.14520254708222466]}, "score": 0.9054126984126984}, "RandomForestClassifier": {"params": {"classification__n_estimators": 400, "classification__min_samples_split": 2, "classification__min_samples_leaf": 2, "classification__max_features": "log2", "classification__max_depth": 20, "classification__bootstrap": false}, "times": {"mean_fit_time": [1.7549843788146973, 1.1569355487823487, 1.033824634552002, 1.8279467582702638, 1.4167723178863525], "std_fit_time": [0.15641759970869934, 0.08166361151691509, 0.17631416429557395, 0.32984929245526917, 0.29299880744343204], "mean_score_time": [0.003914642333984375, 0.0018616676330566405, 0.001806640625, 0.0029978275299072264, 0.002858877182006836], "std_score_time": [0.001904892719575121, 0.00022232031241281117, 0.00032645737990927987, 0.0008586250404273706, 0.0004545436548222004]}, "score": 0.9800000000000001}, "KNeighborsClassifier": {"params": {"classification__weights": "uniform", "classification__n_neighbors": 17, "classification__metric": "manhattan", "classification__leaf_size": 16}, "times": {"mean_fit_time": [0.03580560684204102, 0.03151712417602539, 0.037565755844116214, 0.027829599380493165, 0.02304863929748535], "std_fit_time": [0.006143048187523333, 0.00421043345648543, 0.008030431944030617, 0.0047210164326659315, 0.0032010205434964624], "mean_score_time": [0.010399484634399414, 0.010685014724731445, 0.009061002731323242, 0.010477542877197266, 0.010049962997436523], "std_score_time": [0.00047604560957129386, 0.0017450220051067721, 0.0005727723126548906, 0.00110406895586684, 0.00030736494164900266]}, "score": 0.9473333333333332}, "ComplementNB": {"params": {"classification__alpha": 1.0}, "times": {"mean_fit_time": [0.006388998031616211, 0.007361745834350586, 0.00618128776550293, 0.006271839141845703, 0.009535503387451173], "std_fit_time": [0.0011220489770765332, 0.0022558140877555616, 0.002050816828431165, 0.0002524970045598227, 0.0011529999039350857], "mean_score_time": [0.0018719673156738282, 0.0019780635833740235, 0.0017592430114746094, 0.001428985595703125, 0.00211949348449707], "std_score_time": [0.0005128504030347629, 0.0005459758933390174, 0.0004904067077474262, 2.775691993525892e-05, 0.00021628233883337316]}, "score": 0.7833333333333334}, "LogisticRegression": {"params": {"classification__solver": "saga", "classification__C": 0.1}, "times": {"mean_fit_time": [1.060048246383667, 0.9018519401550293, 0.8983938217163085, 1.396582269668579, 1.3984909057617188], "std_fit_time": [0.1083440401693453, 0.11955274630954732, 0.11900387489077055, 0.14204510458833292, 0.10559173053190395], "mean_score_time": [0.0041925907135009766, 0.0029974937438964843, 0.0029372215270996095, 0.0032818794250488283, 0.004769086837768555], "std_score_time": [0.0016316891615351526, 0.00034644700779961707, 0.0008639668185496056, 0.0002548243560346455, 0.004059884257016753]}, "score": 0.8186666666666668}}