{"[NN]NeuralNetwork": {"params": {"classification__epochs": 20, "classification__batch_size": 25}, "times": {"mean_fit_time": [4.262518644332886, 3.7226136684417725, 3.8498770713806154, 4.802049589157105, 3.395616054534912, 3.360659122467041, 4.367566013336182, 3.5141022205352783, 3.27056884765625, 3.3013906955718992], "std_fit_time": [1.082353510110077, 1.1372163877291854, 1.0782208167070257, 0.7812963358636742, 0.9790159221535708, 0.9690835163917871, 0.6297171789866579, 0.9992197437335656, 0.9578094929770647, 0.38778581659605704], "mean_score_time": [0.2577251434326172, 0.37305564880371095, 0.450764799118042, 0.22751231193542482, 0.2677139759063721, 0.23782262802124024, 0.24945321083068847, 0.23004183769226075, 0.2584465503692627, 0.24504575729370118], "std_score_time": [0.04393844568242553, 0.12679122482050753, 0.1695485473228329, 0.03182850260649754, 0.056598118014531025, 0.011899598044536367, 0.02886511833216199, 0.028712318063114597, 0.07298864130704465, 0.04829425935519702]}, "score": 0.9461904761904762}, "RandomForestClassifier": {"params": {"classification__n_estimators": 400, "classification__min_samples_split": 5, "classification__min_samples_leaf": 2, "classification__max_features": "log2", "classification__max_depth": 40, "classification__bootstrap": true}, "times": {"mean_fit_time": [1.7686651706695558, 1.6158644676208496, 1.0607186317443849], "std_fit_time": [0.2770689945939279, 0.3459513959644467, 0.05494766263221023], "mean_score_time": [0.002521324157714844, 0.0016589641571044921, 0.0018994331359863282], "std_score_time": [0.0010106174677939246, 8.694892518790472e-05, 0.0003373967581080803]}, "score": 0.975}, "KNeighborsClassifier": {"params": {"classification__weights": "uniform", "classification__n_neighbors": 15, "classification__metric": "minkowski", "classification__leaf_size": 26}, "times": {"mean_fit_time": [0.038565635681152344, 0.044774866104125975, 0.031078338623046875], "std_fit_time": [0.009583603206750772, 0.00666592462832548, 0.007823891368680886], "mean_score_time": [0.008108377456665039, 0.010030412673950195, 0.01032242774963379], "std_score_time": [0.0007532250973632354, 0.0015123663488156316, 0.0019386173631316503]}, "score": 0.8266666666666665}, "ComplementNB": {"params": {"classification__alpha": 1.0}, "times": {"mean_fit_time": [0.004228067398071289, 0.005083608627319336, 0.008817958831787109], "std_fit_time": [0.0005420204096987636, 0.000858130402434983, 0.0014582059080644274], "mean_score_time": [0.0012675285339355468, 0.0013251304626464844, 0.0019052982330322265], "std_score_time": [0.00016714170182170534, 0.00020608149527565135, 0.00028095513237001805]}, "score": 0.9075}, "LogisticRegression": {"params": {"classification__solver": "lbfgs", "classification__C": 0.01}, "times": {"mean_fit_time": [0.4651557445526123, 0.3420383930206299, 0.3496286392211914], "std_fit_time": [0.029604214968527873, 0.04117712328274461, 0.04832365472697626], "mean_score_time": [0.03922338485717773, 0.003383970260620117, 0.0023410797119140627], "std_score_time": [0.007692789897504197, 0.0016271601247555198, 0.000342568801494372]}, "score": 0.9016666666666666}}