{"[NN]NeuralNetwork": {"params": {"classification__epochs": 20, "classification__batch_size": 30}, "times": {"mean_fit_time": [4.915429925918579, 4.4966878414154055, 4.214117479324341, 4.4546074867248535, 5.076296997070313, 4.80771164894104, 5.378923988342285, 5.108886432647705, 5.460490083694458, 6.458456754684448], "std_fit_time": [1.0396035437695383, 0.947904668540122, 0.6025489969458625, 1.1412239443080128, 1.0349840606933092, 0.5847859428544273, 0.7676859558084144, 0.8046657254831245, 1.2148356426740143, 1.3179881901824937], "mean_score_time": [0.47432193756103513, 0.459301233291626, 0.4316582202911377, 0.512899112701416, 0.5547789573669434, 0.5358285903930664, 0.46929268836975097, 0.4341251850128174, 0.43954315185546877, 0.6029364109039307], "std_score_time": [0.1373027276941991, 0.11093957228585377, 0.170470046579843, 0.04363410824637335, 0.12233673676198152, 0.14101420857142258, 0.17602176873846928, 0.17920317326328686, 0.07525014578842493, 0.15021266352182813]}, "score": 0.9356349206349206}, "RandomForestClassifier": {"params": {"classification__n_estimators": 300, "classification__min_samples_split": 10, "classification__min_samples_leaf": 4, "classification__max_features": "log2", "classification__max_depth": 20, "classification__bootstrap": false}, "times": {"mean_fit_time": [1.1778833389282226, 4.133568239212036, 1.5097727298736572, 0.9736594676971435, 1.4168126106262207], "std_fit_time": [0.2594082095322827, 0.4467043168406822, 0.36073169799877325, 0.04208176913992708, 0.08299187300526722], "mean_score_time": [0.0030626296997070313, 0.0030159950256347656, 0.0034655094146728515, 0.0019298076629638671, 0.0030987739562988283], "std_score_time": [0.001976061347702151, 0.0001024131439924496, 0.00205801067242335, 0.00031233981890363595, 0.0013547977812870529]}, "score": 0.9942857142857143}, "KNeighborsClassifier": {"params": {"classification__weights": "uniform", "classification__n_neighbors": 13, "classification__metric": "euclidean", "classification__leaf_size": 20}, "times": {"mean_fit_time": [0.03454060554504394, 0.037976741790771484, 0.04137425422668457, 0.030811834335327148, 0.033536100387573244], "std_fit_time": [0.012138984924692078, 0.0130511881932674, 0.015284659479723007, 0.012235711193406437, 0.009161380290249866], "mean_score_time": [0.00860137939453125, 0.013196277618408202, 0.008284664154052735, 0.009182500839233398, 0.009369993209838867], "std_score_time": [0.0014667694868217447, 0.004628768607456249, 0.0006941635047706269, 0.0008245830888598091, 0.000613911769249176]}, "score": 0.8749523809523809}, "ComplementNB": {"params": {"classification__alpha": 0.5}, "times": {"mean_fit_time": [0.006639003753662109, 0.004422426223754883, 0.0045093059539794925, 0.006825542449951172, 0.0067937374114990234], "std_fit_time": [0.003819426939383691, 0.000404984370148776, 0.00029789996840868805, 0.0014673581234509402, 0.0016317583745397094], "mean_score_time": [0.0012697219848632813, 0.0011925697326660156, 0.001266145706176758, 0.0015923500061035157, 0.00153656005859375], "std_score_time": [0.00031134434387357086, 7.323386721240918e-05, 8.366156521120999e-05, 0.000278495410440515, 0.0002735110007426756]}, "score": 0.7762857142857144}, "LogisticRegression": {"params": {"classification__solver": "newton-cg", "classification__C": 100}, "times": {"mean_fit_time": [0.741765832901001, 0.20549511909484863, 0.9006564617156982, 1.2393741130828857, 0.6532812118530273], "std_fit_time": [0.20683391598213952, 0.10406051845949438, 0.14863545038463566, 0.2307519079427817, 0.23240681094024984], "mean_score_time": [0.004819345474243164, 0.003507661819458008, 0.004014825820922852, 0.004002046585083008, 0.0019186973571777345], "std_score_time": [0.003908730437417745, 0.0022738576410026036, 0.0015692377231798537, 0.001918709397165624, 0.0002520050140624632]}, "score": 0.9862857142857143}}