{"[NN]NeuralNetwork": {"params": {"classification__epochs": 20, "classification__batch_size": 25}, "times": {"mean_fit_time": [5.4515166759490965, 5.6028999328613285, 4.600494003295898, 5.467475652694702, 4.603503274917602, 5.2699696063995365, 4.9849354267120365, 4.508731365203857, 5.147645282745361, 4.938050699234009], "std_fit_time": [0.4302177661821482, 0.8638293062854391, 0.7073575442624367, 0.7988522509449204, 0.5119595809633071, 0.4800639430250164, 0.5157612908022681, 0.6925620630891618, 0.4127583656458807, 0.34881706366602855], "mean_score_time": [0.47706103324890137, 0.6343938827514648, 0.6216696739196778, 0.5315691471099854, 0.699385118484497, 0.595214557647705, 0.6300296783447266, 0.5849429130554199, 0.611811351776123, 0.6188584804534912], "std_score_time": [0.13975187874565265, 0.08190110055461731, 0.17343987154534485, 0.15152740982643184, 0.10141236713345265, 0.05418760798657588, 0.07377171727305178, 0.11202277015906278, 0.12146680463774875, 0.22255459478203618]}, "score": 0.9461904761904762}, "RandomForestClassifier": {"params": {"classification__n_estimators": 400, "classification__min_samples_split": 5, "classification__min_samples_leaf": 2, "classification__max_features": "log2", "classification__max_depth": 40, "classification__bootstrap": true}, "times": {"mean_fit_time": [1.7237629413604736, 1.3743235111236571, 1.2351392269134522], "std_fit_time": [0.24207391998765165, 0.21465771904627756, 0.2155346488280086], "mean_score_time": [0.004828786849975586, 0.00377655029296875, 0.0017309188842773438], "std_score_time": [0.0018766239328674081, 0.0017643456194729543, 0.00015181030389683882]}, "score": 0.975}, "KNeighborsClassifier": {"params": {"classification__weights": "uniform", "classification__n_neighbors": 15, "classification__metric": "minkowski", "classification__leaf_size": 26}, "times": {"mean_fit_time": [0.04073042869567871, 0.02919912338256836, 0.03043513298034668], "std_fit_time": [0.010839796558691682, 0.0026367129956274796, 0.0016188919235997647], "mean_score_time": [0.007984066009521484, 0.008046388626098633, 0.008471918106079102], "std_score_time": [0.0001387760473789974, 0.00020242829737039398, 0.0010444818510697415]}, "score": 0.8266666666666665}, "ComplementNB": {"params": {"classification__alpha": 1.0}, "times": {"mean_fit_time": [0.004653739929199219, 0.0048943042755126955, 0.004540300369262696], "std_fit_time": [0.0018483618250918319, 0.0010095065904914549, 0.00018672218591195882], "mean_score_time": [0.0011870384216308594, 0.001286935806274414, 0.001232147216796875], "std_score_time": [0.00022364071433555953, 0.00028232699840954325, 4.4408364489016354e-05]}, "score": 0.9075}, "LogisticRegression": {"params": {"classification__solver": "lbfgs", "classification__C": 0.01}, "times": {"mean_fit_time": [0.4157928466796875, 0.2961787223815918, 0.40143465995788574], "std_fit_time": [0.04149302378572968, 0.029635291221063356, 0.030209564671918494], "mean_score_time": [0.026909303665161134, 0.001775646209716797, 0.0030724525451660155], "std_score_time": [0.0036109748543354425, 0.00022123279155422947, 0.0007408731329836721]}, "score": 0.9216666666666666}}