{"[NN]NeuralNetwork": {"params": {"classification__epochs": 20, "classification__batch_size": 30}, "times": {"mean_fit_time": [3.7734739780426025, 3.863530683517456, 2.7436407089233397, 3.973689842224121, 3.5505102634429933, 3.192914056777954, 3.5136619567871095, 3.5461660385131837, 2.8374831199646, 2.793803596496582], "std_fit_time": [0.3322225993122403, 0.42663367391819135, 0.24933428773773914, 0.17267458402505104, 0.4633422479167963, 0.64100099503441, 0.3290090839920745, 0.513340485322339, 0.3727595589675849, 0.29274776679402204], "mean_score_time": [0.4009551048278809, 0.22541446685791017, 0.42079620361328124, 0.2840746879577637, 0.279561710357666, 0.3414039134979248, 0.22151408195495606, 0.2054276466369629, 0.321107292175293, 0.2622211933135986], "std_score_time": [0.14756242176034964, 0.07117761527742487, 0.0763591327976361, 0.026087665235901374, 0.10948664070689003, 0.0859717426569822, 0.027745874621153896, 0.03568798399469104, 0.08670593942834555, 0.09643126618738243]}, "score": 0.9356349206349206}, "RandomForestClassifier": {"params": {"classification__n_estimators": 300, "classification__min_samples_split": 10, "classification__min_samples_leaf": 4, "classification__max_features": "log2", "classification__max_depth": 20, "classification__bootstrap": false}, "times": {"mean_fit_time": [1.02773118019104, 3.7538297176361084, 1.454966402053833, 0.9543466567993164, 1.3099916458129883], "std_fit_time": [0.19986402689076904, 0.20730247250431694, 0.1569925937665491, 0.04341623586799518, 0.014275555749862147], "mean_score_time": [0.0017951011657714843, 0.004687976837158203, 0.0021540164947509766, 0.0021572113037109375, 0.003964948654174805], "std_score_time": [0.00023580503398128289, 0.00032357178062091484, 0.0003607386589156057, 0.0007776482095661567, 0.0014815234846034038]}, "score": 0.9942857142857143}, "KNeighborsClassifier": {"params": {"classification__weights": "uniform", "classification__n_neighbors": 13, "classification__metric": "euclidean", "classification__leaf_size": 20}, "times": {"mean_fit_time": [0.030323553085327148, 0.030939245223999025, 0.031751251220703124, 0.029657936096191405, 0.030234241485595705], "std_fit_time": [0.008300149769278465, 0.0072909225059408465, 0.010917468992684552, 0.007679427999545394, 0.00937515547040305], "mean_score_time": [0.011704730987548827, 0.012366056442260742, 0.011312580108642578, 0.011037445068359375, 0.009779071807861328], "std_score_time": [0.0031619607881754096, 0.0015309327147588186, 0.00245040182807518, 0.0017341626435185855, 0.0005864468517585716]}, "score": 0.8749523809523809}, "ComplementNB": {"params": {"classification__alpha": 0.5}, "times": {"mean_fit_time": [0.00544443130493164, 0.005190467834472657, 0.005813884735107422, 0.008285188674926757, 0.010425186157226563], "std_fit_time": [0.0009112412563821907, 0.000969816630141847, 0.0014422746792777522, 0.0010839202609418002, 0.0038770060700453403], "mean_score_time": [0.0013857364654541015, 0.001422739028930664, 0.001611328125, 0.0018375873565673827, 0.002147960662841797], "std_score_time": [0.0002396238095681659, 0.0002252203209928613, 0.0004499358107390484, 0.00023471199816349917, 0.00023616649321950612]}, "score": 0.7762857142857144}, "LogisticRegression": {"params": {"classification__solver": "newton-cg", "classification__C": 100}, "times": {"mean_fit_time": [0.7385172367095947, 0.20610318183898926, 0.9050690174102783, 1.151393747329712, 0.7053903579711914], "std_fit_time": [0.15188746966459257, 0.07105166438675489, 0.08672119266005175, 0.2575060855086505, 0.17686414437751016], "mean_score_time": [0.003699779510498047, 0.003175497055053711, 0.003338146209716797, 0.0027881622314453124, 0.0023197650909423826], "std_score_time": [0.003055040475249356, 0.0006339524284474111, 0.00111916679151999, 0.0007608973711298693, 0.0006427731181376091]}, "score": 0.9862857142857143}}