{"[NN]NeuralNetwork": {"params": {"classification__epochs": 20, "classification__batch_size": 20}, "times": {"mean_fit_time": [5.213006210327149, 5.664425086975098, 4.6888514995574955, 4.887673044204712, 4.226542520523071, 4.426220893859863, 4.821249675750733, 5.79770565032959, 5.847106170654297, 5.493204116821289], "std_fit_time": [0.6723687705149013, 0.5811135163029157, 0.8427549657069393, 0.6236181704086574, 0.7255447293744192, 0.3044079395103889, 1.21092893967152, 1.0295326033823413, 1.0540860187920735, 0.5727665973987083], "mean_score_time": [0.7119178295135498, 0.5701767921447753, 0.6339833259582519, 0.506630802154541, 0.560422420501709, 0.3835104465484619, 0.5831666469573975, 0.5895740985870361, 0.43311190605163574, 0.4735602855682373], "std_score_time": [0.19255070323283585, 0.3203670412719585, 0.20571433728280483, 0.11841099002341061, 0.11850426874063692, 0.07321627702598112, 0.16488273798057856, 0.2828387888137342, 0.14228582017385244, 0.20099072690012934]}, "score": 0.8275}, "RandomForestClassifier": {"params": {"classification__n_estimators": 200, "classification__min_samples_split": 10, "classification__min_samples_leaf": 1, "classification__max_features": "sqrt", "classification__max_depth": 20, "classification__bootstrap": true}, "times": {"mean_fit_time": [0.517681884765625], "std_fit_time": [0.061923204372194854], "mean_score_time": [0.0016524314880371094], "std_score_time": [0.00016692232146955962]}, "score": 0.9533333333333334}, "KNeighborsClassifier": {"params": {"classification__weights": "distance", "classification__n_neighbors": 17, "classification__metric": "manhattan", "classification__leaf_size": 10}, "times": {"mean_fit_time": [0.031154155731201172], "std_fit_time": [9.998810183836332e-06], "mean_score_time": [0.008058786392211914], "std_score_time": [0.00037159797668746033]}, "score": 0.36}, "ComplementNB": {"params": {"classification__alpha": 0}, "times": {"mean_fit_time": [0.004573249816894531], "std_fit_time": [0.00035343421707658085], "mean_score_time": [0.0012590408325195313], "std_score_time": [0.00033262816290438574]}, "score": 0.7083333333333334}, "LogisticRegression": {"params": {"classification__solver": "saga", "classification__C": 100}, "times": {"mean_fit_time": [0.6220417022705078], "std_fit_time": [0.026260076661959415], "mean_score_time": [0.035771751403808595], "std_score_time": [0.0036111173505139335]}, "score": 0.7933333333333332}}