{"[NN]NeuralNetwork": {"params": {"classification__epochs": 20, "classification__batch_size": 25}, "times": {"mean_fit_time": [5.067108106613159, 4.784086561203003, 4.551902389526367, 5.300542593002319, 4.588595008850097, 5.429940176010132, 4.733900690078736, 4.841598749160767, 4.915395784378052, 4.5693402767181395], "std_fit_time": [0.5896559785792561, 0.3467088635152584, 0.5082879837930198, 0.5639346264342654, 0.3313784221092679, 0.8116330995170897, 0.8943703278582648, 0.4708244371289908, 0.7039059353976136, 0.7093913394182658], "mean_score_time": [0.4403047561645508, 0.6170711040496826, 0.518965768814087, 0.6294006824493408, 0.5786643505096436, 0.4751450538635254, 0.6907222747802735, 0.647390604019165, 0.6765039920806885, 0.6848426342010498], "std_score_time": [0.07003193020934576, 0.11983486473982936, 0.1135227927984759, 0.05780939259486254, 0.0763494314995403, 0.09751498423954182, 0.12180009989302666, 0.13882408246213182, 0.08860812413183795, 0.11270888289079131]}, "score": 0.9461904761904762}, "RandomForestClassifier": {"params": {"classification__n_estimators": 400, "classification__min_samples_split": 5, "classification__min_samples_leaf": 2, "classification__max_features": "log2", "classification__max_depth": 40, "classification__bootstrap": true}, "times": {"mean_fit_time": [1.5778091907501222, 1.1660167694091796, 1.1339754104614257], "std_fit_time": [0.13927030742937996, 0.06638230512033041, 0.0683985751183853], "mean_score_time": [0.0033638477325439453, 0.009138536453247071, 0.002677297592163086], "std_score_time": [0.0016361766571128874, 0.012763975482641021, 0.0015193845604113297]}, "score": 0.975}, "KNeighborsClassifier": {"params": {"classification__weights": "uniform", "classification__n_neighbors": 15, "classification__metric": "minkowski", "classification__leaf_size": 26}, "times": {"mean_fit_time": [0.028139591217041016, 0.032620906829833984, 0.041537809371948245], "std_fit_time": [0.007275192949723128, 0.013185771632657637, 0.01226773757491649], "mean_score_time": [0.00961923599243164, 0.008577346801757812, 0.00886678695678711], "std_score_time": [0.0017971278361390262, 0.0010156738589621865, 0.00160637549847664]}, "score": 0.8266666666666665}, "ComplementNB": {"params": {"classification__alpha": 1.0}, "times": {"mean_fit_time": [0.003824281692504883, 0.004382991790771484, 0.004325056076049804], "std_fit_time": [0.0007750818728285522, 0.0004663126490326746, 0.00021652012369341827], "mean_score_time": [0.0011684894561767578, 0.0011443614959716797, 0.0011533737182617188], "std_score_time": [0.00016211867321501357, 6.782535492903504e-05, 7.498552001504283e-05]}, "score": 0.9075}, "LogisticRegression": {"params": {"classification__solver": "lbfgs", "classification__C": 0.01}, "times": {"mean_fit_time": [0.3945001602172852, 0.2847775936126709, 0.3538195610046387], "std_fit_time": [0.023860171623182352, 0.011663307611087413, 0.03566271311371627], "mean_score_time": [0.036312103271484375, 0.001678323745727539, 0.002216339111328125], "std_score_time": [0.005069735323332613, 0.00020868834748568026, 0.0010459536703330229]}, "score": 0.9091666666666667}}