{"[NN]NeuralNetwork": {"params": {"classification__epochs": 20, "classification__batch_size": 25}, "times": {"mean_fit_time": [4.121170330047607, 3.066797637939453, 3.3376239776611327, 3.037850856781006, 2.915893077850342, 3.320792818069458, 3.0422722339630126, 3.0407024383544923, 3.129477691650391, 3.127235221862793], "std_fit_time": [0.29133953227141274, 0.5217553057400246, 0.7920046220660933, 0.5742654938926713, 0.3421184765931591, 0.4910017635928448, 0.47408143638062544, 1.0072606006565679, 0.6363263742031972, 0.1743574840568654], "mean_score_time": [0.408692455291748, 0.44640698432922366, 0.2914243221282959, 0.323459529876709, 0.39147343635559084, 0.2695791244506836, 0.2784004211425781, 0.23199377059936524, 0.2308321475982666, 0.36006755828857423], "std_score_time": [0.0919127212254587, 0.06842764160963696, 0.06745634724363381, 0.016158776401827547, 0.19005132692910204, 0.03531687500786667, 0.05313288479312737, 0.030428652011796915, 0.02413997282947974, 0.04558630365272416]}, "score": 0.9375}, "RandomForestClassifier": {"params": {"classification__n_estimators": 100, "classification__min_samples_split": 5, "classification__min_samples_leaf": 4, "classification__max_features": "log2", "classification__max_depth": 50, "classification__bootstrap": false}, "times": {"mean_fit_time": [0.08105888366699218], "std_fit_time": [0.004203098160922733], "mean_score_time": [0.00132904052734375], "std_score_time": [0.00010389904183423114]}, "score": 1.0}, "KNeighborsClassifier": {"params": {"classification__weights": "uniform", "classification__n_neighbors": 19, "classification__metric": "minkowski", "classification__leaf_size": 23}, "times": {"mean_fit_time": [0.02840733528137207], "std_fit_time": [0.0008670755409066108], "mean_score_time": [0.006253767013549805], "std_score_time": [0.000683254278458695]}, "score": 0.5888888888888888}, "ComplementNB": {"params": {"classification__alpha": 0}, "times": {"mean_fit_time": [0.00453495979309082], "std_fit_time": [0.0007167973911250817], "mean_score_time": [0.0011719703674316407], "std_score_time": [0.00024655227581925793]}, "score": 0.8527777777777779}, "LogisticRegression": {"params": {"classification__solver": "saga", "classification__C": 100}, "times": {"mean_fit_time": [0.4235123634338379], "std_fit_time": [0.06324612537652195], "mean_score_time": [0.041241931915283206], "std_score_time": [0.008268461818528052]}, "score": 0.7972222222222222}}