{"[NN]NeuralNetwork": {"params": {"classification__epochs": 5, "classification__batch_size": 20}, "times": {"mean_fit_time": [4.0730279922485355, 3.986498498916626, 3.0762441635131834, 3.6946475505828857, 3.9959261894226072, 4.610524034500122, 3.9268203735351563, 4.158180284500122, 3.497162437438965, 4.41845326423645], "std_fit_time": [0.5624770998899108, 1.1140405193678142, 1.0611797251316508, 0.9604505356652824, 1.1803123454058249, 0.7595017466576586, 0.9183160879585247, 0.97070792292203, 0.9637449358004629, 0.6451917031963998], "mean_score_time": [0.3262371063232422, 0.28139734268188477, 0.25650601387023925, 0.31214613914489747, 0.27391748428344725, 0.3274823188781738, 0.21236205101013184, 0.2378553867340088, 0.2519357681274414, 0.1901726245880127], "std_score_time": [0.02624581219903762, 0.022363460049798747, 0.04266199714508539, 0.05906858352195956, 0.07366858976427601, 0.10335843035437484, 0.028198891165918914, 0.005712297976591408, 0.027550507141362555, 0.03438687089257716]}, "score": 0.9548015873015874}, "RandomForestClassifier": {"params": {"classification__n_estimators": 300, "classification__min_samples_split": 10, "classification__min_samples_leaf": 4, "classification__max_features": null, "classification__max_depth": 60, "classification__bootstrap": true}, "times": {"mean_fit_time": [0.4703044414520264, 1.4143199920654297, 1.1444100856781005], "std_fit_time": [0.05322215070037177, 0.06752110022551995, 0.020783529842578058], "mean_score_time": [0.0018798351287841798, 0.001896810531616211, 0.0017323493957519531], "std_score_time": [0.00033276700742253983, 0.00028123718150137084, 0.00040821123720245143]}, "score": 0.9916666666666666}, "KNeighborsClassifier": {"params": {"classification__weights": "uniform", "classification__n_neighbors": 5, "classification__metric": "minkowski", "classification__leaf_size": 26}, "times": {"mean_fit_time": [0.03818602561950683, 0.03055572509765625, 0.02896742820739746], "std_fit_time": [0.004358812939540365, 0.00543092239978669, 0.006803241897935666], "mean_score_time": [0.009152936935424804, 0.010419225692749024, 0.009982490539550781], "std_score_time": [0.0009765786862522055, 0.0013599957311413234, 0.0005292439355443841]}, "score": 0.9008333333333333}, "ComplementNB": {"params": {"classification__alpha": 1.0}, "times": {"mean_fit_time": [0.00464925765991211, 0.006089305877685547, 0.007069921493530274], "std_fit_time": [0.0008650931011227424, 0.0012453260802395482, 0.0012120976359697197], "mean_score_time": [0.0012693405151367188, 0.0014994621276855468, 0.0017677783966064454], "std_score_time": [0.0001943152667116819, 0.00018104586981007657, 0.00027967276159946363]}, "score": 0.8758333333333332}, "LogisticRegression": {"params": {"classification__solver": "newton-cg", "classification__C": 10}, "times": {"mean_fit_time": [0.4694375514984131, 0.1175877571105957, 0.14712305068969728], "std_fit_time": [0.05944103975137936, 0.008715453192540069, 0.0306975416428938], "mean_score_time": [0.03439335823059082, 0.0017629623413085937, 0.001865720748901367], "std_score_time": [0.008606604723101267, 0.0001961780508741053, 0.000148087735026385]}, "score": 0.9258333333333333}}