{"[NN]NeuralNetwork": {"params": {"classification__epochs": 20, "classification__batch_size": 25}, "times": {"mean_fit_time": [2.299390506744385, 2.3690105438232423, 2.4737157344818117, 2.110338640213013, 2.825398254394531, 2.374825382232666, 1.9891108989715576, 2.297092056274414, 2.0089426040649414, 1.6731110095977784], "std_fit_time": [0.10235340827389544, 0.2216925095938556, 0.38778805775473507, 0.24117951258969822, 0.7536982974644466, 0.0951970535828637, 0.1712487084453648, 0.38562271187431896, 0.3834885622241032, 0.12983329546869765], "mean_score_time": [0.270565128326416, 0.27068314552307127, 0.24947810173034668, 0.22334766387939453, 0.32363390922546387, 0.22336220741271973, 0.16700248718261718, 0.1973409652709961, 0.22042226791381836, 0.1432023525238037], "std_score_time": [0.04439979038409793, 0.02896207098589616, 0.03713118067086239, 0.01715726520340234, 0.13357716984445228, 0.05256106710513728, 0.03237835633803516, 0.043670575871243476, 0.02261034673294886, 0.0043538397661410985]}, "score": 0.9375}, "RandomForestClassifier": {"params": {"classification__n_estimators": 100, "classification__min_samples_split": 5, "classification__min_samples_leaf": 4, "classification__max_features": "log2", "classification__max_depth": 50, "classification__bootstrap": false}, "times": {"mean_fit_time": [0.08535890579223633], "std_fit_time": [0.004412314064294158], "mean_score_time": [0.0013803958892822266], "std_score_time": [4.687709442006974e-05]}, "score": 1.0}, "KNeighborsClassifier": {"params": {"classification__weights": "uniform", "classification__n_neighbors": 19, "classification__metric": "minkowski", "classification__leaf_size": 23}, "times": {"mean_fit_time": [0.0341494083404541], "std_fit_time": [0.004613458748863375], "mean_score_time": [0.005623865127563477], "std_score_time": [0.00033858800774804794]}, "score": 0.5888888888888888}, "ComplementNB": {"params": {"classification__alpha": 0}, "times": {"mean_fit_time": [0.004361438751220703], "std_fit_time": [0.0006574644051934802], "mean_score_time": [0.0011403560638427734], "std_score_time": [0.00012599721517378507]}, "score": 0.8527777777777779}, "LogisticRegression": {"params": {"classification__solver": "saga", "classification__C": 100}, "times": {"mean_fit_time": [0.38886423110961915], "std_fit_time": [0.05267466772970371], "mean_score_time": [0.030950307846069336], "std_score_time": [0.010518685601836875]}, "score": 0.7972222222222222}}