{"[NN]NeuralNetwork": {"params": {"classification__epochs": 10, "classification__batch_size": 25}, "times": {"mean_fit_time": [2.569387674331665, 2.308641052246094, 2.532205581665039, 2.428672456741333, 2.666310119628906, 2.5235649585723876, 2.36343035697937, 2.203489351272583, 2.1835359573364257, 2.22396297454834], "std_fit_time": [0.5331371480498384, 0.28512396076326524, 0.1843763584191434, 0.2615571421533965, 0.5145094777190015, 0.46933827625544167, 0.30561137109475417, 0.36490733515715157, 0.3049662188614583, 0.23202529799076974], "mean_score_time": [0.238417911529541, 0.254953670501709, 0.1837463855743408, 0.20323619842529297, 0.2664663314819336, 0.22694215774536133, 0.20545129776000975, 0.22910470962524415, 0.192289400100708, 0.20493669509887696], "std_score_time": [0.062172703098718765, 0.05690618358206513, 0.02261178073589225, 0.03979034217113579, 0.14572712734697243, 0.05640490103646361, 0.021596604441587893, 0.022401859604632535, 0.04030667914549804, 0.011779753751238839]}, "score": 0.928888888888889}, "RandomForestClassifier": {"params": {"classification__n_estimators": 10, "classification__min_samples_split": 5, "classification__min_samples_leaf": 2, "classification__max_features": null, "classification__max_depth": 80, "classification__bootstrap": true}, "times": {"mean_fit_time": [0.04659800529479981], "std_fit_time": [0.0013578500300649484], "mean_score_time": [0.0012763500213623046], "std_score_time": [0.00026032280833184656]}, "score": 1.0}, "KNeighborsClassifier": {"params": {"classification__weights": "distance", "classification__n_neighbors": 9, "classification__metric": "euclidean", "classification__leaf_size": 23}, "times": {"mean_fit_time": [0.039795637130737305], "std_fit_time": [0.008590416029938944], "mean_score_time": [0.005964756011962891], "std_score_time": [0.0008271184413408472]}, "score": 0.4}, "ComplementNB": {"params": {"classification__alpha": 0.5}, "times": {"mean_fit_time": [0.0034392833709716796], "std_fit_time": [0.00030459992646028963], "mean_score_time": [0.0008786678314208985], "std_score_time": [8.356652483905296e-05]}, "score": 0.85}, "LogisticRegression": {"params": {"classification__solver": "sag", "classification__C": 0.1}, "times": {"mean_fit_time": [0.29706454277038574], "std_fit_time": [0.03341765998073393], "mean_score_time": [0.04262537956237793], "std_score_time": [0.013528002206509708]}, "score": 0.9083333333333332}}