{"[NN]NeuralNetwork": {"params": {"classification__epochs": 20, "classification__batch_size": 25}, "times": {"mean_fit_time": [4.919417953491211, 3.7728716373443603, 5.116953563690186, 4.069987630844116, 4.326485824584961, 4.904757690429688, 4.174134826660156, 4.4195863723754885, 5.244434785842896, 4.353700637817383], "std_fit_time": [0.4550963876729477, 0.7201078736871731, 0.9452648196019239, 0.6613874558502613, 0.542498964138851, 1.1125078121703336, 1.2238026850676595, 0.9363771644159624, 0.5593295632519995, 0.716072546750938], "mean_score_time": [0.4932090282440186, 0.5917969226837159, 0.42121114730834963, 0.5769775867462158, 0.6913566589355469, 0.6244018077850342, 0.6033504486083985, 0.5716437339782715, 0.7055994033813476, 0.7596808910369873], "std_score_time": [0.1560897987148983, 0.21900844953878523, 0.07756595737166348, 0.12197454393380905, 0.18640014602138597, 0.18072354138876814, 0.11146538577481163, 0.1553749322425421, 0.20212664487166876, 0.14837728928793797]}, "score": 0.9375}, "RandomForestClassifier": {"params": {"classification__n_estimators": 100, "classification__min_samples_split": 5, "classification__min_samples_leaf": 4, "classification__max_features": "log2", "classification__max_depth": 50, "classification__bootstrap": false}, "times": {"mean_fit_time": [0.08178529739379883], "std_fit_time": [0.012767796125879954], "mean_score_time": [0.0012425899505615235], "std_score_time": [0.000150543872201374]}, "score": 1.0}, "KNeighborsClassifier": {"params": {"classification__weights": "uniform", "classification__n_neighbors": 19, "classification__metric": "minkowski", "classification__leaf_size": 23}, "times": {"mean_fit_time": [0.03243842124938965], "std_fit_time": [0.009135096000978919], "mean_score_time": [0.006882762908935547], "std_score_time": [0.0010503287288740704]}, "score": 0.5888888888888888}, "ComplementNB": {"params": {"classification__alpha": 0}, "times": {"mean_fit_time": [0.003703784942626953], "std_fit_time": [0.00017418512209805355], "mean_score_time": [0.000922536849975586], "std_score_time": [0.00010659231529080285]}, "score": 0.8527777777777779}, "LogisticRegression": {"params": {"classification__solver": "saga", "classification__C": 100}, "times": {"mean_fit_time": [0.35990304946899415], "std_fit_time": [0.016442164289076112], "mean_score_time": [0.03169050216674805], "std_score_time": [0.005042115130705527]}, "score": 0.7972222222222222}}