{"[NN]NeuralNetwork": {"params": {"classification__epochs": 15, "classification__batch_size": 20}, "times": {"mean_fit_time": [4.699723958969116, 5.027940654754639, 4.478080129623413, 4.756560945510865, 5.025189065933228, 4.4227172374725345, 4.826281976699829, 4.620019197463989, 4.090842962265015, 4.220072889328003], "std_fit_time": [0.8154074881459342, 0.6734195768495419, 0.37848722830532905, 0.5864746593021962, 0.9681727808368437, 0.9567028579550586, 0.5911119119874542, 0.3755012677669297, 0.5058036942593527, 0.5899828314743333], "mean_score_time": [0.5472976207733155, 0.6225788593292236, 0.5737171173095703, 0.5099245071411133, 0.49785189628601073, 0.5828056812286377, 0.5299581527709961, 0.5183402061462402, 0.5606420516967774, 0.5894345283508301], "std_score_time": [0.078695102023456, 0.143500069155345, 0.12230950944282896, 0.10230402162036073, 0.12927875966831986, 0.20725695536121125, 0.0635337890034784, 0.10124189949064716, 0.12604849625914824, 0.10698038892270795]}, "score": 0.9779545454545454}, "RandomForestClassifier": {"params": {"classification__n_estimators": 1000, "classification__min_samples_split": 2, "classification__min_samples_leaf": 2, "classification__max_features": "sqrt", "classification__max_depth": null, "classification__bootstrap": true}, "times": {"mean_fit_time": [4.6930739402771, 5.277033472061158, 3.357786750793457, 4.3384757995605465, 2.59881649017334], "std_fit_time": [0.5795571789349991, 0.3743227267974858, 0.4869313603337909, 0.04469559156756739, 0.06925310325879856], "mean_score_time": [0.0062601566314697266, 0.004984903335571289, 0.005135679244995117, 0.0029692649841308594, 0.00501546859741211], "std_score_time": [0.0017090655977029837, 0.001168395611517158, 0.0022291230504575574, 0.0002575932851279815, 0.0020901990292419696]}, "score": 0.99}, "KNeighborsClassifier": {"params": {"classification__weights": "uniform", "classification__n_neighbors": 11, "classification__metric": "manhattan", "classification__leaf_size": 30}, "times": {"mean_fit_time": [0.030012750625610353, 0.03622736930847168, 0.03545236587524414, 0.028583860397338866, 0.026191568374633788], "std_fit_time": [0.008159303767850287, 0.004372271888151494, 0.003380324608719934, 0.005504772613157752, 0.007338392971314074], "mean_score_time": [0.0077763557434082035, 0.008674860000610352, 0.008396720886230469, 0.009329938888549804, 0.009933137893676757], "std_score_time": [0.0009018895741281207, 0.0004958572955045879, 0.00100972673349211, 0.0012506318651198313, 0.0018727406419746786]}, "score": 1.0}, "ComplementNB": {"params": {"classification__alpha": 1.0}, "times": {"mean_fit_time": [0.0055026054382324215, 0.004290962219238281, 0.004589653015136719, 0.006296873092651367, 0.004712581634521484], "std_fit_time": [0.001413483817218573, 0.000677506279782216, 0.0009658117710872545, 0.0008484747190371962, 0.00010376736932129727], "mean_score_time": [0.001396942138671875, 0.0011713504791259766, 0.001227998733520508, 0.0014594078063964843, 0.0012526512145996094], "std_score_time": [0.0002460345922572116, 0.0002001793967002952, 0.00011636132026361762, 0.00017602819419105018, 3.911198474910882e-05]}, "score": 0.9800000000000001}, "LogisticRegression": {"params": {"classification__solver": "saga", "classification__C": 100}, "times": {"mean_fit_time": [0.4026480674743652, 0.5056513786315918, 0.4009253025054932, 1.1026232242584229, 0.8557034492492676], "std_fit_time": [0.07922352418169762, 0.10203187606967237, 0.06866599062770962, 0.05813520349582654, 0.03821183634718044], "mean_score_time": [0.006115531921386719, 0.0034709453582763674, 0.0026653289794921877, 0.002847099304199219, 0.002153444290161133], "std_score_time": [0.00882708359957665, 0.0006843036113524003, 0.000834527699977987, 0.0007813363171927137, 0.00018489839023773413]}, "score": 0.9675}}