{"[NN]NeuralNetwork": {"params": {"classification__epochs": 20, "classification__batch_size": 25}, "times": {"mean_fit_time": [3.4400320053100586, 3.1486367702484133, 2.9855921268463135, 3.909837532043457, 3.432596492767334, 3.310707712173462, 3.630181837081909, 3.292069101333618, 3.5698919773101805, 3.3429986476898192], "std_fit_time": [0.607627718857197, 0.46140131178703486, 0.663319329073506, 0.4463929668297761, 0.5442809955333213, 0.5123048719678822, 0.3054487272262751, 0.6701500453358794, 0.4235426491341745, 0.3908111298882466], "mean_score_time": [0.2347414016723633, 0.31194243431091306, 0.26737198829650877, 0.24134416580200196, 0.33132548332214357, 0.27529087066650393, 0.1751739501953125, 0.1949336051940918, 0.1998288631439209, 0.20624499320983886], "std_score_time": [0.014401023541468216, 0.11949830362542889, 0.10181065879787901, 0.06850274398716831, 0.11378112003543221, 0.11730660392824262, 0.026228084910199373, 0.0239037255903903, 0.03617365091385728, 0.027931277399447563]}, "score": 0.9461904761904762}, "RandomForestClassifier": {"params": {"classification__n_estimators": 400, "classification__min_samples_split": 5, "classification__min_samples_leaf": 2, "classification__max_features": "log2", "classification__max_depth": 40, "classification__bootstrap": true}, "times": {"mean_fit_time": [1.692135715484619, 1.2611022472381592, 1.0927807331085204], "std_fit_time": [0.15924211481896378, 0.2450618802294682, 0.05573877091526668], "mean_score_time": [0.004144096374511718, 0.0018343925476074219, 0.001803445816040039], "std_score_time": [0.0008554463349322964, 0.0003381185345356209, 0.00029679236484456996]}, "score": 0.975}, "KNeighborsClassifier": {"params": {"classification__weights": "uniform", "classification__n_neighbors": 15, "classification__metric": "minkowski", "classification__leaf_size": 26}, "times": {"mean_fit_time": [0.03651885986328125, 0.03634886741638184, 0.04028606414794922], "std_fit_time": [0.011855618261634802, 0.01401048036966179, 0.005428054290069077], "mean_score_time": [0.012039756774902344, 0.010588693618774413, 0.009401035308837891], "std_score_time": [0.004381703613042822, 0.0017496147540910975, 0.0009596753425792562]}, "score": 0.8266666666666665}, "ComplementNB": {"params": {"classification__alpha": 1.0}, "times": {"mean_fit_time": [0.005541753768920898, 0.005275154113769531, 0.006151914596557617], "std_fit_time": [0.0014107929298983596, 0.0007852528579916191, 0.0008850119751047639], "mean_score_time": [0.0017715930938720704, 0.0014818191528320312, 0.0015605926513671876], "std_score_time": [0.0004238434507131189, 0.00023181532484242628, 0.0002052087754362532]}, "score": 0.9075}, "LogisticRegression": {"params": {"classification__solver": "lbfgs", "classification__C": 0.01}, "times": {"mean_fit_time": [0.4923285484313965, 0.31863131523132326, 0.30829310417175293], "std_fit_time": [0.13366115698013206, 0.01039316099461566, 0.01734933909018631], "mean_score_time": [0.025565481185913085, 0.001978015899658203, 0.003249502182006836], "std_score_time": [0.009184367148328276, 0.0003342301819385708, 0.0011728104215241665]}, "score": 0.9216666666666666}}