{"[NN]NeuralNetwork": {"params": {"classification__epochs": 10, "classification__batch_size": 25}, "times": {"mean_fit_time": [3.3179043769836425, 3.1552084922790526, 4.701804971694946, 4.531308698654175, 4.147227001190186, 3.7042879104614257, 3.8658658504486083, 3.4702309131622315, 4.7553972721099855, 3.5258027076721192], "std_fit_time": [0.5891770124693406, 0.6489647417205189, 0.9154216808116785, 0.7017117251097006, 0.6723597597295131, 0.8485470861528331, 0.6053886613286263, 0.5625942467335227, 1.317758959212181, 1.2149893276128727], "mean_score_time": [0.4087495803833008, 0.41985149383544923, 0.4177205562591553, 0.36264619827270506, 0.30891966819763184, 0.37993288040161133, 0.2894448280334473, 0.33630847930908203, 0.2709951877593994, 0.37422866821289064], "std_score_time": [0.13253867301075303, 0.09757686731727414, 0.07164612219379286, 0.1027287494586589, 0.04535577055502753, 0.1097364748178033, 0.02378802763580083, 0.0776151035955784, 0.06401572972467781, 0.17085548776624537]}, "score": 0.928888888888889}, "RandomForestClassifier": {"params": {"classification__n_estimators": 10, "classification__min_samples_split": 5, "classification__min_samples_leaf": 2, "classification__max_features": null, "classification__max_depth": 80, "classification__bootstrap": true}, "times": {"mean_fit_time": [0.04590892791748047], "std_fit_time": [0.011572627902435488], "mean_score_time": [0.0012695789337158203], "std_score_time": [0.00011878730472049077]}, "score": 1.0}, "KNeighborsClassifier": {"params": {"classification__weights": "distance", "classification__n_neighbors": 9, "classification__metric": "euclidean", "classification__leaf_size": 23}, "times": {"mean_fit_time": [0.030255937576293947], "std_fit_time": [0.00040950686863776086], "mean_score_time": [0.008131170272827148], "std_score_time": [0.00040327270654188764]}, "score": 0.4}, "ComplementNB": {"params": {"classification__alpha": 0.5}, "times": {"mean_fit_time": [0.003680515289306641], "std_fit_time": [0.00042347463180856696], "mean_score_time": [0.0010822772979736327], "std_score_time": [6.637645178437933e-05]}, "score": 0.85}, "LogisticRegression": {"params": {"classification__solver": "sag", "classification__C": 0.1}, "times": {"mean_fit_time": [0.2795868396759033], "std_fit_time": [0.019808605739997282], "mean_score_time": [0.031038999557495117], "std_score_time": [0.008666051416690792]}, "score": 0.9083333333333332}}