{"[NN]NeuralNetwork": {"params": {"classification__epochs": 20, "classification__batch_size": 25}, "times": {"mean_fit_time": [4.076735401153565, 3.9263824462890624, 3.4224687099456785, 3.8196773529052734, 3.790670299530029, 3.8743420600891114, 3.8666762828826906, 3.811977481842041, 3.909777355194092, 3.0265217304229735], "std_fit_time": [0.5681827006363863, 0.38705104507154303, 0.25062456077963025, 0.5160331542649871, 0.9358625753995581, 0.44758251606804306, 0.6285567222620395, 0.4554734567577714, 0.34806859050407796, 0.3225503921235983], "mean_score_time": [0.3200490474700928, 0.4542218208312988, 0.418730640411377, 0.3709417819976807, 0.4654067516326904, 0.2881632328033447, 0.40723600387573244, 0.38013300895690916, 0.3172748565673828, 0.29990100860595703], "std_score_time": [0.04890047871708167, 0.08461338481115524, 0.1345620085638623, 0.07299878866196823, 0.09201608432640618, 0.03233733178187019, 0.12781836038741218, 0.06066449712219572, 0.09397160058707811, 0.02267403634333486]}, "score": 0.9461904761904762}, "RandomForestClassifier": {"params": {"classification__n_estimators": 400, "classification__min_samples_split": 5, "classification__min_samples_leaf": 2, "classification__max_features": "log2", "classification__max_depth": 40, "classification__bootstrap": true}, "times": {"mean_fit_time": [1.9805874347686767, 1.8085205554962158, 1.2164511680603027], "std_fit_time": [0.04329093323705096, 0.1826895579320445, 0.039547367272207805], "mean_score_time": [0.0032226085662841798, 0.0034157276153564454, 0.003341341018676758], "std_score_time": [0.00031190241097719945, 0.0005816636776295268, 0.0007278682609308475]}, "score": 0.975}, "KNeighborsClassifier": {"params": {"classification__weights": "uniform", "classification__n_neighbors": 15, "classification__metric": "minkowski", "classification__leaf_size": 26}, "times": {"mean_fit_time": [0.027608585357666016, 0.03463225364685059, 0.03252754211425781], "std_fit_time": [0.011981469138137755, 0.012799600727914312, 0.0015297407855869602], "mean_score_time": [0.010080671310424805, 0.015340232849121093, 0.009638643264770508], "std_score_time": [0.0014233324201791656, 0.003569159875810866, 0.0014103321353794857]}, "score": 0.8266666666666665}, "ComplementNB": {"params": {"classification__alpha": 1.0}, "times": {"mean_fit_time": [0.003821992874145508, 0.005167245864868164, 0.006507682800292969], "std_fit_time": [0.00014754158470855794, 0.0009399275040411212, 0.0012162160865841541], "mean_score_time": [0.0011510848999023438, 0.0013862133026123046, 0.0016810894012451172], "std_score_time": [1.3408369221235057e-05, 0.0001963277271681819, 0.00030201109216883006]}, "score": 0.9075}, "LogisticRegression": {"params": {"classification__solver": "lbfgs", "classification__C": 0.01}, "times": {"mean_fit_time": [0.4102791309356689, 0.31040105819702146, 0.31882705688476565], "std_fit_time": [0.029752133788071795, 0.02961573550623702, 0.0037267231774958665], "mean_score_time": [0.03795633316040039, 0.002308082580566406, 0.001918935775756836], "std_score_time": [0.003131717587306213, 0.0012248659066248458, 0.0003362630012596309]}, "score": 0.9116666666666665}}