{"[NN]NeuralNetwork": {"params": {"classification__epochs": 20, "classification__batch_size": 25}, "times": {"mean_fit_time": [4.831369781494141, 3.835463619232178, 5.047793292999268, 4.015038633346558, 3.620249128341675, 4.721032810211182, 5.333813619613648, 4.165959453582763, 6.541135263442993, 5.431670093536377], "std_fit_time": [0.36066303474512984, 0.4839405987621276, 0.9101704076711082, 0.6483820341208423, 0.5874696122018119, 1.2871612527311678, 0.9005687792074708, 1.0048843199990498, 1.6942468777623234, 1.1857035049743352], "mean_score_time": [0.3688808917999268, 0.4429159164428711, 0.6728202819824218, 0.399979829788208, 0.3999047756195068, 0.4356656551361084, 0.5618994235992432, 0.43077840805053713, 0.5496125221252441, 0.5200513362884521], "std_score_time": [0.07959036709365862, 0.10011284461441475, 0.2565369163108023, 0.09759187400657014, 0.0877108666086239, 0.04011887436436031, 0.14750916300406755, 0.0648180777112259, 0.1396366791466139, 0.1007981730485666]}, "score": 0.9845238095238095}, "RandomForestClassifier": {"params": {"classification__n_estimators": 300, "classification__min_samples_split": 10, "classification__min_samples_leaf": 4, "classification__max_features": "log2", "classification__max_depth": 60, "classification__bootstrap": true}, "times": {"mean_fit_time": [4.651717281341552, 0.7786008834838867, 0.06474285125732422, 0.7925552368164063, 0.0508002758026123], "std_fit_time": [0.5272430904910848, 0.060098593753725206, 0.022034245467282314, 0.04822440820559233, 0.00409012123722693], "mean_score_time": [0.004396820068359375, 0.0017667770385742187, 0.0014506340026855468, 0.0016098499298095703, 0.0015700817108154296], "std_score_time": [0.0011652139052233266, 0.00013964928212235525, 0.0001858690569015469, 4.8847399573040686e-05, 0.0006983804715618914]}, "score": 0.99}, "KNeighborsClassifier": {"params": {"classification__weights": "uniform", "classification__n_neighbors": 17, "classification__metric": "euclidean", "classification__leaf_size": 20}, "times": {"mean_fit_time": [0.038868951797485354, 0.05924477577209473, 0.02903437614440918, 0.032743215560913086, 0.03528714179992676], "std_fit_time": [0.02147892856884734, 0.02804472061032566, 0.010801378340160829, 0.00387318403695974, 0.0018616992936901719], "mean_score_time": [0.009862613677978516, 0.010662174224853516, 0.009921121597290038, 0.009671497344970702, 0.010260295867919923], "std_score_time": [0.0005261570034857265, 0.0012339125895009944, 0.0010493183356573728, 0.0014522930106661283, 0.0016038213732529458]}, "score": 0.97}, "ComplementNB": {"params": {"classification__alpha": 0.5}, "times": {"mean_fit_time": [0.005215597152709961, 0.004620981216430664, 0.005117273330688477, 0.006980609893798828, 0.005483388900756836], "std_fit_time": [0.0008541208470422425, 0.0006749289880348063, 0.0008918547418674059, 0.0009062525646540111, 0.0008655392659894454], "mean_score_time": [0.0015151500701904297, 0.0013701915740966797, 0.0014829158782958985, 0.0018458366394042969, 0.0014615535736083984], "std_score_time": [0.0005194460989352152, 0.00020874316578753098, 0.00029391367495149837, 0.0002114681674150989, 0.00021585641315690097]}, "score": 0.97}, "LogisticRegression": {"params": {"classification__solver": "newton-cg", "classification__C": 0.01}, "times": {"mean_fit_time": [0.06568660736083984, 0.14831795692443847, 0.613777494430542, 0.6458018302917481, 0.14685630798339844], "std_fit_time": [0.03492769651328411, 0.17591435619114765, 0.1977837869165911, 0.025654175230752693, 0.15549963050284607], "mean_score_time": [0.0016882896423339843, 0.0017710208892822265, 0.0024709224700927733, 0.0022544384002685545, 0.001595926284790039], "std_score_time": [0.00018293025902584216, 0.0002163923800388356, 0.0005982475342606093, 0.0004626724777179126, 0.000143067788109884]}, "score": 0.9800000000000001}}