{"[NN]NeuralNetwork": {"params": {"classification__epochs": 20, "classification__batch_size": 30}, "times": {"mean_fit_time": [4.402655363082886, 3.2968869686126707, 3.454766321182251, 2.9598348140716553, 3.521736907958984, 2.4820019721984865, 2.3828158378601074, 2.63310022354126, 2.5448785781860352, 2.5835615158081056], "std_fit_time": [0.6346632705635804, 1.1379736105264757, 0.6499029946869238, 0.8189243108688176, 0.277797436916395, 0.9892882484416363, 0.4935205644950089, 0.6301946615207257, 0.6283828996856503, 0.7697130650603503], "mean_score_time": [0.3128506660461426, 0.3413752555847168, 0.3445791721343994, 0.39781174659729, 0.36624464988708494, 0.24558591842651367, 0.30276827812194823, 0.2573460578918457, 0.36277260780334475, 0.32737021446228026], "std_score_time": [0.04154963990243701, 0.1912412657247819, 0.08520904392744445, 0.1801208373735929, 0.10065972186260334, 0.02885860352202965, 0.0893613828903518, 0.03440553331230165, 0.15154334239486777, 0.18299592990492886]}, "score": 0.8969047619047619}, "RandomForestClassifier": {"params": {"classification__n_estimators": 500, "classification__min_samples_split": 10, "classification__min_samples_leaf": 1, "classification__max_features": "log2", "classification__max_depth": null, "classification__bootstrap": true}, "times": {"mean_fit_time": [0.4942174911499023, 1.8770642757415772, 5.077077722549438, 1.7178914070129394, 5.1199119091033936], "std_fit_time": [0.09567221272739741, 0.13972130754119516, 0.11055161100118402, 0.02858402750645999, 0.09287891300771181], "mean_score_time": [0.0017443656921386718, 0.002301740646362305, 0.002876901626586914, 0.003138875961303711, 0.004310035705566406], "std_score_time": [0.00020357722444779762, 0.0008542339911954171, 9.622623473720943e-05, 0.0005711722120732163, 0.001471689015767911]}, "score": 0.9786666666666667}, "KNeighborsClassifier": {"params": {"classification__weights": "uniform", "classification__n_neighbors": 1, "classification__metric": "minkowski", "classification__leaf_size": 30}, "times": {"mean_fit_time": [0.034720659255981445, 0.028304195404052733, 0.0373570442199707, 0.027802419662475587, 0.025277233123779295], "std_fit_time": [0.010655394805463488, 0.009499872651134215, 0.007167926517721169, 0.002231456268127989, 0.0008315015022075904], "mean_score_time": [0.010314416885375977, 0.0092742919921875, 0.010232925415039062, 0.010580015182495118, 0.010443878173828126], "std_score_time": [0.001392162545137114, 0.001088316811082573, 0.001077733722472742, 0.0010752018720124278, 0.0018482913369446791]}, "score": 0.9753333333333334}, "ComplementNB": {"params": {"classification__alpha": 0.5}, "times": {"mean_fit_time": [0.005677270889282227, 0.005037546157836914, 0.004732799530029297, 0.00868535041809082, 0.007824325561523437], "std_fit_time": [0.001016243294342607, 0.0007572932829904718, 0.000317266726985502, 0.0005385834012792643, 0.0013766793548002248], "mean_score_time": [0.0017519474029541015, 0.0014829158782958985, 0.0012846946716308593, 0.001982975006103516, 0.0016533851623535157], "std_score_time": [0.0005412645228653379, 0.0003116983291257282, 2.439365800890602e-05, 8.507226602681717e-05, 0.00019150895156550365]}, "score": 0.7986666666666666}, "LogisticRegression": {"params": {"classification__solver": "newton-cg", "classification__C": 0.01}, "times": {"mean_fit_time": [0.6389525413513184, 0.511293363571167, 0.6934646129608154, 0.7101578712463379, 0.7118716716766358], "std_fit_time": [0.0450517718073, 0.0940940583295696, 0.38238509366024087, 0.0904700659631525, 0.3028914098105173], "mean_score_time": [0.0024591922760009766, 0.0031241416931152345, 0.002861690521240234, 0.0025696754455566406, 0.00170745849609375], "std_score_time": [0.0009286129681777885, 0.0009662501574898153, 0.0011709641404347194, 0.0013596988531136972, 8.691560337523727e-05]}, "score": 0.9626666666666667}}