{"[NN]NeuralNetwork": {"params": {"classification__epochs": 15, "classification__batch_size": 25}, "times": {"mean_fit_time": [3.6479947566986084, 3.440789985656738, 3.9536985874176027, 3.602915096282959, 5.031647682189941, 4.807577848434448, 4.415200901031494, 4.660288238525391, 5.638218593597412, 3.7291202545166016], "std_fit_time": [0.26209947622809265, 0.43145631930200334, 0.685712551111275, 0.48982670124795474, 0.25767939911632665, 1.0844513734222536, 0.5082559963349919, 0.7325691915289424, 0.6592721997370801, 0.5872312102396617], "mean_score_time": [0.447877311706543, 0.5291225433349609, 0.505478048324585, 0.433713960647583, 0.4554293155670166, 0.3941934585571289, 0.4640033721923828, 0.5420741081237793, 0.4250239372253418, 0.46936841011047364], "std_score_time": [0.10689550305881589, 0.16460236586504542, 0.08381176658065322, 0.12172165492040653, 0.054119667003184546, 0.0837357462373604, 0.102639282047911, 0.12204972293581391, 0.12165850908654817, 0.20448228220982534]}, "score": 0.8633333333333333}, "RandomForestClassifier": {"params": {"classification__n_estimators": 50, "classification__min_samples_split": 2, "classification__min_samples_leaf": 1, "classification__max_features": "sqrt", "classification__max_depth": 100, "classification__bootstrap": true}, "times": {"mean_fit_time": [0.060039710998535153], "std_fit_time": [0.0028451591382592555], "mean_score_time": [0.001183795928955078], "std_score_time": [4.049872054015074e-05]}, "score": 0.9800000000000001}, "KNeighborsClassifier": {"params": {"classification__weights": "uniform", "classification__n_neighbors": 1, "classification__metric": "manhattan", "classification__leaf_size": 13}, "times": {"mean_fit_time": [0.03185596466064453], "std_fit_time": [0.007522435698870754], "mean_score_time": [0.007038927078247071], "std_score_time": [0.0007150555743839598]}, "score": 0.9199999999999999}, "ComplementNB": {"params": {"classification__alpha": 0}, "times": {"mean_fit_time": [0.004776859283447265], "std_fit_time": [0.0009035471743285941], "mean_score_time": [0.0010874271392822266], "std_score_time": [0.0001575319436527186]}, "score": 0.7433333333333334}, "LogisticRegression": {"params": {"classification__solver": "saga", "classification__C": 100}, "times": {"mean_fit_time": [0.6461489200592041], "std_fit_time": [0.023662203170866633], "mean_score_time": [0.029708147048950195], "std_score_time": [0.006536477245876333]}, "score": 0.8033333333333333}}