{"[NN]NeuralNetwork": {"params": {"classification__epochs": 5, "classification__batch_size": 20}, "times": {"mean_fit_time": [5.92937388420105, 4.84117751121521, 3.838033580780029, 5.093963575363159, 4.714195966720581, 5.369519519805908, 5.417170429229737, 5.643581390380859, 4.958212566375733, 4.830737209320068], "std_fit_time": [0.6597053619720304, 0.7970065567668194, 0.9236597967404405, 0.4786829481249913, 0.44500279375159196, 0.30726237551892477, 0.7203862339735165, 0.8800248483337934, 0.3964280088009464, 0.4194665382961457], "mean_score_time": [0.483244514465332, 0.5922959327697754, 0.7408133983612061, 0.6936975479125976, 0.6974272727966309, 0.5055438041687011, 0.7277855396270752, 0.5854341983795166, 0.6233989238739014, 0.48476076126098633], "std_score_time": [0.1438567746680395, 0.093114889899411, 0.11149748081823267, 0.27338462802363583, 0.10232144461525591, 0.10231183486121849, 0.08207314982185852, 0.1898917131273979, 0.16419114196383827, 0.17414197032184076]}, "score": 0.9548015873015874}, "RandomForestClassifier": {"params": {"classification__n_estimators": 300, "classification__min_samples_split": 10, "classification__min_samples_leaf": 4, "classification__max_features": null, "classification__max_depth": 60, "classification__bootstrap": true}, "times": {"mean_fit_time": [0.4049216747283936, 1.2844741821289063, 1.3473145961761475], "std_fit_time": [0.026817852895508157, 0.03868852108116196, 0.1273555255091802], "mean_score_time": [0.0017438888549804687, 0.0019872188568115234, 0.0025089740753173827], "std_score_time": [0.00019745714449384845, 0.0002323918125770555, 0.0016120542109849458]}, "score": 0.9916666666666666}, "KNeighborsClassifier": {"params": {"classification__weights": "uniform", "classification__n_neighbors": 5, "classification__metric": "minkowski", "classification__leaf_size": 26}, "times": {"mean_fit_time": [0.02534456253051758, 0.042138528823852536, 0.02806119918823242], "std_fit_time": [0.002960858120146794, 0.01601013104189436, 0.008935690712288145], "mean_score_time": [0.007964706420898438, 0.01053314208984375, 0.008531761169433594], "std_score_time": [0.0003181373614524392, 0.0022548996448007986, 0.0007699255482894491]}, "score": 0.9008333333333333}, "ComplementNB": {"params": {"classification__alpha": 1.0}, "times": {"mean_fit_time": [0.005316734313964844, 0.005258321762084961, 0.00505223274230957], "std_fit_time": [0.0018609689273206317, 0.0011353819068182546, 0.0005130202012257175], "mean_score_time": [0.001409292221069336, 0.001436758041381836, 0.001337432861328125], "std_score_time": [0.00021616122880579775, 0.0002221924753054504, 7.291066245446e-05]}, "score": 0.8758333333333332}, "LogisticRegression": {"params": {"classification__solver": "newton-cg", "classification__C": 10}, "times": {"mean_fit_time": [0.5166303634643554, 0.13508763313293456, 0.13377370834350585], "std_fit_time": [0.08039215949017603, 0.024403373645507282, 0.013033225945543707], "mean_score_time": [0.048392438888549806, 0.0018840789794921874, 0.0017057418823242187], "std_score_time": [0.013177377196780306, 0.0002124698626831076, 4.2751476236129136e-05]}, "score": 0.9358333333333333}}