{"[NN]NeuralNetwork": {"params": {"classification__epochs": 20, "classification__batch_size": 20}, "times": {"mean_fit_time": [2.898639440536499, 3.035740041732788, 2.945174217224121, 2.5330996990203856, 3.370091438293457, 2.6413861751556396, 2.489855480194092, 3.014556360244751, 2.8179803848266602, 2.6535693645477294], "std_fit_time": [0.24956439874758263, 0.22921332840184683, 0.6041677691783816, 0.32848010082416257, 0.3869072221893397, 0.32713922529593287, 0.3320134551867565, 0.3138661249806302, 1.0997265964875962, 0.421400526315367], "mean_score_time": [0.36150455474853516, 0.3827193260192871, 0.33179569244384766, 0.286175537109375, 0.36309661865234377, 0.24158148765563964, 0.29302611351013186, 0.2438352584838867, 0.2892634868621826, 0.2221855640411377], "std_score_time": [0.10563434909897633, 0.04034859117815709, 0.09907162198886149, 0.04046619988519419, 0.10178678657268062, 0.037642476993771525, 0.10724893037916022, 0.02849638098452986, 0.13409488945117196, 0.04261508773858304]}, "score": 0.8606666666666666}, "RandomForestClassifier": {"params": {"classification__n_estimators": 50, "classification__min_samples_split": 5, "classification__min_samples_leaf": 1, "classification__max_features": "sqrt", "classification__max_depth": null, "classification__bootstrap": true}, "times": {"mean_fit_time": [0.07044215202331543], "std_fit_time": [0.011293430499687156], "mean_score_time": [0.0012315273284912109], "std_score_time": [2.8132826589294734e-05]}, "score": 1.0}, "KNeighborsClassifier": {"params": {"classification__weights": "uniform", "classification__n_neighbors": 19, "classification__metric": "minkowski", "classification__leaf_size": 20}, "times": {"mean_fit_time": [0.033467864990234374], "std_fit_time": [0.0064899682973695045], "mean_score_time": [0.006614208221435547], "std_score_time": [0.0005749336568909164]}, "score": 0.9400000000000001}, "ComplementNB": {"params": {"classification__alpha": 1.0}, "times": {"mean_fit_time": [0.004096126556396485], "std_fit_time": [0.0008199477143017581], "mean_score_time": [0.0010264396667480468], "std_score_time": [0.0001827733310731624]}, "score": 0.7266666666666667}, "LogisticRegression": {"params": {"classification__solver": "saga", "classification__C": 100}, "times": {"mean_fit_time": [0.6755695343017578], "std_fit_time": [0.020772095431943083], "mean_score_time": [0.03040423393249512], "std_score_time": [0.008575355511185356]}, "score": 0.86}}