{"[NN]NeuralNetwork": {"params": {"classification__epochs": 20, "classification__batch_size": 25}, "times": {"mean_fit_time": [3.8886919021606445, 3.6217453956604, 3.6027924060821532, 3.621815872192383, 3.53287787437439, 4.186742973327637, 2.886051893234253, 3.0165661334991456, 3.289197301864624, 3.1932818412780763], "std_fit_time": [0.6533796272961684, 0.5329983526578594, 0.41269187925725465, 0.5253778886604611, 0.7350441444415604, 1.1124184828593024, 0.47825778077984943, 0.5648266652735044, 0.4525575257465975, 0.37790544146561783], "mean_score_time": [0.217903470993042, 0.2943132400512695, 0.3262310981750488, 0.33745722770690917, 0.3428995132446289, 0.2556105136871338, 0.3144524574279785, 0.33432779312133787, 0.23651475906372071, 0.29532508850097655], "std_score_time": [0.047162922681148696, 0.06140725815219251, 0.08250575900477583, 0.09397537674351063, 0.08433341475917798, 0.09312187894453186, 0.04355195298008174, 0.10604239274944843, 0.03158940583764048, 0.07909000818372021]}, "score": 0.9054126984126984}, "RandomForestClassifier": {"params": {"classification__n_estimators": 400, "classification__min_samples_split": 2, "classification__min_samples_leaf": 2, "classification__max_features": "log2", "classification__max_depth": 20, "classification__bootstrap": false}, "times": {"mean_fit_time": [2.1082068920135497, 1.3859344959259032, 1.0647116661071778, 1.484812068939209, 1.4023526668548585], "std_fit_time": [0.3224568056057498, 0.2010028167634351, 0.09878878190023628, 0.14815797052754, 0.22341437119697832], "mean_score_time": [0.004013586044311524, 0.002349662780761719, 0.0017547607421875, 0.00366668701171875, 0.0029404163360595703], "std_score_time": [0.0009944085432915582, 0.0012435350248114817, 8.833207258131076e-05, 0.0012011747350655065, 0.0013533562285259991]}, "score": 0.9800000000000001}, "KNeighborsClassifier": {"params": {"classification__weights": "uniform", "classification__n_neighbors": 17, "classification__metric": "manhattan", "classification__leaf_size": 16}, "times": {"mean_fit_time": [0.035877418518066403, 0.042377805709838866, 0.03808550834655762, 0.046303939819335935, 0.021555757522583006], "std_fit_time": [0.008242342047140538, 0.01633143350370388, 0.013223092935521596, 0.01109877046413035, 0.0106642725098337], "mean_score_time": [0.010362339019775391, 0.010122156143188477, 0.010739803314208984, 0.011701154708862304, 0.015512180328369141], "std_score_time": [0.001458928006536104, 0.001304396187595291, 0.00291235204037719, 0.000777961882642008, 0.002640109743249804]}, "score": 0.9473333333333332}, "ComplementNB": {"params": {"classification__alpha": 1.0}, "times": {"mean_fit_time": [0.004878044128417969, 0.0047509193420410155, 0.005583620071411133, 0.00906062126159668, 0.007089757919311523], "std_fit_time": [0.0006176522530168698, 0.0005508354124171459, 0.0011256460048887516, 0.0007085773697722772, 0.0015380858266282609], "mean_score_time": [0.001443338394165039, 0.001566171646118164, 0.0018338680267333985, 0.001873922348022461, 0.001631927490234375], "std_score_time": [0.00028775921095679815, 0.0002817595624163868, 0.0006814651211497399, 0.00022895803772499598, 0.00029197294060809563]}, "score": 0.7833333333333334}, "LogisticRegression": {"params": {"classification__solver": "saga", "classification__C": 0.1}, "times": {"mean_fit_time": [0.8495880603790283, 0.8589995384216309, 0.8472733497619629, 1.2786106586456298, 1.2842982769012452], "std_fit_time": [0.11878189059666945, 0.13121501314926756, 0.14122706790823414, 0.0742004134917357, 0.0674421551571806], "mean_score_time": [0.003400087356567383, 0.0038127899169921875, 0.0027647018432617188, 0.003421115875244141, 0.003065633773803711], "std_score_time": [0.00040317195039457176, 0.001175659385921038, 0.0005142893121732302, 0.001261292741066169, 0.0008087659400802943]}, "score": 0.8186666666666668}}