{"[NN]NeuralNetwork": {"params": {"classification__epochs": 20, "classification__batch_size": 30}, "times": {"mean_fit_time": [4.128874158859253, 4.612599945068359, 4.786648941040039, 3.79633469581604, 4.2831745624542235, 3.126933479309082, 3.8426139831542967, 3.782668209075928, 3.2036959648132326, 3.1576979637145994], "std_fit_time": [0.48368027559394583, 0.975432989356669, 0.7037254402627212, 0.34568795728972335, 0.6617386559312831, 0.7327015621583106, 0.6338679270864299, 0.2617153481622729, 0.2504921052227884, 0.6755934945383554], "mean_score_time": [0.36288938522338865, 0.24440078735351561, 0.327394962310791, 0.3312214851379395, 0.2521480083465576, 0.506999397277832, 0.286165714263916, 0.29570493698120115, 0.2918734550476074, 0.33433995246887205], "std_score_time": [0.10780334857772694, 0.0790165712024421, 0.13965109308514373, 0.11047875088248994, 0.16166215102401713, 0.27813317206802296, 0.08955290221574061, 0.08503157838594981, 0.035167334090248754, 0.10586941938817905]}, "score": 0.8893174603174604}, "RandomForestClassifier": {"params": {"classification__n_estimators": 1000, "classification__min_samples_split": 5, "classification__min_samples_leaf": 1, "classification__max_features": "log2", "classification__max_depth": null, "classification__bootstrap": false}, "times": {"mean_fit_time": [0.22869153022766114, 3.0264790534973143, 0.0482213020324707, 0.2639471054077148, 3.6237746715545653], "std_fit_time": [0.030140466411698735, 0.028818335742599503, 0.009835362805170642, 0.018771777606672306, 0.6648161174726428], "mean_score_time": [0.001283740997314453, 0.004434013366699218, 0.0014898300170898438, 0.0014981746673583985, 0.004496860504150391], "std_score_time": [0.0001271316722484483, 0.002076742295985506, 0.0003280735776845768, 0.00022320387274451874, 0.0011946798807245882]}, "score": 0.9786666666666667}, "KNeighborsClassifier": {"params": {"classification__weights": "distance", "classification__n_neighbors": 5, "classification__metric": "manhattan", "classification__leaf_size": 23}, "times": {"mean_fit_time": [0.041875791549682614, 0.04619264602661133, 0.04144463539123535, 0.02845754623413086, 0.031675863265991214], "std_fit_time": [0.013464680195822672, 0.013416986848859678, 0.013255217501938652, 0.0045339947052086965, 0.003968445977156253], "mean_score_time": [0.010002851486206055, 0.009577560424804687, 0.009481382369995118, 0.009030437469482422, 0.009762811660766601], "std_score_time": [0.0008763228786649296, 0.0016278232545596817, 0.0013339422931270457, 0.0006537068166674939, 0.0006919141702337719]}, "score": 0.710190476190476}, "ComplementNB": {"params": {"classification__alpha": 0.5}, "times": {"mean_fit_time": [0.005466651916503906, 0.005569314956665039, 0.005284738540649414, 0.008316755294799805, 0.008597087860107423], "std_fit_time": [0.0011726839217705398, 0.0013819411214123101, 0.0016819532878710613, 0.0010513629483584318, 0.0006971231301538548], "mean_score_time": [0.0014875411987304687, 0.001672840118408203, 0.0014422416687011718, 0.0016886234283447266, 0.0017486572265625], "std_score_time": [0.00024222766314032745, 0.00034621489466428505, 0.00029509176082400654, 0.00024296304268222143, 0.0001776496878180159]}, "score": 0.7653333333333332}, "LogisticRegression": {"params": {"classification__solver": "newton-cg", "classification__C": 10}, "times": {"mean_fit_time": [0.6953641414642334, 0.5573545932769776, 0.43758811950683596, 0.9715706825256347, 0.69986572265625], "std_fit_time": [0.04594746729004004, 0.05626196279384999, 0.11795476003889475, 0.03661674681782508, 0.1306970699923046], "mean_score_time": [0.0029101848602294924, 0.002477264404296875, 0.0022681236267089845, 0.0028017520904541015, 0.0029762744903564452], "std_score_time": [0.0006541926792300597, 0.0006458780799821516, 0.00032270841670872444, 0.0004951524578139702, 0.0014727399252688947]}, "score": 0.9720000000000001}}