{"[NN]NeuralNetwork": {"params": {"classification__epochs": 20, "classification__batch_size": 20}, "times": {"mean_fit_time": [3.07006254196167, 3.0681819915771484, 2.932202863693237, 2.3757771968841555, 2.6983149528503416, 2.3038872718811034, 2.458029317855835, 2.673349952697754, 1.481002140045166, 2.057611179351807], "std_fit_time": [0.6717827136502283, 0.7586350411702474, 0.8668792293310584, 0.37232062388537296, 0.2363039072784318, 0.3191697683768552, 0.7471216302676611, 0.5146200600240559, 0.3279259680668471, 0.13672388939700209], "mean_score_time": [0.2209305763244629, 0.19450621604919432, 0.2255384922027588, 0.1871654510498047, 0.2509936332702637, 0.19862499237060546, 0.24318857192993165, 0.1938249111175537, 0.12584247589111328, 0.1799746036529541], "std_score_time": [0.022595794561420874, 0.010441463430642636, 0.024837057928760307, 0.016912367114826264, 0.10725660049982522, 0.05003559688790632, 0.06267111841205941, 0.03282227760113001, 0.00999654410229054, 0.025164314978201135]}, "score": 0.8275}, "RandomForestClassifier": {"params": {"classification__n_estimators": 200, "classification__min_samples_split": 10, "classification__min_samples_leaf": 1, "classification__max_features": "sqrt", "classification__max_depth": 20, "classification__bootstrap": true}, "times": {"mean_fit_time": [0.5516228199005127], "std_fit_time": [0.03031405460999895], "mean_score_time": [0.0017513275146484376], "std_score_time": [0.00012656318171709038]}, "score": 0.9533333333333334}, "KNeighborsClassifier": {"params": {"classification__weights": "distance", "classification__n_neighbors": 17, "classification__metric": "manhattan", "classification__leaf_size": 10}, "times": {"mean_fit_time": [0.026576137542724608], "std_fit_time": [0.004495715099136431], "mean_score_time": [0.006694889068603516], "std_score_time": [0.00022575540894932146]}, "score": 0.36}, "ComplementNB": {"params": {"classification__alpha": 0}, "times": {"mean_fit_time": [0.005241107940673828], "std_fit_time": [0.0007995999031718375], "mean_score_time": [0.0013959884643554687], "std_score_time": [0.0005502704813739235]}, "score": 0.7083333333333334}, "LogisticRegression": {"params": {"classification__solver": "saga", "classification__C": 100}, "times": {"mean_fit_time": [0.5962103366851806], "std_fit_time": [0.028850510223283412], "mean_score_time": [0.03451437950134277], "std_score_time": [0.0051495824135059255]}, "score": 0.7933333333333332}}