{"[NN]NeuralNetwork": {"params": {"classification__epochs": 20, "classification__batch_size": 25}, "times": {"mean_fit_time": [3.437057304382324, 3.8964813709259034, 3.069375419616699, 2.552518033981323, 2.5221773624420165, 3.0523600578308105, 2.5068724155426025, 2.404048442840576, 3.1331028938293457, 2.9584668636322022], "std_fit_time": [0.19501124524461697, 1.0553712121641965, 0.3053538683654457, 0.37148540736692187, 0.17235859617303534, 0.408687244343194, 0.5475907240681726, 0.39016956067909264, 0.45097620855347953, 0.1702602065989122], "mean_score_time": [0.2394092082977295, 0.30271267890930176, 0.222786808013916, 0.28586177825927733, 0.23752756118774415, 0.19841475486755372, 0.26119194030761717, 0.25133275985717773, 0.25751004219055174, 0.2245889663696289], "std_score_time": [0.07535563316673773, 0.026356912968334544, 0.03444817854867139, 0.04996595190770047, 0.033648008976686405, 0.042408955081219675, 0.04248501300265637, 0.0790573277550754, 0.029679180174492475, 0.05917879339018633]}, "score": 0.9054126984126984}, "RandomForestClassifier": {"params": {"classification__n_estimators": 400, "classification__min_samples_split": 2, "classification__min_samples_leaf": 2, "classification__max_features": "log2", "classification__max_depth": 20, "classification__bootstrap": false}, "times": {"mean_fit_time": [1.9757545948028565, 1.492647361755371, 1.0977377414703369, 1.4630114555358886, 1.0684887409210204], "std_fit_time": [0.05706222826728456, 0.12906570943547016, 0.06792115320180368, 0.07573949861983989, 0.07447665707889624], "mean_score_time": [0.0040760993957519535, 0.0020008087158203125, 0.0018860340118408204, 0.004556035995483399, 0.0032866954803466796], "std_score_time": [0.000421077466895022, 0.00023075849352656482, 0.00031790160083422844, 0.0018626133922158528, 0.0007799268817464244]}, "score": 0.9800000000000001}, "KNeighborsClassifier": {"params": {"classification__weights": "uniform", "classification__n_neighbors": 17, "classification__metric": "manhattan", "classification__leaf_size": 16}, "times": {"mean_fit_time": [0.029261445999145506, 0.02707371711730957, 0.02886204719543457, 0.03677940368652344, 0.02349066734313965], "std_fit_time": [0.00150681390488324, 0.003749522551510813, 0.00539622180100576, 0.017980504914674355, 0.004969367706188803], "mean_score_time": [0.01415095329284668, 0.01441659927368164, 0.01202077865600586, 0.014953184127807616, 0.02256617546081543], "std_score_time": [0.0043719279439213094, 0.0052577657673733786, 0.001072859174662151, 0.0034692152199485814, 0.010432817765164913]}, "score": 0.9473333333333332}, "ComplementNB": {"params": {"classification__alpha": 1.0}, "times": {"mean_fit_time": [0.006102991104125976, 0.007035636901855468, 0.007261848449707032, 0.008908748626708984, 0.009079980850219726], "std_fit_time": [0.0014095958435246284, 0.00046588104590031737, 0.0010139457147040985, 0.00043331900844523474, 0.0007243678988855548], "mean_score_time": [0.0017568111419677735, 0.0022554397583007812, 0.002268218994140625, 0.0018901824951171875, 0.001927661895751953], "std_score_time": [0.000587737159748404, 0.00046861621446472396, 0.0006083694811220423, 0.0001700503195952884, 3.9648199675285973e-05]}, "score": 0.7833333333333334}, "LogisticRegression": {"params": {"classification__solver": "saga", "classification__C": 0.1}, "times": {"mean_fit_time": [0.9216707229614258, 0.8842323780059814, 0.8635578632354737, 1.3470740795135498, 1.3530203819274902], "std_fit_time": [0.1367220646522299, 0.12133263943132579, 0.11512751712726646, 0.08130278961131653, 0.08311992103120516], "mean_score_time": [0.002964162826538086, 0.0019918441772460937, 0.0032540321350097655, 0.003956508636474609, 0.004201316833496093], "std_score_time": [0.0013586109848860506, 0.00015908774070903155, 0.0013756105467281608, 0.0004174774377469548, 0.0004350839395524065]}, "score": 0.8186666666666668}}