{"[NN]NeuralNetwork": {"params": {"classification__epochs": 20, "classification__batch_size": 20}, "times": {"mean_fit_time": [4.087949466705322, 4.667686033248901, 4.028823566436768, 4.584402370452881, 5.297823715209961, 4.990049219131469, 4.960950708389282, 5.405825757980347, 4.251546478271484, 3.1204092502593994], "std_fit_time": [0.7062443297538452, 0.8551976061454281, 0.8461200187992206, 1.0891587681606743, 0.12784659844064494, 0.4598813645098108, 0.5648057636123354, 0.25256670648717244, 0.22108963980445842, 0.42750047539207103], "mean_score_time": [0.43353700637817383, 0.39342436790466306, 0.45303897857666015, 0.47569980621337893, 0.41640024185180663, 0.5161312103271485, 0.5431685447692871, 0.45684232711791994, 0.3650491237640381, 0.4566152572631836], "std_score_time": [0.09901579559440334, 0.1418332395626025, 0.1738354468116902, 0.19057092816268076, 0.07754589635269518, 0.13994482078434411, 0.1414819326613391, 0.10999330494550355, 0.12696942141744938, 0.0864345998886202]}, "score": 0.8275}, "RandomForestClassifier": {"params": {"classification__n_estimators": 200, "classification__min_samples_split": 10, "classification__min_samples_leaf": 1, "classification__max_features": "sqrt", "classification__max_depth": 20, "classification__bootstrap": true}, "times": {"mean_fit_time": [0.47180752754211425], "std_fit_time": [0.027446042460638063], "mean_score_time": [0.0015769481658935546], "std_score_time": [0.0001749422151969518]}, "score": 0.9533333333333334}, "KNeighborsClassifier": {"params": {"classification__weights": "distance", "classification__n_neighbors": 17, "classification__metric": "manhattan", "classification__leaf_size": 10}, "times": {"mean_fit_time": [0.027933359146118164], "std_fit_time": [5.155070616856634e-05], "mean_score_time": [0.007941007614135742], "std_score_time": [0.0004977894232214026]}, "score": 0.36}, "ComplementNB": {"params": {"classification__alpha": 0}, "times": {"mean_fit_time": [0.004540777206420899], "std_fit_time": [0.00039959607084848225], "mean_score_time": [0.0011717319488525391], "std_score_time": [0.00019355862827420141]}, "score": 0.7083333333333334}, "LogisticRegression": {"params": {"classification__solver": "saga", "classification__C": 100}, "times": {"mean_fit_time": [0.6012039184570312], "std_fit_time": [0.029275115599352277], "mean_score_time": [0.031055164337158204], "std_score_time": [0.00920571090877204]}, "score": 0.7933333333333332}}