{"[NN]NeuralNetwork": {"params": {"classification__epochs": 5, "classification__batch_size": 20}, "times": {"mean_fit_time": [3.245098352432251, 3.607765769958496, 2.87260217666626, 3.2054946422576904, 3.1822919845581055, 3.4861567974090577, 3.120428991317749, 3.2147408962249755, 2.776574182510376, 3.346642589569092], "std_fit_time": [0.30101752808553767, 0.2970493790161594, 0.24899589017501975, 0.3031238631554669, 0.47880108447863823, 0.3113433347969323, 0.24827040177402485, 0.5193454527087166, 0.29979908802242555, 0.45524503233150765], "mean_score_time": [0.23243269920349122, 0.32232375144958497, 0.3073437690734863, 0.3348206043243408, 0.3211717128753662, 0.2039724349975586, 0.30892014503479004, 0.23625602722167968, 0.18926773071289063, 0.2786296844482422], "std_score_time": [0.0635432269558222, 0.10148269640740977, 0.03784043177735264, 0.07803689701821348, 0.09885720585726017, 0.03681759491431266, 0.08880509266324026, 0.04001311032933169, 0.02808857752698497, 0.08655011172501387]}, "score": 0.9548015873015874}, "RandomForestClassifier": {"params": {"classification__n_estimators": 300, "classification__min_samples_split": 10, "classification__min_samples_leaf": 4, "classification__max_features": null, "classification__max_depth": 60, "classification__bootstrap": true}, "times": {"mean_fit_time": [0.4974470615386963, 1.6175665378570556, 1.3450071811676025], "std_fit_time": [0.06303313398360491, 0.20132837018526667, 0.10278287508479243], "mean_score_time": [0.0016549587249755859, 0.0021387577056884766, 0.00206608772277832], "std_score_time": [0.0002967257906430006, 0.0003934121154942845, 0.000402314391308481]}, "score": 0.9916666666666666}, "KNeighborsClassifier": {"params": {"classification__weights": "uniform", "classification__n_neighbors": 5, "classification__metric": "minkowski", "classification__leaf_size": 26}, "times": {"mean_fit_time": [0.03768200874328613, 0.039051485061645505, 0.029397058486938476], "std_fit_time": [0.0028324558169685703, 0.010300508678388526, 0.007099647733639231], "mean_score_time": [0.00969681739807129, 0.010378265380859375, 0.008876228332519531], "std_score_time": [0.0015268223319582352, 0.0011249980945447363, 0.0008785241979438883]}, "score": 0.9008333333333333}, "ComplementNB": {"params": {"classification__alpha": 1.0}, "times": {"mean_fit_time": [0.004126977920532226, 0.004420948028564453, 0.006421470642089843], "std_fit_time": [0.0005698405824863265, 0.0007161944968122058, 0.0017633486374252065], "mean_score_time": [0.0012537479400634766, 0.0013329505920410157, 0.0015723228454589844], "std_score_time": [9.108895313093508e-05, 0.00020753799252927683, 0.0003180501843499007]}, "score": 0.8758333333333332}, "LogisticRegression": {"params": {"classification__solver": "newton-cg", "classification__C": 10}, "times": {"mean_fit_time": [0.47707295417785645, 0.10565524101257324, 0.12483487129211426], "std_fit_time": [0.0386903446043964, 0.015262460138413415, 0.021302231841447], "mean_score_time": [0.03313121795654297, 0.001678133010864258, 0.0019804000854492187], "std_score_time": [0.012010002214041096, 0.00011961150027539053, 0.0003415897992207075]}, "score": 0.9358333333333333}}