{"[NN]NeuralNetwork": {"params": {"classification__epochs": 10, "classification__batch_size": 30}, "times": {"mean_fit_time": [3.929956150054932, 3.6263158321380615, 4.43671727180481, 4.362198448181152, 3.6830112457275392, 4.32214879989624, 4.173821449279785, 3.5424527645111086, 3.852347183227539, 3.902447509765625], "std_fit_time": [0.5432252604381224, 0.7262284553659523, 0.7974781706329203, 1.1924266034757394, 0.3568108779558279, 0.6807864617248939, 0.5369395118516219, 0.45749365382964197, 0.8397131628279189, 0.635261213294803], "mean_score_time": [0.37657732963562013, 0.3878013134002686, 0.4477511405944824, 0.43695993423461915, 0.4197782039642334, 0.3754699230194092, 0.41405329704284666, 0.35019407272338865, 0.46071438789367675, 0.4211646556854248], "std_score_time": [0.06427499426922756, 0.021362631535371282, 0.181876551198313, 0.10914762910212204, 0.08966527877311664, 0.10422624117360976, 0.08216010291634938, 0.034295562751738194, 0.14785074417060948, 0.14380726320047393]}, "score": 0.9536904761904761}, "RandomForestClassifier": {"params": {"classification__n_estimators": 100, "classification__min_samples_split": 10, "classification__min_samples_leaf": 4, "classification__max_features": "sqrt", "classification__max_depth": 60, "classification__bootstrap": true}, "times": {"mean_fit_time": [0.3298366546630859, 2.30228476524353, 0.35060834884643555], "std_fit_time": [0.020519889615383993, 0.019261439564265456, 0.06164585314760317], "mean_score_time": [0.0017439842224121094, 0.0037024497985839845, 0.0017345428466796875], "std_score_time": [0.00030533769156985854, 0.0015599519411061975, 0.0005088573134847992]}, "score": 1.0}, "KNeighborsClassifier": {"params": {"classification__weights": "uniform", "classification__n_neighbors": 3, "classification__metric": "euclidean", "classification__leaf_size": 16}, "times": {"mean_fit_time": [0.023397302627563475, 0.023856973648071288, 0.024102020263671874], "std_fit_time": [0.0008453368495087306, 0.004294462724447123, 0.008164807235860862], "mean_score_time": [0.008885335922241212, 0.008887577056884765, 0.008929109573364258], "std_score_time": [0.000580647475921671, 0.001024732032743634, 0.00047116681348070215]}, "score": 0.9550000000000001}, "ComplementNB": {"params": {"classification__alpha": 0.5}, "times": {"mean_fit_time": [0.004237508773803711, 0.0045411109924316405, 0.0054375648498535155], "std_fit_time": [0.0012618717464755048, 0.0006513788861301616, 0.0009201196195693608], "mean_score_time": [0.0012545585632324219, 0.0012519359588623047, 0.001407766342163086], "std_score_time": [0.0003325805695565781, 0.0001663592522689877, 0.00016488127079796798]}, "score": 0.9075}, "LogisticRegression": {"params": {"classification__solver": "saga", "classification__C": 100}, "times": {"mean_fit_time": [0.49126572608947755, 0.490091609954834, 0.9024704456329345], "std_fit_time": [0.022002535534757322, 0.020970368018495646, 0.03240599375241642], "mean_score_time": [0.031776142120361325, 0.030534791946411132, 0.029615306854248048], "std_score_time": [0.004277156858989482, 0.007380714669572801, 0.005516342802016089]}, "score": 0.8375}}