{"[NN]NeuralNetwork": {"params": {"classification__epochs": 20, "classification__batch_size": 25}, "times": {"mean_fit_time": [5.452560949325561, 4.310486125946045, 4.293883323669434, 4.448861408233642, 5.038230228424072, 4.474979400634766, 4.528303956985473, 4.717871618270874, 5.042836093902588, 4.281211996078492], "std_fit_time": [0.24935620250620355, 0.5438979664051551, 0.6313924113253838, 0.3536264373884299, 1.024648873351881, 0.530366824102575, 1.2234592123922663, 0.8295110276716171, 0.4876793618243875, 0.36251676207356553], "mean_score_time": [0.5691025733947754, 0.6320373058319092, 0.5613461971282959, 0.5244687557220459, 0.5571300029754639, 0.5156104087829589, 0.5015956878662109, 0.5325777053833007, 0.5739903926849366, 0.6307871341705322], "std_score_time": [0.09846026070335787, 0.12488914545888932, 0.043097881417892676, 0.05297420196205678, 0.12799736520610602, 0.08498477857338399, 0.09235303333714694, 0.13516582898236817, 0.054157257643586997, 0.1493664317373992]}, "score": 0.9708333333333334}, "RandomForestClassifier": {"params": {"classification__n_estimators": 200, "classification__min_samples_split": 5, "classification__min_samples_leaf": 1, "classification__max_features": "sqrt", "classification__max_depth": null, "classification__bootstrap": false}, "times": {"mean_fit_time": [0.4462582111358643], "std_fit_time": [0.028771648405676895], "mean_score_time": [0.0015487194061279297], "std_score_time": [0.00014459927810398456]}, "score": 1.0}, "KNeighborsClassifier": {"params": {"classification__weights": "distance", "classification__n_neighbors": 11, "classification__metric": "manhattan", "classification__leaf_size": 33}, "times": {"mean_fit_time": [0.02684016227722168], "std_fit_time": [0.0031559210898935556], "mean_score_time": [0.007184171676635742], "std_score_time": [0.0015057681729691134]}, "score": 0.25}, "ComplementNB": {"params": {"classification__alpha": 1.0}, "times": {"mean_fit_time": [0.003600740432739258], "std_fit_time": [0.00048591500025505424], "mean_score_time": [0.001016092300415039], "std_score_time": [0.00022075832208671623]}, "score": 0.875}, "LogisticRegression": {"params": {"classification__solver": "saga", "classification__C": 10}, "times": {"mean_fit_time": [0.3628492832183838], "std_fit_time": [0.021436488576198422], "mean_score_time": [0.03144221305847168], "std_score_time": [0.00421899907482678]}, "score": 0.7833333333333333}}