{"[NN]NeuralNetwork": {"params": {"classification__epochs": 5, "classification__batch_size": 25}, "times": {"mean_fit_time": [4.685731697082519, 4.068049144744873, 3.529201602935791, 2.8326366424560545, 3.1818541049957276, 2.4595222949981688, 2.481660556793213, 3.559764289855957, 2.340729999542236, 2.1018385887145996], "std_fit_time": [0.7177300382238312, 0.7341157805975765, 0.3689269034096645, 0.3523842750285628, 0.6479706306422617, 0.4642945988589842, 0.18252521877737407, 0.710184494238389, 0.1840712697159333, 0.2268914883791108], "mean_score_time": [0.36288299560546877, 0.37933979034423826, 0.3292194366455078, 0.2883323669433594, 0.24875054359436036, 0.2544723033905029, 0.20849528312683105, 0.24898953437805177, 0.22908520698547363, 0.2145859718322754], "std_score_time": [0.0957204827934981, 0.061092267327310476, 0.09067826909818115, 0.04270335901448699, 0.03732867753336993, 0.05374892202487971, 0.04225163707067402, 0.04274413214962967, 0.015051797841409356, 0.05432581716701313]}, "score": 0.9598611111111112}, "RandomForestClassifier": {"params": {"classification__n_estimators": 500, "classification__min_samples_split": 10, "classification__min_samples_leaf": 1, "classification__max_features": null, "classification__max_depth": 20, "classification__bootstrap": true}, "times": {"mean_fit_time": [2.265382432937622, 0.8594751834869385, 2.1544543266296388], "std_fit_time": [0.1436312046361815, 0.13094020011513782, 0.12338063699552382], "mean_score_time": [0.0038154125213623047, 0.001585531234741211, 0.003237152099609375], "std_score_time": [0.0009013903299614615, 0.00018033748072462824, 0.0006262166186540164]}, "score": 1.0}, "KNeighborsClassifier": {"params": {"classification__weights": "uniform", "classification__n_neighbors": 3, "classification__metric": "manhattan", "classification__leaf_size": 30}, "times": {"mean_fit_time": [0.024376869201660156, 0.0347991943359375, 0.037243890762329104], "std_fit_time": [0.009153225787723616, 0.010470796875001428, 0.004524643173725179], "mean_score_time": [0.007699346542358399, 0.008034563064575196, 0.011164522171020508], "std_score_time": [0.0002763600078903779, 0.0005921704457138145, 0.0025784681819453915]}, "score": 0.9775}, "ComplementNB": {"params": {"classification__alpha": 0.5}, "times": {"mean_fit_time": [0.004184436798095703, 0.005568075180053711, 0.007050228118896484], "std_fit_time": [0.00021674173414430208, 0.0008943164662838667, 0.0012177173730610288], "mean_score_time": [0.0012453556060791015, 0.0014578342437744141, 0.0017682552337646485], "std_score_time": [2.4761855657861065e-05, 0.00021807826174201358, 0.00027896712322342666]}, "score": 0.9066666666666666}, "LogisticRegression": {"params": {"classification__solver": "sag", "classification__C": 10}, "times": {"mean_fit_time": [0.5459813117980957, 0.42138009071350097, 0.7420301914215088], "std_fit_time": [0.027390357006166967, 0.046589055213831415, 0.07931906687722086], "mean_score_time": [0.049705219268798825, 0.034186697006225585, 0.04659328460693359], "std_score_time": [0.020164376798245596, 0.008267181695013432, 0.011800312498375314]}, "score": 0.8225}}