{"[NN]NeuralNetwork": {"params": {"classification__epochs": 10, "classification__batch_size": 30}, "times": {"mean_fit_time": [3.500616025924683, 2.657561016082764, 2.307784414291382, 2.491225481033325, 2.495923328399658, 2.1614521503448487, 2.778069257736206, 3.0140851020812987, 1.989316701889038, 2.082596445083618], "std_fit_time": [0.7507263293048211, 0.9770916749687654, 0.4006931740063177, 0.4283809577817894, 0.4221243346652915, 0.4211949440644092, 0.4019810970882321, 0.6296059975021974, 0.380507040357027, 0.14860535101926237], "mean_score_time": [0.2512955188751221, 0.23325557708740235, 0.18767690658569336, 0.24028620719909669, 0.3379690647125244, 0.20922608375549318, 0.19944825172424316, 0.2076953411102295, 0.17120800018310547, 0.18253378868103026], "std_score_time": [0.0644294520464986, 0.08507253626102174, 0.05221211738154013, 0.02972673655265614, 0.1426578760043794, 0.041452967145487, 0.04713901016440757, 0.04570991805205783, 0.04013710395602788, 0.018298189179367697]}, "score": 0.9805021367521368}, "RandomForestClassifier": {"params": {"classification__n_estimators": 400, "classification__min_samples_split": 5, "classification__min_samples_leaf": 1, "classification__max_features": "log2", "classification__max_depth": 50, "classification__bootstrap": false}, "times": {"mean_fit_time": [1.4687784671783448, 1.2263883590698241, 0.2836118698120117, 1.2709231853485108, 0.22432904243469237], "std_fit_time": [0.039861103273012524, 0.13663705672928986, 0.04584995326333126, 0.061493762577580394, 0.0049779464892575325], "mean_score_time": [0.0017757415771484375, 0.0015966415405273438, 0.0016338825225830078, 0.002158832550048828, 0.0012467384338378906], "std_score_time": [0.00011478144923422874, 0.00012020273156073717, 0.0002732650538225767, 0.0003543840286138932, 8.202616495417989e-05]}, "score": 0.9816666666666667}, "KNeighborsClassifier": {"params": {"classification__weights": "uniform", "classification__n_neighbors": 11, "classification__metric": "manhattan", "classification__leaf_size": 30}, "times": {"mean_fit_time": [0.05640435218811035, 0.045699787139892575, 0.028920459747314452, 0.032340478897094724, 0.03519783020019531], "std_fit_time": [0.015845868568639024, 0.023614202984891038, 0.00822567521660143, 0.005024550801655483, 0.00445227807472873], "mean_score_time": [0.009447336196899414, 0.008992385864257813, 0.011268901824951171, 0.008594274520874023, 0.008733987808227539], "std_score_time": [0.00022715688437110971, 0.0005852999150384287, 0.0038991266504700365, 0.00021719647289458795, 0.00023627273971448733]}, "score": 0.9716666666666667}, "ComplementNB": {"params": {"classification__alpha": 1.0}, "times": {"mean_fit_time": [0.004443311691284179, 0.004420423507690429, 0.004718399047851563, 0.006275844573974609, 0.004807376861572265], "std_fit_time": [0.00013222863773673928, 0.0004978046698632599, 0.0009578886803266208, 0.0018999235311931467, 0.00015220060970809994], "mean_score_time": [0.001176595687866211, 0.001249217987060547, 0.001367473602294922, 0.0016711235046386718, 0.0012412548065185546], "std_score_time": [1.1490687243584905e-05, 5.974649715819334e-05, 0.00022385565152728516, 0.00042347425596162957, 3.3317714744988455e-05]}, "score": 0.9816666666666667}, "LogisticRegression": {"params": {"classification__solver": "newton-cg", "classification__C": 0.1}, "times": {"mean_fit_time": [0.5312169075012207, 0.09641051292419434, 0.08684954643249512, 0.296732234954834, 0.2216954708099365], "std_fit_time": [0.10901522822061191, 0.08327976931303567, 0.07330682884375261, 0.07145533966565328, 0.04030558854608984], "mean_score_time": [0.0033787250518798827, 0.0017380237579345704, 0.0021295070648193358, 0.001847553253173828, 0.0018550395965576173], "std_score_time": [0.001464679405808224, 0.0004622101745320643, 0.0005836299311985648, 0.0003642729863699734, 0.00025959755013178434]}, "score": 0.9716666666666667}}