{"[NN]NeuralNetwork": {"params": {"classification__epochs": 20, "classification__batch_size": 20}, "times": {"mean_fit_time": [2.3094406604766844, 2.7135308265686033, 2.616286516189575, 1.9288639545440673, 2.7093009471893312, 2.491012191772461, 1.9883859157562256, 2.3992302417755127, 1.9403460502624512, 2.174303436279297], "std_fit_time": [0.23426262050282326, 0.45022479808919597, 0.3460822535040867, 0.4260567689779396, 0.24950597115658893, 0.5079414908472979, 0.2045839541334659, 0.11383642124580266, 0.3501251604878208, 0.43467419152521947], "mean_score_time": [0.1530167579650879, 0.19633288383483888, 0.24588389396667482, 0.22514801025390624, 0.2939882278442383, 0.2752693176269531, 0.22416892051696777, 0.21987347602844237, 0.17632155418395995, 0.18379273414611816], "std_score_time": [0.017142013230070065, 0.017006802913309572, 0.0935630299659505, 0.12172070540728101, 0.13036123608958117, 0.17327196266163447, 0.021799911573483485, 0.02093300860428058, 0.027941096633064124, 0.02807290686082025]}, "score": 0.8606666666666666}, "RandomForestClassifier": {"params": {"classification__n_estimators": 50, "classification__min_samples_split": 5, "classification__min_samples_leaf": 1, "classification__max_features": "sqrt", "classification__max_depth": null, "classification__bootstrap": true}, "times": {"mean_fit_time": [0.06836528778076172], "std_fit_time": [0.0024620861596109244], "mean_score_time": [0.001640462875366211], "std_score_time": [0.0002909060597383196]}, "score": 1.0}, "KNeighborsClassifier": {"params": {"classification__weights": "uniform", "classification__n_neighbors": 19, "classification__metric": "minkowski", "classification__leaf_size": 20}, "times": {"mean_fit_time": [0.025667715072631835], "std_fit_time": [0.013912296921933881], "mean_score_time": [0.006989145278930664], "std_score_time": [0.0008412471042265942]}, "score": 0.9400000000000001}, "ComplementNB": {"params": {"classification__alpha": 1.0}, "times": {"mean_fit_time": [0.003887653350830078], "std_fit_time": [0.0004706734689541891], "mean_score_time": [0.0009495258331298828], "std_score_time": [0.00010876451755471923]}, "score": 0.7266666666666667}, "LogisticRegression": {"params": {"classification__solver": "saga", "classification__C": 100}, "times": {"mean_fit_time": [0.6810418605804444], "std_fit_time": [0.03053601763269403], "mean_score_time": [0.03732914924621582], "std_score_time": [0.005594529967074277]}, "score": 0.86}}