{"[NN]NeuralNetwork": {"params": {"classification__epochs": 20, "classification__batch_size": 30}, "times": {"mean_fit_time": [3.361021947860718, 3.4004878997802734, 3.267539310455322, 3.6105402946472167, 3.6380119800567625, 2.8305942535400392, 3.4285511493682863, 3.134300136566162, 2.9503355979919434, 3.144677019119263], "std_fit_time": [0.4568811509249363, 0.44702834045210454, 0.41204414477860185, 0.2177372371974637, 0.2992783239423592, 0.26850018483911164, 0.3574599895578315, 0.13919648582079197, 0.3681454955851931, 0.29261252549360284], "mean_score_time": [0.2994377613067627, 0.276140022277832, 0.2970160961151123, 0.3829331874847412, 0.26125454902648926, 0.36660265922546387, 0.26424126625061034, 0.2070004940032959, 0.2310971736907959, 0.35126481056213377], "std_score_time": [0.09609624168416624, 0.05085949349920223, 0.16038862545929633, 0.06215477683802608, 0.02758720039342507, 0.07036569674624706, 0.05334952735769478, 0.04713000741272747, 0.05443421891959865, 0.19787241451808615]}, "score": 0.8893174603174604}, "RandomForestClassifier": {"params": {"classification__n_estimators": 1000, "classification__min_samples_split": 5, "classification__min_samples_leaf": 1, "classification__max_features": "log2", "classification__max_depth": null, "classification__bootstrap": false}, "times": {"mean_fit_time": [0.2145930767059326, 3.239416790008545, 0.04329557418823242, 0.23909902572631836, 3.3031936168670653], "std_fit_time": [0.028039235074986332, 0.1268299088040386, 0.008004200757357204, 0.01995416188698686, 0.04620644041780646], "mean_score_time": [0.0015448570251464845, 0.003857135772705078, 0.001536417007446289, 0.0016574859619140625, 0.004992437362670898], "std_score_time": [0.0003205339882097314, 0.0012345683757922503, 0.00026779089048579785, 0.0003073568560587996, 0.0017321880563649532]}, "score": 0.9786666666666667}, "KNeighborsClassifier": {"params": {"classification__weights": "distance", "classification__n_neighbors": 5, "classification__metric": "manhattan", "classification__leaf_size": 23}, "times": {"mean_fit_time": [0.06063232421875, 0.060529661178588864, 0.055760526657104494, 0.0385347843170166, 0.026349830627441406], "std_fit_time": [0.013277763316198142, 0.02345013689100108, 0.025272329413454368, 0.012677560650059592, 0.002082161971517165], "mean_score_time": [0.00910806655883789, 0.014168691635131837, 0.009248876571655273, 0.011667203903198243, 0.012086582183837891], "std_score_time": [0.0008564096117807545, 0.010451111382712763, 0.0009165759538588571, 0.004593664334470331, 0.002814450866295609]}, "score": 0.710190476190476}, "ComplementNB": {"params": {"classification__alpha": 0.5}, "times": {"mean_fit_time": [0.005544853210449219, 0.006778144836425781, 0.005318069458007812, 0.009842824935913087, 0.009026432037353515], "std_fit_time": [0.0009504318835384588, 0.00041746608735676973, 0.0011755027071503068, 0.0003932732031066911, 0.0010773964659163702], "mean_score_time": [0.001647186279296875, 0.0019324779510498046, 0.001481485366821289, 0.0028676509857177733, 0.0019747734069824217], "std_score_time": [0.0003015500016733776, 0.0002844047492022613, 0.000654172520220662, 0.0015799500079175756, 5.0915715211641955e-05]}, "score": 0.7653333333333332}, "LogisticRegression": {"params": {"classification__solver": "newton-cg", "classification__C": 10}, "times": {"mean_fit_time": [0.7378358840942383, 0.651353406906128, 0.4044171333312988, 1.1457597255706786, 0.6761112689971924], "std_fit_time": [0.0649140546698496, 0.14792840785803046, 0.086300190319297, 0.19399134303917043, 0.11731892881811465], "mean_score_time": [0.0035085201263427733, 0.004021263122558594, 0.002256488800048828, 0.0024831295013427734, 0.001867961883544922], "std_score_time": [0.0015524759186211978, 0.0027164134175766824, 0.0007019512922683843, 0.00042811421557091084, 0.000498416041730807]}, "score": 0.982}}