{"[NN]NeuralNetwork": {"params": {"classification__epochs": 15, "classification__batch_size": 20}, "times": {"mean_fit_time": [3.6001779079437255, 3.577722120285034, 3.4100574493408202, 2.509582281112671, 3.2765408992767333, 2.6939253330230715, 2.5511215209960936, 2.9557251930236816, 3.1092636585235596, 2.6136218070983888], "std_fit_time": [0.5885239290732822, 0.32288622497276853, 0.7646914424004815, 0.29333323101579295, 0.57131460854686, 0.2736325856419167, 0.5712839529183169, 0.7299243800476328, 0.6697797913234531, 0.3668236608003111], "mean_score_time": [0.2173558235168457, 0.2898686408996582, 0.23508777618408203, 0.29590392112731934, 0.24437999725341797, 0.3524783611297607, 0.23645577430725098, 0.18201069831848143, 0.21469497680664062, 0.2990666389465332], "std_score_time": [0.05965476783171916, 0.07161248038755931, 0.026558115187117284, 0.0599283681706206, 0.032729835459841025, 0.12312454108351446, 0.06628988831383704, 0.021206842963841867, 0.03032458113422268, 0.08230364117344101]}, "score": 0.8635714285714287}, "RandomForestClassifier": {"params": {"classification__n_estimators": 500, "classification__min_samples_split": 10, "classification__min_samples_leaf": 1, "classification__max_features": null, "classification__max_depth": 20, "classification__bootstrap": true}, "times": {"mean_fit_time": [2.38735613822937, 0.8526723861694336, 2.2710915565490724], "std_fit_time": [0.08509797614499832, 0.05372052905367549, 0.10074556482446376], "mean_score_time": [0.004849100112915039, 0.0016672611236572266, 0.003243112564086914], "std_score_time": [0.00069390608415295, 0.00010424460793039141, 0.0004380014081373826]}, "score": 0.9473333333333332}, "KNeighborsClassifier": {"params": {"classification__weights": "uniform", "classification__n_neighbors": 3, "classification__metric": "manhattan", "classification__leaf_size": 30}, "times": {"mean_fit_time": [0.04437909126281738, 0.044561243057250975, 0.034279584884643555], "std_fit_time": [0.0049482518405044185, 0.0036200482493738543, 0.015836885989440667], "mean_score_time": [0.01060643196105957, 0.009726142883300782, 0.009646463394165038], "std_score_time": [0.0016739661228165905, 0.0012806957303509838, 0.00045439537422741]}, "score": 0.966}, "ComplementNB": {"params": {"classification__alpha": 0}, "times": {"mean_fit_time": [0.005638027191162109, 0.006466054916381836, 0.008840513229370118], "std_fit_time": [0.0010550276446105809, 0.0008294028496403706, 0.0009052046378238459], "mean_score_time": [0.0016077518463134765, 0.0019738197326660155, 0.0018219947814941406], "std_score_time": [0.0005351581388955952, 0.0006899594333770815, 1.9699204346342624e-05]}, "score": 0.7772857142857142}, "LogisticRegression": {"params": {"classification__solver": "sag", "classification__C": 10}, "times": {"mean_fit_time": [1.0533708572387694, 0.9286823272705078, 1.1815049171447753], "std_fit_time": [0.20502802751754848, 0.1613328936641902, 0.10598163925686968], "mean_score_time": [0.04576387405395508, 0.046461296081542966, 0.04390707015991211], "std_score_time": [0.0023215164111652664, 0.006754544353489173, 0.01235054207336658]}, "score": 0.82}}