{"[NN]NeuralNetwork": {"params": {"classification__epochs": 10, "classification__batch_size": 20}, "times": {"mean_fit_time": [3.5586508750915526, 3.4957128524780274, 3.7892512321472167, 3.4891548633575438, 2.765343761444092, 3.492336893081665, 3.974706697463989, 3.0359959602355957, 3.872069501876831, 3.6637851715087892], "std_fit_time": [0.809914192147583, 0.5838327928916467, 0.37820383043325095, 0.4052847081575874, 0.5606339787962482, 0.42866265210734233, 0.6151314606144468, 0.20804355606234828, 0.9934249516077172, 0.2070630806657903], "mean_score_time": [0.23520445823669434, 0.32686843872070315, 0.3146711826324463, 0.394572114944458, 0.23283038139343262, 0.2965202331542969, 0.22205705642700196, 0.26413283348083494, 0.2202148914337158, 0.33567423820495607], "std_score_time": [0.09029385442012072, 0.09892757027920625, 0.12280608225234774, 0.14854594692824893, 0.0535167682527414, 0.08595895247137245, 0.025543378499670918, 0.08532041608663786, 0.06952102330820248, 0.16224298319756195]}, "score": 0.8950317460317461}, "RandomForestClassifier": {"params": {"classification__n_estimators": 300, "classification__min_samples_split": 10, "classification__min_samples_leaf": 4, "classification__max_features": "log2", "classification__max_depth": 60, "classification__bootstrap": true}, "times": {"mean_fit_time": [5.0476068496704105, 0.8621838569641114, 0.8297115802764893], "std_fit_time": [0.06683131366442892, 0.06951105218477692, 0.061000714755103644], "mean_score_time": [0.004474544525146484, 0.0019611835479736326, 0.001976346969604492], "std_score_time": [0.000872701559525798, 0.000318570419625954, 0.00017721161417903164]}, "score": 0.976}, "KNeighborsClassifier": {"params": {"classification__weights": "uniform", "classification__n_neighbors": 17, "classification__metric": "euclidean", "classification__leaf_size": 20}, "times": {"mean_fit_time": [0.043877696990966795, 0.04691004753112793, 0.02849712371826172], "std_fit_time": [0.009096429792494174, 0.00813988210970638, 0.0029165934069600888], "mean_score_time": [0.009036636352539063, 0.009455490112304687, 0.010569477081298828], "std_score_time": [0.0009217880014202231, 0.0006798287682811605, 0.003290847176437408]}, "score": 0.9193333333333333}, "ComplementNB": {"params": {"classification__alpha": 1.0}, "times": {"mean_fit_time": [0.005340433120727539, 0.00519094467163086, 0.007926225662231445], "std_fit_time": [0.0008450125121742977, 0.0007046717464183088, 0.0013868571801249386], "mean_score_time": [0.0015331268310546874, 0.0015580177307128907, 0.001722240447998047], "std_score_time": [0.00047294435798439353, 0.0004950647843085365, 0.0003158504907554461]}, "score": 0.6966666666666667}, "LogisticRegression": {"params": {"classification__solver": "newton-cg", "classification__C": 0.01}, "times": {"mean_fit_time": [0.16693568229675293, 0.21576275825500488, 0.6023897171020508], "std_fit_time": [0.00672539741810666, 0.03302852973017663, 0.2198087137096925], "mean_score_time": [0.0019310474395751952, 0.0020343303680419923, 0.0021318912506103514], "std_score_time": [0.00023741820270636494, 0.00039054603914817236, 0.00029533599118830535]}, "score": 0.8800000000000001}}