{"[NN]NeuralNetwork": {"params": {"classification__epochs": 20, "classification__batch_size": 25}, "times": {"mean_fit_time": [4.623948431015014, 3.1910069465637205, 4.4472144603729244, 4.44738187789917, 3.888245391845703, 4.539770174026489, 4.73957371711731, 3.3918673515319826, 4.340398550033569, 3.69182710647583], "std_fit_time": [1.1390491339896207, 0.5767287997316116, 0.9382694357101008, 1.1159619719188554, 0.863003235447226, 0.6527669078281684, 0.5024163074080364, 0.8272921582171191, 0.7409244813667638, 0.3425526923124235], "mean_score_time": [0.2355316162109375, 0.39040040969848633, 0.3029062747955322, 0.2656352996826172, 0.2356419086456299, 0.30771937370300295, 0.29105257987976074, 0.2610307216644287, 0.33974580764770507, 0.2973259449005127], "std_score_time": [0.03659398806876273, 0.14541171436485048, 0.07427192667809215, 0.09312503245484473, 0.052929464505293976, 0.16686086209708761, 0.10110986226026693, 0.07129453639461417, 0.11146509444828957, 0.04134693220078692]}, "score": 0.8688383838383839}, "RandomForestClassifier": {"params": {"classification__n_estimators": 300, "classification__min_samples_split": 2, "classification__min_samples_leaf": 4, "classification__max_features": "log2", "classification__max_depth": 40, "classification__bootstrap": true}, "times": {"mean_fit_time": [0.9178350448608399, 0.05582008361816406, 0.9318068504333497], "std_fit_time": [0.1401947386072656, 0.0021376720241403453, 0.12941186236613816], "mean_score_time": [0.002071189880371094, 0.001576709747314453, 0.0019448757171630859], "std_score_time": [0.0005443716222740788, 0.0003039928472298528, 0.00019158641742523733]}, "score": 0.9766666666666666}, "KNeighborsClassifier": {"params": {"classification__weights": "uniform", "classification__n_neighbors": 9, "classification__metric": "minkowski", "classification__leaf_size": 10}, "times": {"mean_fit_time": [0.03449592590332031, 0.039113092422485354, 0.026964759826660155], "std_fit_time": [0.012878618007870164, 0.008672350478036751, 0.0070850167358003195], "mean_score_time": [0.013720560073852538, 0.009165239334106446, 0.010025119781494141], "std_score_time": [0.0038581749343547553, 0.0010104591785168046, 0.0013590145492880289]}, "score": 0.9485714285714286}, "ComplementNB": {"params": {"classification__alpha": 0}, "times": {"mean_fit_time": [0.004486799240112305, 0.00432882308959961, 0.0072135448455810545], "std_fit_time": [0.0005037214393140818, 0.0005349731601719437, 0.0019068036576383855], "mean_score_time": [0.001226806640625, 0.0013040542602539063, 0.0014256000518798827], "std_score_time": [0.00028733475191837954, 0.0002896492201450056, 0.00019233967848479296]}, "score": 0.6963809523809524}, "LogisticRegression": {"params": {"classification__solver": "sag", "classification__C": 1.0}, "times": {"mean_fit_time": [0.9444584369659423, 0.695782995223999, 1.1016319274902344], "std_fit_time": [0.14627498084468027, 0.09495895710831984, 0.060641525785768015], "mean_score_time": [0.03724980354309082, 0.04376130104064942, 0.03902139663696289], "std_score_time": [0.011021329944052938, 0.005960793278971205, 0.005290536123153443]}, "score": 0.8253333333333334}}