{"[NN]NeuralNetwork": {"params": {"classification__epochs": 15, "classification__batch_size": 20}, "times": {"mean_fit_time": [3.5091967582702637, 2.7578360557556154, 3.768335294723511, 2.9955418586730955, 3.5726321220397947, 3.451057767868042, 2.447989654541016, 3.5079155445098875, 3.150800657272339, 3.139480543136597], "std_fit_time": [0.39236715670724115, 0.22635383957000565, 0.7632338240857814, 0.2381768566500235, 0.5319603712809335, 0.3870480735818975, 0.5525125951384176, 0.6565208179803359, 0.38438356612260355, 0.20928166047941896], "mean_score_time": [0.26287097930908204, 0.2433701992034912, 0.25718097686767577, 0.27017698287963865, 0.24365429878234862, 0.20767502784729003, 0.2836310386657715, 0.25658354759216306, 0.29624381065368655, 0.24052672386169432], "std_score_time": [0.03473181945471577, 0.049240883245713296, 0.03884840669614461, 0.04490942453849447, 0.046247577394127805, 0.06278926427563923, 0.1266112063635838, 0.03298583213356725, 0.09779430559331795, 0.06960443370018908]}, "score": 0.8912857142857143}, "RandomForestClassifier": {"params": {"classification__n_estimators": 300, "classification__min_samples_split": 10, "classification__min_samples_leaf": 4, "classification__max_features": "sqrt", "classification__max_depth": 70, "classification__bootstrap": true}, "times": {"mean_fit_time": [0.7804920673370361, 1.1923576831817626, 0.9433184623718261], "std_fit_time": [0.18791051927357835, 0.22625591958562333, 0.02757214452803597], "mean_score_time": [0.0017536163330078125, 0.0015935420989990235, 0.0021236896514892577], "std_score_time": [0.00027538963782272206, 0.00017465695681525884, 0.00038187004780228207]}, "score": 0.982}, "KNeighborsClassifier": {"params": {"classification__weights": "uniform", "classification__n_neighbors": 1, "classification__metric": "minkowski", "classification__leaf_size": 26}, "times": {"mean_fit_time": [0.042122268676757814, 0.047092628479003903, 0.043781614303588866], "std_fit_time": [0.013674250123271434, 0.003743966821179132, 0.01373073401908684], "mean_score_time": [0.00901789665222168, 0.008837509155273437, 0.009944629669189454], "std_score_time": [0.0008616243517287923, 0.0005619361006721064, 0.0008077330032324898]}, "score": 0.9406666666666668}, "ComplementNB": {"params": {"classification__alpha": 0.5}, "times": {"mean_fit_time": [0.004872560501098633, 0.004904747009277344, 0.006651973724365235], "std_fit_time": [0.0008686241632705591, 0.0003231530733401078, 0.000883963684491097], "mean_score_time": [0.0014523029327392577, 0.0014542102813720702, 0.0014447212219238282], "std_score_time": [0.00026882400947481565, 0.00022667790317655348, 0.00016143410548208236]}, "score": 0.6788571428571428}, "LogisticRegression": {"params": {"classification__solver": "saga", "classification__C": 1.0}, "times": {"mean_fit_time": [0.8061253547668457, 0.920009183883667, 1.6192267417907715], "std_fit_time": [0.1245944812489776, 0.21164036373230669, 0.27083013158652824], "mean_score_time": [0.04171767234802246, 0.04537811279296875, 0.04871692657470703], "std_score_time": [0.005334679977413439, 0.01249642900198517, 0.011253942916452044]}, "score": 0.8059047619047618}}