{"[NN]NeuralNetwork": {"params": {"classification__epochs": 20, "classification__batch_size": 25}, "times": {"mean_fit_time": [5.334631824493409, 4.045126724243164, 4.161201429367066, 4.911295938491821, 3.9311010360717775, 4.483105134963989, 5.756646394729614, 4.802321147918701, 6.492479658126831, 5.024436950683594], "std_fit_time": [0.6786977344702267, 0.6604090455362248, 1.0228360740190217, 0.6661836061496823, 0.7993450862076861, 0.6469710684621552, 0.528460056986951, 0.9280437841773578, 0.7882114026364577, 0.9769191046870368], "mean_score_time": [0.39510421752929686, 0.5448449611663818, 0.48687019348144533, 0.490619421005249, 0.4067188262939453, 0.4977253913879395, 0.5334740161895752, 0.6788025856018066, 0.4109391212463379, 0.5923014163970948], "std_score_time": [0.07442848026925562, 0.05122939012022769, 0.07764250012489281, 0.17057636314538943, 0.083795941398584, 0.1709612748905669, 0.14693819510752823, 0.10788100570929372, 0.07582569298793197, 0.13690746009408727]}, "score": 0.8835714285714286}, "RandomForestClassifier": {"params": {"classification__n_estimators": 400, "classification__min_samples_split": 5, "classification__min_samples_leaf": 2, "classification__max_features": "log2", "classification__max_depth": 40, "classification__bootstrap": true}, "times": {"mean_fit_time": [1.776575469970703, 1.2050588130950928, 1.3716017723083496], "std_fit_time": [0.3206895076216275, 0.17892436838800002, 0.2171451348438156], "mean_score_time": [0.004189395904541015, 0.0021640777587890623, 0.003372478485107422], "std_score_time": [0.003093774392437972, 0.00043398511864979264, 0.001390509671460904]}, "score": 0.976}, "KNeighborsClassifier": {"params": {"classification__weights": "uniform", "classification__n_neighbors": 15, "classification__metric": "minkowski", "classification__leaf_size": 26}, "times": {"mean_fit_time": [0.04463472366333008, 0.03166408538818359, 0.031193351745605467], "std_fit_time": [0.021622832513078005, 0.006183384273147162, 0.0026486295963873275], "mean_score_time": [0.0102020263671875, 0.011018896102905273, 0.008974599838256835], "std_score_time": [0.002132395238171841, 0.005198796312786921, 0.0008282450797916928]}, "score": 0.9006666666666667}, "ComplementNB": {"params": {"classification__alpha": 0}, "times": {"mean_fit_time": [0.004132080078125, 0.00542745590209961, 0.006514644622802735], "std_fit_time": [0.00021065985675991914, 0.001086483982119826, 0.0014460715785739298], "mean_score_time": [0.0013724803924560548, 0.0014007568359375, 0.0013484477996826172], "std_score_time": [0.0002747544891410919, 0.00023291776646420912, 0.0002313374576157592]}, "score": 0.6773333333333333}, "LogisticRegression": {"params": {"classification__solver": "saga", "classification__C": 10}, "times": {"mean_fit_time": [0.6725273132324219, 0.36275553703308105, 1.5478739738464355], "std_fit_time": [0.1264429448109139, 0.04860274425011061, 0.22054115210997455], "mean_score_time": [0.03855776786804199, 0.0019382953643798829, 0.044410991668701175], "std_score_time": [0.009602730718065998, 0.0005699474679860051, 0.009893593334060055]}, "score": 0.7793333333333333}}