{"[NN]NeuralNetwork": {"params": {"classification__epochs": 20, "classification__batch_size": 30}, "times": {"mean_fit_time": [5.90760064125061, 4.71526312828064, 5.295550298690796, 5.170385646820068, 5.037863874435425, 5.723850917816162, 5.574701166152954, 5.134631538391114, 4.820965147018432, 5.095983457565308], "std_fit_time": [1.0687672691778662, 0.9297454169989637, 0.7945425412156694, 0.44243207063471923, 0.3608786033682715, 0.5581635826904734, 1.0034661708150696, 0.6339430062616457, 0.37945269241762863, 0.5948389735217134], "mean_score_time": [0.6094695091247558, 0.6729148864746094, 0.43787665367126466, 0.7463108539581299, 0.5993557929992676, 0.6126223564147949, 0.5963659763336182, 0.5903819084167481, 0.46528010368347167, 0.4820669174194336], "std_score_time": [0.18512102965847124, 0.25478287482111256, 0.08833459130363897, 0.16957064768326244, 0.15842593381298, 0.2772516100127253, 0.21174274016522066, 0.21462212086401683, 0.13024531529956718, 0.1495598063303339]}, "score": 0.8600793650793651}, "RandomForestClassifier": {"params": {"classification__n_estimators": 500, "classification__min_samples_split": 2, "classification__min_samples_leaf": 2, "classification__max_features": null, "classification__max_depth": 10, "classification__bootstrap": true}, "times": {"mean_fit_time": [0.23154797554016113, 2.209769535064697, 2.515335750579834], "std_fit_time": [0.026943882697497156, 0.20045542766576044, 0.23022826697962923], "mean_score_time": [0.0017927169799804687, 0.004262351989746093, 0.003904867172241211], "std_score_time": [0.0002744800516362847, 0.001085294137236035, 0.0006657396680072563]}, "score": 0.974}, "KNeighborsClassifier": {"params": {"classification__weights": "uniform", "classification__n_neighbors": 3, "classification__metric": "euclidean", "classification__leaf_size": 16}, "times": {"mean_fit_time": [0.033214569091796875, 0.03531923294067383, 0.029593944549560547], "std_fit_time": [0.0049403271739384925, 0.008520413340375536, 0.0011120984364801966], "mean_score_time": [0.010041904449462891, 0.00904221534729004, 0.009488487243652343], "std_score_time": [0.0011365636017554698, 0.0007655983785271712, 0.0015236313822765749]}, "score": 0.9126666666666667}, "ComplementNB": {"params": {"classification__alpha": 0}, "times": {"mean_fit_time": [0.003975439071655274, 0.004845142364501953, 0.007273435592651367], "std_fit_time": [0.00026263857370504266, 0.0008490360572109388, 0.0015414221042047173], "mean_score_time": [0.001337146759033203, 0.0015133857727050782, 0.001450490951538086], "std_score_time": [0.00023615557517162278, 0.00041953513046225755, 0.00024595708979779484]}, "score": 0.696}, "LogisticRegression": {"params": {"classification__solver": "saga", "classification__C": 100}, "times": {"mean_fit_time": [0.6407698154449463, 0.6358256816864014, 1.3064466953277587], "std_fit_time": [0.050681871292386806, 0.04745112364649059, 0.12859207439726744], "mean_score_time": [0.03596329689025879, 0.03727941513061524, 0.03979496955871582], "std_score_time": [0.007995374960957292, 0.008056653240742163, 0.003756308257108784]}, "score": 0.7386666666666667}}