{"[NN]NeuralNetwork": {"params": {"classification__epochs": 15, "classification__batch_size": 30}, "times": {"mean_fit_time": [5.064818716049194, 3.783896732330322, 3.6146171569824217, 3.244589614868164, 3.1987974643707275, 3.2219920635223387, 3.0609484195709227, 3.4354666233062745, 3.0101930141448974, 3.768630313873291], "std_fit_time": [0.47170699264976707, 0.6961478048276076, 0.2870166374637489, 0.4399351301329883, 0.19388375208189115, 0.24467540788380393, 0.3145035869355605, 0.5269486013205272, 0.26519323815623785, 0.4205962582149137], "mean_score_time": [0.27344379425048826, 0.344484806060791, 0.3497307777404785, 0.34937162399291993, 0.3452441692352295, 0.36815757751464845, 0.32640948295593264, 0.24542746543884278, 0.29969377517700196, 0.28393898010253904], "std_score_time": [0.07803161770728693, 0.09824255935779234, 0.1446530777721161, 0.08251895623158405, 0.1254815830377806, 0.10936522118965121, 0.10378683507033788, 0.01376137105741131, 0.041563128929689434, 0.04365529448568736]}, "score": 0.8639985569985569}, "RandomForestClassifier": {"params": {"classification__n_estimators": 500, "classification__min_samples_split": 10, "classification__min_samples_leaf": 1, "classification__max_features": "log2", "classification__max_depth": null, "classification__bootstrap": true}, "times": {"mean_fit_time": [0.6738419532775879, 1.7577275276184081, 1.4590062141418456], "std_fit_time": [0.08300955185816554, 0.1945298456849104, 0.05216590260921071], "mean_score_time": [0.0017946720123291015, 0.0036523818969726564, 0.003958606719970703], "std_score_time": [0.00021183705288557923, 0.00216581243182455, 0.0012417869920657374]}, "score": 0.9753333333333334}, "KNeighborsClassifier": {"params": {"classification__weights": "uniform", "classification__n_neighbors": 7, "classification__metric": "manhattan", "classification__leaf_size": 20}, "times": {"mean_fit_time": [0.03156781196594238, 0.03633594512939453, 0.0245607852935791], "std_fit_time": [0.007974311252041715, 0.005876932787713058, 0.007911389380479045], "mean_score_time": [0.011184072494506836, 0.012335777282714844, 0.00972762107849121], "std_score_time": [0.0021808821315452364, 0.0024824706392481076, 0.001157220660729162]}, "score": 0.9693333333333334}, "ComplementNB": {"params": {"classification__alpha": 0}, "times": {"mean_fit_time": [0.005132484436035156, 0.005432224273681641, 0.006673002243041992], "std_fit_time": [0.0007642958683074568, 0.000869857429694731, 0.0003089539997914438], "mean_score_time": [0.0015091896057128906, 0.0017622947692871095, 0.0013997077941894532], "std_score_time": [0.00045341151340676423, 0.0005876578281660354, 8.679746172634342e-06]}, "score": 0.75}, "LogisticRegression": {"params": {"classification__solver": "sag", "classification__C": 100}, "times": {"mean_fit_time": [0.7046048641204834, 0.16917872428894043, 1.1357935905456542], "std_fit_time": [0.11636549906893363, 0.031096865992376415, 0.10106617943497546], "mean_score_time": [0.03945059776306152, 0.002356815338134766, 0.03910956382751465], "std_score_time": [0.00489091309118192, 0.00042712320535913417, 0.013575165074920102]}, "score": 0.79}}