{"[NN]NeuralNetwork": {"params": {"classification__epochs": 20, "classification__batch_size": 30}, "times": {"mean_fit_time": [3.8996140003204345, 3.3502684116363524, 4.216620397567749, 3.2761463642120363, 3.5252260684967043, 3.8445731163024903, 3.4699275970458983, 3.341772174835205, 3.9771963596343993, 3.2831563472747805], "std_fit_time": [0.4704847430463843, 0.38140073470189584, 0.21955423905137378, 0.5335282826382373, 0.6120895236048182, 1.2975041981518107, 0.3417262431874515, 0.4053070009302426, 0.378020965752817, 0.31063658134587674], "mean_score_time": [0.31333212852478026, 0.3864391326904297, 0.3312657356262207, 0.4261773109436035, 0.3607666015625, 0.21940975189208983, 0.5164612293243408, 0.31177406311035155, 0.2788559913635254, 0.32037720680236814], "std_score_time": [0.1471174324007888, 0.14560817008572163, 0.08991186577637457, 0.13125330625440737, 0.12746777286776656, 0.0403584204877328, 0.12754998156204606, 0.07056103842087899, 0.06212139898515574, 0.10310130262643422]}, "score": 0.8735714285714286}, "RandomForestClassifier": {"params": {"classification__n_estimators": 400, "classification__min_samples_split": 5, "classification__min_samples_leaf": 1, "classification__max_features": null, "classification__max_depth": 70, "classification__bootstrap": false}, "times": {"mean_fit_time": [2.366826963424683, 1.2330202102661132, 1.78019380569458], "std_fit_time": [0.46882499405887396, 0.12021164396393988, 0.10375683591268368], "mean_score_time": [0.0053540229797363285, 0.0017094612121582031, 0.0035608768463134765], "std_score_time": [0.0012983826430911405, 9.875941059875197e-05, 0.002092685189756384]}, "score": 1.0}, "KNeighborsClassifier": {"params": {"classification__weights": "uniform", "classification__n_neighbors": 5, "classification__metric": "manhattan", "classification__leaf_size": 30}, "times": {"mean_fit_time": [0.0498748779296875, 0.04168438911437988, 0.03197174072265625], "std_fit_time": [0.0039205001365789464, 0.010551591737010287, 0.006939632052752206], "mean_score_time": [0.01101226806640625, 0.009326982498168945, 0.010304737091064452], "std_score_time": [0.0013176919220411285, 0.0006806135874986821, 0.0003937626264964275]}, "score": 0.952}, "ComplementNB": {"params": {"classification__alpha": 0.5}, "times": {"mean_fit_time": [0.004470348358154297, 0.004478549957275391, 0.007302236557006836], "std_fit_time": [0.0003768456460352409, 0.00019502066158449196, 0.0012730953688254946], "mean_score_time": [0.001298999786376953, 0.0013176441192626954, 0.0015806198120117188], "std_score_time": [0.00024087166508657252, 0.00017737916715705732, 0.00030021587957012707]}, "score": 0.7008571428571428}, "LogisticRegression": {"params": {"classification__solver": "saga", "classification__C": 0.1}, "times": {"mean_fit_time": [0.8267005920410156, 0.7666088581085205, 1.4295724391937257], "std_fit_time": [0.10402335512989594, 0.10188447716040624, 0.08630213520772849], "mean_score_time": [0.035100030899047854, 0.044318628311157224, 0.04972681999206543], "std_score_time": [0.014228948831461613, 0.010526294830104933, 0.010658403863866784]}, "score": 0.7779047619047619}}