{"[NN]NeuralNetwork": {"params": {"classification__epochs": 20, "classification__batch_size": 30}, "times": {"mean_fit_time": [4.595099067687988, 3.7063589096069336, 4.369631624221801, 4.003772020339966, 3.848282814025879, 4.50532283782959, 4.272126150131226, 4.414996337890625, 4.216107034683228, 3.6137158393859865], "std_fit_time": [0.11757264595057854, 0.4737363858615832, 0.3065950851078235, 0.4148612390955893, 0.36206370710318553, 0.39823478753350927, 0.4183108072673351, 0.4922176746893523, 0.33166919399796485, 0.5219021266512073], "mean_score_time": [0.34938859939575195, 0.46775069236755373, 0.27428627014160156, 0.3669151782989502, 0.29854297637939453, 0.29920196533203125, 0.28059778213500974, 0.23445544242858887, 0.27589144706726076, 0.28157596588134765], "std_score_time": [0.05215863639887774, 0.14277673966642312, 0.0461519153341824, 0.07032138906963502, 0.06370696159371964, 0.08000892696043499, 0.07306104912370774, 0.06326208757747569, 0.10853026567887665, 0.10178584457447881]}, "score": 0.887063492063492}, "RandomForestClassifier": {"params": {"classification__n_estimators": 200, "classification__min_samples_split": 2, "classification__min_samples_leaf": 4, "classification__max_features": "sqrt", "classification__max_depth": 100, "classification__bootstrap": false}, "times": {"mean_fit_time": [0.10835394859313965, 0.5877152442932129, 0.55570068359375], "std_fit_time": [0.010403941794673396, 0.03160763299145381, 0.006272578385478424], "mean_score_time": [0.0016109943389892578, 0.0018355846405029297, 0.001793670654296875], "std_score_time": [0.0003066075904901783, 0.0002565517297985373, 0.0001088726269860597]}, "score": 0.9862857142857143}, "KNeighborsClassifier": {"params": {"classification__weights": "uniform", "classification__n_neighbors": 19, "classification__metric": "minkowski", "classification__leaf_size": 23}, "times": {"mean_fit_time": [0.04654150009155274, 0.03999218940734863, 0.048617315292358396], "std_fit_time": [0.00951123778347087, 0.0073825576733281256, 0.01083542251139126], "mean_score_time": [0.011735773086547852, 0.013040494918823243, 0.009700679779052734], "std_score_time": [0.001153129795427132, 0.0038605949234143356, 0.0015861124827686185]}, "score": 0.942952380952381}, "ComplementNB": {"params": {"classification__alpha": 0.5}, "times": {"mean_fit_time": [0.005890274047851562, 0.005649280548095703, 0.007309865951538086], "std_fit_time": [0.0007430579094192847, 0.0005305348465754244, 0.0011316330481473316], "mean_score_time": [0.0017537593841552735, 0.001749563217163086, 0.0017023086547851562], "std_score_time": [0.00046388333831295545, 0.000430062110855321, 0.0002756710632424137]}, "score": 0.6835238095238095}, "LogisticRegression": {"params": {"classification__solver": "lbfgs", "classification__C": 10}, "times": {"mean_fit_time": [0.816150712966919, 0.30075411796569823, 0.39770660400390623], "std_fit_time": [0.11829454209715828, 0.09860140389463708, 0.009042766906580785], "mean_score_time": [0.03158693313598633, 0.002179861068725586, 0.0021619796752929688], "std_score_time": [0.0038924215278919845, 0.0006048206725129605, 0.00048293960508647137]}, "score": 0.875904761904762}}