{"[NN]NeuralNetwork": {"params": {"classification__epochs": 20, "classification__batch_size": 20}, "times": {"mean_fit_time": [4.774550294876098, 5.295028781890869, 4.0138036727905275, 4.064185762405396, 4.220811176300049, 4.9754273891448975, 5.0661286354064945, 7.076872825622559, 6.141804552078247, 5.71459846496582], "std_fit_time": [0.8551251272160217, 1.1133962029029578, 0.3308670182857335, 0.5451162743164075, 0.350351220992005, 1.1120620145531588, 0.7671673605166008, 0.6372574228139134, 0.4801039737796566, 0.42030383969197804], "mean_score_time": [0.425507926940918, 0.47820091247558594, 0.5654130458831788, 0.39000625610351564, 0.48749895095825196, 0.3906550407409668, 0.5264755249023437, 0.6195290088653564, 0.5514279842376709, 0.5237751483917237], "std_score_time": [0.13878617157892745, 0.14207343314411963, 0.18779727039796573, 0.12238053862252925, 0.08736889307321567, 0.12966904246969208, 0.25770163553780256, 0.2711118209079077, 0.07181823987548253, 0.18590971209163729]}, "score": 0.8845714285714286}, "RandomForestClassifier": {"params": {"classification__n_estimators": 300, "classification__min_samples_split": 10, "classification__min_samples_leaf": 1, "classification__max_features": "log2", "classification__max_depth": 80, "classification__bootstrap": false}, "times": {"mean_fit_time": [0.5622899532318115, 0.8510162353515625, 1.0831440925598144], "std_fit_time": [0.08245575959058052, 0.07672502827713373, 0.09697210853007361], "mean_score_time": [0.0018404483795166015, 0.0018652915954589845, 0.0027698993682861326], "std_score_time": [0.00020468073801506624, 0.0003702717324005295, 0.0014916633309689457]}, "score": 0.981904761904762}, "KNeighborsClassifier": {"params": {"classification__weights": "distance", "classification__n_neighbors": 15, "classification__metric": "minkowski", "classification__leaf_size": 20}, "times": {"mean_fit_time": [0.030500125885009766, 0.033484792709350585, 0.03299217224121094], "std_fit_time": [0.0076667236629158935, 0.007056930837836437, 0.0028327886872953453], "mean_score_time": [0.009375, 0.009676647186279298, 0.00931692123413086], "std_score_time": [0.000999829790508443, 0.00169482112075025, 0.00035965386944766543]}, "score": 0.23933333333333331}, "ComplementNB": {"params": {"classification__alpha": 1.0}, "times": {"mean_fit_time": [0.0047017097473144535, 0.00520620346069336, 0.005576419830322266], "std_fit_time": [0.00016232118192722856, 0.0008427035940763922, 0.00025370288483918556], "mean_score_time": [0.001439952850341797, 0.0015799522399902344, 0.0013216495513916015], "std_score_time": [0.0003960717075996925, 0.0004952079902665463, 5.830211319891521e-05]}, "score": 0.6801904761904762}, "LogisticRegression": {"params": {"classification__solver": "lbfgs", "classification__C": 0.01}, "times": {"mean_fit_time": [0.777927827835083, 0.3850228786468506, 0.474552059173584], "std_fit_time": [0.046197612009940624, 0.0475291895507024, 0.03864139447622714], "mean_score_time": [0.0366910457611084, 0.002458953857421875, 0.002309274673461914], "std_score_time": [0.00582216807331799, 0.0003978403209282192, 0.0007095890863134292]}, "score": 0.8265714285714285}}