{"[NN]NeuralNetwork": {"params": {"classification__epochs": 10, "classification__batch_size": 25}, "times": {"mean_fit_time": [3.98056583404541, 3.2047250747680662, 3.5349406719207765, 4.169518232345581, 3.8828707218170164, 3.84029107093811, 5.292441415786743, 4.777014350891113, 3.324696445465088, 3.940219449996948], "std_fit_time": [0.6388290734296406, 0.7894008918487472, 0.4455483599749814, 0.8848353342092159, 0.5573490448117862, 0.29289979450251047, 0.2690381442425575, 1.0866171450143827, 0.35073121806136726, 0.631153430368306], "mean_score_time": [0.5576267242431641, 0.4828495502471924, 0.5497758388519287, 0.5803728103637695, 0.6266767024993897, 0.6113756656646728, 0.4790189743041992, 0.4904638290405273, 0.598272705078125, 0.5055735111236572], "std_score_time": [0.07052057143445922, 0.08319588404129127, 0.14960553809779803, 0.16605065321269272, 0.2122051676791138, 0.07376115466136332, 0.09138256894138537, 0.07241896782950058, 0.12998942612790748, 0.07296538584818302]}, "score": 0.8727373737373737}, "RandomForestClassifier": {"params": {"classification__n_estimators": 400, "classification__min_samples_split": 5, "classification__min_samples_leaf": 1, "classification__max_features": "log2", "classification__max_depth": 50, "classification__bootstrap": false}, "times": {"mean_fit_time": [1.5340868473052978, 1.1240511894226075, 1.3169447898864746], "std_fit_time": [0.15724879685090404, 0.09708572505903636, 0.16785690016321722], "mean_score_time": [0.0028954505920410155, 0.0017824172973632812, 0.004098272323608399], "std_score_time": [0.0017993540900731891, 9.862083009515312e-05, 0.0018172347905154181]}, "score": 0.96}, "KNeighborsClassifier": {"params": {"classification__weights": "uniform", "classification__n_neighbors": 11, "classification__metric": "manhattan", "classification__leaf_size": 30}, "times": {"mean_fit_time": [0.027760934829711915, 0.027951145172119142, 0.031676626205444335], "std_fit_time": [0.001733891332201697, 0.011492835925471291, 0.007250343585159173], "mean_score_time": [0.00974130630493164, 0.008905029296875, 0.011246347427368164], "std_score_time": [0.0011990290080537587, 0.0004896349275556366, 0.0020543304382293665]}, "score": 0.9653333333333333}, "ComplementNB": {"params": {"classification__alpha": 0}, "times": {"mean_fit_time": [0.004927158355712891, 0.005100917816162109, 0.006271266937255859], "std_fit_time": [0.0008732478633955103, 0.0012336120703907907, 0.0002426669039232279], "mean_score_time": [0.0014518260955810546, 0.0016626358032226563, 0.0013145923614501954], "std_score_time": [0.0004669863901092928, 0.0005945878416091563, 7.292778114343374e-05]}, "score": 0.7426666666666667}, "LogisticRegression": {"params": {"classification__solver": "newton-cg", "classification__C": 0.1}, "times": {"mean_fit_time": [0.7898163795471191, 0.22092900276184083, 1.1475571155548097], "std_fit_time": [0.10748814733146872, 0.06906927258536316, 0.43998263614153066], "mean_score_time": [0.04282393455505371, 0.002023124694824219, 0.0025406837463378905], "std_score_time": [0.012567237428046243, 0.0003366374630418616, 0.0006165468240913308]}, "score": 0.8233333333333333}}