{"[NN]NeuralNetwork": {"params": {"classification__epochs": 10, "classification__batch_size": 20}, "times": {"mean_fit_time": [3.5844743728637694, 4.022524690628051, 3.489438533782959, 3.699382495880127, 3.7874391078948975, 3.251647424697876, 3.4863673210144044, 3.725211000442505, 3.4774677753448486, 3.3747015476226805], "std_fit_time": [0.3762860338365365, 1.0677166237934903, 0.7169522214433434, 0.439416210355874, 0.702302403575627, 0.45522314941830966, 0.7849697930695259, 0.5627054267258514, 0.5626958781241124, 1.1842881795168578], "mean_score_time": [0.31270537376403806, 0.31845998764038086, 0.3797621250152588, 0.3541820526123047, 0.3621027946472168, 0.31685752868652345, 0.28597660064697267, 0.22305479049682617, 0.195435094833374, 0.20381221771240235], "std_score_time": [0.1255655405769376, 0.09299372549092935, 0.08107098228299657, 0.14881001797689708, 0.16741722119973668, 0.10068332547375151, 0.08153560045086304, 0.065503485058692, 0.034234560124045695, 0.05204976860944485]}, "score": 0.9011746031746032}, "RandomForestClassifier": {"params": {"classification__n_estimators": 1000, "classification__min_samples_split": 5, "classification__min_samples_leaf": 1, "classification__max_features": "sqrt", "classification__max_depth": 20, "classification__bootstrap": false}, "times": {"mean_fit_time": [0.9297723293304443, 3.6831737518310548, 3.460188961029053], "std_fit_time": [0.11619845791092542, 0.1951762117517087, 0.04662094654790818], "mean_score_time": [0.0018532752990722656, 0.003808116912841797, 0.002976083755493164], "std_score_time": [0.00029693337100657874, 0.0006344337760812574, 0.00021814143561891652]}, "score": 0.9686666666666668}, "KNeighborsClassifier": {"params": {"classification__weights": "uniform", "classification__n_neighbors": 13, "classification__metric": "euclidean", "classification__leaf_size": 20}, "times": {"mean_fit_time": [0.04168572425842285, 0.0433413028717041, 0.031227874755859374], "std_fit_time": [0.012215194497074238, 0.00969695951434963, 0.0014115238356902289], "mean_score_time": [0.009586191177368164, 0.011421680450439453, 0.009290599822998047], "std_score_time": [0.0010307644662917565, 0.0012872502809065998, 0.00029719759445582676]}, "score": 0.9306666666666666}, "ComplementNB": {"params": {"classification__alpha": 1.0}, "times": {"mean_fit_time": [0.004879522323608399, 0.005421876907348633, 0.007834053039550782], "std_fit_time": [0.0009861969507424073, 0.0008095555989210848, 0.0025167819203499617], "mean_score_time": [0.0013286113739013673, 0.001592254638671875, 0.0015405654907226563], "std_score_time": [0.00030533319377232915, 0.0002781612549943365, 0.00041237977989819]}, "score": 0.702}, "LogisticRegression": {"params": {"classification__solver": "newton-cg", "classification__C": 100}, "times": {"mean_fit_time": [0.6323498249053955, 0.15715808868408204, 0.22353339195251465], "std_fit_time": [0.04279783788671911, 0.015535261686643114, 0.03069938780267892], "mean_score_time": [0.042746782302856445, 0.0017421722412109375, 0.001674985885620117], "std_score_time": [0.01824760923281386, 0.0002864168901144434, 7.8488699854689e-05]}, "score": 0.868}}