{"[NN]NeuralNetwork": {"params": {"classification__epochs": 15, "classification__batch_size": 30}, "times": {"mean_fit_time": [4.441545820236206, 3.752789831161499, 3.2112271308898928, 3.2094601154327393, 2.9386237144470213, 4.10472149848938, 3.1675336837768553, 2.959339714050293, 3.6406879901885985, 3.2360461235046385], "std_fit_time": [0.8180488587553715, 0.6359874081821368, 0.29692824037510923, 0.4662247861990237, 0.5820980893653214, 1.0412865982907897, 0.7240414677329248, 0.5709407033389716, 0.44967527084020875, 0.45586255194412867], "mean_score_time": [0.2842679977416992, 0.32216610908508303, 0.36321115493774414, 0.34372406005859374, 0.42480244636535647, 0.27212042808532716, 0.23289880752563477, 0.2442704677581787, 0.24133057594299318, 0.22782464027404786], "std_score_time": [0.10545169275574176, 0.05293917725525944, 0.06733173041734213, 0.07452871666260674, 0.25780269048791027, 0.04557389810784818, 0.026114115485543193, 0.023147358924794643, 0.09245226295857267, 0.04938219216369577]}, "score": 0.8829682539682538}, "RandomForestClassifier": {"params": {"classification__n_estimators": 300, "classification__min_samples_split": 10, "classification__min_samples_leaf": 4, "classification__max_features": null, "classification__max_depth": 60, "classification__bootstrap": true}, "times": {"mean_fit_time": [0.5834953784942627, 1.4935456275939942, 1.4918941497802733], "std_fit_time": [0.14132176685739736, 0.1297048735590217, 0.1597221534160146], "mean_score_time": [0.0018257617950439454, 0.0017457008361816406, 0.0022320270538330076], "std_score_time": [0.00016549082686608164, 0.00010202331885003235, 0.0004966626380338311]}, "score": 0.9842857142857143}, "KNeighborsClassifier": {"params": {"classification__weights": "uniform", "classification__n_neighbors": 5, "classification__metric": "minkowski", "classification__leaf_size": 26}, "times": {"mean_fit_time": [0.05218663215637207, 0.04297747611999512, 0.058844566345214844], "std_fit_time": [0.01811342626821173, 0.009315924511597342, 0.02873441967108527], "mean_score_time": [0.06044197082519531, 0.04878950119018555, 0.027145957946777342], "std_score_time": [0.03473118115953486, 0.04602167091866034, 0.008497382682958403]}, "score": 0.9652380952380952}, "ComplementNB": {"params": {"classification__alpha": 1.0}, "times": {"mean_fit_time": [0.010314226150512695, 0.010431432723999023, 0.011824226379394532], "std_fit_time": [0.00040691096633986774, 0.002324951106244483, 0.001579923702034525], "mean_score_time": [0.006833839416503906, 0.005364704132080078, 0.0056763172149658205], "std_score_time": [0.008011983369529787, 0.005582184192476289, 0.006314486110321649]}, "score": 0.6804761904761905}, "LogisticRegression": {"params": {"classification__solver": "newton-cg", "classification__C": 10}, "times": {"mean_fit_time": [2.499538850784302, 0.7247724533081055, 0.6405101776123047], "std_fit_time": [0.5313643567637554, 0.08221306292680654, 0.14530950435198825], "mean_score_time": [0.058555316925048825, 0.010674762725830077, 0.02769756317138672], "std_score_time": [0.013087323242437995, 0.006078483058041259, 0.031592885711088675]}, "score": 0.8295238095238094}}