{"[NN]NeuralNetwork": {"params": {"classification__epochs": 20, "classification__batch_size": 20}, "times": {"mean_fit_time": [4.03885703086853, 3.491756629943848, 2.7417439937591555, 2.751289224624634, 2.899638366699219, 3.181350088119507, 2.6226916313171387, 3.3533474445343017, 3.1425827980041503, 2.8021144390106203], "std_fit_time": [0.9876804287544554, 0.504288204993886, 0.28538889864482314, 0.34493937893612964, 0.4688640701429709, 0.42116977618229073, 0.3031485711107202, 0.4435822797042195, 0.20047911611144145, 0.4541444118858253], "mean_score_time": [0.3323999881744385, 0.20445375442504882, 0.3381175518035889, 0.2330927848815918, 0.29205007553100587, 0.26244454383850097, 0.3182191848754883, 0.2310037612915039, 0.18401594161987306, 0.2041064739227295], "std_score_time": [0.11208248099362442, 0.02374369158269174, 0.07228450926129168, 0.03282989399964172, 0.06293539024071097, 0.04998915219393969, 0.05947208867129089, 0.049870059719631175, 0.02823511403380733, 0.04070665125630465]}, "score": 0.8845714285714286}, "RandomForestClassifier": {"params": {"classification__n_estimators": 300, "classification__min_samples_split": 10, "classification__min_samples_leaf": 1, "classification__max_features": "log2", "classification__max_depth": 80, "classification__bootstrap": false}, "times": {"mean_fit_time": [0.6846677780151367, 0.8745964050292969, 0.8265421867370606], "std_fit_time": [0.11782460081997849, 0.12389789579761103, 0.015172239164112153], "mean_score_time": [0.0017261028289794922, 0.0016176700592041016, 0.0023995399475097655], "std_score_time": [0.00013027147527596493, 0.00019426833892444113, 0.0011430446377345407]}, "score": 0.981904761904762}, "KNeighborsClassifier": {"params": {"classification__weights": "distance", "classification__n_neighbors": 15, "classification__metric": "minkowski", "classification__leaf_size": 20}, "times": {"mean_fit_time": [0.03952035903930664, 0.04362177848815918, 0.03070511817932129], "std_fit_time": [0.0099876957680408, 0.012963732503349465, 0.004880503637592611], "mean_score_time": [0.014545202255249023, 0.009851026535034179, 0.007931137084960937], "std_score_time": [0.003338708442784894, 0.001058603389550279, 0.0008487187541450286]}, "score": 0.23933333333333331}, "ComplementNB": {"params": {"classification__alpha": 1.0}, "times": {"mean_fit_time": [0.00865311622619629, 0.004927396774291992, 0.006641006469726563], "std_fit_time": [0.002213848974365784, 0.0008627636357456466, 0.0012102226331317315], "mean_score_time": [0.001778888702392578, 0.0015700817108154296, 0.0015143394470214845], "std_score_time": [0.0004769701629155737, 0.0003730610283673719, 0.00026318675223812465]}, "score": 0.6801904761904762}, "LogisticRegression": {"params": {"classification__solver": "lbfgs", "classification__C": 0.01}, "times": {"mean_fit_time": [0.8739146709442138, 0.41158418655395507, 0.38233222961425783], "std_fit_time": [0.05636017885953527, 0.041974029093011685, 0.08013837550223038], "mean_score_time": [0.0512178897857666, 0.002364063262939453, 0.0017995357513427735], "std_score_time": [0.02050054975981837, 0.0009643784568180397, 0.00019060573975555705]}, "score": 0.8122857142857143}}