{"[NN]NeuralNetwork": {"params": {"classification__epochs": 20, "classification__batch_size": 30}, "times": {"mean_fit_time": [4.078113603591919, 3.5608741283416747, 3.537549114227295, 3.184867095947266, 3.9256946086883544, 4.047543096542358, 3.5299134254455566, 3.4812437534332275, 3.262975645065308, 2.8213971614837647], "std_fit_time": [0.6048660260864935, 0.5765583552099021, 0.5060276348410402, 1.024870282856958, 0.805961106291854, 1.0260932149521238, 0.45062253169256666, 0.829444285356923, 0.3949236110792244, 0.5163142997188496], "mean_score_time": [0.44202442169189454, 0.45918841361999513, 0.28871631622314453, 0.34750843048095703, 0.33587350845336916, 0.4019018650054932, 0.34124441146850587, 0.32711071968078614, 0.4150213718414307, 0.32993321418762206], "std_score_time": [0.17364472972924463, 0.1584839713390997, 0.12666248728500903, 0.06282273705739085, 0.057005912726229416, 0.19046983115199034, 0.09621572567533374, 0.09074919353874052, 0.16096470389637582, 0.06793044819369622]}, "score": 0.887063492063492}, "RandomForestClassifier": {"params": {"classification__n_estimators": 200, "classification__min_samples_split": 2, "classification__min_samples_leaf": 4, "classification__max_features": "sqrt", "classification__max_depth": 100, "classification__bootstrap": false}, "times": {"mean_fit_time": [0.12464041709899902, 0.6619060516357422, 0.633107042312622], "std_fit_time": [0.011861112256670565, 0.09574337188141849, 0.028119046959177853], "mean_score_time": [0.0017210483551025391, 0.001744699478149414, 0.0016762733459472657], "std_score_time": [0.00037607867649901123, 0.00022343886075778293, 0.00016704970224296252]}, "score": 0.9862857142857143}, "KNeighborsClassifier": {"params": {"classification__weights": "uniform", "classification__n_neighbors": 19, "classification__metric": "minkowski", "classification__leaf_size": 23}, "times": {"mean_fit_time": [0.024820852279663085, 0.022953605651855467, 0.031923675537109376], "std_fit_time": [0.004282273911803577, 0.0034574575160287693, 0.01368900860018117], "mean_score_time": [0.00869126319885254, 0.008076238632202148, 0.007748651504516602], "std_score_time": [0.0009369485110289146, 0.0004312877932925443, 0.0002676321094523756]}, "score": 0.942952380952381}, "ComplementNB": {"params": {"classification__alpha": 0.5}, "times": {"mean_fit_time": [0.004293251037597656, 0.004511737823486328, 0.0066925048828125], "std_fit_time": [0.00019618018345360133, 0.000646851646801447, 0.001038179718610648], "mean_score_time": [0.0013141155242919922, 0.001521921157836914, 0.0016498565673828125], "std_score_time": [0.0003512065551029369, 0.00042515220849662777, 0.0004726561110174033]}, "score": 0.6835238095238095}, "LogisticRegression": {"params": {"classification__solver": "lbfgs", "classification__C": 10}, "times": {"mean_fit_time": [0.8480700969696044, 0.25373311042785646, 0.41618871688842773], "std_fit_time": [0.048602955622343194, 0.10121588262361576, 0.07826203541275006], "mean_score_time": [0.03442573547363281, 0.002887582778930664, 0.0021782398223876955], "std_score_time": [0.0050464828747134914, 0.002521213842294916, 0.000704361399141196]}, "score": 0.855904761904762}}