{"[NN]NeuralNetwork": {"params": {"classification__epochs": 20, "classification__batch_size": 25}, "times": {"mean_fit_time": [4.286362648010254, 5.016963911056519, 4.673758506774902, 3.982433319091797, 4.748268985748291, 4.8470649242401125, 4.483202219009399, 4.471328067779541, 3.6914119720458984, 3.461207056045532], "std_fit_time": [0.8515635960631402, 0.7562056247772205, 1.0013845671096342, 0.5697035127664054, 1.171349254864855, 0.6879533899574791, 0.6862039650593763, 1.1364761502421272, 0.5881373532219737, 0.5966424610463303], "mean_score_time": [0.4874995708465576, 0.3784615993499756, 0.5917444705963135, 0.3972047805786133, 0.3569819450378418, 0.32927894592285156, 0.34105620384216306, 0.3583234786987305, 0.39330692291259767, 0.3988910675048828], "std_score_time": [0.11607025569693738, 0.11294587609463688, 0.29488576240388925, 0.06653610132905272, 0.09614391878510137, 0.07560529977730877, 0.08982568348120368, 0.08312381631223086, 0.08324566892426882, 0.07438934086521509]}, "score": 0.8688383838383839}, "RandomForestClassifier": {"params": {"classification__n_estimators": 300, "classification__min_samples_split": 2, "classification__min_samples_leaf": 4, "classification__max_features": "log2", "classification__max_depth": 40, "classification__bootstrap": true}, "times": {"mean_fit_time": [0.983765697479248, 0.05333442687988281, 0.8917537689208984], "std_fit_time": [0.1347252351398459, 0.010353698177957026, 0.06773235161616696], "mean_score_time": [0.0016603469848632812, 0.0018346786499023437, 0.0018565654754638672], "std_score_time": [0.00010592688208323347, 0.0002999150843783239, 0.0004230576822775634]}, "score": 0.9766666666666666}, "KNeighborsClassifier": {"params": {"classification__weights": "uniform", "classification__n_neighbors": 9, "classification__metric": "minkowski", "classification__leaf_size": 10}, "times": {"mean_fit_time": [0.03081989288330078, 0.030780649185180663, 0.02905745506286621], "std_fit_time": [0.01041675292848651, 0.008040914198171097, 0.013173771421292656], "mean_score_time": [0.008701944351196289, 0.008481979370117188, 0.009055614471435547], "std_score_time": [0.00040607611972572327, 0.0006249086221353881, 0.0016451140070009882]}, "score": 0.9485714285714286}, "ComplementNB": {"params": {"classification__alpha": 0}, "times": {"mean_fit_time": [0.004593467712402344, 0.004275655746459961, 0.007993936538696289], "std_fit_time": [0.00032850881290694253, 0.0005981371946639083, 0.0014491319968217497], "mean_score_time": [0.0014395713806152344, 0.001187896728515625, 0.0014551639556884765], "std_score_time": [0.0004099493872346295, 0.00015950388971449882, 0.00016855641157711605]}, "score": 0.6963809523809524}, "LogisticRegression": {"params": {"classification__solver": "sag", "classification__C": 1.0}, "times": {"mean_fit_time": [0.8957799434661865, 0.7400530338287353, 1.1443193912506104], "std_fit_time": [0.1953256738786436, 0.11292065425779746, 0.06543084039362265], "mean_score_time": [0.04695801734924317, 0.038814449310302736, 0.04528827667236328], "std_score_time": [0.009970262593688245, 0.014320887550576545, 0.007114104048931535]}, "score": 0.8253333333333334}}