{"[NN]NeuralNetwork": {"params": {"classification__epochs": 20, "classification__batch_size": 30}, "times": {"mean_fit_time": [3.53862886428833, 2.861943578720093, 4.1703574657440186, 4.0616107940673825, 3.203829050064087, 3.4120867252349854, 3.379009485244751, 3.103755235671997, 3.422528600692749, 3.2166508197784425], "std_fit_time": [0.2165469044807193, 0.4586581484298339, 0.9518516533783111, 1.1634497808827506, 0.3010114778713914, 1.090495116697306, 0.4759927478228752, 0.3954276805044917, 0.4871660421675886, 0.5910692981058115], "mean_score_time": [0.3225759506225586, 0.3603404998779297, 0.4228342533111572, 0.3126990795135498, 0.32790088653564453, 0.44324097633361814, 0.3026731014251709, 0.3224283218383789, 0.28807430267333983, 0.26110453605651857], "std_score_time": [0.06693398094490477, 0.08210217599477257, 0.11626695847464773, 0.09502948663839558, 0.09090844761682813, 0.08403634348874887, 0.046654263903756044, 0.0576435224060261, 0.05551759545337187, 0.02271034073763406]}, "score": 0.8803650793650795}, "RandomForestClassifier": {"params": {"classification__n_estimators": 200, "classification__min_samples_split": 10, "classification__min_samples_leaf": 1, "classification__max_features": null, "classification__max_depth": 30, "classification__bootstrap": true}, "times": {"mean_fit_time": [1.1797643184661866, 0.08502888679504395, 0.8277145862579346], "std_fit_time": [0.024496363226648006, 0.018145618853640647, 0.09563742073746113], "mean_score_time": [0.0017941951751708984, 0.0020572185516357423, 0.0018892288208007812], "std_score_time": [0.00020213107450799158, 0.000481339244120918, 0.00035914053489987605]}, "score": 0.96}, "KNeighborsClassifier": {"params": {"classification__weights": "uniform", "classification__n_neighbors": 1, "classification__metric": "minkowski", "classification__leaf_size": 10}, "times": {"mean_fit_time": [0.02360811233520508, 0.03441076278686524, 0.02665700912475586], "std_fit_time": [0.0037189065759640964, 0.009753910741106084, 0.0073784635174249874], "mean_score_time": [0.012660455703735352, 0.009375858306884765, 0.009215450286865235], "std_score_time": [0.003084364715679562, 0.00225552047843124, 0.0013984136081772768]}, "score": 0.9333333333333333}, "ComplementNB": {"params": {"classification__alpha": 0}, "times": {"mean_fit_time": [0.0045338630676269535, 0.006134128570556641, 0.008903169631958007], "std_fit_time": [0.0009261036419551985, 0.000982626276849073, 0.0015965284080284902], "mean_score_time": [0.0013875961303710938, 0.0016179561614990234, 0.0019850730895996094], "std_score_time": [0.0002182609259867832, 0.0002583210193748555, 0.0004367019597182228]}, "score": 0.7266666666666667}, "LogisticRegression": {"params": {"classification__solver": "lbfgs", "classification__C": 100}, "times": {"mean_fit_time": [0.19682421684265136, 0.5875682353973388, 0.35358490943908694], "std_fit_time": [0.05672406740299778, 0.05677203170989168, 0.11343499183733319], "mean_score_time": [0.0023340225219726563, 0.04490294456481934, 0.001868438720703125], "std_score_time": [0.000586102751529513, 0.013705529395224448, 0.0002706129812357973]}, "score": 0.8506666666666666}}