{"[NN]NeuralNetwork": {"params": {"classification__epochs": 20, "classification__batch_size": 30}, "times": {"mean_fit_time": [5.747822427749634, 5.768544149398804, 5.112888193130493, 4.59437575340271, 4.327666187286377, 5.308619213104248, 4.634197330474853, 4.423902320861816, 5.4858745574951175, 5.547613525390625], "std_fit_time": [1.4460315396022454, 0.3934221567328313, 0.5260455293946883, 0.4481763871060923, 0.9148513814201013, 0.8899798853505938, 0.6653703882788239, 1.051765396545648, 0.6772390092122478, 0.3829982740304505], "mean_score_time": [0.6738915920257569, 0.5306056022644043, 0.49155797958374026, 0.4883585929870605, 0.4700812816619873, 0.49700255393981935, 0.5509555339813232, 0.5559028625488281, 0.7015817642211915, 0.39693026542663573], "std_score_time": [0.13181995190685786, 0.1592019116285238, 0.13643225450072777, 0.1319135952725649, 0.1431464932553677, 0.08472509722522345, 0.185566693816929, 0.2030994595110966, 0.22907009559507213, 0.09653835045203663]}, "score": 0.8735714285714286}, "RandomForestClassifier": {"params": {"classification__n_estimators": 400, "classification__min_samples_split": 5, "classification__min_samples_leaf": 1, "classification__max_features": null, "classification__max_depth": 70, "classification__bootstrap": false}, "times": {"mean_fit_time": [2.1461220741271974, 1.3064208984375, 1.9762803554534911], "std_fit_time": [0.4296584447470364, 0.23565918178589715, 0.12324954930150035], "mean_score_time": [0.006495094299316407, 0.0023679733276367188, 0.0037921905517578126], "std_score_time": [0.007502432767681112, 0.00039738474157516947, 0.0019055866722012611]}, "score": 1.0}, "KNeighborsClassifier": {"params": {"classification__weights": "uniform", "classification__n_neighbors": 5, "classification__metric": "manhattan", "classification__leaf_size": 30}, "times": {"mean_fit_time": [0.026417922973632813, 0.0349637508392334, 0.029259109497070314], "std_fit_time": [0.004753789002615786, 0.008065149514514721, 0.006412893861669178], "mean_score_time": [0.00872025489807129, 0.008868646621704102, 0.008814001083374023], "std_score_time": [0.00036359665345224256, 0.0005796367535693143, 0.0005079316680837208]}, "score": 0.952}, "ComplementNB": {"params": {"classification__alpha": 0.5}, "times": {"mean_fit_time": [0.004824495315551758, 0.005157327651977539, 0.005677223205566406], "std_fit_time": [0.0009054816171525507, 0.00225131489658493, 0.0005897107617144466], "mean_score_time": [0.00158538818359375, 0.0011780261993408203, 0.0012578487396240235], "std_score_time": [0.0005198647132976299, 0.00010949732424659798, 8.355030687833992e-05]}, "score": 0.7008571428571428}, "LogisticRegression": {"params": {"classification__solver": "saga", "classification__C": 0.1}, "times": {"mean_fit_time": [0.6805744171142578, 0.736085033416748, 1.896532917022705], "std_fit_time": [0.049914289113176205, 0.048065666907933347, 0.16432346064087822], "mean_score_time": [0.03236236572265625, 0.04217209815979004, 0.04971213340759277], "std_score_time": [0.006838576419685712, 0.00998122580072607, 0.009804496055842835]}, "score": 0.7779047619047619}}