{"[NN]NeuralNetwork": {"params": {"classification__epochs": 20, "classification__batch_size": 25}, "times": {"mean_fit_time": [4.0731700420379635, 3.7363790035247804, 3.2131906032562254, 3.530025005340576, 3.136582612991333, 4.049626970291138, 3.9493845462799073, 3.4911473751068116, 3.46995096206665, 2.6697716236114504], "std_fit_time": [0.4758423976422331, 0.397744092168353, 0.6726487581904521, 0.6807877291550004, 0.862117957976861, 0.6020180270205076, 0.4013451385692826, 0.38559834981391555, 0.4296353386811153, 0.20317700767969618], "mean_score_time": [0.29975461959838867, 0.31715192794799807, 0.24490675926208497, 0.2646068572998047, 0.2803518772125244, 0.22392396926879882, 0.2534761428833008, 0.26861186027526857, 0.2534658432006836, 0.34390082359313967], "std_score_time": [0.06602311382872401, 0.04768718445502573, 0.04277183204012203, 0.06623053307437837, 0.034720584392149284, 0.05783452360623935, 0.034612614505291635, 0.03172846054789098, 0.052836637322681304, 0.12557684190470486]}, "score": 0.8835714285714286}, "RandomForestClassifier": {"params": {"classification__n_estimators": 400, "classification__min_samples_split": 5, "classification__min_samples_leaf": 2, "classification__max_features": "log2", "classification__max_depth": 40, "classification__bootstrap": true}, "times": {"mean_fit_time": [1.611967182159424, 1.2142759323120118, 1.1431948661804199], "std_fit_time": [0.330470612394177, 0.10344375486520668, 0.0420363826098958], "mean_score_time": [0.0019301414489746095, 0.0018969058990478515, 0.0017821788787841797], "std_score_time": [0.0005453625289720896, 0.00020833164418867232, 0.00010552849094497434]}, "score": 0.976}, "KNeighborsClassifier": {"params": {"classification__weights": "uniform", "classification__n_neighbors": 15, "classification__metric": "minkowski", "classification__leaf_size": 26}, "times": {"mean_fit_time": [0.06229963302612305, 0.05703296661376953, 0.03717813491821289], "std_fit_time": [0.011074883233624558, 0.011392471869298202, 0.012634533978191868], "mean_score_time": [0.009773683547973634, 0.009749555587768554, 0.00967864990234375], "std_score_time": [0.0017414543239000456, 0.0022750546982511183, 0.0014675410807135582]}, "score": 0.9006666666666667}, "ComplementNB": {"params": {"classification__alpha": 0}, "times": {"mean_fit_time": [0.004161691665649414, 0.00512547492980957, 0.007556009292602539], "std_fit_time": [0.00023572075360459886, 0.0007372029600737368, 0.0014514752222827385], "mean_score_time": [0.001362752914428711, 0.001514434814453125, 0.0015244483947753906], "std_score_time": [0.00028132088679481173, 0.0002515581984717466, 0.00030074717214974685]}, "score": 0.6773333333333333}, "LogisticRegression": {"params": {"classification__solver": "saga", "classification__C": 10}, "times": {"mean_fit_time": [0.7071885108947754, 0.3928978443145752, 1.1563811302185059], "std_fit_time": [0.05190231132567495, 0.028858415871544224, 0.14844740196673128], "mean_score_time": [0.045372962951660156, 0.0030986785888671873, 0.04800028800964355], "std_score_time": [0.013975094413873101, 0.0014476879892869436, 0.005719381887262254]}, "score": 0.7793333333333333}}