{"[NN]NeuralNetwork": {"params": {"classification__epochs": 15, "classification__batch_size": 30}, "times": {"mean_fit_time": [5.397708702087402, 4.508406734466552, 5.14395956993103, 4.6828399181365965, 5.460325431823731, 5.485369300842285, 4.941655492782592, 5.6309302806854244, 6.357516098022461, 4.634490728378296], "std_fit_time": [0.5679811437616618, 0.4482305288320038, 0.9385573423625044, 0.8470615395525424, 0.9026029507238773, 1.016938912054912, 0.9664688972654739, 0.8991236447853204, 0.8879444952932976, 0.1402303509314334], "mean_score_time": [0.3895763874053955, 0.37754135131835936, 0.4374422550201416, 0.5393749713897705, 0.5041046619415284, 0.4857905864715576, 0.44184184074401855, 0.3767879486083984, 0.4266967296600342, 0.42952694892883303], "std_score_time": [0.0652961051152071, 0.07268262040981757, 0.06629648674998992, 0.13183401621449162, 0.14124771626009464, 0.04686685598198148, 0.0965287561454259, 0.0979722923232005, 0.0781640235868943, 0.11533049120106112]}, "score": 0.8829682539682538}, "RandomForestClassifier": {"params": {"classification__n_estimators": 300, "classification__min_samples_split": 10, "classification__min_samples_leaf": 4, "classification__max_features": null, "classification__max_depth": 60, "classification__bootstrap": true}, "times": {"mean_fit_time": [0.4652585029602051, 1.3005033016204834, 1.390411138534546], "std_fit_time": [0.08858947922685806, 0.1462400856101673, 0.18165278335040355], "mean_score_time": [0.0017897129058837891, 0.002002429962158203, 0.0032216548919677735], "std_score_time": [0.0002877716634916111, 0.0003119865542095944, 0.0012926845573459436]}, "score": 0.9842857142857143}, "KNeighborsClassifier": {"params": {"classification__weights": "uniform", "classification__n_neighbors": 5, "classification__metric": "minkowski", "classification__leaf_size": 26}, "times": {"mean_fit_time": [0.042830276489257815, 0.029713249206542967, 0.02806549072265625], "std_fit_time": [0.01505339048446065, 0.007252582409694418, 0.007740769358314691], "mean_score_time": [0.008894586563110351, 0.00998077392578125, 0.008616018295288085], "std_score_time": [0.0005275589911172419, 0.0005735936906981956, 0.0010150413154310703]}, "score": 0.9652380952380952}, "ComplementNB": {"params": {"classification__alpha": 1.0}, "times": {"mean_fit_time": [0.00468740463256836, 0.006197595596313476, 0.006443929672241211], "std_fit_time": [0.000842629742603079, 0.0005572846399291787, 0.0024668480294864283], "mean_score_time": [0.0016283035278320313, 0.0016341686248779296, 0.0012209415435791016], "std_score_time": [0.0005282844981837063, 4.472147897278478e-05, 9.954471061851529e-05]}, "score": 0.6804761904761905}, "LogisticRegression": {"params": {"classification__solver": "newton-cg", "classification__C": 10}, "times": {"mean_fit_time": [0.7672782897949219, 0.18876128196716307, 0.5367193222045898], "std_fit_time": [0.07887894054648491, 0.04197858760352599, 0.08906444352051664], "mean_score_time": [0.032300806045532225, 0.001802968978881836, 0.002263593673706055], "std_score_time": [0.007212681382134715, 0.00018944251209957827, 0.00041155420935029953]}, "score": 0.8295238095238094}}