{"[NN]NeuralNetwork": {"params": {"classification__epochs": 15, "classification__batch_size": 30}, "times": {"mean_fit_time": [3.907343530654907, 3.1953381538391112, 3.4945929527282713, 3.0381547451019286, 3.1628393650054933, 2.612083339691162, 2.919662618637085, 2.8900443077087403, 2.9931829452514647, 3.298922395706177], "std_fit_time": [0.27223695157539357, 0.2456772250541134, 0.2072807847628447, 0.41219626156722333, 0.301324545015536, 0.5084747383753938, 0.5161338678278838, 0.5391508975911805, 0.1655509444894918, 0.7706265537825224], "mean_score_time": [0.24478683471679688, 0.26693215370178225, 0.22390527725219728, 0.3686849117279053, 0.22270007133483888, 0.35492515563964844, 0.26016907691955565, 0.27185897827148436, 0.24114398956298827, 0.24108457565307617], "std_score_time": [0.047241375962181385, 0.03289573404287877, 0.015343244104055806, 0.09063729439347987, 0.030626119947488914, 0.15202931409197554, 0.0461141318866092, 0.058620479657057876, 0.025437468006680664, 0.036238275085616015]}, "score": 0.8639985569985569}, "RandomForestClassifier": {"params": {"classification__n_estimators": 500, "classification__min_samples_split": 10, "classification__min_samples_leaf": 1, "classification__max_features": "log2", "classification__max_depth": null, "classification__bootstrap": true}, "times": {"mean_fit_time": [0.6280721664428711, 1.9294728279113769, 1.543425989151001], "std_fit_time": [0.12395383488098637, 0.25781709995525537, 0.04094853361302033], "mean_score_time": [0.001924419403076172, 0.0032729148864746095, 0.0025316715240478516], "std_score_time": [0.00021895324910075806, 0.0018995881011428016, 0.00108914882077869]}, "score": 0.9753333333333334}, "KNeighborsClassifier": {"params": {"classification__weights": "uniform", "classification__n_neighbors": 7, "classification__metric": "manhattan", "classification__leaf_size": 20}, "times": {"mean_fit_time": [0.025262928009033202, 0.024063682556152342, 0.027322101593017577], "std_fit_time": [0.003728515422486852, 0.003238752941897295, 0.0019191017278893333], "mean_score_time": [0.010024118423461913, 0.009553623199462891, 0.010051584243774414], "std_score_time": [0.000963647283314555, 0.0009753512903045105, 0.0014338050644525755]}, "score": 0.9693333333333334}, "ComplementNB": {"params": {"classification__alpha": 0}, "times": {"mean_fit_time": [0.004986095428466797, 0.004762458801269531, 0.007538366317749024], "std_fit_time": [0.0004177697510357272, 0.000686962306268762, 0.0011963440092700218], "mean_score_time": [0.0013677120208740235, 0.0014573097229003905, 0.0015204906463623046], "std_score_time": [0.00030558118119275365, 0.0004732371475649711, 0.00025144612184176016]}, "score": 0.75}, "LogisticRegression": {"params": {"classification__solver": "sag", "classification__C": 100}, "times": {"mean_fit_time": [0.792483139038086, 0.224259090423584, 1.191835308074951], "std_fit_time": [0.14213707213613863, 0.03846642090552625, 0.10554263782032211], "mean_score_time": [0.036075592041015625, 0.002708578109741211, 0.042965269088745116], "std_score_time": [0.010010414142959924, 0.0005661114406729024, 0.0077888751951413464]}, "score": 0.79}}