{"[NN]NeuralNetwork": {"params": {"classification__epochs": 15, "classification__batch_size": 20}, "times": {"mean_fit_time": [4.681496953964233, 3.79687705039978, 3.943796968460083, 3.649699306488037, 4.515853834152222, 4.422573471069336, 3.8416155338287354, 4.038562297821045, 3.9705676078796386, 3.5475007057189942], "std_fit_time": [0.5249446060322457, 0.5724388288819323, 0.1904529156972259, 0.4839332612868492, 0.3959487481976285, 0.6744722156786509, 0.33022984034890773, 0.3672371698363889, 0.9895771646817229, 0.3543622219910394], "mean_score_time": [0.324617862701416, 0.45171456336975097, 0.3665520191192627, 0.4796874523162842, 0.37888121604919434, 0.3024618625640869, 0.3949193000793457, 0.2556277275085449, 0.37688393592834474, 0.40967550277709963], "std_score_time": [0.09991384939366979, 0.15078474467025502, 0.11958376975036702, 0.13877902224594735, 0.11627153616883748, 0.09682170312843254, 0.09465814160668304, 0.043639020629804334, 0.1211365650779232, 0.18674719382466118]}, "score": 0.8912857142857143}, "RandomForestClassifier": {"params": {"classification__n_estimators": 300, "classification__min_samples_split": 10, "classification__min_samples_leaf": 4, "classification__max_features": "sqrt", "classification__max_depth": 70, "classification__bootstrap": true}, "times": {"mean_fit_time": [0.7828609466552734, 1.1230530261993408, 1.0282127857208252], "std_fit_time": [0.18082461493990726, 0.1903474535374461, 0.09461169624286357], "mean_score_time": [0.0018688201904296874, 0.0016479015350341797, 0.001817941665649414], "std_score_time": [0.00025825029457620036, 0.00015287710140254385, 0.00021092674886590248]}, "score": 0.982}, "KNeighborsClassifier": {"params": {"classification__weights": "uniform", "classification__n_neighbors": 1, "classification__metric": "minkowski", "classification__leaf_size": 26}, "times": {"mean_fit_time": [0.021164560317993165, 0.028345775604248048, 0.03484954833984375], "std_fit_time": [0.0028305259699663164, 0.014019401548461445, 0.017008888379978052], "mean_score_time": [0.009968805313110351, 0.008779954910278321, 0.008156538009643555], "std_score_time": [0.0007931947475222253, 0.0009642570123178757, 0.0004085532868713372]}, "score": 0.9406666666666668}, "ComplementNB": {"params": {"classification__alpha": 0.5}, "times": {"mean_fit_time": [0.005202054977416992, 0.005128145217895508, 0.007307243347167969], "std_fit_time": [0.0011348141126311395, 0.000500676132375496, 0.001244374163001658], "mean_score_time": [0.0016779422760009766, 0.0015685081481933594, 0.0016937255859375], "std_score_time": [0.00015847669860836731, 0.00037893956450747864, 0.00048695361426332855]}, "score": 0.6788571428571428}, "LogisticRegression": {"params": {"classification__solver": "saga", "classification__C": 1.0}, "times": {"mean_fit_time": [0.8342034816741943, 0.8105467796325684, 1.4828641414642334], "std_fit_time": [0.12155800694093954, 0.11973694891954179, 0.07205830190206783], "mean_score_time": [0.03536415100097656, 0.04169931411743164, 0.039809465408325195], "std_score_time": [0.014797727599812063, 0.015117321069585273, 0.005195061988109633]}, "score": 0.8059047619047618}}