{"[NN]NeuralNetwork": {"params": {"classification__epochs": 20, "classification__batch_size": 30}, "times": {"mean_fit_time": [3.4635418891906737, 3.758496904373169, 4.040224075317383, 4.222974824905395, 4.104627370834351, 4.554675531387329, 4.1228546619415285, 4.010327434539795, 4.258984804153442, 4.2165021896362305], "std_fit_time": [0.6945816073956022, 0.30286383558012747, 0.5609112284792451, 0.5439896381518691, 0.8308397668816683, 0.543897538439852, 0.3445055817736749, 0.47568429380254745, 0.7165197163861683, 0.7806433666325036], "mean_score_time": [0.3810682773590088, 0.3177217483520508, 0.3262474060058594, 0.3822367191314697, 0.3199882507324219, 0.39467267990112304, 0.4090007781982422, 0.31644368171691895, 0.3593183994293213, 0.2817517280578613], "std_score_time": [0.06265786199786112, 0.06682401821320479, 0.07119601954471366, 0.12706454710413154, 0.044584837816369356, 0.11031418709937248, 0.1265927122622067, 0.11104990804322748, 0.0677914761517896, 0.09506159619327598]}, "score": 0.839857142857143}, "RandomForestClassifier": {"params": {"classification__n_estimators": 200, "classification__min_samples_split": 5, "classification__min_samples_leaf": 1, "classification__max_features": "sqrt", "classification__max_depth": 20, "classification__bootstrap": true}, "times": {"mean_fit_time": [0.21070418357849122, 0.7575395107269287, 0.6045283794403076], "std_fit_time": [0.007549346466806882, 0.09592159431294515, 0.0715564042180592], "mean_score_time": [0.0013245582580566407, 0.0019220352172851563, 0.0018113613128662109], "std_score_time": [3.842804594243821e-05, 0.00030551301681240573, 0.0001416728536752768]}, "score": 0.9742857142857144}, "KNeighborsClassifier": {"params": {"classification__weights": "distance", "classification__n_neighbors": 5, "classification__metric": "euclidean", "classification__leaf_size": 30}, "times": {"mean_fit_time": [0.026592493057250977, 0.02687864303588867, 0.046646404266357425], "std_fit_time": [0.0018161200699323987, 0.0008662151867438464, 0.025110682244533607], "mean_score_time": [0.014062023162841797, 0.008851051330566406, 0.009719228744506836], "std_score_time": [0.006117464462886482, 0.00044778510394532514, 0.000308021952504311]}, "score": 0.23476190476190473}, "ComplementNB": {"params": {"classification__alpha": 0}, "times": {"mean_fit_time": [0.005632877349853516, 0.0044956207275390625, 0.009583806991577149], "std_fit_time": [0.0015378482204779973, 0.00017920216694282173, 0.0019585528345456077], "mean_score_time": [0.0016364097595214845, 0.0013438224792480468, 0.0019640445709228514], "std_score_time": [0.0007465618384513971, 0.00016098806341801323, 0.00021652137334120323]}, "score": 0.6996190476190476}, "LogisticRegression": {"params": {"classification__solver": "newton-cg", "classification__C": 0.01}, "times": {"mean_fit_time": [0.1840517520904541, 0.7561071395874024, 0.6785075664520264], "std_fit_time": [0.028406429429806233, 0.048016390740126834, 0.17004817957055052], "mean_score_time": [0.001652097702026367, 0.03493142127990723, 0.0018629074096679688], "std_score_time": [5.9571753009592224e-05, 0.014431697604127023, 0.0003745977176499288]}, "score": 0.8535238095238095}}