{"[NN]NeuralNetwork": {"params": {"classification__epochs": 20, "classification__batch_size": 30}, "times": {"mean_fit_time": [3.320786142349243, 3.487052631378174, 3.9464009761810304, 3.1560002326965333, 3.677742433547974, 3.0523561954498293, 3.1667874813079835, 3.290118360519409, 3.5185750484466554, 2.9885515689849855], "std_fit_time": [0.43482800102149965, 0.513008777363053, 0.47597959363525894, 0.18559503061326346, 0.1764387120971016, 0.4234263204386425, 0.5226640934612595, 0.3801907502519386, 0.24949238287448797, 0.28684969520218584], "mean_score_time": [0.4148062229156494, 0.3810896396636963, 0.3846996784210205, 0.42297773361206054, 0.36085076332092286, 0.3665344715118408, 0.3897367477416992, 0.3631812572479248, 0.33159713745117186, 0.3256958484649658], "std_score_time": [0.14275098919982912, 0.09660205629877408, 0.03960248394564451, 0.11459169176975514, 0.13528499970546742, 0.05344125742976386, 0.08552178381438867, 0.03237269992359485, 0.05199438343509086, 0.04346530097872798]}, "score": 0.8803650793650795}, "RandomForestClassifier": {"params": {"classification__n_estimators": 200, "classification__min_samples_split": 10, "classification__min_samples_leaf": 1, "classification__max_features": null, "classification__max_depth": 30, "classification__bootstrap": true}, "times": {"mean_fit_time": [1.006456470489502, 0.07295722961425781, 0.9165943622589111], "std_fit_time": [0.1315091841295043, 0.009469200178508453, 0.08028339958909422], "mean_score_time": [0.0016620635986328125, 0.0014828205108642577, 0.0018365859985351562], "std_score_time": [0.00016023625817810548, 0.00034572057368260965, 0.0001827139816843324]}, "score": 0.96}, "KNeighborsClassifier": {"params": {"classification__weights": "uniform", "classification__n_neighbors": 1, "classification__metric": "minkowski", "classification__leaf_size": 10}, "times": {"mean_fit_time": [0.033757352828979494, 0.035438156127929686, 0.03250641822814941], "std_fit_time": [0.005384041953181367, 0.0015516785257071114, 0.017799850276754556], "mean_score_time": [0.008481550216674804, 0.008182907104492187, 0.00803389549255371], "std_score_time": [0.0013279648132659093, 0.0010602040911399215, 0.0003372315163448489]}, "score": 0.9333333333333333}, "ComplementNB": {"params": {"classification__alpha": 0}, "times": {"mean_fit_time": [0.005341720581054687, 0.005803632736206055, 0.0075229167938232425], "std_fit_time": [0.0008760138214714409, 0.0012641400520322509, 0.0013682961991007732], "mean_score_time": [0.0013926506042480468, 0.0014749526977539062, 0.0014896869659423828], "std_score_time": [0.00022131889060676208, 0.00028836987243116417, 0.00017413766592586772]}, "score": 0.7266666666666667}, "LogisticRegression": {"params": {"classification__solver": "lbfgs", "classification__C": 100}, "times": {"mean_fit_time": [0.20639119148254395, 0.593591833114624, 0.33431305885314944], "std_fit_time": [0.05153405682388769, 0.08361799363744664, 0.08225562271337879], "mean_score_time": [0.0022098541259765623, 0.04053850173950195, 0.0021556854248046876], "std_score_time": [0.0005610009613680752, 0.013615583009436674, 0.0003201459467507071]}, "score": 0.7906666666666666}}