{"[NN]NeuralNetwork": {"params": {"classification__epochs": 20, "classification__batch_size": 25}, "times": {"mean_fit_time": [5.2778746604919435, 5.324241781234742, 5.820033693313599, 6.13648943901062, 4.311326169967652, 4.930939340591431, 5.3892182350158695, 4.62250714302063, 5.934865140914917, 4.514044380187988], "std_fit_time": [0.8439996089203883, 1.0279731180872773, 1.0462631248646739, 0.5172123820501323, 0.9581091767105828, 0.42957409708514865, 0.5750216928249545, 0.783001186343032, 0.8311209891400687, 0.7797075092103731], "mean_score_time": [0.48082122802734373, 0.46495609283447265, 0.35724472999572754, 0.535344123840332, 0.6162596702575683, 0.38105053901672364, 0.4248922348022461, 0.7433158397674561, 0.5873032093048096, 0.626642370223999], "std_score_time": [0.07549994405873613, 0.1643976256217605, 0.08430408907923351, 0.3789239914463664, 0.140060653282095, 0.13598860298169718, 0.26221492444058, 0.1749187752235393, 0.17521077286106754, 0.1495995658815528]}, "score": 0.8835714285714286}, "RandomForestClassifier": {"params": {"classification__n_estimators": 400, "classification__min_samples_split": 5, "classification__min_samples_leaf": 2, "classification__max_features": "log2", "classification__max_depth": 40, "classification__bootstrap": true}, "times": {"mean_fit_time": [1.6354300498962402, 1.3164354324340821, 1.363682460784912], "std_fit_time": [0.05833122512482559, 0.08989440919036436, 0.2623393896146504], "mean_score_time": [0.004585075378417969, 0.0017433643341064453, 0.0031828880310058594], "std_score_time": [0.00167986985513613, 0.00014629387327073681, 0.00174988216188243]}, "score": 0.976}, "KNeighborsClassifier": {"params": {"classification__weights": "uniform", "classification__n_neighbors": 15, "classification__metric": "minkowski", "classification__leaf_size": 26}, "times": {"mean_fit_time": [0.023334741592407227, 0.03437871932983398, 0.027204608917236327], "std_fit_time": [0.001987298956402627, 0.011017892370613283, 0.004400518745845293], "mean_score_time": [0.010662603378295898, 0.009263134002685547, 0.009193611145019532], "std_score_time": [0.003779617450621714, 0.0006667639337352471, 0.00029232219539584883]}, "score": 0.9006666666666667}, "ComplementNB": {"params": {"classification__alpha": 0}, "times": {"mean_fit_time": [0.003934288024902343, 0.005907440185546875, 0.007307720184326172], "std_fit_time": [0.00015685265321339006, 0.0008995013812218656, 0.00110209048819435], "mean_score_time": [0.0012746810913085937, 0.0018147468566894532, 0.0014287948608398438], "std_score_time": [0.0001923930449952026, 0.0005294979946785045, 0.0002007594524636001]}, "score": 0.6773333333333333}, "LogisticRegression": {"params": {"classification__solver": "lbfgs", "classification__C": 0.01}, "times": {"mean_fit_time": [0.7106557369232178, 0.4097019672393799, 0.3311906814575195], "std_fit_time": [0.040540096754650166, 0.029041479196977516, 0.01649607427038157], "mean_score_time": [0.03077092170715332, 0.0017476558685302734, 0.0019101142883300782], "std_score_time": [0.004707759335550092, 0.0001832868254105263, 0.00015676956910342713]}, "score": 0.8166666666666667}}