{"[NN]NeuralNetwork": {"params": {"classification__epochs": 15, "classification__batch_size": 20}, "times": {"mean_fit_time": [4.841011095046997, 4.251393795013428, 3.9332315921783447, 5.329624366760254, 4.865161275863647, 4.174307632446289, 4.1547356128692625, 6.269424152374268, 5.618262195587159, 5.5715735912322994], "std_fit_time": [0.9784705138490439, 0.8632940585414167, 0.7587333043827938, 1.0619756157924285, 0.8087770493975197, 0.6934838012206145, 1.1201590342722205, 0.2251481785683431, 0.4782310969010126, 0.8360562447142108], "mean_score_time": [0.4206801414489746, 0.43553576469421384, 0.46965203285217283, 0.6256529331207276, 0.447354793548584, 0.3608516216278076, 0.5995855808258057, 0.6175819873809815, 0.8410495758056641, 0.5116596221923828], "std_score_time": [0.0674716222397242, 0.04950955291381859, 0.08457681829010222, 0.1772025994256257, 0.17494874187316137, 0.06114838903990064, 0.296720509893783, 0.206930130751485, 0.1864787115383609, 0.15248784241439264]}, "score": 0.849873015873016}, "RandomForestClassifier": {"params": {"classification__n_estimators": 400, "classification__min_samples_split": 2, "classification__min_samples_leaf": 1, "classification__max_features": null, "classification__max_depth": 30, "classification__bootstrap": true}, "times": {"mean_fit_time": [0.10222353935241699, 1.8453832149505616, 1.8022543430328368], "std_fit_time": [0.006926855255964016, 0.059842817659823556, 0.09221822882213494], "mean_score_time": [0.002193593978881836, 0.005337333679199219, 0.003215599060058594], "std_score_time": [0.0006067330152707052, 0.0005537061045684788, 0.002159659825236578]}, "score": 0.9620000000000001}, "KNeighborsClassifier": {"params": {"classification__weights": "uniform", "classification__n_neighbors": 19, "classification__metric": "minkowski", "classification__leaf_size": 20}, "times": {"mean_fit_time": [0.03343667984008789, 0.035565185546875, 0.030195903778076173], "std_fit_time": [0.00874809227181207, 0.00893800291729408, 0.006731767108737044], "mean_score_time": [0.008620786666870116, 0.008221197128295898, 0.007964658737182616], "std_score_time": [0.0006751790790580827, 0.0008811144229391044, 0.0004393308149770627]}, "score": 0.89}, "ComplementNB": {"params": {"classification__alpha": 1.0}, "times": {"mean_fit_time": [0.004366779327392578, 0.00483555793762207, 0.0060657024383544925], "std_fit_time": [0.0007942844682113754, 0.0004902257376454097, 0.001109221817728884], "mean_score_time": [0.0012847900390625, 0.0013508319854736329, 0.0012933731079101563], "std_score_time": [0.00021735006580753338, 0.0003819664879696742, 0.00023221839379605403]}, "score": 0.688}, "LogisticRegression": {"params": {"classification__solver": "newton-cg", "classification__C": 0.01}, "times": {"mean_fit_time": [0.7389259815216065, 0.4624164581298828, 1.3315004348754882], "std_fit_time": [0.09777718495513714, 0.16450314329446847, 0.2844201032899463], "mean_score_time": [0.041019868850708005, 0.0018795967102050782, 0.002755546569824219], "std_score_time": [0.005673138068498154, 0.000341475723841489, 0.0006209547809080484]}, "score": 0.8733333333333334}}