{"[NN]NeuralNetwork": {"params": {"classification__epochs": 20, "classification__batch_size": 25}, "times": {"mean_fit_time": [3.0958251953125, 3.039246416091919, 3.4349058628082276, 3.994963836669922, 3.398624897003174, 3.6737613677978516, 3.762442398071289, 3.4365362167358398, 2.6818715572357177, 3.0629363536834715], "std_fit_time": [0.5394166774636266, 0.31649824849964014, 0.2952214208468544, 1.0999418699934465, 0.6261950082147056, 1.0720564890200026, 0.5161701660022664, 0.3245307131094146, 0.2148968025791285, 0.28444471676227073], "mean_score_time": [0.3517115592956543, 0.24263815879821776, 0.23488106727600097, 0.26501760482788084, 0.26990456581115724, 0.18502473831176758, 0.22149114608764647, 0.21681056022644044, 0.24145770072937012, 0.3243235111236572], "std_score_time": [0.11272943679076168, 0.04267116062006591, 0.03555341155307511, 0.049700309294824094, 0.08500621332757805, 0.04049436665098726, 0.026397338350420872, 0.04056762340603823, 0.05013750591397244, 0.039141010961984815]}, "score": 0.8688383838383839}, "RandomForestClassifier": {"params": {"classification__n_estimators": 300, "classification__min_samples_split": 2, "classification__min_samples_leaf": 4, "classification__max_features": "log2", "classification__max_depth": 40, "classification__bootstrap": true}, "times": {"mean_fit_time": [0.8363536834716797, 0.05021910667419434, 0.9164276123046875], "std_fit_time": [0.1454577370050748, 0.004492171907912119, 0.12098131942113909], "mean_score_time": [0.0017218589782714844, 0.0013715744018554688, 0.001690053939819336], "std_score_time": [0.00020320000225211452, 0.00020016618633426415, 0.00014133292491990803]}, "score": 0.9766666666666666}, "KNeighborsClassifier": {"params": {"classification__weights": "uniform", "classification__n_neighbors": 9, "classification__metric": "minkowski", "classification__leaf_size": 10}, "times": {"mean_fit_time": [0.03171730041503906, 0.03530211448669433, 0.03222112655639649], "std_fit_time": [0.011106850898356084, 0.0009851749079749326, 0.008266636055161564], "mean_score_time": [0.009426021575927734, 0.010306072235107423, 0.00893101692199707], "std_score_time": [0.0010456991760906167, 0.0017490197058991433, 0.0007308011420256971]}, "score": 0.9485714285714286}, "ComplementNB": {"params": {"classification__alpha": 0}, "times": {"mean_fit_time": [0.005450439453125, 0.004651594161987305, 0.007824182510375977], "std_fit_time": [0.001189945646478842, 0.000872380799271213, 0.0018101904641083487], "mean_score_time": [0.0014525890350341798, 0.0013250350952148438, 0.0014316558837890625], "std_score_time": [0.0004906990449403249, 0.00022433496243177094, 0.00020508690230568874]}, "score": 0.6963809523809524}, "LogisticRegression": {"params": {"classification__solver": "sag", "classification__C": 1.0}, "times": {"mean_fit_time": [0.8545791625976562, 0.6540473461151123, 1.118520164489746], "std_fit_time": [0.08196626213477722, 0.11275471566866478, 0.05839030252549785], "mean_score_time": [0.03701529502868652, 0.037878561019897464, 0.04174370765686035], "std_score_time": [0.007662797161971409, 0.013348282587381948, 0.006374649015434959]}, "score": 0.8253333333333334}}