{"[NN]NeuralNetwork": {"params": {"classification__epochs": 15, "classification__batch_size": 20}, "times": {"mean_fit_time": [5.1534425735473635, 5.219350385665893, 4.634377574920654, 3.8926183223724364, 4.90697169303894, 5.628278350830078, 4.575324201583863, 5.644325637817383, 4.94671859741211, 4.696081686019897], "std_fit_time": [0.5707446299275473, 0.4346863219541642, 0.7650050279193814, 0.905342728924234, 0.28871730967546966, 0.7406743983136271, 0.9798444119126365, 0.47109743992328945, 0.46562972819891485, 0.7480455750252396], "mean_score_time": [0.5780248165130615, 0.5261531352996827, 0.3721323490142822, 0.5321692943572998, 0.5851815223693848, 0.3761481285095215, 0.5220421314239502, 0.5694520950317383, 0.6172988414764404, 0.5904772281646729], "std_score_time": [0.09950688560530394, 0.18296354737313267, 0.058459298131661994, 0.14158770559913994, 0.16773922494500917, 0.10023204660754267, 0.2530934831293536, 0.07496954243772437, 0.1776530619236221, 0.13601445839420379]}, "score": 0.8912857142857143}, "RandomForestClassifier": {"params": {"classification__n_estimators": 300, "classification__min_samples_split": 10, "classification__min_samples_leaf": 4, "classification__max_features": "sqrt", "classification__max_depth": 70, "classification__bootstrap": true}, "times": {"mean_fit_time": [0.5343955039978028, 0.9077614307403564, 1.0245187282562256], "std_fit_time": [0.04952230350576352, 0.09253464190556078, 0.15774507355642997], "mean_score_time": [0.001634979248046875, 0.001836109161376953, 0.0025994300842285155], "std_score_time": [5.835376428182136e-05, 0.00020046301051281296, 0.001036289390448494]}, "score": 0.982}, "KNeighborsClassifier": {"params": {"classification__weights": "uniform", "classification__n_neighbors": 1, "classification__metric": "minkowski", "classification__leaf_size": 26}, "times": {"mean_fit_time": [0.0277956485748291, 0.03360133171081543, 0.030243396759033203], "std_fit_time": [0.0076171193071812365, 0.010054733522398404, 0.004888288195531562], "mean_score_time": [0.009383487701416015, 0.008953523635864259, 0.010724782943725586], "std_score_time": [0.0011454959259262283, 0.0004963335975401146, 0.0017693018370296574]}, "score": 0.9406666666666668}, "ComplementNB": {"params": {"classification__alpha": 0.5}, "times": {"mean_fit_time": [0.004499578475952148, 0.005020904541015625, 0.008126544952392577], "std_fit_time": [0.0006860567853952605, 0.0008428150713692664, 0.0018044823486918307], "mean_score_time": [0.0014821529388427735, 0.001608562469482422, 0.001525115966796875], "std_score_time": [0.00026381692239885673, 0.00029729090934582024, 0.000206090840177603]}, "score": 0.6788571428571428}, "LogisticRegression": {"params": {"classification__solver": "saga", "classification__C": 1.0}, "times": {"mean_fit_time": [0.753592586517334, 0.7512999534606933, 1.6439149379730225], "std_fit_time": [0.11853772834230716, 0.09614383525539258, 0.13976419374896687], "mean_score_time": [0.043484830856323244, 0.030554485321044923, 0.04202780723571777], "std_score_time": [0.012830773252046842, 0.006769842378186164, 0.012491158015816056]}, "score": 0.8059047619047618}}