{"[NN]NeuralNetwork": {"params": {"classification__epochs": 20, "classification__batch_size": 25}, "times": {"mean_fit_time": [4.696031188964843, 4.7797901153564455, 5.138969898223877, 5.807216310501099, 5.625257778167724, 5.352493810653686, 4.637848567962647, 5.817813920974731, 5.864813232421875, 5.435498762130737], "std_fit_time": [0.8299190161394919, 0.695869121016467, 1.1435600485484472, 1.1775454200548172, 0.6575638553286254, 0.30000027000762636, 0.5803808320638928, 0.4814055378895317, 0.9030643216803916, 0.7367465301151754], "mean_score_time": [0.7405038356781006, 0.7720600605010987, 0.5565031051635743, 0.3784342765808105, 0.45498318672180177, 0.4358013153076172, 0.5632965564727783, 0.4311654567718506, 0.3545351028442383, 0.36431355476379396], "std_score_time": [0.2596228586183781, 0.07675951118739367, 0.24283306174372227, 0.11712226210069551, 0.12880166574348967, 0.1774583134486788, 0.27385238752852037, 0.1858634157764076, 0.08104176845799693, 0.1256606682777435]}, "score": 0.8679365079365079}, "RandomForestClassifier": {"params": {"classification__n_estimators": 500, "classification__min_samples_split": 2, "classification__min_samples_leaf": 1, "classification__max_features": null, "classification__max_depth": 60, "classification__bootstrap": false}, "times": {"mean_fit_time": [6.246417665481568, 2.742292356491089, 2.336470603942871], "std_fit_time": [0.6730242551313593, 0.6641808410645812, 0.057823738145196625], "mean_score_time": [0.004102945327758789, 0.00461888313293457, 0.003721189498901367], "std_score_time": [0.0013324469333759184, 0.0009669383444958761, 0.0013230492881492347]}, "score": 0.9866666666666667}, "KNeighborsClassifier": {"params": {"classification__weights": "uniform", "classification__n_neighbors": 9, "classification__metric": "minkowski", "classification__leaf_size": 16}, "times": {"mean_fit_time": [0.04470539093017578, 0.038335132598876956, 0.03612804412841797], "std_fit_time": [0.00969674003262964, 0.01063271221263094, 0.00542186590009652], "mean_score_time": [0.01233363151550293, 0.013793659210205079, 0.00908050537109375], "std_score_time": [0.005525547162975117, 0.005455685076129326, 0.0006502400988220132]}, "score": 0.9506666666666668}, "ComplementNB": {"params": {"classification__alpha": 0.5}, "times": {"mean_fit_time": [0.006132364273071289, 0.0062888145446777345, 0.00824723243713379], "std_fit_time": [0.0015808566851446256, 0.0013562344789814303, 0.0013001437496038195], "mean_score_time": [0.0018116950988769532, 0.0017199039459228516, 0.0018185138702392577], "std_score_time": [0.0004003860358249257, 0.0003820948664081651, 0.00030149258539127885]}, "score": 0.7613333333333333}, "LogisticRegression": {"params": {"classification__solver": "lbfgs", "classification__C": 10}, "times": {"mean_fit_time": [0.4967941761016846, 0.34531779289245607, 0.39284553527832033], "std_fit_time": [0.04152841453393115, 0.08622854201466049, 0.05292676249195037], "mean_score_time": [0.002310943603515625, 0.013517093658447266, 0.001706981658935547], "std_score_time": [0.0004958503347183883, 0.02189748709716747, 8.480701345960846e-05]}, "score": 0.9306666666666666}}