{"[NN]NeuralNetwork": {"params": {"classification__epochs": 20, "classification__batch_size": 25}, "times": {"mean_fit_time": [4.002058362960815, 3.719857120513916, 3.77620267868042, 4.422154474258423, 4.276708650588989, 4.367576837539673, 4.078039646148682, 3.7084524154663088, 3.461131381988525, 3.3430115222930907], "std_fit_time": [0.5156875654123527, 0.44569986127443273, 0.5325552432526514, 0.4738280902926324, 0.6256261564266092, 0.48142568422449966, 0.45417227019568945, 0.32871901291216604, 0.471788258836386, 0.35217410258780185], "mean_score_time": [0.4168039321899414, 0.4221651077270508, 0.42235407829284666, 0.36473565101623534, 0.3096566677093506, 0.2973342418670654, 0.3919366359710693, 0.33111796379089353, 0.3511087894439697, 0.319057559967041], "std_score_time": [0.06539857805759033, 0.13566078373182555, 0.15772200586832058, 0.08691897207438098, 0.06842489594419379, 0.06555973391110079, 0.09148957511192261, 0.049651484820384284, 0.03633270263878392, 0.07618977469769653]}, "score": 0.8688383838383839}, "RandomForestClassifier": {"params": {"classification__n_estimators": 300, "classification__min_samples_split": 2, "classification__min_samples_leaf": 4, "classification__max_features": "log2", "classification__max_depth": 40, "classification__bootstrap": true}, "times": {"mean_fit_time": [0.7478932857513427, 0.04472951889038086, 0.8513691902160645], "std_fit_time": [0.042357103999421684, 0.005537283750382946, 0.042712476968947075], "mean_score_time": [0.0017428874969482421, 0.0014812946319580078, 0.0017621040344238282], "std_score_time": [9.732401761091002e-05, 0.0003436826766390998, 0.0001219448361133528]}, "score": 0.9766666666666666}, "KNeighborsClassifier": {"params": {"classification__weights": "uniform", "classification__n_neighbors": 9, "classification__metric": "minkowski", "classification__leaf_size": 10}, "times": {"mean_fit_time": [0.030613231658935546, 0.029739761352539064, 0.03407859802246094], "std_fit_time": [0.008488480720211954, 0.006607847499076768, 0.00706112132724389], "mean_score_time": [0.008861875534057618, 0.009034299850463867, 0.008224582672119141], "std_score_time": [0.0012206371911690109, 0.0012701658504109636, 0.0004169319868864721]}, "score": 0.9485714285714286}, "ComplementNB": {"params": {"classification__alpha": 0}, "times": {"mean_fit_time": [0.0048309326171875, 0.004950952529907226, 0.006354188919067383], "std_fit_time": [0.0007877157557636576, 0.0009106390484650896, 0.0009089447170945958], "mean_score_time": [0.0012584209442138671, 0.0014401912689208985, 0.0012705802917480468], "std_score_time": [0.00018770441413109077, 0.00039893481917609473, 0.00019354099519650528]}, "score": 0.6963809523809524}, "LogisticRegression": {"params": {"classification__solver": "sag", "classification__C": 1.0}, "times": {"mean_fit_time": [0.8381639957427979, 0.6236318111419678, 1.1497568607330322], "std_fit_time": [0.11437452976578319, 0.10474654764997898, 0.04669094010246167], "mean_score_time": [0.04301033020019531, 0.030871200561523437, 0.03691277503967285], "std_score_time": [0.010457053561315566, 0.0035613327375492673, 0.0007006475318821172]}, "score": 0.8253333333333334}}