{"[NN]NeuralNetwork": {"params": {"classification__epochs": 15, "classification__batch_size": 30}, "times": {"mean_fit_time": [4.093764781951904, 2.9805798053741457, 3.178604555130005, 3.152317762374878, 4.106764554977417, 3.271210193634033, 3.0837794303894044, 3.1484392166137694, 2.6230915069580076, 3.7803179264068603], "std_fit_time": [0.7929965762706916, 0.5089117098556503, 0.41593067420148905, 0.5575273628876777, 0.5651469838018838, 0.2488753188954892, 0.34033671128868587, 0.7819002749469304, 0.4961921972814688, 0.5622535210845697], "mean_score_time": [0.2826986789703369, 0.27841501235961913, 0.3038633346557617, 0.28947949409484863, 0.30091657638549807, 0.3836494445800781, 0.30179648399353026, 0.277236795425415, 0.35392036437988283, 0.33359155654907224], "std_score_time": [0.08100124348022507, 0.1499245615085532, 0.10398530799164979, 0.08970650280422056, 0.09813336206146027, 0.10154833093300937, 0.03797594646921814, 0.0611456555336878, 0.13824014944845578, 0.12517718287444493]}, "score": 0.8639985569985569}, "RandomForestClassifier": {"params": {"classification__n_estimators": 500, "classification__min_samples_split": 10, "classification__min_samples_leaf": 1, "classification__max_features": "log2", "classification__max_depth": null, "classification__bootstrap": true}, "times": {"mean_fit_time": [0.713620376586914, 1.7093928337097168, 1.5599534034729003], "std_fit_time": [0.16636630261234964, 0.11523056089582101, 0.08412643353060542], "mean_score_time": [0.0019277572631835938, 0.0016560554504394531, 0.0022356510162353516], "std_score_time": [0.0002690737031004704, 5.546848081564145e-05, 0.00027121410234066256]}, "score": 0.9753333333333334}, "KNeighborsClassifier": {"params": {"classification__weights": "uniform", "classification__n_neighbors": 7, "classification__metric": "manhattan", "classification__leaf_size": 20}, "times": {"mean_fit_time": [0.027563142776489257, 0.026872014999389647, 0.045023441314697266], "std_fit_time": [0.005721014520756848, 0.0038664604489440607, 0.011569536262348057], "mean_score_time": [0.009545469284057617, 0.008806419372558594, 0.012453126907348632], "std_score_time": [0.0007458341005436852, 0.00046202372117927335, 0.0021442691734239188]}, "score": 0.9693333333333334}, "ComplementNB": {"params": {"classification__alpha": 0}, "times": {"mean_fit_time": [0.005281257629394531, 0.004931879043579101, 0.006707239151000977], "std_fit_time": [0.0006686833089741616, 0.0008569620166068094, 0.0009281193087960416], "mean_score_time": [0.0015710830688476563, 0.0015577316284179688, 0.0013853073120117187], "std_score_time": [0.0003066143981075808, 0.0004980309394505862, 0.0002563347061042363]}, "score": 0.75}, "LogisticRegression": {"params": {"classification__solver": "sag", "classification__C": 100}, "times": {"mean_fit_time": [0.7884589672088623, 0.1989046573638916, 1.0862148761749268], "std_fit_time": [0.11945926300090194, 0.02078164951454139, 0.037119688060842905], "mean_score_time": [0.033828449249267575, 0.002268266677856445, 0.03300666809082031], "std_score_time": [0.007503771785519661, 0.00015075072332105944, 0.006244187835699893]}, "score": 0.79}}