{"[NN]NeuralNetwork": {"params": {"classification__epochs": 15, "classification__batch_size": 30}, "times": {"mean_fit_time": [4.373170328140259, 3.9611523151397705, 4.127484369277954, 3.5214844226837156, 3.9714926719665526, 3.6799930572509765, 2.787434959411621, 3.6778737545013427, 3.254509115219116, 3.6988909244537354], "std_fit_time": [0.3549124833800809, 0.34064041494946073, 0.4406012616411003, 0.6099248560308145, 0.5632918318631336, 0.7567281926616121, 0.5722724018897533, 0.7368256127005985, 0.7021337399792723, 0.3222324843529423], "mean_score_time": [0.3263274669647217, 0.3199308395385742, 0.2731333255767822, 0.2678826808929443, 0.259014892578125, 0.28996758460998534, 0.35256643295288087, 0.34998373985290526, 0.30767059326171875, 0.28307323455810546], "std_score_time": [0.10391497010389594, 0.11024064705844926, 0.09643360329971855, 0.097388721128235, 0.0452178987697356, 0.0661834886960872, 0.11454982511533988, 0.16375733493513103, 0.10141959190728479, 0.09900840864856761]}, "score": 0.8639985569985569}, "RandomForestClassifier": {"params": {"classification__n_estimators": 500, "classification__min_samples_split": 10, "classification__min_samples_leaf": 1, "classification__max_features": "log2", "classification__max_depth": null, "classification__bootstrap": true}, "times": {"mean_fit_time": [0.6737879753112793, 1.695814847946167, 1.4210780620574952], "std_fit_time": [0.14399453073943913, 0.21076008642129232, 0.01114236366446272], "mean_score_time": [0.0021162986755371093, 0.0019049644470214844, 0.001772022247314453], "std_score_time": [0.00040400973660979913, 0.00027767919079121044, 7.689782405853611e-05]}, "score": 0.9753333333333334}, "KNeighborsClassifier": {"params": {"classification__weights": "uniform", "classification__n_neighbors": 7, "classification__metric": "manhattan", "classification__leaf_size": 20}, "times": {"mean_fit_time": [0.03668851852416992, 0.0347170352935791, 0.028525543212890626], "std_fit_time": [0.0045091613744558294, 0.001665405812607582, 0.005883728483712295], "mean_score_time": [0.010263538360595703, 0.008920240402221679, 0.008914995193481445], "std_score_time": [0.0004632055304991759, 0.0008376093805435124, 0.0014068384344018711]}, "score": 0.9693333333333334}, "ComplementNB": {"params": {"classification__alpha": 0}, "times": {"mean_fit_time": [0.005941343307495117, 0.004006624221801758, 0.006212615966796875], "std_fit_time": [0.00028737537540469825, 0.0001987652096379466, 0.000416729831330639], "mean_score_time": [0.001690816879272461, 0.0012691020965576172, 0.0011783599853515624], "std_score_time": [0.00041533133461680146, 0.00028886679337107016, 7.316842064853937e-05]}, "score": 0.75}, "LogisticRegression": {"params": {"classification__solver": "sag", "classification__C": 100}, "times": {"mean_fit_time": [0.669683313369751, 0.1503110408782959, 1.2006849288940429], "std_fit_time": [0.10975885800657244, 0.026058833897925723, 0.07589336039156605], "mean_score_time": [0.04540233612060547, 0.0020848751068115235, 0.04072346687316895], "std_score_time": [0.006109240963574992, 0.00041355571844783255, 0.011534668766085731]}, "score": 0.79}}