{"[NN]NeuralNetwork": {"params": {"classification__epochs": 15, "classification__batch_size": 30}, "times": {"mean_fit_time": [4.5922833442687985, 3.921664333343506, 5.480266046524048, 4.182706594467163, 4.28275785446167, 3.5373069286346435, 3.9459383964538572, 4.336970710754395, 3.1689226627349854, 3.9993247509002687], "std_fit_time": [0.6547930484820128, 0.8143949374570916, 1.1396599645040224, 0.795041863547703, 0.30461424752947297, 0.372608475502257, 0.682216789619195, 0.6061711689153177, 0.5006848054140852, 0.47651455834078493], "mean_score_time": [0.28113760948181155, 0.4081412315368652, 0.201820707321167, 0.2645405292510986, 0.3046999931335449, 0.35514125823974607, 0.31705646514892577, 0.28427958488464355, 0.2957475662231445, 0.26240878105163573], "std_score_time": [0.11909722873023051, 0.08348063904156937, 0.07147497010622737, 0.06406914566994307, 0.09255537544019078, 0.1097742360410515, 0.09056627969266064, 0.05305435073577573, 0.07452836149540115, 0.03639114728749649]}, "score": 0.8639985569985569}, "RandomForestClassifier": {"params": {"classification__n_estimators": 500, "classification__min_samples_split": 10, "classification__min_samples_leaf": 1, "classification__max_features": "log2", "classification__max_depth": null, "classification__bootstrap": true}, "times": {"mean_fit_time": [0.5070697784423828, 1.5471928596496582, 1.585983943939209], "std_fit_time": [0.03132530670583466, 0.13039201352158666, 0.26928620662218317], "mean_score_time": [0.0017108440399169922, 0.001718282699584961, 0.0035955429077148436], "std_score_time": [0.00019377675322316575, 0.0001588594997526103, 0.0018504240067408054]}, "score": 0.9753333333333334}, "KNeighborsClassifier": {"params": {"classification__weights": "uniform", "classification__n_neighbors": 7, "classification__metric": "manhattan", "classification__leaf_size": 20}, "times": {"mean_fit_time": [0.028981685638427734, 0.031023406982421876, 0.04155001640319824], "std_fit_time": [0.007321022653856322, 0.008660565491267496, 0.01684859819452516], "mean_score_time": [0.011434841156005859, 0.009773588180541993, 0.00994715690612793], "std_score_time": [0.0014443164957692314, 0.0019646332820571935, 0.0004535130653804666]}, "score": 0.9693333333333334}, "ComplementNB": {"params": {"classification__alpha": 0}, "times": {"mean_fit_time": [0.005339431762695313, 0.005524778366088867, 0.006564617156982422], "std_fit_time": [0.0008344155896392557, 0.0008083239175961238, 0.0016491014207739227], "mean_score_time": [0.0016629219055175782, 0.0017069339752197265, 0.0013577461242675782], "std_score_time": [0.0005357920080816126, 0.0005371895262603144, 0.00027230864636993823]}, "score": 0.75}, "LogisticRegression": {"params": {"classification__solver": "sag", "classification__C": 100}, "times": {"mean_fit_time": [0.7022449493408203, 0.1583695888519287, 1.0727946281433105], "std_fit_time": [0.08383084737656235, 0.02587887716697617, 0.02916075408560117], "mean_score_time": [0.035135316848754886, 0.0020323753356933593, 0.03997931480407715], "std_score_time": [0.01015058487728492, 0.00032263806384110854, 0.011302053770896034]}, "score": 0.79}}