{"[NN]NeuralNetwork": {"params": {"classification__epochs": 20, "classification__batch_size": 25}, "times": {"mean_fit_time": [3.8582287311553953, 4.717429828643799, 3.771927738189697, 3.766782760620117, 4.052155590057373, 4.0972062110900875, 3.678813600540161, 5.324708604812622, 3.8874574184417723, 3.793357181549072], "std_fit_time": [0.6846743987000963, 0.4433471691514956, 0.6549022540458106, 0.8184250753470118, 0.7226118259022436, 0.9222247299555849, 0.7209787945504638, 0.47721969837038936, 0.4723389389693926, 0.8516775902362228], "mean_score_time": [0.21798582077026368, 0.33186631202697753, 0.3446704864501953, 0.2580744743347168, 0.21724352836608887, 0.21390528678894044, 0.4314858913421631, 0.2631646156311035, 0.28542289733886717, 0.22077326774597167], "std_score_time": [0.008393960431295599, 0.12542359764739552, 0.1382938914795024, 0.1338593701821355, 0.04317038295833218, 0.07557666431706886, 0.17547458227834653, 0.044644481296982966, 0.10098212347574521, 0.044171867502704146]}, "score": 0.8679365079365079}, "RandomForestClassifier": {"params": {"classification__n_estimators": 500, "classification__min_samples_split": 2, "classification__min_samples_leaf": 1, "classification__max_features": null, "classification__max_depth": 60, "classification__bootstrap": false}, "times": {"mean_fit_time": [6.206422185897827, 3.0194941997528075, 2.2779728889465334], "std_fit_time": [0.5976806668420913, 0.6227534264965418, 0.08472711942562025], "mean_score_time": [0.004628372192382812, 0.005844974517822265, 0.004404926300048828], "std_score_time": [0.0012600457264499623, 0.001909791357355251, 0.0016401899128302797]}, "score": 0.9866666666666667}, "KNeighborsClassifier": {"params": {"classification__weights": "uniform", "classification__n_neighbors": 9, "classification__metric": "minkowski", "classification__leaf_size": 16}, "times": {"mean_fit_time": [0.040676021575927736, 0.030204343795776366, 0.0499112606048584], "std_fit_time": [0.018941875965186112, 0.006916139542392939, 0.009487415207208168], "mean_score_time": [0.010521745681762696, 0.010983467102050781, 0.013372087478637695], "std_score_time": [0.0017061559134010104, 0.0029318070947571303, 0.003087497010012029]}, "score": 0.9506666666666668}, "ComplementNB": {"params": {"classification__alpha": 0.5}, "times": {"mean_fit_time": [0.004487466812133789, 0.005313253402709961, 0.007872629165649413], "std_fit_time": [0.0004412413461478674, 0.001742541830417782, 0.002378801939910486], "mean_score_time": [0.0012376785278320312, 0.0015237808227539062, 0.0017116069793701172], "std_score_time": [0.00024099377336626182, 0.00042346150381430443, 0.0003963456862906376]}, "score": 0.7613333333333333}, "LogisticRegression": {"params": {"classification__solver": "lbfgs", "classification__C": 0.1}, "times": {"mean_fit_time": [0.421854829788208, 0.2505500793457031, 0.33283534049987795], "std_fit_time": [0.018157229740461467, 0.03029571596269441, 0.03511513091000588], "mean_score_time": [0.0018179893493652343, 0.002151823043823242, 0.0016512393951416016], "std_score_time": [0.00025010113038825474, 0.0004405378635673799, 0.00013279109259231548]}, "score": 0.9093333333333333}}