{"[NN]NeuralNetwork": {"params": {"classification__epochs": 20, "classification__batch_size": 30}, "times": {"mean_fit_time": [4.723028945922851, 3.0246196746826173, 4.425814580917359, 2.7742919445037844, 3.608624219894409, 3.3227139472961427, 4.957016897201538, 3.695451021194458, 3.9638392448425295, 4.612106418609619], "std_fit_time": [0.6555780470505174, 0.8732874532450527, 1.0111945243584668, 0.7791303210312832, 1.0968765407374854, 0.8541959437038479, 0.8753260185775196, 1.3562341219030378, 1.2392279716712025, 1.2610574684940268], "mean_score_time": [0.253507137298584, 0.3037556648254395, 0.31178035736083987, 0.2678252696990967, 0.29331274032592775, 0.2701591491699219, 0.2528660297393799, 0.29010009765625, 0.24780712127685547, 0.23708868026733398], "std_score_time": [0.10295125914337255, 0.032115010046504695, 0.04467243467913852, 0.03948569696158204, 0.10256381062499138, 0.028238166798477612, 0.09972845039380758, 0.042098856560210084, 0.04004481136999529, 0.04092413270140103]}, "score": 0.8600793650793651}, "RandomForestClassifier": {"params": {"classification__n_estimators": 500, "classification__min_samples_split": 2, "classification__min_samples_leaf": 2, "classification__max_features": null, "classification__max_depth": 10, "classification__bootstrap": true}, "times": {"mean_fit_time": [0.26485319137573243, 2.4131256580352782, 2.3455960273742678], "std_fit_time": [0.05398497296374963, 0.2541756040596686, 0.06637384484086559], "mean_score_time": [0.0017578601837158203, 0.004580926895141601, 0.0038132667541503906], "std_score_time": [0.0003280726975010606, 0.0015015694056762742, 0.0006732160533846742]}, "score": 0.974}, "KNeighborsClassifier": {"params": {"classification__weights": "uniform", "classification__n_neighbors": 3, "classification__metric": "euclidean", "classification__leaf_size": 16}, "times": {"mean_fit_time": [0.02616915702819824, 0.03382663726806641, 0.04218878746032715], "std_fit_time": [0.004907052768606563, 0.01186162002559069, 0.01590325332002425], "mean_score_time": [0.01048140525817871, 0.014371204376220702, 0.009268856048583985], "std_score_time": [0.0007307339163289403, 0.0062328516572151575, 0.0011551774326287849]}, "score": 0.9126666666666667}, "ComplementNB": {"params": {"classification__alpha": 0}, "times": {"mean_fit_time": [0.004822540283203125, 0.005475044250488281, 0.008967781066894531], "std_fit_time": [0.0007084466987198574, 0.0006198157304680878, 0.0020436644189421103], "mean_score_time": [0.0015894412994384766, 0.00165863037109375, 0.0016222953796386718], "std_score_time": [0.0002409244267783831, 0.00028103939900692875, 0.00024213683844408966]}, "score": 0.696}, "LogisticRegression": {"params": {"classification__solver": "saga", "classification__C": 100}, "times": {"mean_fit_time": [0.6926687240600586, 0.7441805839538574, 1.2061167716979981], "std_fit_time": [0.0706414773066804, 0.05037543221291889, 0.11830626133886844], "mean_score_time": [0.051646089553833006, 0.04506950378417969, 0.03448243141174316], "std_score_time": [0.008202807084661253, 0.009541448095836139, 0.009177684682855087]}, "score": 0.7386666666666667}}