{"[NN]NeuralNetwork": {"params": {"classification__epochs": 15, "classification__batch_size": 20}, "times": {"mean_fit_time": [4.935257625579834, 4.497442579269409, 3.9865273952484133, 3.7401490688323973, 4.429087114334107, 3.603327417373657, 4.021339559555054, 3.89895920753479, 3.732136917114258, 4.001464319229126], "std_fit_time": [0.45250811416193454, 0.3882667835613181, 0.7006070249375579, 0.7273954371079189, 0.7270970951467789, 0.6189473660727338, 0.14893057913917782, 0.3285940711548199, 0.613161522314278, 0.5070554784112545], "mean_score_time": [0.23840751647949218, 0.1814793109893799, 0.21143035888671874, 0.24827780723571777, 0.24381694793701172, 0.27800817489624025, 0.23684244155883788, 0.23569540977478026, 0.34601616859436035, 0.1946242332458496], "std_score_time": [0.046638275042464136, 0.023164920413925958, 0.0523792182690583, 0.012113087707083437, 0.05402081704609358, 0.028428916675546763, 0.021641678065475536, 0.015828939428393845, 0.15156408134203248, 0.027911980918057747]}, "score": 0.8783015873015874}, "RandomForestClassifier": {"params": {"classification__n_estimators": 1000, "classification__min_samples_split": 2, "classification__min_samples_leaf": 2, "classification__max_features": "sqrt", "classification__max_depth": null, "classification__bootstrap": true}, "times": {"mean_fit_time": [3.880061960220337, 4.107906246185303, 3.5093743801116943], "std_fit_time": [0.23993469484249474, 0.25668830677158494, 0.06911392401102831], "mean_score_time": [0.004156589508056641, 0.005363321304321289, 0.0030975341796875], "std_score_time": [0.0011699236068451312, 0.0005546207880216268, 0.0006468872606345992]}, "score": 0.96}, "KNeighborsClassifier": {"params": {"classification__weights": "distance", "classification__n_neighbors": 1, "classification__metric": "euclidean", "classification__leaf_size": 23}, "times": {"mean_fit_time": [0.03981027603149414, 0.025542736053466797, 0.03371849060058594], "std_fit_time": [0.010093886294160673, 0.010610352976730165, 0.012717300613205959], "mean_score_time": [0.008978557586669923, 0.009813928604125976, 0.008472347259521484], "std_score_time": [0.0007055472538730344, 0.0006234712782695563, 0.0002896026268446728]}, "score": 0.2}, "ComplementNB": {"params": {"classification__alpha": 0}, "times": {"mean_fit_time": [0.004737234115600586, 0.0065920352935791016, 0.007436323165893555], "std_fit_time": [0.00047927181490542274, 0.004626428690108708, 0.0013360745167947255], "mean_score_time": [0.001233959197998047, 0.0013961315155029297, 0.0013649463653564453], "std_score_time": [0.0001375754616889617, 0.00030619549261840076, 0.00014635149260709736]}, "score": 0.7331111111111112}, "LogisticRegression": {"params": {"classification__solver": "sag", "classification__C": 0.1}, "times": {"mean_fit_time": [0.7825997352600098, 0.7915355682373046, 1.058833074569702], "std_fit_time": [0.10084523285055802, 0.04712304037651635, 0.061546272203308536], "mean_score_time": [0.03748993873596192, 0.03792695999145508, 0.03646721839904785], "std_score_time": [0.005786684242754298, 0.006166147690090491, 0.006471314386160931]}, "score": 0.7848888888888889}}