{"[NN]NeuralNetwork": {"params": {"classification__epochs": 15, "classification__batch_size": 30}, "times": {"mean_fit_time": [5.248579740524292, 4.9124424934387205, 3.835206985473633, 4.6746021747589115, 5.525108432769775, 4.880565881729126, 4.698696136474609, 4.379781913757324, 6.5458574295043945, 5.487634944915771], "std_fit_time": [0.8273022342214335, 1.2519226949452114, 0.6429856056048326, 1.271420299191473, 0.43794177551046143, 1.062710747377771, 0.9489256425571028, 0.5580937583393059, 1.3822923606371693, 1.3141852374478231], "mean_score_time": [0.34430437088012694, 0.46299037933349607, 0.4958950042724609, 0.5878456592559814, 0.6131855964660644, 0.42598628997802734, 0.31097187995910647, 0.41090078353881837, 0.37720165252685545, 0.43605432510375974], "std_score_time": [0.03223749221547806, 0.07245167355348174, 0.14182593236975455, 0.23368491339164058, 0.20301984236647258, 0.15705852326890382, 0.06860568487175621, 0.16107143472914268, 0.10094882071817476, 0.06571855907946803]}, "score": 0.8829682539682538}, "RandomForestClassifier": {"params": {"classification__n_estimators": 300, "classification__min_samples_split": 10, "classification__min_samples_leaf": 4, "classification__max_features": null, "classification__max_depth": 60, "classification__bootstrap": true}, "times": {"mean_fit_time": [0.7510293960571289, 1.5571049690246581, 1.3236405849456787], "std_fit_time": [0.07386205198744408, 0.05607465843652746, 0.18461768497817405], "mean_score_time": [0.002169084548950195, 0.004281377792358399, 0.0035389423370361327], "std_score_time": [0.0002797634694479532, 0.002785635274067798, 0.0014603450001088286]}, "score": 0.9842857142857143}, "KNeighborsClassifier": {"params": {"classification__weights": "uniform", "classification__n_neighbors": 5, "classification__metric": "minkowski", "classification__leaf_size": 26}, "times": {"mean_fit_time": [0.02492837905883789, 0.029050827026367188, 0.028304481506347658], "std_fit_time": [0.00788619728230002, 0.0026570563612857046, 0.005060732005096116], "mean_score_time": [0.00946650505065918, 0.009955501556396485, 0.012465620040893554], "std_score_time": [0.0011356772506209087, 0.001422148375059754, 0.006127725038376986]}, "score": 0.9652380952380952}, "ComplementNB": {"params": {"classification__alpha": 1.0}, "times": {"mean_fit_time": [0.0045127391815185545, 0.006078481674194336, 0.00674586296081543], "std_fit_time": [0.0002420039198733674, 0.0007276298799092274, 0.001492003842740143], "mean_score_time": [0.0013391494750976563, 0.0016876697540283204, 0.001460695266723633], "std_score_time": [0.00020622142587872693, 0.00019571830968088253, 0.0003191389061149653]}, "score": 0.6804761904761905}, "LogisticRegression": {"params": {"classification__solver": "newton-cg", "classification__C": 10}, "times": {"mean_fit_time": [0.8119487762451172, 0.2090505599975586, 0.2962953090667725], "std_fit_time": [0.15206290241163958, 0.03229798181920818, 0.03984209792447719], "mean_score_time": [0.035611534118652345, 0.002138519287109375, 0.0017848014831542969], "std_score_time": [0.007945077003155093, 0.0007893897743421715, 7.183200047032209e-05]}, "score": 0.8295238095238094}}