{"[NN]NeuralNetwork": {"params": {"classification__epochs": 20, "classification__batch_size": 20}, "times": {"mean_fit_time": [5.746851587295533, 5.392215585708618, 5.490606117248535, 5.663031673431396, 5.081113195419311, 5.448846483230591, 4.856519603729248, 5.527351188659668, 5.632736778259277, 5.063447666168213], "std_fit_time": [0.7220511906989208, 0.9993890171684151, 0.6865753481872735, 0.5602129635428812, 0.6445880102090656, 0.919950424665, 1.0306343028610738, 0.5900403136522641, 0.43401115900893567, 0.3920866754465303], "mean_score_time": [0.7703383445739747, 0.5993704319000244, 0.671612548828125, 0.5409438610076904, 0.7347200870513916, 0.6291760444641114, 0.48723831176757815, 0.5543915748596191, 0.47217235565185545, 0.6563656806945801], "std_score_time": [0.2789606260808745, 0.10518418132514742, 0.11459882126575897, 0.12543197834244227, 0.15285815375019382, 0.19515001119728478, 0.13085321013585463, 0.21030207748747903, 0.05895195770402781, 0.239561330478877]}, "score": 0.8845714285714286}, "RandomForestClassifier": {"params": {"classification__n_estimators": 300, "classification__min_samples_split": 10, "classification__min_samples_leaf": 1, "classification__max_features": "log2", "classification__max_depth": 80, "classification__bootstrap": false}, "times": {"mean_fit_time": [0.5927539825439453, 0.7471201419830322, 0.8393359661102295], "std_fit_time": [0.010256658830827587, 0.08572935272262644, 0.12517887544797374], "mean_score_time": [0.001572895050048828, 0.0017695903778076171, 0.0019030094146728516], "std_score_time": [7.583396052556092e-05, 0.00010186846656646658, 0.00033958648461567144]}, "score": 0.981904761904762}, "KNeighborsClassifier": {"params": {"classification__weights": "distance", "classification__n_neighbors": 15, "classification__metric": "minkowski", "classification__leaf_size": 20}, "times": {"mean_fit_time": [0.041422128677368164, 0.031744194030761716, 0.03885560035705567], "std_fit_time": [0.018655310613658854, 0.0039981172968872394, 0.012683352922777736], "mean_score_time": [0.009528493881225586, 0.010187864303588867, 0.00866527557373047], "std_score_time": [0.0005446519852678139, 0.0014082198975340007, 0.000836265493520961]}, "score": 0.23933333333333331}, "ComplementNB": {"params": {"classification__alpha": 1.0}, "times": {"mean_fit_time": [0.005415487289428711, 0.0070229053497314455, 0.0068644523620605465], "std_fit_time": [0.0011023221307624967, 0.004108445033358085, 0.001314928049551504], "mean_score_time": [0.0015812397003173828, 0.0017232418060302735, 0.001466846466064453], "std_score_time": [0.00017624964413639717, 0.00037972487512787654, 0.0002921707226251541]}, "score": 0.6801904761904762}, "LogisticRegression": {"params": {"classification__solver": "lbfgs", "classification__C": 0.01}, "times": {"mean_fit_time": [0.8192786693572998, 0.3533052921295166, 0.33417630195617676], "std_fit_time": [0.07946931099548125, 0.021529003989128735, 0.022631229721972852], "mean_score_time": [0.04432592391967773, 0.002019643783569336, 0.002118492126464844], "std_score_time": [0.010783168159353049, 0.00024759293631076165, 0.00041921787924611737]}, "score": 0.8132380952380952}}