{"[NN]NeuralNetwork": {"params": {"classification__epochs": 20, "classification__batch_size": 30}, "times": {"mean_fit_time": [3.227064514160156, 2.5267779350280763, 2.8891202449798583, 2.8887041568756104, 2.791844367980957, 3.5907283306121824, 3.158327007293701, 2.44189133644104, 2.6232743740081785, 3.434307336807251], "std_fit_time": [0.43384749154259394, 0.2026566631087721, 0.3642374363376574, 0.1848785910409306, 0.3370968217370026, 0.3331729863562273, 0.40055397482814714, 0.34858567184096134, 0.22792967883334297, 0.8751175906132087], "mean_score_time": [0.19817395210266114, 0.30604891777038573, 0.21387310028076173, 0.33503084182739257, 0.31615777015686036, 0.33799066543579104, 0.260863208770752, 0.26846799850463865, 0.21138982772827147, 0.2952101230621338], "std_score_time": [0.04970482931748657, 0.13242793986080054, 0.04293951633269191, 0.12540513472915304, 0.08323059570486414, 0.10430202636806156, 0.07120993511173898, 0.11538624826517604, 0.02107187790887621, 0.0938546453357028]}, "score": 0.8600793650793651}, "RandomForestClassifier": {"params": {"classification__n_estimators": 500, "classification__min_samples_split": 2, "classification__min_samples_leaf": 2, "classification__max_features": null, "classification__max_depth": 10, "classification__bootstrap": true}, "times": {"mean_fit_time": [0.2869277000427246, 2.244523525238037, 2.1363836765289306], "std_fit_time": [0.04975226910807943, 0.20466684676438984, 0.036029117414141214], "mean_score_time": [0.0016978263854980468, 0.006318473815917968, 0.004203605651855469], "std_score_time": [0.0003471253466329728, 0.0014363950740462266, 0.0013314005909878066]}, "score": 0.974}, "KNeighborsClassifier": {"params": {"classification__weights": "uniform", "classification__n_neighbors": 3, "classification__metric": "euclidean", "classification__leaf_size": 16}, "times": {"mean_fit_time": [0.03519754409790039, 0.030582237243652343, 0.03143091201782226], "std_fit_time": [0.005218253861147897, 0.009974932949113644, 0.006244231042896046], "mean_score_time": [0.009065198898315429, 0.009417295455932617, 0.008507108688354493], "std_score_time": [0.0009442437526452583, 0.0012158109096962783, 0.0005273996293258267]}, "score": 0.9126666666666667}, "ComplementNB": {"params": {"classification__alpha": 0}, "times": {"mean_fit_time": [0.004230785369873047, 0.0051517486572265625, 0.00763397216796875], "std_fit_time": [0.0005247506245369916, 0.00029790265505458735, 0.0010496285639589337], "mean_score_time": [0.0013323307037353515, 0.0015976428985595703, 0.0015468597412109375], "std_score_time": [0.00021324637532167342, 0.0003707150238679054, 0.00028799618285346343]}, "score": 0.696}, "LogisticRegression": {"params": {"classification__solver": "saga", "classification__C": 100}, "times": {"mean_fit_time": [0.9154289722442627, 0.8375368595123291, 1.2938361167907715], "std_fit_time": [0.20315381013809305, 0.1975075819510415, 0.12359456397137854], "mean_score_time": [0.041477298736572264, 0.04680676460266113, 0.03605780601501465], "std_score_time": [0.014434516232758904, 0.011818102916143153, 0.011701487648839638]}, "score": 0.7386666666666667}}