{"[NN]NeuralNetwork": {"params": {"classification__epochs": 15, "classification__batch_size": 30}, "times": {"mean_fit_time": [3.5693663597106933, 2.7925046920776366, 3.1718616008758547, 3.4285650730133055, 2.628763198852539, 3.738416242599487, 2.8307322025299073, 3.284370708465576, 3.1686527252197267, 2.8708438873291016], "std_fit_time": [0.6648798393915024, 0.18865733698625298, 0.2571949663211226, 0.3657478265561239, 0.3173119776464086, 0.45031261489543545, 0.4114108861164913, 0.41818710876789145, 0.25803534073258666, 0.42919287250235505], "mean_score_time": [0.2984121322631836, 0.2169492721557617, 0.34819622039794923, 0.27473297119140627, 0.3103491306304932, 0.34079408645629883, 0.2969329833984375, 0.2881321430206299, 0.22192926406860353, 0.2185617446899414], "std_score_time": [0.049749319887211846, 0.04805593302686791, 0.10000295540017502, 0.06182228587839884, 0.06695863006797777, 0.13882888564589846, 0.08388990692439283, 0.0802540029388451, 0.047538566773928766, 0.03371667025138355]}, "score": 0.8957936507936509}, "RandomForestClassifier": {"params": {"classification__n_estimators": 200, "classification__min_samples_split": 5, "classification__min_samples_leaf": 2, "classification__max_features": "sqrt", "classification__max_depth": 50, "classification__bootstrap": true}, "times": {"mean_fit_time": [0.4544376373291016, 0.8323341846466065, 0.5845102787017822], "std_fit_time": [0.00755391359860453, 0.1993676886777296, 0.03417511924022668], "mean_score_time": [0.001453399658203125, 0.0018540382385253905, 0.0017040729522705077], "std_score_time": [0.000141534955986153, 0.00020010064411922994, 0.00024091749007795903]}, "score": 0.9786666666666666}, "KNeighborsClassifier": {"params": {"classification__weights": "uniform", "classification__n_neighbors": 19, "classification__metric": "minkowski", "classification__leaf_size": 30}, "times": {"mean_fit_time": [0.02600865364074707, 0.02511425018310547, 0.05035533905029297], "std_fit_time": [0.006043950837660366, 0.00414982165583131, 0.0037126126141290203], "mean_score_time": [0.009445858001708985, 0.009804058074951171, 0.009215879440307616], "std_score_time": [0.0005157393507478489, 0.0006787409787553491, 0.00029952185153728797]}, "score": 0.8906666666666666}, "ComplementNB": {"params": {"classification__alpha": 0}, "times": {"mean_fit_time": [0.006289863586425781, 0.005719184875488281, 0.01018681526184082], "std_fit_time": [0.0023678419133922163, 0.0013365854673862139, 0.002771505210467696], "mean_score_time": [0.0017423152923583985, 0.0016965866088867188, 0.0020170688629150392], "std_score_time": [0.0005412165477562291, 0.00019472589869249158, 0.00042504086883616204]}, "score": 0.7253333333333332}, "LogisticRegression": {"params": {"classification__solver": "newton-cg", "classification__C": 0.1}, "times": {"mean_fit_time": [0.3037374496459961, 0.8514227390289306, 0.4005411624908447], "std_fit_time": [0.04402372621420178, 0.1378359258127902, 0.1539102150422436], "mean_score_time": [0.002384042739868164, 0.03511962890625, 0.0018700599670410157], "std_score_time": [0.0003817170831275986, 0.006249985630330991, 0.0002911878091963535]}, "score": 0.852}}