{"[NN]NeuralNetwork": {"params": {"classification__epochs": 20, "classification__batch_size": 30}, "times": {"mean_fit_time": [3.603014087677002, 3.6477496147155763, 4.056068658828735, 3.223975133895874, 4.18287148475647, 3.087391805648804, 3.453205680847168, 4.247608470916748, 4.407058954238892, 5.282454252243042], "std_fit_time": [0.30509839125492794, 0.6165269587938036, 0.46971443393728474, 0.3398748411510384, 0.43482775285948816, 0.5918767006990501, 0.4181710191433973, 1.3165299138801099, 0.8450335957326297, 0.605045736111569], "mean_score_time": [0.34445533752441404, 0.4050208568572998, 0.33995041847229, 0.35729193687438965, 0.3265561103820801, 0.3773972988128662, 0.33962373733520507, 0.40775132179260254, 0.4605855464935303, 0.3967332363128662], "std_score_time": [0.06332075419581723, 0.12200135049793526, 0.08976510651286938, 0.12029920116163074, 0.13445230047319595, 0.07835012060856746, 0.07551570521718756, 0.12436226242768764, 0.23386579656937972, 0.16989926923452253]}, "score": 0.8803650793650795}, "RandomForestClassifier": {"params": {"classification__n_estimators": 200, "classification__min_samples_split": 10, "classification__min_samples_leaf": 1, "classification__max_features": null, "classification__max_depth": 30, "classification__bootstrap": true}, "times": {"mean_fit_time": [0.7407217502593995, 0.055080080032348634, 0.9917961120605469], "std_fit_time": [0.06355041417380594, 0.016170002210128213, 0.12455297854067586], "mean_score_time": [0.00167236328125, 0.0017319679260253905, 0.0017411231994628907], "std_score_time": [9.472278632454762e-05, 0.0006148309472372732, 5.711991695855423e-05]}, "score": 0.96}, "KNeighborsClassifier": {"params": {"classification__weights": "uniform", "classification__n_neighbors": 1, "classification__metric": "minkowski", "classification__leaf_size": 10}, "times": {"mean_fit_time": [0.04162983894348145, 0.032041406631469725, 0.036679553985595706], "std_fit_time": [0.006136859955206609, 0.008216848977202729, 0.011149325621537769], "mean_score_time": [0.014111471176147462, 0.011484766006469726, 0.008850002288818359], "std_score_time": [0.0041983877054869185, 0.0013324811265218956, 0.0005559740627946686]}, "score": 0.9333333333333333}, "ComplementNB": {"params": {"classification__alpha": 0}, "times": {"mean_fit_time": [0.00493168830871582, 0.004720640182495117, 0.006938457489013672], "std_fit_time": [0.0008718070371844936, 0.00011767558546341837, 0.0007222085305161658], "mean_score_time": [0.0015908241271972655, 0.0013369083404541015, 0.0014891624450683594], "std_score_time": [0.00046129739303847866, 0.00021310356746197804, 0.00019779191527550356]}, "score": 0.7266666666666667}, "LogisticRegression": {"params": {"classification__solver": "lbfgs", "classification__C": 100}, "times": {"mean_fit_time": [0.23903369903564453, 0.6540419578552246, 0.3961660385131836], "std_fit_time": [0.05851494044778077, 0.11146677293377082, 0.08728950540906064], "mean_score_time": [0.0020934104919433593, 0.041004610061645505, 0.00196990966796875], "std_score_time": [0.00039456889252090384, 0.008351593392556053, 0.00037413357526823]}, "score": 0.8106666666666665}}