{"[NN]NeuralNetwork": {"params": {"classification__epochs": 15, "classification__batch_size": 20}, "times": {"mean_fit_time": [4.981832790374756, 4.269064903259277, 4.839879560470581, 4.017940044403076, 6.003870058059692, 3.787287712097168, 4.4703363418579105, 4.5474659442901615, 4.483080101013184, 3.7364410400390624], "std_fit_time": [0.661635296614198, 0.5163170306669262, 0.15798937026196408, 0.48506203097797435, 0.31591033187834405, 0.31911551211710604, 0.6355141815136819, 0.5796695719127694, 0.8307874303408727, 0.324942314433489], "mean_score_time": [0.35193800926208496, 0.3760246753692627, 0.24973783493041993, 0.45163908004760744, 0.2461700916290283, 0.42197475433349607, 0.29953346252441404, 0.25785155296325685, 0.1902686595916748, 0.28485841751098634], "std_score_time": [0.10863856611460285, 0.08714459200646214, 0.07010165021610813, 0.22245570389913213, 0.0939343310057894, 0.15944264555240925, 0.09240263188689968, 0.08490133902520279, 0.0718271554390814, 0.07033405215102449]}, "score": 0.8635714285714287}, "RandomForestClassifier": {"params": {"classification__n_estimators": 500, "classification__min_samples_split": 10, "classification__min_samples_leaf": 1, "classification__max_features": null, "classification__max_depth": 20, "classification__bootstrap": true}, "times": {"mean_fit_time": [2.657040166854858, 1.093193244934082, 2.354988861083984], "std_fit_time": [0.25827721202092324, 0.21954985467186727, 0.05997060903146526], "mean_score_time": [0.004891395568847656, 0.0018187522888183593, 0.004363059997558594], "std_score_time": [0.0006721226190709709, 0.00023778681976905714, 0.0012366411835608591]}, "score": 0.9473333333333332}, "KNeighborsClassifier": {"params": {"classification__weights": "uniform", "classification__n_neighbors": 3, "classification__metric": "manhattan", "classification__leaf_size": 30}, "times": {"mean_fit_time": [0.033382225036621097, 0.045659875869750975, 0.02687864303588867], "std_fit_time": [0.016070717910929427, 0.019391532974351616, 0.0006258292040718244], "mean_score_time": [0.013718748092651367, 0.011941099166870117, 0.011999940872192383], "std_score_time": [0.006561058914702894, 0.0034306418251669715, 0.0025029072131747634]}, "score": 0.966}, "ComplementNB": {"params": {"classification__alpha": 0}, "times": {"mean_fit_time": [0.004950904846191406, 0.006089544296264649, 0.008578968048095704], "std_fit_time": [0.0006561278361220626, 0.0008812187499212372, 0.0019262506295347707], "mean_score_time": [0.0015695571899414062, 0.001773500442504883, 0.0015860557556152343], "std_score_time": [0.00021993161648653349, 0.00045461837215229114, 0.0002232411126367626]}, "score": 0.7772857142857142}, "LogisticRegression": {"params": {"classification__solver": "sag", "classification__C": 10}, "times": {"mean_fit_time": [1.1011050701141358, 0.8091922760009765, 1.1143617153167724], "std_fit_time": [0.21436052112489723, 0.2189561272924733, 0.05061777637184548], "mean_score_time": [0.03785123825073242, 0.03892121315002441, 0.03219318389892578], "std_score_time": [0.010887393739542409, 0.007537037740723735, 0.004574307199432966]}, "score": 0.82}}