{"[NN]NeuralNetwork": {"params": {"classification__epochs": 15, "classification__batch_size": 20}, "times": {"mean_fit_time": [3.9775634765625, 4.393101787567138, 3.4513959884643555, 3.222664642333984, 4.164219808578491, 4.864312219619751, 3.5632230281829833, 4.028743124008178, 4.138125085830689, 4.032733583450318], "std_fit_time": [0.4857329617272693, 0.4848544535291192, 0.63609840793763, 0.4292592916320026, 0.3881027538595638, 0.5802466813413519, 0.3687762794312534, 1.019337773876973, 0.45903700004022957, 0.5997366434213257], "mean_score_time": [0.30927214622497556, 0.3546774387359619, 0.3245678424835205, 0.41095676422119143, 0.27048702239990235, 0.2778652191162109, 0.33411130905151365, 0.17567172050476074, 0.23766684532165527, 0.3905555248260498], "std_score_time": [0.06823655061703539, 0.13230476284045387, 0.0941195584476751, 0.0734562566481205, 0.09041559282893595, 0.09752956831710814, 0.1418570833160256, 0.038429174341412374, 0.06965742051383608, 0.08068630284501409]}, "score": 0.849873015873016}, "RandomForestClassifier": {"params": {"classification__n_estimators": 400, "classification__min_samples_split": 2, "classification__min_samples_leaf": 1, "classification__max_features": null, "classification__max_depth": 30, "classification__bootstrap": true}, "times": {"mean_fit_time": [0.07986946105957031, 1.9158564567565919, 1.598397159576416], "std_fit_time": [0.01086464762720847, 0.27191660734205536, 0.018990452613822175], "mean_score_time": [0.001376199722290039, 0.0027788162231445314, 0.002228832244873047], "std_score_time": [0.0001192355508488291, 0.0016154376933409736, 0.0003862520085879244]}, "score": 0.9620000000000001}, "KNeighborsClassifier": {"params": {"classification__weights": "uniform", "classification__n_neighbors": 19, "classification__metric": "minkowski", "classification__leaf_size": 20}, "times": {"mean_fit_time": [0.03611564636230469, 0.03562893867492676, 0.03138909339904785], "std_fit_time": [0.008116418020203903, 0.008135256821817151, 0.012635932132248279], "mean_score_time": [0.00914173126220703, 0.008890342712402344, 0.007750129699707032], "std_score_time": [0.0004905603350004495, 0.001473449436804244, 0.00046780745090916926]}, "score": 0.89}, "ComplementNB": {"params": {"classification__alpha": 1.0}, "times": {"mean_fit_time": [0.003960514068603515, 0.0053500175476074215, 0.005957984924316406], "std_fit_time": [0.00032802066544958925, 0.000915597855812948, 0.00022446567171291126], "mean_score_time": [0.001263904571533203, 0.0013860225677490234, 0.0013282299041748047], "std_score_time": [0.00018112152136943337, 0.0002582183326564113, 7.893649941069008e-05]}, "score": 0.688}, "LogisticRegression": {"params": {"classification__solver": "newton-cg", "classification__C": 0.01}, "times": {"mean_fit_time": [0.7478017807006836, 0.3992471218109131, 0.8307270526885986], "std_fit_time": [0.16999245341857372, 0.1420135051991344, 0.2526365135693205], "mean_score_time": [0.04022870063781738, 0.001904439926147461, 0.0019562244415283203], "std_score_time": [0.01045527229811941, 0.0003827628747952994, 0.0002858210611931091]}, "score": 0.8733333333333334}}