{"[NN]NeuralNetwork": {"params": {"classification__epochs": 20, "classification__batch_size": 25}, "times": {"mean_fit_time": [3.505633306503296, 3.5807383060455322, 2.931872320175171, 2.4870309829711914, 2.365071153640747, 3.1124940395355223, 3.591103744506836, 3.3139111042022704, 2.912914752960205, 2.4681082248687742], "std_fit_time": [0.5666708903864696, 0.5707808361783363, 0.7461795041850617, 0.1375754180786401, 0.25579779593014834, 0.49429931715822173, 0.7450480488410157, 1.0441120497838972, 0.6604559920486095, 0.37939797762153377], "mean_score_time": [0.3164230823516846, 0.36922264099121094, 0.32529678344726565, 0.24773845672607422, 0.2555727958679199, 0.28478541374206545, 0.31569595336914064, 0.2670315742492676, 0.30106472969055176, 0.3035542964935303], "std_score_time": [0.07579220033758823, 0.14253140567317388, 0.1313429049441031, 0.019554189904798874, 0.019787945991038166, 0.051836125894420305, 0.09270377691785413, 0.048542405796225624, 0.03956341104984229, 0.13423143241925029]}, "score": 0.8859057609057608}, "RandomForestClassifier": {"params": {"classification__n_estimators": 1000, "classification__min_samples_split": 10, "classification__min_samples_leaf": 2, "classification__max_features": "sqrt", "classification__max_depth": 100, "classification__bootstrap": false}, "times": {"mean_fit_time": [0.5758421897888184, 3.772000551223755, 3.4800209522247316], "std_fit_time": [0.11199590988475802, 0.2435722555722176, 0.04480193701941385], "mean_score_time": [0.001799631118774414, 0.003928136825561523, 0.0040016651153564455], "std_score_time": [0.00031222448733623647, 0.0007832245105777339, 0.0010059464709577504]}, "score": 0.9633333333333333}, "KNeighborsClassifier": {"params": {"classification__weights": "uniform", "classification__n_neighbors": 15, "classification__metric": "minkowski", "classification__leaf_size": 33}, "times": {"mean_fit_time": [0.02783050537109375, 0.02993631362915039, 0.027455902099609374], "std_fit_time": [0.003935066389132491, 0.009173423002833084, 0.003379620755710272], "mean_score_time": [0.007602548599243164, 0.009859275817871094, 0.00794062614440918], "std_score_time": [0.00044992840734578465, 0.0030348188360501275, 0.0007577577940000166]}, "score": 0.8845238095238095}, "ComplementNB": {"params": {"classification__alpha": 0}, "times": {"mean_fit_time": [0.004735994338989258, 0.004378318786621094, 0.005854034423828125], "std_fit_time": [0.000253889140669652, 6.751549429983333e-05, 0.0003347727835286722], "mean_score_time": [0.0012079715728759766, 0.0012286186218261718, 0.001188945770263672], "std_score_time": [0.00025813087941568337, 0.000165793159933853, 4.320376223658766e-05]}, "score": 0.6324761904761905}, "LogisticRegression": {"params": {"classification__solver": "newton-cg", "classification__C": 0.1}, "times": {"mean_fit_time": [0.39880928993225095, 0.22898354530334472, 0.8100791931152344], "std_fit_time": [0.04733913950183525, 0.03992147887167151, 0.42493666856760515], "mean_score_time": [0.002312469482421875, 0.0016904830932617187, 0.0026814937591552734], "std_score_time": [0.0006544448402832544, 8.326382395950905e-05, 0.0010232656885091813]}, "score": 0.8296190476190478}}