{"[NN]NeuralNetwork": {"params": {"classification__epochs": 15, "classification__batch_size": 30}, "times": {"mean_fit_time": [4.7062619686126705, 3.8214101791381836, 3.34484224319458, 4.0961206436157225, 3.2878258228302, 3.3279659271240236, 3.5848389625549317, 3.4730852127075194, 3.565205383300781, 3.439556694030762], "std_fit_time": [0.2458009693271826, 0.6320510571129304, 0.5566046697513082, 0.28147659578025663, 0.6445282403368853, 0.319310785833121, 1.0167210378078777, 0.4503216433658448, 0.8228572046758955, 0.35248963829776314], "mean_score_time": [0.3047637462615967, 0.2653946876525879, 0.30417327880859374, 0.3704105854034424, 0.25617589950561526, 0.25525827407836915, 0.2712646484375, 0.25448946952819823, 0.2153468608856201, 0.23633317947387694], "std_score_time": [0.06126783983788639, 0.048420539635409314, 0.058267185923264506, 0.07957940258761984, 0.02786584231791979, 0.023312588514096007, 0.0908157813162004, 0.017241218689198576, 0.046307456236063, 0.04276087812879962]}, "score": 0.8829682539682538}, "RandomForestClassifier": {"params": {"classification__n_estimators": 300, "classification__min_samples_split": 10, "classification__min_samples_leaf": 4, "classification__max_features": null, "classification__max_depth": 60, "classification__bootstrap": true}, "times": {"mean_fit_time": [0.48825321197509763, 1.3843983650207519, 1.2388140201568603], "std_fit_time": [0.022996457420717258, 0.12553580239452414, 0.0717796638403438], "mean_score_time": [0.0017488956451416015, 0.001882028579711914, 0.0018201828002929687], "std_score_time": [0.000251592886270017, 0.00018994186778321985, 0.00016979605443838875]}, "score": 0.9842857142857143}, "KNeighborsClassifier": {"params": {"classification__weights": "uniform", "classification__n_neighbors": 5, "classification__metric": "minkowski", "classification__leaf_size": 26}, "times": {"mean_fit_time": [0.06702628135681152, 0.06979260444641114, 0.02989654541015625], "std_fit_time": [0.010816674100430046, 0.019804213569313067, 0.008578703277921066], "mean_score_time": [0.013020086288452148, 0.010164690017700196, 0.011295127868652343], "std_score_time": [0.0057604302020316835, 0.000885458477417883, 0.0019444763877396643]}, "score": 0.9652380952380952}, "ComplementNB": {"params": {"classification__alpha": 1.0}, "times": {"mean_fit_time": [0.023376846313476564, 0.012060832977294923, 0.02766408920288086], "std_fit_time": [0.008012291527940254, 0.006289824536107442, 0.009863208594123207], "mean_score_time": [0.005755376815795898, 0.0031933307647705076, 0.011968994140625], "std_score_time": [0.0030768583198895294, 0.0015733949933209232, 0.00834099307245202]}, "score": 0.6804761904761905}, "LogisticRegression": {"params": {"classification__solver": "newton-cg", "classification__C": 10}, "times": {"mean_fit_time": [2.189884614944458, 0.45819711685180664, 0.37377405166625977], "std_fit_time": [0.6702080712337197, 0.09301291437032476, 0.05334014556237376], "mean_score_time": [0.048132705688476565, 0.005949592590332032, 0.0030256271362304687], "std_score_time": [0.01301097955450687, 0.0066676500324643435, 0.0007559507264630989]}, "score": 0.8295238095238094}}