{"[NN]NeuralNetwork": {"params": {"classification__epochs": 15, "classification__batch_size": 20}, "times": {"mean_fit_time": [5.122101736068726, 3.900319147109985, 3.943769931793213, 4.02851619720459, 4.91669397354126, 5.359550619125367, 4.913500833511352, 4.949224615097046, 5.19342532157898, 4.449856185913086], "std_fit_time": [0.8964493620061444, 0.7361549840463626, 0.7128741522014665, 0.9223930645390801, 1.2101790060352284, 0.756882341125058, 0.9965434139582747, 0.7044327502930521, 1.1105333176306555, 0.8592347376115539], "mean_score_time": [0.4905537605285645, 0.38538289070129395, 0.46259140968322754, 0.3564888954162598, 0.38514556884765627, 0.3649799346923828, 0.45865116119384763, 0.5221480369567871, 0.442796516418457, 0.4265328884124756], "std_score_time": [0.23174539072781805, 0.10515217822355499, 0.2188200662903837, 0.14124831141032596, 0.09322283708788504, 0.0840863375612481, 0.08964248751328041, 0.16862377317200572, 0.10904666309579249, 0.13748208416725072]}, "score": 0.8912857142857143}, "RandomForestClassifier": {"params": {"classification__n_estimators": 300, "classification__min_samples_split": 10, "classification__min_samples_leaf": 4, "classification__max_features": "sqrt", "classification__max_depth": 70, "classification__bootstrap": true}, "times": {"mean_fit_time": [0.6545154094696045, 1.0361280918121338, 1.0204552173614503], "std_fit_time": [0.026239815610549073, 0.059121475265841654, 0.11289250036891292], "mean_score_time": [0.0020111560821533202, 0.0019239425659179688, 0.002347993850708008], "std_score_time": [0.00020016063158637742, 0.00022818671409719898, 0.001207288701627831]}, "score": 0.982}, "KNeighborsClassifier": {"params": {"classification__weights": "uniform", "classification__n_neighbors": 1, "classification__metric": "minkowski", "classification__leaf_size": 26}, "times": {"mean_fit_time": [0.027766656875610352, 0.03716764450073242, 0.02734198570251465], "std_fit_time": [0.0030517156098845157, 0.006895362032775075, 0.0008139009766418555], "mean_score_time": [0.009501361846923828, 0.008330774307250977, 0.008307647705078126], "std_score_time": [0.0009223749287610051, 0.0008204708147718153, 0.0004760082765448091]}, "score": 0.9406666666666668}, "ComplementNB": {"params": {"classification__alpha": 0.5}, "times": {"mean_fit_time": [0.004292440414428711, 0.005437707901000977, 0.005454111099243164], "std_fit_time": [0.0008883949933653721, 0.0008990285883933956, 0.0006404833576234373], "mean_score_time": [0.0014940738677978516, 0.0016162395477294922, 0.001201295852661133], "std_score_time": [0.0005744926601762195, 0.00037563828870437255, 0.00010405987488810954]}, "score": 0.6788571428571428}, "LogisticRegression": {"params": {"classification__solver": "saga", "classification__C": 1.0}, "times": {"mean_fit_time": [0.9239884853363037, 0.8927289485931397, 1.6896009922027588], "std_fit_time": [0.14810338353898528, 0.14654202079461415, 0.11779573964700477], "mean_score_time": [0.0384333610534668, 0.04074854850769043, 0.04413814544677734], "std_score_time": [0.016310486837535377, 0.013754284038509998, 0.0035304865773631623]}, "score": 0.8059047619047618}}