{"[NN]NeuralNetwork": {"params": {"classification__epochs": 15, "classification__batch_size": 20}, "times": {"mean_fit_time": [3.964972496032715, 3.080414915084839, 3.362962770462036, 3.1040783882141114, 3.6356129169464113, 4.000458192825318, 2.6956882953643797, 3.3764789581298826, 3.778329372406006, 3.099511194229126], "std_fit_time": [0.5938551858380278, 0.4161815310873965, 0.6364124928201202, 0.5881449954256421, 0.2901393316584249, 0.4391673929664747, 0.25948867374081264, 0.41385639855285367, 0.8358202532603639, 0.3800573233616033], "mean_score_time": [0.4239326477050781, 0.31073498725891113, 0.28912034034729006, 0.3066591739654541, 0.3349249839782715, 0.37904934883117675, 0.36897921562194824, 0.28946523666381835, 0.4586071491241455, 0.3288459777832031], "std_score_time": [0.10955610347598618, 0.06744178159394422, 0.03216146333733794, 0.04295206530717159, 0.11063843360661363, 0.0839557544716067, 0.05711832644966544, 0.09600917310023915, 0.09252786491865067, 0.08646727058068154]}, "score": 0.8912857142857143}, "RandomForestClassifier": {"params": {"classification__n_estimators": 300, "classification__min_samples_split": 10, "classification__min_samples_leaf": 4, "classification__max_features": "sqrt", "classification__max_depth": 70, "classification__bootstrap": true}, "times": {"mean_fit_time": [0.8117837905883789, 1.0759853839874267, 0.8741296768188477], "std_fit_time": [0.1189431102331345, 0.06685149067329187, 0.04451841567891816], "mean_score_time": [0.0017905712127685546, 0.0017351627349853516, 0.0018842220306396484], "std_score_time": [0.0002463819672849624, 8.35384679563159e-05, 0.00033152492212966996]}, "score": 0.982}, "KNeighborsClassifier": {"params": {"classification__weights": "uniform", "classification__n_neighbors": 1, "classification__metric": "minkowski", "classification__leaf_size": 26}, "times": {"mean_fit_time": [0.02974362373352051, 0.023418092727661134, 0.03486638069152832], "std_fit_time": [0.010276069008400954, 0.0061274169213941035, 0.019753544914674213], "mean_score_time": [0.009766912460327149, 0.00902552604675293, 0.012720298767089844], "std_score_time": [0.0005731424672239627, 0.0005827866488440466, 0.00401914749876216]}, "score": 0.9406666666666668}, "ComplementNB": {"params": {"classification__alpha": 0.5}, "times": {"mean_fit_time": [0.0055733203887939455, 0.0046616077423095705, 0.0069010257720947266], "std_fit_time": [0.0024245319061413557, 0.0005802586962282019, 0.0005841629639126015], "mean_score_time": [0.0015138149261474609, 0.0014553070068359375, 0.0014696598052978515], "std_score_time": [0.0004109285302115114, 0.00024625640919281823, 0.00014129574110756973]}, "score": 0.6788571428571428}, "LogisticRegression": {"params": {"classification__solver": "saga", "classification__C": 1.0}, "times": {"mean_fit_time": [0.9497270584106445, 1.0670836448669434, 1.5965835094451903], "std_fit_time": [0.2515016274216457, 0.14186273185783474, 0.1783089819503061], "mean_score_time": [0.04206790924072266, 0.04506406784057617, 0.05143957138061524], "std_score_time": [0.005257751312610871, 0.004522923048104151, 0.006448773263380558]}, "score": 0.8059047619047618}}