{"[NN]NeuralNetwork": {"params": {"classification__epochs": 20, "classification__batch_size": 30}, "times": {"mean_fit_time": [4.6902735233306885, 4.0922767162323, 3.898243045806885, 5.005801486968994, 4.589992189407349, 4.431062650680542, 4.147288465499878, 3.7703883171081545, 4.234544277191162, 4.004359388351441], "std_fit_time": [0.6827466420438464, 0.2987693003047454, 0.5146355100835298, 0.4323454055477223, 0.62615678908242, 0.6255703756683564, 0.752647218589211, 0.5988295358789809, 0.3037242649048283, 0.7788937743142476], "mean_score_time": [0.4653186798095703, 0.5098844051361084, 0.4939266681671143, 0.3087203025817871, 0.21625027656555176, 0.4122866153717041, 0.34707050323486327, 0.3269902229309082, 0.233579683303833, 0.2806971073150635], "std_score_time": [0.12209471271953723, 0.17019318858054444, 0.20843904820558895, 0.05653983130541887, 0.06977963500033527, 0.13428047786615735, 0.1444434464211739, 0.07029041956575283, 0.052803282745611795, 0.06940765109112272]}, "score": 0.9146825396825398}, "RandomForestClassifier": {"params": {"classification__n_estimators": 50, "classification__min_samples_split": 5, "classification__min_samples_leaf": 1, "classification__max_features": "log2", "classification__max_depth": 50, "classification__bootstrap": false}, "times": {"mean_fit_time": [0.06580743789672852, 0.062118005752563474, 0.06143121719360352], "std_fit_time": [0.010075343180260384, 0.010037207410195493, 0.00478217015146409], "mean_score_time": [0.0013557910919189454, 0.00145416259765625, 0.0015451908111572266], "std_score_time": [6.099613999015129e-05, 0.0002835701067556241, 0.00032106473102620135]}, "score": 0.9786666666666666}, "KNeighborsClassifier": {"params": {"classification__weights": "uniform", "classification__n_neighbors": 17, "classification__metric": "euclidean", "classification__leaf_size": 23}, "times": {"mean_fit_time": [0.051799678802490236, 0.0452476978302002, 0.03196249008178711], "std_fit_time": [0.010085522350658786, 0.00770587909782568, 0.014812162111296146], "mean_score_time": [0.0246610164642334, 0.023905181884765626, 0.007934331893920898], "std_score_time": [0.01909680966793694, 0.01284803370099523, 0.0004241486490898451]}, "score": 0.9419047619047619}, "ComplementNB": {"params": {"classification__alpha": 0}, "times": {"mean_fit_time": [0.005268096923828125, 0.006259536743164063, 0.009133005142211914], "std_fit_time": [0.0012198219247959734, 0.0012671638953327864, 0.002011231973656379], "mean_score_time": [0.0013918399810791016, 0.0016267776489257812, 0.0016119003295898438], "std_score_time": [0.0002488344179433801, 0.0003169094837992095, 0.0001942362904454115]}, "score": 0.6978095238095239}, "LogisticRegression": {"params": {"classification__solver": "sag", "classification__C": 100}, "times": {"mean_fit_time": [0.9570670127868652, 0.7726958274841309, 1.0234771251678467], "std_fit_time": [0.233798040531487, 0.19830957282937106, 0.0731913062385675], "mean_score_time": [0.039155435562133786, 0.045587778091430664, 0.04310388565063476], "std_score_time": [0.0066629709936875765, 0.006886217325242346, 0.010440857755119543]}, "score": 0.7855238095238095}}