{"[NN]NeuralNetwork": {"params": {"classification__epochs": 10, "classification__batch_size": 20}, "times": {"mean_fit_time": [3.31908917427063, 3.1277810096740724, 2.6113218784332277, 3.093623638153076, 3.1868630409240724, 2.7646074295043945, 2.502946710586548, 3.1926726341247558, 2.6168823719024656, 3.2886874198913576], "std_fit_time": [0.5956520487003073, 0.2990958062523381, 0.4093667309253954, 0.3104254140638241, 0.27290793102733396, 0.3944072868139842, 0.2687490106004756, 0.7051554897262237, 0.2001056138522201, 0.29704254275954506], "mean_score_time": [0.2549410820007324, 0.23006095886230468, 0.28090457916259765, 0.20851807594299315, 0.2497875213623047, 0.34873619079589846, 0.2521488666534424, 0.2154909133911133, 0.22600007057189941, 0.21286387443542482], "std_score_time": [0.037683994309334626, 0.028082850306581364, 0.040498630165815216, 0.026617192617887406, 0.06562327198925248, 0.12028431984056703, 0.07351975197088063, 0.050318688963980465, 0.0257968802103915, 0.03440752427797588]}, "score": 0.9011746031746032}, "RandomForestClassifier": {"params": {"classification__n_estimators": 1000, "classification__min_samples_split": 5, "classification__min_samples_leaf": 1, "classification__max_features": "sqrt", "classification__max_depth": 20, "classification__bootstrap": false}, "times": {"mean_fit_time": [0.9576661109924316, 3.7650014877319338, 3.6776538372039793], "std_fit_time": [0.23390446047512103, 0.42786502314147856, 0.17372646000195383], "mean_score_time": [0.001640462875366211, 0.004364681243896484, 0.003192615509033203], "std_score_time": [0.00010861326827529744, 0.0002677546326682206, 0.0006800061412793198]}, "score": 0.9686666666666668}, "KNeighborsClassifier": {"params": {"classification__weights": "uniform", "classification__n_neighbors": 13, "classification__metric": "euclidean", "classification__leaf_size": 20}, "times": {"mean_fit_time": [0.03423328399658203, 0.03132405281066895, 0.035076236724853514], "std_fit_time": [0.0068692034502681465, 0.0037612022760245807, 0.008817629056185366], "mean_score_time": [0.00984196662902832, 0.009372615814208984, 0.010100317001342774], "std_score_time": [0.0008804204532396201, 0.001428386561210148, 0.0005031801241551823]}, "score": 0.9306666666666666}, "ComplementNB": {"params": {"classification__alpha": 1.0}, "times": {"mean_fit_time": [0.006789731979370117, 0.004288530349731446, 0.0061609745025634766], "std_fit_time": [0.0020262982841670607, 0.000171230663259521, 0.0006569513605700502], "mean_score_time": [0.0017151355743408204, 0.001265716552734375, 0.0013476371765136718], "std_score_time": [0.000440415674097872, 0.00022812880379714616, 8.988191971965982e-05]}, "score": 0.702}, "LogisticRegression": {"params": {"classification__solver": "newton-cg", "classification__C": 100}, "times": {"mean_fit_time": [0.5926571846008301, 0.14268922805786133, 0.2227240562438965], "std_fit_time": [0.03311263027566401, 0.01299828896278578, 0.0187414561525314], "mean_score_time": [0.038530731201171876, 0.0020069122314453126, 0.0017264842987060546], "std_score_time": [0.011938597135025467, 0.0003749106373721016, 9.512101763632884e-05]}, "score": 0.868}}