{"[NN]NeuralNetwork": {"params": {"classification__epochs": 20, "classification__batch_size": 30}, "times": {"mean_fit_time": [3.3978352546691895, 4.007427597045899, 4.395824909210205, 3.648005151748657, 3.555505323410034, 3.4160299777984617, 3.6481560707092284, 3.538440227508545, 2.684080219268799, 4.361857223510742], "std_fit_time": [0.4842829350587841, 0.4462507095437181, 0.3568666395498923, 0.42106278850095175, 0.8028363449774183, 1.0726204582420926, 0.468624007054724, 0.5118975355363109, 0.18902904182865057, 0.7251536610476075], "mean_score_time": [0.43823981285095215, 0.31590423583984373, 0.2699546813964844, 0.3139179229736328, 0.3793460845947266, 0.2057861328125, 0.26723899841308596, 0.32067184448242186, 0.33414492607116697, 0.23850245475769044], "std_score_time": [0.1386544428451137, 0.10749492074224205, 0.08632248419213688, 0.1342036064501074, 0.12206801163950648, 0.03636863569186641, 0.049333685669482256, 0.1641228359480006, 0.07154463839664368, 0.06450324193633479]}, "score": 0.839857142857143}, "RandomForestClassifier": {"params": {"classification__n_estimators": 200, "classification__min_samples_split": 5, "classification__min_samples_leaf": 1, "classification__max_features": "sqrt", "classification__max_depth": 20, "classification__bootstrap": true}, "times": {"mean_fit_time": [0.2639254093170166, 0.5642152786254883, 0.6175137042999268], "std_fit_time": [0.026858766866424258, 0.053479642202575, 0.01127406707329639], "mean_score_time": [0.001655244827270508, 0.0016321182250976563, 0.0016763687133789062], "std_score_time": [0.0004329515603121917, 0.0001691125418243801, 9.659506296858897e-05]}, "score": 0.9742857142857144}, "KNeighborsClassifier": {"params": {"classification__weights": "distance", "classification__n_neighbors": 5, "classification__metric": "euclidean", "classification__leaf_size": 30}, "times": {"mean_fit_time": [0.07608509063720703, 0.07203054428100586, 0.025543975830078124], "std_fit_time": [0.0019663347774598492, 0.004274793543187958, 0.0033835826398304126], "mean_score_time": [0.01224069595336914, 0.010684919357299805, 0.011969280242919923], "std_score_time": [0.0026102986657504036, 0.0005076997747112101, 0.005493355306054681]}, "score": 0.23476190476190473}, "ComplementNB": {"params": {"classification__alpha": 0}, "times": {"mean_fit_time": [0.004889726638793945, 0.0052205085754394535, 0.007727622985839844], "std_fit_time": [0.0007194621217119452, 0.0008435940242481337, 0.0005780868379049393], "mean_score_time": [0.0014042377471923829, 0.001642322540283203, 0.0014091968536376954], "std_score_time": [0.00035983388799438814, 0.0004956711731936682, 8.938383438936157e-05]}, "score": 0.6996190476190476}, "LogisticRegression": {"params": {"classification__solver": "newton-cg", "classification__C": 0.01}, "times": {"mean_fit_time": [0.18809747695922852, 0.7757994174957276, 0.677494478225708], "std_fit_time": [0.03512079927746494, 0.0837353717195874, 0.1991882259934747], "mean_score_time": [0.0017235755920410156, 0.04414691925048828, 0.0026003360748291016], "std_score_time": [0.00011272952830929792, 0.009155189740523583, 0.001342249776318258]}, "score": 0.8535238095238095}}