{"[NN]NeuralNetwork": {"params": {"classification__epochs": 20, "classification__batch_size": 25}, "times": {"mean_fit_time": [4.587275505065918, 3.4190680503845217, 3.470971441268921, 4.352365016937256, 3.959539842605591, 4.237661075592041, 4.332641649246216, 4.03378734588623, 3.18630166053772, 2.6903873443603517], "std_fit_time": [0.7649023989059458, 0.37234962532949833, 1.1395892064376296, 0.5909635628552745, 0.6256518619863723, 0.7207425832969208, 1.175162231326127, 0.5748415391242727, 0.21075639493297424, 0.7062229921919778], "mean_score_time": [0.26000823974609377, 0.367432975769043, 0.313811731338501, 0.30759825706481936, 0.36203818321228026, 0.27204093933105467, 0.22933502197265626, 0.2621312618255615, 0.2452263355255127, 0.2147958755493164], "std_score_time": [0.09181653271753853, 0.15474891789248985, 0.13810571463681587, 0.0994940931768028, 0.07208529780085357, 0.10456843998804725, 0.09811264454935595, 0.10634783108845859, 0.06102501987993404, 0.12376540322303974]}, "score": 0.8859057609057608}, "RandomForestClassifier": {"params": {"classification__n_estimators": 1000, "classification__min_samples_split": 10, "classification__min_samples_leaf": 2, "classification__max_features": "sqrt", "classification__max_depth": 100, "classification__bootstrap": false}, "times": {"mean_fit_time": [0.4082286834716797, 3.4227626800537108, 3.528718662261963], "std_fit_time": [0.02885014078140395, 0.03219576738492725, 0.03196755555785126], "mean_score_time": [0.0013163566589355468, 0.004618787765502929, 0.004573154449462891], "std_score_time": [8.635919826063763e-05, 0.0010218779682370784, 0.0009675816883867112]}, "score": 0.9633333333333333}, "KNeighborsClassifier": {"params": {"classification__weights": "uniform", "classification__n_neighbors": 15, "classification__metric": "minkowski", "classification__leaf_size": 33}, "times": {"mean_fit_time": [0.03492794036865234, 0.05615310668945313, 0.025079774856567382], "std_fit_time": [0.013943194531411063, 0.021314609316581596, 0.0014877251738003457], "mean_score_time": [0.00897679328918457, 0.011400938034057617, 0.00938105583190918], "std_score_time": [0.0016875538563760175, 0.0012958409875535415, 0.0002596891674719491]}, "score": 0.8845238095238095}, "ComplementNB": {"params": {"classification__alpha": 0}, "times": {"mean_fit_time": [0.004983043670654297, 0.005976200103759766, 0.008961248397827148], "std_fit_time": [0.001047343565855611, 0.0016780261591122967, 0.0027197507231742353], "mean_score_time": [0.001330089569091797, 0.0016334056854248047, 0.0017786026000976562], "std_score_time": [0.00020600046261373472, 0.00030817133738122765, 0.00046779790982392913]}, "score": 0.6324761904761905}, "LogisticRegression": {"params": {"classification__solver": "newton-cg", "classification__C": 0.1}, "times": {"mean_fit_time": [0.4190250873565674, 0.234407377243042, 0.9565766811370849], "std_fit_time": [0.03854267708558279, 0.03740828786492133, 1.0079572443073967], "mean_score_time": [0.0020951747894287108, 0.0019820213317871095, 0.023470020294189452], "std_score_time": [0.0005250345099404097, 0.0004603464903548138, 0.038994741609060635]}, "score": 0.8296190476190478}}