{"[NN]NeuralNetwork": {"params": {"classification__epochs": 20, "classification__batch_size": 20}, "times": {"mean_fit_time": [3.2138879776000975, 3.4383341312408446, 2.3186384201049806, 3.6332434177398683, 2.968996286392212, 3.359585762023926, 3.409396171569824, 3.4630441665649414, 3.13059606552124, 2.871208667755127], "std_fit_time": [0.7563861403728385, 0.5496578038335425, 0.2924540710411707, 0.546465582493995, 0.19450703521152013, 0.4099931785123587, 0.44954411025596674, 0.3041561562867188, 0.18962192905179232, 0.722507915450901], "mean_score_time": [0.21549611091613768, 0.3116661548614502, 0.25550003051757814, 0.30906429290771487, 0.28519201278686523, 0.2611121654510498, 0.3385347366333008, 0.2514357089996338, 0.19517955780029297, 0.2466280460357666], "std_score_time": [0.03681206363593072, 0.09313771169711169, 0.030451000412535338, 0.10395716368582779, 0.05877775439840915, 0.03414929166953811, 0.06630290739767518, 0.08479069803526078, 0.031068402747799963, 0.07176035751994558]}, "score": 0.8845714285714286}, "RandomForestClassifier": {"params": {"classification__n_estimators": 300, "classification__min_samples_split": 10, "classification__min_samples_leaf": 1, "classification__max_features": "log2", "classification__max_depth": 80, "classification__bootstrap": false}, "times": {"mean_fit_time": [0.6146172046661377, 0.9347471237182617, 0.8798452377319336], "std_fit_time": [0.06578024396500695, 0.14144902113045504, 0.02720273896331925], "mean_score_time": [0.0017902374267578125, 0.0017166614532470703, 0.001968240737915039], "std_score_time": [0.0004126016685224449, 0.00010873867573983907, 0.00015097244273247858]}, "score": 0.981904761904762}, "KNeighborsClassifier": {"params": {"classification__weights": "distance", "classification__n_neighbors": 15, "classification__metric": "minkowski", "classification__leaf_size": 20}, "times": {"mean_fit_time": [0.04760103225708008, 0.03714876174926758, 0.04586496353149414], "std_fit_time": [0.012028593922665266, 0.002460478744765385, 0.01174443117002759], "mean_score_time": [0.010670328140258789, 0.01020350456237793, 0.02243189811706543], "std_score_time": [0.001012289906412223, 0.001976301477594223, 0.013863029732936627]}, "score": 0.23933333333333331}, "ComplementNB": {"params": {"classification__alpha": 1.0}, "times": {"mean_fit_time": [0.005499267578125, 0.006059694290161133, 0.007098150253295898], "std_fit_time": [0.0008571420898653252, 0.0015175023633687645, 0.0009244503167726632], "mean_score_time": [0.001592874526977539, 0.0021399497985839845, 0.0016108512878417968], "std_score_time": [0.00035690565299954563, 0.0009318488412545288, 0.0001880366447785853]}, "score": 0.6801904761904762}, "LogisticRegression": {"params": {"classification__solver": "lbfgs", "classification__C": 0.01}, "times": {"mean_fit_time": [1.0230849742889405, 0.38062310218811035, 0.3582596778869629], "std_fit_time": [0.20782591095245387, 0.06858616269306535, 0.020455978405805847], "mean_score_time": [0.046693277359008786, 0.0020260334014892576, 0.0020220279693603516], "std_score_time": [0.013641864629804545, 0.0007124673437402244, 0.0004012150466144927]}, "score": 0.8122857142857143}}