{"[NN]NeuralNetwork": {"params": {"classification__epochs": 15, "classification__batch_size": 30}, "times": {"mean_fit_time": [3.2963032722473145, 3.1883212089538575, 3.6211122035980225, 3.0498263359069826, 3.6297647953033447, 3.0749120235443117, 2.7354723453521728, 3.0265748500823975, 2.9311010360717775, 2.9493296146392822], "std_fit_time": [0.5090301401323637, 0.32213296486996623, 0.39678811991133023, 0.5651268484941213, 0.6136873898169611, 0.6401230193377694, 0.403449257226066, 0.4592303009915373, 0.3848124694393128, 0.5145350997812614], "mean_score_time": [0.3421234130859375, 0.34650459289550783, 0.3865953922271729, 0.30976457595825196, 0.29682002067565916, 0.35639419555664065, 0.3398104667663574, 0.4234920501708984, 0.29624090194702146, 0.23359131813049316], "std_score_time": [0.1513128703809238, 0.08698850771714259, 0.10865626889323121, 0.06374893210928975, 0.07755694532889543, 0.08028119201654982, 0.08633996682143516, 0.08873416973578799, 0.08049406022753143, 0.048952387048431065]}, "score": 0.8639985569985569}, "RandomForestClassifier": {"params": {"classification__n_estimators": 500, "classification__min_samples_split": 10, "classification__min_samples_leaf": 1, "classification__max_features": "log2", "classification__max_depth": null, "classification__bootstrap": true}, "times": {"mean_fit_time": [0.5693587779998779, 1.8436534881591797, 1.616865873336792], "std_fit_time": [0.16298931885436815, 0.2644712768781842, 0.0814531127077299], "mean_score_time": [0.0017414569854736328, 0.0027276039123535155, 0.003951930999755859], "std_score_time": [5.3397118345820906e-05, 0.0012675522320651415, 0.0013846169899514565]}, "score": 0.9753333333333334}, "KNeighborsClassifier": {"params": {"classification__weights": "uniform", "classification__n_neighbors": 7, "classification__metric": "manhattan", "classification__leaf_size": 20}, "times": {"mean_fit_time": [0.0344451904296875, 0.036602783203125, 0.04331073760986328], "std_fit_time": [0.005408757320417893, 0.0029605514998672215, 0.004200782609645591], "mean_score_time": [0.00984959602355957, 0.009858846664428711, 0.010346221923828124], "std_score_time": [0.001407455090873416, 0.0012414855366332665, 0.0007965741830642171]}, "score": 0.9693333333333334}, "ComplementNB": {"params": {"classification__alpha": 0}, "times": {"mean_fit_time": [0.0051936149597167965, 0.004877662658691407, 0.006779813766479492], "std_fit_time": [0.001338608186769183, 0.000734672939686279, 0.0007737688240244981], "mean_score_time": [0.0015399932861328125, 0.0014389514923095702, 0.00137481689453125], "std_score_time": [0.0004356325246424327, 0.0003703298804971296, 5.4199963601574456e-05]}, "score": 0.75}, "LogisticRegression": {"params": {"classification__solver": "sag", "classification__C": 100}, "times": {"mean_fit_time": [0.7182237148284912, 0.1852708339691162, 1.1369688034057617], "std_fit_time": [0.1338135896601349, 0.0315684822858461, 0.04021015999796223], "mean_score_time": [0.03677501678466797, 0.0020910263061523437, 0.036849594116210936], "std_score_time": [0.015848670197863443, 0.0003543778114312218, 0.005410011410035194]}, "score": 0.79}}