{"[NN]NeuralNetwork": {"params": {"classification__epochs": 15, "classification__batch_size": 30}, "times": {"mean_fit_time": [2.801262617111206, 3.5547022342681887, 3.474838447570801, 3.5982905864715575, 3.15199236869812, 3.6888840675354, 2.9131800651550295, 3.875452756881714, 3.619424819946289, 3.2910547733306883], "std_fit_time": [0.38242059614016305, 0.6969409498579285, 0.6320144985953505, 0.5736959944270461, 0.4614503766034378, 0.9390691489056562, 0.4768430179443183, 0.5168383232157664, 0.30866142653164247, 0.5840821481359737], "mean_score_time": [0.3232856750488281, 0.30335159301757814, 0.3166070461273193, 0.3345694065093994, 0.2729621887207031, 0.36539225578308104, 0.24760084152221679, 0.313265323638916, 0.2577507972717285, 0.3232739448547363], "std_score_time": [0.13253086173655315, 0.07206844972852774, 0.09719649209267991, 0.12258611191437209, 0.04338387599563636, 0.10812173266204347, 0.01728914655781767, 0.05951583633742708, 0.050401823816728954, 0.11087105172536177]}, "score": 0.8957936507936509}, "RandomForestClassifier": {"params": {"classification__n_estimators": 200, "classification__min_samples_split": 5, "classification__min_samples_leaf": 2, "classification__max_features": "sqrt", "classification__max_depth": 50, "classification__bootstrap": true}, "times": {"mean_fit_time": [0.4466997623443604, 0.7073766708374023, 0.6562149524688721], "std_fit_time": [0.0377126409833575, 0.08539101184873675, 0.08813198185128254], "mean_score_time": [0.0018294811248779296, 0.001941823959350586, 0.001827383041381836], "std_score_time": [0.00036084425027270526, 0.00030062284011138726, 0.0004480210957798815]}, "score": 0.9786666666666666}, "KNeighborsClassifier": {"params": {"classification__weights": "uniform", "classification__n_neighbors": 19, "classification__metric": "minkowski", "classification__leaf_size": 30}, "times": {"mean_fit_time": [0.026872682571411132, 0.035086870193481445, 0.0330996036529541], "std_fit_time": [0.0035362443279116458, 0.00805043071844811, 0.007242796105079293], "mean_score_time": [0.008138656616210938, 0.008054065704345702, 0.008658599853515626], "std_score_time": [0.0005899562404067588, 0.0005512285273586235, 0.0009753058658581692]}, "score": 0.8906666666666666}, "ComplementNB": {"params": {"classification__alpha": 0}, "times": {"mean_fit_time": [0.004543828964233399, 0.004881954193115235, 0.007807159423828125], "std_fit_time": [0.0005543849028830597, 0.0011808386335768425, 0.0017726495758033898], "mean_score_time": [0.0011602401733398437, 0.0015117168426513673, 0.00164337158203125], "std_score_time": [0.0001852643132350115, 0.0002551491249468399, 0.0003138127034358574]}, "score": 0.7253333333333332}, "LogisticRegression": {"params": {"classification__solver": "newton-cg", "classification__C": 0.1}, "times": {"mean_fit_time": [0.19873504638671874, 0.7117570877075196, 0.48082795143127444], "std_fit_time": [0.017938525302212925, 0.09451419480778775, 0.21705020257454355], "mean_score_time": [0.00209808349609375, 0.04545578956604004, 0.002663850784301758], "std_score_time": [0.0004929456887190129, 0.011036302519777321, 0.0006839192263006573]}, "score": 0.852}}