{"[NN]NeuralNetwork": {"params": {"classification__epochs": 10, "classification__batch_size": 25}, "times": {"mean_fit_time": [3.4620155811309816, 3.289701461791992, 3.5818456649780273, 3.074012804031372, 3.3385970115661623, 3.151216173171997, 3.4389488220214846, 3.4221203327178955, 2.9074002742767333, 2.9148486137390135], "std_fit_time": [0.4402958792600437, 0.6014660010268266, 0.29339680335501067, 0.6233275582954859, 0.42345882878149793, 0.2875066429442955, 0.4944072593969469, 0.32577920337761707, 0.1561209707447185, 0.3573502479059458], "mean_score_time": [0.43343582153320315, 0.3603638172149658, 0.3420535087585449, 0.21516866683959962, 0.36918201446533205, 0.3254817485809326, 0.22760896682739257, 0.18730835914611815, 0.22745695114135742, 0.254334831237793], "std_score_time": [0.13776048541628633, 0.09436288049164118, 0.1295556210168898, 0.05127438504542661, 0.10633381025810935, 0.10423858690932157, 0.032161770029565974, 0.018400365129093557, 0.10112003502501668, 0.11386736664888182]}, "score": 0.8727373737373737}, "RandomForestClassifier": {"params": {"classification__n_estimators": 400, "classification__min_samples_split": 5, "classification__min_samples_leaf": 1, "classification__max_features": "log2", "classification__max_depth": 50, "classification__bootstrap": false}, "times": {"mean_fit_time": [1.4752120494842529, 1.2037766933441163, 1.1969428062438965], "std_fit_time": [0.0892680998311532, 0.0538550804382418, 0.03281540726057536], "mean_score_time": [0.0017893791198730468, 0.0016988754272460938, 0.001889657974243164], "std_score_time": [0.00015769758197839337, 0.0001389697374889497, 0.00020670758261250144]}, "score": 0.96}, "KNeighborsClassifier": {"params": {"classification__weights": "uniform", "classification__n_neighbors": 11, "classification__metric": "manhattan", "classification__leaf_size": 30}, "times": {"mean_fit_time": [0.03368072509765625, 0.03950166702270508, 0.03992938995361328], "std_fit_time": [0.007979881005383363, 0.010269574745291093, 0.0052920178000001716], "mean_score_time": [0.010209321975708008, 0.008519268035888672, 0.011573362350463866], "std_score_time": [0.0015501479733777104, 0.0006362111504849868, 0.0018202083396079258]}, "score": 0.9653333333333333}, "ComplementNB": {"params": {"classification__alpha": 0}, "times": {"mean_fit_time": [0.005309581756591797, 0.005575847625732422, 0.008830738067626954], "std_fit_time": [0.0009673818495991503, 0.001142570771348807, 0.0015923072738154656], "mean_score_time": [0.0014500141143798829, 0.0016985416412353515, 0.0017180442810058594], "std_score_time": [0.0002658461624656609, 0.00021909167328665373, 0.0002534544474401957]}, "score": 0.7426666666666667}, "LogisticRegression": {"params": {"classification__solver": "newton-cg", "classification__C": 0.1}, "times": {"mean_fit_time": [0.8568559169769288, 0.19693632125854493, 0.9971027851104737], "std_fit_time": [0.10451149203542744, 0.029654609529012367, 0.41156269876722656], "mean_score_time": [0.03310494422912598, 0.0019760608673095705, 0.0028334140777587892], "std_score_time": [0.005814437891676123, 0.00039887194282223854, 0.0015235388992661815]}, "score": 0.8233333333333333}}