{"[NN]NeuralNetwork": {"params": {"classification__epochs": 20, "classification__batch_size": 25}, "times": {"mean_fit_time": [5.002048921585083, 5.344383096694946, 5.325512981414795, 5.479623413085937, 4.560394954681397, 4.571835517883301, 4.485175323486328, 5.259903001785278, 5.45056848526001, 4.884143877029419], "std_fit_time": [0.3670675100494809, 0.48378076614352666, 0.43617935654201795, 0.47654731010101276, 0.8023407246884566, 0.3321534157569634, 0.5248607278912507, 0.44239910053805676, 0.4572360424756586, 0.9026370174737294], "mean_score_time": [0.6859822273254395, 0.6402157783508301, 0.5454906463623047, 0.5427191257476807, 0.6891320228576661, 0.7032218456268311, 0.7516161441802979, 0.6374059677124023, 0.7089858055114746, 0.4813680648803711], "std_score_time": [0.11159060009737262, 0.0817718131056574, 0.10890896927482789, 0.08737862442972852, 0.07649557038070971, 0.05480169899095261, 0.08036924361057987, 0.1913152483649058, 0.20379040916488128, 0.17339089675386127]}, "score": 0.8917936507936508}, "RandomForestClassifier": {"params": {"classification__n_estimators": 100, "classification__min_samples_split": 2, "classification__min_samples_leaf": 1, "classification__max_features": "log2", "classification__max_depth": 10, "classification__bootstrap": true}, "times": {"mean_fit_time": [0.10599656105041504, 0.11533122062683106, 0.1543738842010498], "std_fit_time": [0.009712074689386889, 0.01074018841571174, 0.008256943713487461], "mean_score_time": [0.001501321792602539, 0.0014650821685791016, 0.0013120651245117187], "std_score_time": [7.001343340229793e-05, 0.00020795523959655504, 8.097270612617317e-05]}, "score": 0.9720000000000001}, "KNeighborsClassifier": {"params": {"classification__weights": "uniform", "classification__n_neighbors": 19, "classification__metric": "manhattan", "classification__leaf_size": 26}, "times": {"mean_fit_time": [0.03447742462158203, 0.02952890396118164, 0.036513566970825195], "std_fit_time": [0.0032864530732473886, 0.005954264493560139, 0.0065172701718841965], "mean_score_time": [0.012668943405151368, 0.00955648422241211, 0.011719846725463867], "std_score_time": [0.0037183727830380855, 0.0014288679568142415, 0.002696902867669632]}, "score": 0.9539047619047618}, "ComplementNB": {"params": {"classification__alpha": 0.5}, "times": {"mean_fit_time": [0.0063952445983886715, 0.005124998092651367, 0.00948476791381836], "std_fit_time": [0.0035073227078086483, 0.0006843313553489536, 0.004671803210630458], "mean_score_time": [0.0018129348754882812, 0.001695394515991211, 0.0015937328338623048], "std_score_time": [0.0006768259445063547, 0.0004253467636036827, 0.0003663157769974515]}, "score": 0.6528571428571428}, "LogisticRegression": {"params": {"classification__solver": "saga", "classification__C": 1.0}, "times": {"mean_fit_time": [0.8482194423675538, 0.43045244216918943, 1.5798479080200196], "std_fit_time": [0.054876489077450186, 0.02459879524078613, 0.06946609462430194], "mean_score_time": [0.04113259315490723, 0.0018376350402832032, 0.04062361717224121], "std_score_time": [0.00802411254428193, 0.00027405555990110773, 0.008371868977024334]}, "score": 0.8002857142857144}}