{"[NN]NeuralNetwork": {"params": {"classification__epochs": 20, "classification__batch_size": 25}, "times": {"mean_fit_time": [3.2980716228485107, 4.021505832672119, 3.802425193786621, 3.7243966102600097, 3.506534147262573, 3.357132148742676, 3.2527615070343017, 3.1097453117370604, 3.8068642616271973, 3.0160613536834715], "std_fit_time": [0.2502217323500688, 0.9754199196129828, 0.7586402908911346, 1.079672619450505, 1.1102516950284498, 0.3384816409964807, 0.48529595155291405, 0.7584442794633791, 0.31246684397149865, 0.755741888821366], "mean_score_time": [0.2700918674468994, 0.2602060794830322, 0.2959461688995361, 0.2808572769165039, 0.30556368827819824, 0.28816771507263184, 0.4675323009490967, 0.4583003520965576, 0.3571763038635254, 0.3676504135131836], "std_score_time": [0.04158930983370012, 0.06771593359923982, 0.1091664603521995, 0.053367835889178136, 0.15900950444206277, 0.0734019842016581, 0.13858835510783976, 0.1473275057994588, 0.10517081255657611, 0.19313587789811731]}, "score": 0.8526883116883116}, "RandomForestClassifier": {"params": {"classification__n_estimators": 1000, "classification__min_samples_split": 2, "classification__min_samples_leaf": 2, "classification__max_features": "log2", "classification__max_depth": 70, "classification__bootstrap": false}, "times": {"mean_fit_time": [0.07650408744812012, 3.237384557723999, 3.2459042072296143], "std_fit_time": [0.0150049293066512, 0.0928319869408993, 0.02829499969236208], "mean_score_time": [0.0013822078704833984, 0.004344129562377929, 0.0037630081176757814], "std_score_time": [0.0001005460193144289, 0.001712274680862267, 0.001169056462944118]}, "score": 0.9753333333333334}, "KNeighborsClassifier": {"params": {"classification__weights": "uniform", "classification__n_neighbors": 1, "classification__metric": "manhattan", "classification__leaf_size": 13}, "times": {"mean_fit_time": [0.029892444610595703, 0.030179882049560548, 0.026709699630737306], "std_fit_time": [0.015158930921756507, 0.016016529826868083, 8.447605967556132e-05], "mean_score_time": [0.00942978858947754, 0.009997987747192382, 0.009616756439208984], "std_score_time": [0.0009456724228573876, 0.0008979160933276321, 0.001051592311973168]}, "score": 0.9673333333333334}, "ComplementNB": {"params": {"classification__alpha": 1.0}, "times": {"mean_fit_time": [0.0052967071533203125, 0.0048106670379638675, 0.007467937469482422], "std_fit_time": [0.00046383911462744807, 0.0004667908605424144, 0.0007934830276192024], "mean_score_time": [0.0013958930969238282, 0.0013803482055664063, 0.0015012741088867188], "std_score_time": [0.0003390580581150087, 0.0002809652482904967, 0.00018712875104136295]}, "score": 0.7333333333333334}, "LogisticRegression": {"params": {"classification__solver": "newton-cg", "classification__C": 10}, "times": {"mean_fit_time": [0.9290015220642089, 0.15980653762817382, 0.9651450157165528], "std_fit_time": [0.14982355732742578, 0.023836790552646963, 0.2362469489012103], "mean_score_time": [0.058479690551757814, 0.0016702651977539063, 0.016994428634643555], "std_score_time": [0.016796475090334387, 5.6016616400915424e-05, 0.0076066228917791604]}, "score": 0.8766666666666667}}