{"[NN]NeuralNetwork": {"params": {"classification__epochs": 20, "classification__batch_size": 30}, "times": {"mean_fit_time": [4.693938779830932, 5.071902656555176, 5.803814840316773, 5.053620862960815, 4.3719069480896, 5.454687166213989, 4.870348358154297, 5.269165802001953, 4.097746324539185, 7.147267580032349], "std_fit_time": [1.106542377967646, 0.541985743116413, 1.0275064451331533, 0.30635925020041505, 0.6359654776994089, 0.5179774595082187, 0.6815942943220938, 1.0355286098789904, 0.7509517380518772, 0.17592244123729217], "mean_score_time": [0.5172288894653321, 0.40274524688720703, 0.5487900257110596, 0.46389045715332033, 0.44708981513977053, 0.45061683654785156, 0.6407490253448487, 0.580403995513916, 0.7512603282928467, 0.4701216220855713], "std_score_time": [0.24838060965403697, 0.13244849315928947, 0.20141842650677275, 0.20713499282854483, 0.04648850092983952, 0.156537329928419, 0.14878572558072736, 0.2048472444262307, 0.08658147379079444, 0.07852691960324372]}, "score": 0.839857142857143}, "RandomForestClassifier": {"params": {"classification__n_estimators": 200, "classification__min_samples_split": 5, "classification__min_samples_leaf": 1, "classification__max_features": "sqrt", "classification__max_depth": 20, "classification__bootstrap": true}, "times": {"mean_fit_time": [0.21166958808898925, 0.5442842960357666, 0.7153125286102295], "std_fit_time": [0.03489198024870504, 0.1242907154237635, 0.09646308341873668], "mean_score_time": [0.0013494491577148438, 0.0017137527465820312, 0.0022871971130371095], "std_score_time": [0.00019847546953693674, 6.572919600220934e-05, 0.00041317878949824433]}, "score": 0.9742857142857144}, "KNeighborsClassifier": {"params": {"classification__weights": "distance", "classification__n_neighbors": 5, "classification__metric": "euclidean", "classification__leaf_size": 30}, "times": {"mean_fit_time": [0.024957895278930664, 0.03645334243774414, 0.03508944511413574], "std_fit_time": [0.0050780490818668885, 0.00568528603383071, 0.00043773969013331397], "mean_score_time": [0.010119342803955078, 0.010432004928588867, 0.008783721923828125], "std_score_time": [0.00013235281687147947, 0.0012740966802000906, 0.000559400645879977]}, "score": 0.23476190476190473}, "ComplementNB": {"params": {"classification__alpha": 0}, "times": {"mean_fit_time": [0.005295276641845703, 0.004908847808837891, 0.007012081146240234], "std_fit_time": [0.000787398515268308, 0.0006836789407503486, 0.001084437343787557], "mean_score_time": [0.0014494895935058595, 0.0013813495635986329, 0.001426362991333008], "std_score_time": [0.00026174158443568573, 0.0004602009836471355, 0.00019485170846332613]}, "score": 0.6996190476190476}, "LogisticRegression": {"params": {"classification__solver": "newton-cg", "classification__C": 0.01}, "times": {"mean_fit_time": [0.2069927215576172, 0.7664063930511474, 0.8294729709625244], "std_fit_time": [0.05032612604265633, 0.0617610176940006, 0.38358856089454024], "mean_score_time": [0.001726531982421875, 0.04578695297241211, 0.0023381710052490234], "std_score_time": [0.00017773075093105626, 0.006247907477563659, 0.0007043398933268137]}, "score": 0.8335238095238096}}