{"[NN]NeuralNetwork": {"params": {"classification__epochs": 10, "classification__batch_size": 20}, "times": {"mean_fit_time": [3.8318433284759523, 4.0530476570129395, 3.682653570175171, 3.253408336639404, 2.6473572731018065, 2.6708043575286866, 3.4138116359710695, 3.0530828475952148, 2.7922905921936034, 2.9080746173858643], "std_fit_time": [0.5321431477410034, 0.4495814987524748, 0.5056672281564467, 0.9611148223860236, 0.5830574483778163, 0.5118680031283188, 0.7952565752759364, 0.48465471419229567, 0.5151990256198107, 0.6888776008793595], "mean_score_time": [0.31989545822143556, 0.3525227546691895, 0.30112624168395996, 0.2630453586578369, 0.2993785381317139, 0.25342650413513185, 0.20294694900512694, 0.2556343078613281, 0.19046592712402344, 0.21016225814819336], "std_score_time": [0.07447717064425925, 0.11974194838828178, 0.09359861934051691, 0.061163681691023916, 0.1270513392465791, 0.040644543725128865, 0.04310363485344885, 0.022912067216801363, 0.039481875152528566, 0.03795913823424024]}, "score": 0.8950317460317461}, "RandomForestClassifier": {"params": {"classification__n_estimators": 300, "classification__min_samples_split": 10, "classification__min_samples_leaf": 4, "classification__max_features": "log2", "classification__max_depth": 60, "classification__bootstrap": true}, "times": {"mean_fit_time": [4.932554149627686, 0.955452299118042, 0.8482059001922607], "std_fit_time": [0.46731202427609014, 0.23557168920874103, 0.022087709889350427], "mean_score_time": [0.00501408576965332, 0.0019412517547607421, 0.001555013656616211], "std_score_time": [0.0013980011845636754, 0.0003723689544079023, 0.0001837672132192655]}, "score": 0.976}, "KNeighborsClassifier": {"params": {"classification__weights": "uniform", "classification__n_neighbors": 17, "classification__metric": "euclidean", "classification__leaf_size": 20}, "times": {"mean_fit_time": [0.026507806777954102, 0.03466253280639649, 0.03480124473571777], "std_fit_time": [0.0060377807346661, 0.014662910875580049, 0.004382256198987085], "mean_score_time": [0.009075212478637695, 0.009923171997070313, 0.009624910354614259], "std_score_time": [0.0010186399057439575, 0.0007585044104110157, 0.0016069180984983917]}, "score": 0.9193333333333333}, "ComplementNB": {"params": {"classification__alpha": 1.0}, "times": {"mean_fit_time": [0.005325126647949219, 0.004493141174316406, 0.005971670150756836], "std_fit_time": [0.0013273964906730306, 0.0006987069610282385, 0.0002185879472726917], "mean_score_time": [0.0013732433319091797, 0.0012713909149169923, 0.0013298988342285156], "std_score_time": [0.00048363224696663785, 0.0002607669614847958, 8.162067754955835e-05]}, "score": 0.6966666666666667}, "LogisticRegression": {"params": {"classification__solver": "newton-cg", "classification__C": 0.01}, "times": {"mean_fit_time": [0.1959756374359131, 0.20874195098876952, 0.47861685752868655], "std_fit_time": [0.012214632323543187, 0.025553455359766324, 0.21516180678839306], "mean_score_time": [0.0022060394287109373, 0.0018961429595947266, 0.0018350601196289063], "std_score_time": [0.0005673003114101514, 0.00027092857603104484, 0.00024751777741257664]}, "score": 0.8766666666666666}}