{"[NN]NeuralNetwork": {"params": {"classification__epochs": 15, "classification__batch_size": 30}, "times": {"mean_fit_time": [3.7598963737487794, 3.255714178085327, 3.5537414073944094, 3.40389142036438, 3.660289430618286, 2.622655248641968, 2.7731206893920897, 3.1576008796691895, 2.82530837059021, 3.115629196166992], "std_fit_time": [0.4725784848016503, 0.40118878262565033, 0.4701830078547694, 0.6656479108166831, 0.40623483335830746, 0.33516253535679597, 0.29057070516444267, 0.3067425873834863, 0.4596319062741135, 0.09396076019074642], "mean_score_time": [0.2849764823913574, 0.3152744770050049, 0.2829934597015381, 0.36333813667297366, 0.26235575675964357, 0.47609896659851075, 0.27260665893554686, 0.25350384712219237, 0.3455716609954834, 0.21924910545349122], "std_score_time": [0.11526327865113348, 0.09759132529792824, 0.06947742121671101, 0.13655988879091993, 0.08261402824466953, 0.10906557166093644, 0.09750989418975278, 0.03941338108298771, 0.12971803878544214, 0.06387853262033148]}, "score": 0.8639985569985569}, "RandomForestClassifier": {"params": {"classification__n_estimators": 500, "classification__min_samples_split": 10, "classification__min_samples_leaf": 1, "classification__max_features": "log2", "classification__max_depth": null, "classification__bootstrap": true}, "times": {"mean_fit_time": [0.7300459861755371, 1.6612517356872558, 1.5299514293670655], "std_fit_time": [0.16228190588012292, 0.25289932619707595, 0.06119406000601168], "mean_score_time": [0.001861238479614258, 0.0018895626068115234, 0.002472066879272461], "std_score_time": [0.0002775725415065925, 0.00021621784359467344, 0.0005096840449769614]}, "score": 0.9753333333333334}, "KNeighborsClassifier": {"params": {"classification__weights": "uniform", "classification__n_neighbors": 7, "classification__metric": "manhattan", "classification__leaf_size": 20}, "times": {"mean_fit_time": [0.03874392509460449, 0.02838888168334961, 0.03706493377685547], "std_fit_time": [0.00406396860872008, 0.007737878101114936, 0.008959247839583243], "mean_score_time": [0.010187768936157226, 0.009477996826171875, 0.011442136764526368], "std_score_time": [0.0009482638616434651, 0.000881519668107405, 0.0005713142859792992]}, "score": 0.9693333333333334}, "ComplementNB": {"params": {"classification__alpha": 0}, "times": {"mean_fit_time": [0.005698204040527344, 0.004791402816772461, 0.0066851615905761715], "std_fit_time": [0.0010294848429057359, 0.0011401490710118273, 0.0011030152741457763], "mean_score_time": [0.0018598079681396485, 0.0014162540435791015, 0.0014354228973388673], "std_score_time": [0.0005021400161644856, 0.0002355707991116869, 0.00017717876472014154]}, "score": 0.75}, "LogisticRegression": {"params": {"classification__solver": "sag", "classification__C": 100}, "times": {"mean_fit_time": [0.753007173538208, 0.18325986862182617, 1.1488415241241454], "std_fit_time": [0.11186523096825368, 0.020499615634333557, 0.008226286751483704], "mean_score_time": [0.04732694625854492, 0.002138519287109375, 0.03637595176696777], "std_score_time": [0.018746113291738496, 0.00041965803029510177, 0.006319512312766677]}, "score": 0.79}}