{"[NN]NeuralNetwork": {"params": {"classification__epochs": 20, "classification__batch_size": 30}, "times": {"mean_fit_time": [4.505715847015381, 4.0900427341461185, 4.326305532455445, 3.754681348800659, 3.4702237129211424, 3.721174144744873, 3.360799694061279, 3.8887300968170164, 3.717544174194336, 2.9959717750549317], "std_fit_time": [0.40923193778108885, 0.41623885679627515, 0.8123198788171514, 0.48607117465891114, 1.0714917136608162, 0.7387822300873456, 0.28252374028784455, 0.48041881332319597, 0.5329978870828548, 0.18055448070814994], "mean_score_time": [0.2562678813934326, 0.36957483291625975, 0.3092522144317627, 0.3651584625244141, 0.2642320156097412, 0.22006235122680665, 0.36856842041015625, 0.28157672882080076, 0.2501307487487793, 0.2768081188201904], "std_score_time": [0.09513990672935524, 0.07513575360329525, 0.08274581266335891, 0.15465324218946658, 0.0717208999591089, 0.06940602348293899, 0.04874940849826377, 0.06870512740536147, 0.03853508141580302, 0.03823879259575603]}, "score": 0.887063492063492}, "RandomForestClassifier": {"params": {"classification__n_estimators": 200, "classification__min_samples_split": 2, "classification__min_samples_leaf": 4, "classification__max_features": "sqrt", "classification__max_depth": 100, "classification__bootstrap": false}, "times": {"mean_fit_time": [0.13027582168579102, 0.5997376441955566, 0.5480866432189941], "std_fit_time": [0.00593624757746397, 0.061491550254557985, 0.007331296577693025], "mean_score_time": [0.0017519474029541015, 0.0016294479370117187, 0.0016171455383300782], "std_score_time": [0.00040936030961505283, 0.00010614320166940828, 0.00017676986953624803]}, "score": 0.9862857142857143}, "KNeighborsClassifier": {"params": {"classification__weights": "uniform", "classification__n_neighbors": 19, "classification__metric": "minkowski", "classification__leaf_size": 23}, "times": {"mean_fit_time": [0.03516297340393067, 0.04134521484375, 0.0403017520904541], "std_fit_time": [0.006644015290290823, 0.012620492294915766, 0.00859020728836149], "mean_score_time": [0.01121377944946289, 0.009343767166137695, 0.011589431762695312], "std_score_time": [0.00167673324203872, 0.0008449496130171597, 0.002999944886390983]}, "score": 0.942952380952381}, "ComplementNB": {"params": {"classification__alpha": 0.5}, "times": {"mean_fit_time": [0.005126667022705078, 0.0048924446105957035, 0.008649396896362304], "std_fit_time": [0.0006992805365843248, 0.0007207637518373141, 0.0003741315636634483], "mean_score_time": [0.0014992713928222655, 0.0015988349914550781, 0.0017535686492919922], "std_score_time": [0.00025911590039950704, 0.00033381836598118865, 0.00016949686384032565]}, "score": 0.6835238095238095}, "LogisticRegression": {"params": {"classification__solver": "lbfgs", "classification__C": 10}, "times": {"mean_fit_time": [0.8282978057861328, 0.30313739776611326, 0.37808752059936523], "std_fit_time": [0.11707929789326238, 0.12729907145497388, 0.04271014280050197], "mean_score_time": [0.046350526809692386, 0.002499818801879883, 0.002377176284790039], "std_score_time": [0.005751984269307107, 0.0006412420401321022, 0.0006387514081172828]}, "score": 0.875904761904762}}