{"[NN]NeuralNetwork": {"params": {"classification__epochs": 20, "classification__batch_size": 25}, "times": {"mean_fit_time": [5.206942558288574, 5.882718563079834, 4.44395170211792, 4.961916446685791, 5.24616060256958, 5.321081352233887, 6.21667251586914, 7.540357351303101, 5.663272666931152, 4.814841413497925], "std_fit_time": [1.454609551422884, 1.5164571977397088, 0.6837573502755965, 0.8362567747236989, 1.3764629487119853, 0.9702445662685284, 0.7939067158131329, 1.0057473534799761, 1.1457988932051768, 1.0082869823182878], "mean_score_time": [0.7412332057952881, 0.5956608772277832, 0.6930499076843262, 0.681731128692627, 0.637458610534668, 0.6069623470306397, 0.828480863571167, 0.3922149658203125, 0.6778693199157715, 0.5361788272857666], "std_score_time": [0.2770383921392627, 0.2684738152771867, 0.24731936298281226, 0.2862394845564147, 0.173921296077955, 0.047321973154933375, 0.24039528883034605, 0.034688156546174964, 0.299667049619609, 0.07719896768489391]}, "score": 0.8859057609057608}, "RandomForestClassifier": {"params": {"classification__n_estimators": 1000, "classification__min_samples_split": 10, "classification__min_samples_leaf": 2, "classification__max_features": "sqrt", "classification__max_depth": 100, "classification__bootstrap": false}, "times": {"mean_fit_time": [0.4399982452392578, 3.800403022766113, 3.5534007072448732], "std_fit_time": [0.11554364938054679, 0.012677481969304804, 0.07968942455214963], "mean_score_time": [0.0017518997192382812, 0.0031856536865234376, 0.0034381866455078123], "std_score_time": [0.0004103397500135405, 0.00020886466903814187, 0.0007267752680832541]}, "score": 0.9633333333333333}, "KNeighborsClassifier": {"params": {"classification__weights": "uniform", "classification__n_neighbors": 15, "classification__metric": "minkowski", "classification__leaf_size": 33}, "times": {"mean_fit_time": [0.027370691299438477, 0.032343578338623044, 0.024224853515625], "std_fit_time": [0.005297240971117907, 0.007513892936404614, 0.002938760816681837], "mean_score_time": [0.008374881744384766, 0.009294557571411132, 0.009094476699829102], "std_score_time": [0.000659541610474462, 0.0018539178970699527, 0.0008459975735026442]}, "score": 0.8845238095238095}, "ComplementNB": {"params": {"classification__alpha": 0}, "times": {"mean_fit_time": [0.004306411743164063, 0.004300069808959961, 0.006653356552124024], "std_fit_time": [0.00027632717843503805, 0.0006561123941766873, 0.0010104413342613859], "mean_score_time": [0.0012280464172363282, 0.001300811767578125, 0.0013055801391601562], "std_score_time": [0.0002585688522997486, 0.00019913178745547806, 0.00021724279138357204]}, "score": 0.6324761904761905}, "LogisticRegression": {"params": {"classification__solver": "newton-cg", "classification__C": 0.1}, "times": {"mean_fit_time": [0.43867268562316897, 0.22054390907287597, 1.028813076019287], "std_fit_time": [0.03153162509819364, 0.03439653540111669, 0.50423982875827], "mean_score_time": [0.0019887447357177734, 0.002055978775024414, 0.003646564483642578], "std_score_time": [0.00042011406531168837, 0.00035415600030257324, 0.0009035416607565634]}, "score": 0.8296190476190478}}