{"[NN]NeuralNetwork": {"params": {"classification__epochs": 10, "classification__batch_size": 20}, "times": {"mean_fit_time": [2.8592833995819094, 2.848056602478027, 3.4594501495361327, 2.915180540084839, 2.7100133419036867, 3.2822919368743895, 3.4019578456878663, 2.433122253417969, 4.117863368988037, 2.998096561431885], "std_fit_time": [0.123674839712474, 0.28123995279067576, 0.5138311948992397, 0.7485516024149569, 0.3304698000105241, 0.4911562844449124, 0.5888974974775578, 0.3306948168314151, 0.7018882282075278, 0.6451581088741705], "mean_score_time": [0.18101983070373534, 0.30013604164123536, 0.2660109043121338, 0.25788440704345705, 0.3221127510070801, 0.36453847885131835, 0.2397632598876953, 0.22378296852111818, 0.2418196201324463, 0.21345949172973633], "std_score_time": [0.040795608977682696, 0.1276582968124794, 0.035099221688412535, 0.10335624216193864, 0.10567706973075358, 0.17404842603140203, 0.088825836386885, 0.04633195368932535, 0.057053133082550854, 0.03954475330169288]}, "score": 0.8950317460317461}, "RandomForestClassifier": {"params": {"classification__n_estimators": 300, "classification__min_samples_split": 10, "classification__min_samples_leaf": 4, "classification__max_features": "log2", "classification__max_depth": 60, "classification__bootstrap": true}, "times": {"mean_fit_time": [5.071695280075073, 0.958998155593872, 0.7897772312164306], "std_fit_time": [0.1827272204570075, 0.1467380042269753, 0.03932571930292761], "mean_score_time": [0.005143356323242187, 0.001909637451171875, 0.0018080711364746095], "std_score_time": [0.0007511438295492058, 0.0003058800765978062, 0.00024418898379190276]}, "score": 0.976}, "KNeighborsClassifier": {"params": {"classification__weights": "uniform", "classification__n_neighbors": 17, "classification__metric": "euclidean", "classification__leaf_size": 20}, "times": {"mean_fit_time": [0.06785244941711426, 0.053737545013427736, 0.04036068916320801], "std_fit_time": [0.0031839405898294875, 0.018213179965774446, 0.0039741558347995585], "mean_score_time": [0.009701776504516601, 0.010000467300415039, 0.009691810607910157], "std_score_time": [0.00042814269248330145, 0.0010044329525036781, 0.0013821315624231768]}, "score": 0.9193333333333333}, "ComplementNB": {"params": {"classification__alpha": 1.0}, "times": {"mean_fit_time": [0.004664421081542969, 0.005509519577026367, 0.006354808807373047], "std_fit_time": [0.0008811150887139979, 0.00038337738952813616, 0.0005918012504049017], "mean_score_time": [0.001221036911010742, 0.0014142513275146485, 0.0013484954833984375], "std_score_time": [0.0002473767848884406, 0.00025946021244055764, 7.607009951373966e-06]}, "score": 0.6966666666666667}, "LogisticRegression": {"params": {"classification__solver": "newton-cg", "classification__C": 0.01}, "times": {"mean_fit_time": [0.18260626792907714, 0.24646344184875488, 0.6609780311584472], "std_fit_time": [0.030130999795472152, 0.07198021184579213, 0.23205417325215844], "mean_score_time": [0.0019177436828613282, 0.0027810096740722655, 0.002043008804321289], "std_score_time": [0.00022857514337614487, 0.0013189465914276723, 0.00022795863526425364]}, "score": 0.8766666666666666}}