{"[NN]NeuralNetwork": {"params": {"classification__epochs": 20, "classification__batch_size": 30}, "times": {"mean_fit_time": [4.883926868438721, 4.529906415939331, 5.1472900390625, 3.892770290374756, 4.587856769561768, 4.519278478622437, 5.531310129165649, 6.331961822509766, 5.416663694381714, 4.820190286636352], "std_fit_time": [0.6694960703789832, 0.5233172091632478, 0.7854102522961186, 0.1671655558293223, 0.7524942725217157, 1.0035494842186121, 1.0298561639839319, 0.8085893257924264, 0.42442257930439026, 0.6147721700748869], "mean_score_time": [0.5231354236602783, 0.4633323669433594, 0.5598806858062744, 0.5396926879882813, 0.578589916229248, 0.5062335968017578, 0.48845272064208983, 0.5692463874816894, 0.6930078029632568, 0.63528470993042], "std_score_time": [0.11662951757238274, 0.11988363348389859, 0.2261135598578151, 0.13364937746473857, 0.09653913084576571, 0.13458942920120065, 0.17752202699837305, 0.08433145455961163, 0.14857858449676276, 0.08966638118363877]}, "score": 0.9217763347763348}, "RandomForestClassifier": {"params": {"classification__n_estimators": 1000, "classification__min_samples_split": 5, "classification__min_samples_leaf": 1, "classification__max_features": "log2", "classification__max_depth": null, "classification__bootstrap": false}, "times": {"mean_fit_time": [0.21666560173034669, 3.43774528503418, 3.2703590393066406], "std_fit_time": [0.002517719339167899, 0.3150064258273079, 0.12413628894073857], "mean_score_time": [0.0015563488006591797, 0.004360675811767578, 0.003623819351196289], "std_score_time": [0.00027542633523299284, 0.00042268151282896636, 0.0009236342228742938]}, "score": 0.9626666666666666}, "KNeighborsClassifier": {"params": {"classification__weights": "distance", "classification__n_neighbors": 5, "classification__metric": "manhattan", "classification__leaf_size": 23}, "times": {"mean_fit_time": [0.025999975204467774, 0.032739782333374025, 0.02988734245300293], "std_fit_time": [0.00789689167362693, 0.006668873952419454, 0.006443239528005975], "mean_score_time": [0.009136152267456055, 0.00840311050415039, 0.008384799957275391], "std_score_time": [0.0014133075337109803, 0.0003826840385332257, 0.0006282175938068953]}, "score": 0.23466666666666666}, "ComplementNB": {"params": {"classification__alpha": 1.0}, "times": {"mean_fit_time": [0.005414533615112305, 0.003973913192749023, 0.005711412429809571], "std_fit_time": [0.0022725885793175842, 0.00010206581024592306, 0.0007833974578646923], "mean_score_time": [0.0012150287628173828, 0.001165485382080078, 0.0012246131896972655], "std_score_time": [0.0002038532334457064, 0.0001814015777129213, 9.310843525435712e-05]}, "score": 0.736}, "LogisticRegression": {"params": {"classification__solver": "sag", "classification__C": 1.0}, "times": {"mean_fit_time": [0.7417748928070068, 0.6229130268096924, 1.1193004608154298], "std_fit_time": [0.09014336989187625, 0.054635276853840516, 0.14921633391566916], "mean_score_time": [0.03642268180847168, 0.036273527145385745, 0.04773879051208496], "std_score_time": [0.011586854526281833, 0.007114305989864596, 0.015618030452363565]}, "score": 0.7653333333333332}}