{"[NN]NeuralNetwork": {"params": {"classification__epochs": 20, "classification__batch_size": 30}, "times": {"mean_fit_time": [3.8354070663452147, 3.1820916652679445, 4.038599109649658, 2.890738296508789, 3.320102500915527, 3.082943153381348, 2.6556026935577393, 2.9717248916625976, 3.0512252330780028, 2.486147928237915], "std_fit_time": [0.5919613476699033, 0.3120130449784163, 0.2518203081828748, 0.47161602186726537, 0.4430887122140648, 0.3339195122228067, 0.4980170256930101, 0.2736369404053181, 0.40423112566408914, 0.4229629824988064], "mean_score_time": [0.21815452575683594, 0.3262617111206055, 0.18101077079772948, 0.24295902252197266, 0.216011905670166, 0.27779078483581543, 0.26093554496765137, 0.27148752212524413, 0.19293975830078125, 0.2477499485015869], "std_score_time": [0.06804616637840223, 0.07084955016519584, 0.025870704879828378, 0.07708594792611224, 0.019785265508348596, 0.02310101992662492, 0.05522957832112432, 0.06504366662349505, 0.027337812810553752, 0.0743029262418477]}, "score": 0.8803650793650795}, "RandomForestClassifier": {"params": {"classification__n_estimators": 200, "classification__min_samples_split": 10, "classification__min_samples_leaf": 1, "classification__max_features": null, "classification__max_depth": 30, "classification__bootstrap": true}, "times": {"mean_fit_time": [1.010356855392456, 0.04544243812561035, 0.8564279079437256], "std_fit_time": [0.11090207406277938, 0.008280663782780787, 0.10525678346111415], "mean_score_time": [0.001744222640991211, 0.0013315677642822266, 0.0017661571502685547], "std_score_time": [0.0003065658145128342, 0.0002603207295608328, 0.00014031668873051026]}, "score": 0.96}, "KNeighborsClassifier": {"params": {"classification__weights": "uniform", "classification__n_neighbors": 1, "classification__metric": "minkowski", "classification__leaf_size": 10}, "times": {"mean_fit_time": [0.029388952255249023, 0.036668014526367185, 0.03200101852416992], "std_fit_time": [0.0075161346582184796, 0.011163180453454711, 0.005007286156200947], "mean_score_time": [0.009228897094726563, 0.011031007766723633, 0.009553337097167968], "std_score_time": [0.0011161206507113034, 0.0035397795370611775, 0.0008027868814172322]}, "score": 0.9333333333333333}, "ComplementNB": {"params": {"classification__alpha": 0}, "times": {"mean_fit_time": [0.004983854293823242, 0.005763721466064453, 0.0069160938262939455], "std_fit_time": [0.001229108471301322, 0.0010508884561285963, 0.0005757479510167994], "mean_score_time": [0.0014750003814697266, 0.001509857177734375, 0.0012865543365478515], "std_score_time": [0.00046209114238090294, 0.0004712322896338923, 4.828677303133479e-05]}, "score": 0.7266666666666667}, "LogisticRegression": {"params": {"classification__solver": "lbfgs", "classification__C": 100}, "times": {"mean_fit_time": [0.17938013076782228, 0.6125426292419434, 0.31742076873779296], "std_fit_time": [0.058129462004351706, 0.055656445017408754, 0.03881298205073646], "mean_score_time": [0.0025765419006347655, 0.03178915977478027, 0.002254295349121094], "std_score_time": [0.0008046562463006714, 0.004899731636689521, 0.00042492621456401646]}, "score": 0.806}}