{"[NN]NeuralNetwork": {"params": {"classification__epochs": 20, "classification__batch_size": 25}, "times": {"mean_fit_time": [3.4676849842071533, 3.532238817214966, 4.62381763458252, 3.915813446044922, 3.306580114364624, 4.071529340744019, 3.6898234367370604, 3.6774881362915037, 3.7767881393432616, 4.0000487804412845], "std_fit_time": [0.39541724398813827, 0.7119155298639329, 0.5923264904755032, 0.3121624438732682, 0.3990470849148375, 0.9390519643999512, 0.6430336169026974, 0.4526082590134986, 0.5506798741293425, 0.23069717485842361], "mean_score_time": [0.3017606735229492, 0.3466180324554443, 0.2891528129577637, 0.2910715103149414, 0.2726797103881836, 0.30511159896850587, 0.3339264392852783, 0.26288304328918455, 0.299299955368042, 0.21503615379333496], "std_score_time": [0.05001379556559689, 0.10249499276871639, 0.054036082814341524, 0.024152718070321745, 0.03148866068863466, 0.055683689003659234, 0.09655554673184293, 0.03741831125234713, 0.06418967764960914, 0.02343859936074076]}, "score": 0.8917936507936508}, "RandomForestClassifier": {"params": {"classification__n_estimators": 100, "classification__min_samples_split": 2, "classification__min_samples_leaf": 1, "classification__max_features": "log2", "classification__max_depth": 10, "classification__bootstrap": true}, "times": {"mean_fit_time": [0.13148784637451172, 0.13041133880615235, 0.20579185485839843], "std_fit_time": [0.006223205863884636, 0.02815830455323491, 0.030090888863902945], "mean_score_time": [0.0019335269927978516, 0.0016941547393798829, 0.0018535614013671874], "std_score_time": [0.0002491746504284918, 0.0003494366481334956, 0.0002927667774069137]}, "score": 0.9720000000000001}, "KNeighborsClassifier": {"params": {"classification__weights": "uniform", "classification__n_neighbors": 19, "classification__metric": "manhattan", "classification__leaf_size": 26}, "times": {"mean_fit_time": [0.03175244331359863, 0.04237723350524902, 0.02753911018371582], "std_fit_time": [0.016542757009692207, 0.019142927530796026, 0.0025431219579596727], "mean_score_time": [0.009200716018676757, 0.008778667449951172, 0.01065683364868164], "std_score_time": [0.001178655561462621, 0.0007418680656748601, 0.0018159599603237255]}, "score": 0.9539047619047618}, "ComplementNB": {"params": {"classification__alpha": 0.5}, "times": {"mean_fit_time": [0.004394340515136719, 0.005452299118041992, 0.008154726028442383], "std_fit_time": [0.00025561435726866033, 0.001569681037263432, 0.002070706443950036], "mean_score_time": [0.0015520572662353516, 0.0016406059265136718, 0.0015630245208740235], "std_score_time": [0.0002736471777320253, 0.00050782289631912, 0.0002511530056309661]}, "score": 0.6528571428571428}, "LogisticRegression": {"params": {"classification__solver": "saga", "classification__C": 1.0}, "times": {"mean_fit_time": [0.88896803855896, 0.4268993854522705, 1.3479207038879395], "std_fit_time": [0.09310792721022634, 0.02621423033960676, 0.07715869356610369], "mean_score_time": [0.03817272186279297, 0.002805280685424805, 0.042714166641235354], "std_score_time": [0.00755393233500049, 0.0006823649262269654, 0.010652926805827736]}, "score": 0.8002857142857144}}