{"[NN]NeuralNetwork": {"params": {"classification__epochs": 20, "classification__batch_size": 30}, "times": {"mean_fit_time": [4.527985715866089, 3.632776069641113, 4.4372495174407955, 3.860853338241577, 3.149232339859009, 3.9861931800842285, 3.729895067214966, 3.555343675613403, 3.776108455657959, 3.722724771499634], "std_fit_time": [0.6551758661414596, 0.9068461208400407, 0.2612785774318023, 0.7142591511480135, 0.5701933426912925, 0.5849618560437462, 0.5678467142552266, 0.4113358820479508, 0.8368144047704951, 0.6090303095077197], "mean_score_time": [0.2723230361938477, 0.295026159286499, 0.2714537620544434, 0.3392478466033936, 0.30847983360290526, 0.26733670234680174, 0.3656813621520996, 0.2395655632019043, 0.20113248825073243, 0.20431766510009766], "std_score_time": [0.09462785900923736, 0.11165669021471127, 0.1256477880367156, 0.09741056890073216, 0.05610674887181353, 0.12656158620318395, 0.23241136607968896, 0.03529019915838755, 0.03257359715460141, 0.03536300453204104]}, "score": 0.8735714285714286}, "RandomForestClassifier": {"params": {"classification__n_estimators": 400, "classification__min_samples_split": 5, "classification__min_samples_leaf": 1, "classification__max_features": null, "classification__max_depth": 70, "classification__bootstrap": false}, "times": {"mean_fit_time": [1.941185998916626, 1.2818265438079834, 1.7848474979400635], "std_fit_time": [0.1958665918817957, 0.0602570226313103, 0.1256901108815583], "mean_score_time": [0.004560327529907227, 0.001839017868041992, 0.0038185596466064455], "std_score_time": [0.0018153491692818088, 0.00022629732006322547, 0.001913060947024542]}, "score": 1.0}, "KNeighborsClassifier": {"params": {"classification__weights": "uniform", "classification__n_neighbors": 5, "classification__metric": "manhattan", "classification__leaf_size": 30}, "times": {"mean_fit_time": [0.049155139923095705, 0.06646838188171386, 0.029118967056274415], "std_fit_time": [0.015063718478011313, 0.009758113971233523, 0.006869389771788417], "mean_score_time": [0.009801483154296875, 0.01122889518737793, 0.009419679641723633], "std_score_time": [0.001472158755145393, 0.0017915813544212484, 0.0005310124834993058]}, "score": 0.952}, "ComplementNB": {"params": {"classification__alpha": 0.5}, "times": {"mean_fit_time": [0.004411840438842773, 0.004233074188232422, 0.005615806579589844], "std_fit_time": [0.0005746710706478066, 0.0005740951934856455, 0.0007701710403564973], "mean_score_time": [0.0012976169586181641, 0.001275348663330078, 0.0012957096099853516], "std_score_time": [0.0003081667112415687, 0.0003846014751857496, 5.9910865004603665e-05]}, "score": 0.7008571428571428}, "LogisticRegression": {"params": {"classification__solver": "saga", "classification__C": 0.1}, "times": {"mean_fit_time": [0.7696293830871582, 0.7753748416900634, 1.3199734687805176], "std_fit_time": [0.06745164445201507, 0.06986124675713734, 0.07344813369320577], "mean_score_time": [0.038751077651977536, 0.039902448654174805, 0.04821343421936035], "std_score_time": [0.010363296456631916, 0.010392126773654075, 0.014853257523893531]}, "score": 0.7779047619047619}}