{"[NN]NeuralNetwork": {"params": {"classification__epochs": 15, "classification__batch_size": 30}, "times": {"mean_fit_time": [6.287952947616577, 5.567167091369629, 5.140381669998169, 4.94611234664917, 5.636459302902222, 4.447914361953735, 4.403419399261475, 4.629940986633301, 5.218512105941772, 5.2311413288116455], "std_fit_time": [0.63467068022289, 0.7642172928946976, 0.4187376510972954, 0.7594243705749811, 0.5730917414674749, 0.8009702560427738, 0.41464112901647765, 0.49121060281946766, 0.5269540488802238, 1.0625680546002954], "mean_score_time": [0.5706653118133544, 0.6353312492370605, 0.5721570968627929, 0.7641218185424805, 0.5113536834716796, 0.6333835124969482, 0.35596747398376466, 0.5895112037658692, 0.5701667785644531, 0.5354575634002685], "std_score_time": [0.25834454993246125, 0.12113205455091149, 0.3147835662419353, 0.3312436471514616, 0.09717384333946921, 0.18482965114658081, 0.06226713531074056, 0.11587526872787193, 0.12563770127148038, 0.08905643076222204]}, "score": 0.8639985569985569}, "RandomForestClassifier": {"params": {"classification__n_estimators": 500, "classification__min_samples_split": 10, "classification__min_samples_leaf": 1, "classification__max_features": "log2", "classification__max_depth": null, "classification__bootstrap": true}, "times": {"mean_fit_time": [0.4661693572998047, 1.7190234184265136, 1.516193437576294], "std_fit_time": [0.04406136004529355, 0.13627218385333847, 0.08546554950612618], "mean_score_time": [0.003055429458618164, 0.0049555301666259766, 0.003742408752441406], "std_score_time": [0.0026948630533923782, 0.00065325557740683, 0.00128067984759706]}, "score": 0.9753333333333334}, "KNeighborsClassifier": {"params": {"classification__weights": "uniform", "classification__n_neighbors": 7, "classification__metric": "manhattan", "classification__leaf_size": 20}, "times": {"mean_fit_time": [0.044396400451660156, 0.03782963752746582, 0.03119039535522461], "std_fit_time": [0.0018756436319657941, 0.006629509542603566, 0.0060580796947384335], "mean_score_time": [0.009360027313232423, 0.008497095108032227, 0.00856003761291504], "std_score_time": [0.0011407132210532703, 0.0008848151761740099, 0.0005131931997128]}, "score": 0.9693333333333334}, "ComplementNB": {"params": {"classification__alpha": 0}, "times": {"mean_fit_time": [0.004762601852416992, 0.004366111755371094, 0.007805490493774414], "std_fit_time": [0.0004583405148386157, 0.0007643262864958116, 0.0015547365418823555], "mean_score_time": [0.0013355255126953126, 0.001291942596435547, 0.0015330791473388671], "std_score_time": [0.000311569011551694, 0.00033995818853158917, 0.00026982838332168077]}, "score": 0.75}, "LogisticRegression": {"params": {"classification__solver": "sag", "classification__C": 100}, "times": {"mean_fit_time": [0.7444058895111084, 0.17097649574279786, 1.1855130672454834], "std_fit_time": [0.10771298545254862, 0.027789726804047517, 0.04694859681103465], "mean_score_time": [0.04017515182495117, 0.0021341800689697265, 0.04047646522521973], "std_score_time": [0.005713189955775694, 0.0003368547787372825, 0.005441849128763366]}, "score": 0.79}}