{"[NN]NeuralNetwork": {"params": {"classification__epochs": 15, "classification__batch_size": 20}, "times": {"mean_fit_time": [4.662412405014038, 5.472818422317505, 4.111413145065308, 4.003240633010864, 5.448115730285645, 3.685193395614624, 3.801804542541504, 4.7862513065338135, 5.167191123962402, 4.3355309009552006], "std_fit_time": [1.1749078397654744, 1.1001076409251864, 0.56242665984562, 0.7308100027048589, 1.5324560203406716, 0.44904696092682056, 0.15798127774351856, 0.8582785488021626, 0.434289223641231, 0.9701287208995045], "mean_score_time": [0.418519401550293, 0.47126040458679197, 0.463222074508667, 0.565471887588501, 0.5452157020568847, 0.44319791793823243, 0.40828375816345214, 0.5170883178710938, 0.5492871761322021, 0.43012027740478515], "std_score_time": [0.14526113655714779, 0.26218603742870944, 0.2003921101219927, 0.1802266594017319, 0.17155430242383177, 0.11740358342508492, 0.09917252887557726, 0.21082048844357848, 0.1732509793721722, 0.16184453981371646]}, "score": 0.8783015873015874}, "RandomForestClassifier": {"params": {"classification__n_estimators": 1000, "classification__min_samples_split": 2, "classification__min_samples_leaf": 2, "classification__max_features": "sqrt", "classification__max_depth": null, "classification__bootstrap": true}, "times": {"mean_fit_time": [3.519499635696411, 4.1560203552246096, 3.8020591259002687], "std_fit_time": [0.11436542102448609, 0.5116278679756368, 0.1880346862924392], "mean_score_time": [0.005210399627685547, 0.004625892639160157, 0.004411649703979492], "std_score_time": [0.0006725683738847857, 0.00045042353464798927, 0.0008923614764919742]}, "score": 0.96}, "KNeighborsClassifier": {"params": {"classification__weights": "distance", "classification__n_neighbors": 1, "classification__metric": "euclidean", "classification__leaf_size": 23}, "times": {"mean_fit_time": [0.02374114990234375, 0.027367639541625976, 0.0323275089263916], "std_fit_time": [0.0038595155241554074, 0.007337302365000076, 0.0005653501199180313], "mean_score_time": [0.009959173202514649, 0.011121320724487304, 0.009018945693969726], "std_score_time": [0.0026020178634106046, 0.0019238873627277192, 0.0003939273929537118]}, "score": 0.2}, "ComplementNB": {"params": {"classification__alpha": 0}, "times": {"mean_fit_time": [0.004676532745361328, 0.004503059387207031, 0.0069979667663574215], "std_fit_time": [0.0007534790362554693, 0.000582908850231783, 0.0015477534174969127], "mean_score_time": [0.001276540756225586, 0.001340961456298828, 0.0014139175415039062], "std_score_time": [0.00020810347068558907, 0.00045437991700073965, 0.0003139616794736337]}, "score": 0.7331111111111112}, "LogisticRegression": {"params": {"classification__solver": "sag", "classification__C": 0.1}, "times": {"mean_fit_time": [0.48497776985168456, 0.62312912940979, 1.5456977844238282], "std_fit_time": [0.04030593672811327, 0.051953139844789546, 0.17512793568151336], "mean_score_time": [0.0331540584564209, 0.04220213890075684, 0.03886957168579101], "std_score_time": [0.007615463454866568, 0.004464041244687803, 0.001435922025942592]}, "score": 0.7848888888888889}}