{"[NN]NeuralNetwork": {"params": {"classification__epochs": 15, "classification__batch_size": 30}, "times": {"mean_fit_time": [3.7065276145935058, 3.410351037979126, 2.7252392292022707, 3.389421510696411, 3.20598726272583, 2.958720636367798, 2.810593271255493, 3.2698413372039794, 4.001568555831909, 2.751551103591919], "std_fit_time": [1.0236167926752924, 0.7752778784486978, 0.29984074885110856, 0.2412081897043051, 0.3249343535138029, 0.22087357516740136, 0.4920810069031384, 0.34495473875368526, 1.406175277869492, 0.28580111943430403], "mean_score_time": [0.35819149017333984, 0.3825498104095459, 0.38579788208007815, 0.37982540130615233, 0.3457512378692627, 0.24958486557006837, 0.2630056858062744, 0.3265880584716797, 0.26111712455749514, 0.3496531009674072], "std_score_time": [0.1638501315208372, 0.07698782336956918, 0.13276857209294404, 0.19721244710222857, 0.11470686313514446, 0.04837315772950435, 0.02636508709266907, 0.10435173943753864, 0.05896677038354466, 0.1622655120644156]}, "score": 0.8957936507936509}, "RandomForestClassifier": {"params": {"classification__n_estimators": 200, "classification__min_samples_split": 5, "classification__min_samples_leaf": 2, "classification__max_features": "sqrt", "classification__max_depth": 50, "classification__bootstrap": true}, "times": {"mean_fit_time": [0.5405309677124024, 0.8907992839813232, 0.6025773048400879], "std_fit_time": [0.10664956608795145, 0.1447387120637266, 0.051127159600224396], "mean_score_time": [0.0017448902130126954, 0.0017669200897216797, 0.001926279067993164], "std_score_time": [0.00040874590230521337, 7.505332044730412e-05, 0.00024329667327530746]}, "score": 0.9786666666666666}, "KNeighborsClassifier": {"params": {"classification__weights": "uniform", "classification__n_neighbors": 19, "classification__metric": "minkowski", "classification__leaf_size": 30}, "times": {"mean_fit_time": [0.03881058692932129, 0.04234724044799805, 0.026106595993041992], "std_fit_time": [0.009187967417194454, 0.001897033433507457, 0.00031960652144670933], "mean_score_time": [0.01006922721862793, 0.01154932975769043, 0.008663129806518555], "std_score_time": [0.0011066381415866782, 0.0022396632629963662, 0.0007840415096300637]}, "score": 0.8906666666666666}, "ComplementNB": {"params": {"classification__alpha": 0}, "times": {"mean_fit_time": [0.005194950103759766, 0.005771446228027344, 0.010329532623291015], "std_fit_time": [0.000725736370471862, 0.0018709921678854398, 0.000881351618567176], "mean_score_time": [0.0015866279602050782, 0.0018064498901367188, 0.002013397216796875], "std_score_time": [0.000413080686278043, 0.0007271339122523305, 8.134909000097787e-05]}, "score": 0.7253333333333332}, "LogisticRegression": {"params": {"classification__solver": "newton-cg", "classification__C": 0.1}, "times": {"mean_fit_time": [0.24034180641174316, 0.8424563884735108, 0.3255458354949951], "std_fit_time": [0.09748089780005736, 0.09566965310975936, 0.04926352733656858], "mean_score_time": [0.0017713069915771484, 0.03994364738464355, 0.001980876922607422], "std_score_time": [0.00011903316839072928, 0.006063169849680256, 0.0003879591954233815]}, "score": 0.852}}