{"[NN]NeuralNetwork": {"params": {"classification__epochs": 20, "classification__batch_size": 25}, "times": {"mean_fit_time": [4.436182641983033, 3.7496119022369383, 3.4574708461761476, 3.5528976917266846, 2.8020519256591796, 3.2957557678222655, 3.172212600708008, 3.314481592178345, 3.6774428844451905, 3.0274425983428954], "std_fit_time": [0.5380942242211694, 0.4726694141513351, 0.4617245384168932, 0.22971751629651932, 0.4440114312746371, 0.542675333459254, 0.5521604521982001, 0.43175515104899914, 0.8362234369913583, 0.3953014961920914], "mean_score_time": [0.21667776107788086, 0.3203867435455322, 0.2518954277038574, 0.2555536270141602, 0.3445617198944092, 0.2760800838470459, 0.23273878097534179, 0.3045190334320068, 0.2083606243133545, 0.22251534461975098], "std_score_time": [0.03217036810861055, 0.09539294050138288, 0.05764581429288754, 0.05801718053863983, 0.10197742090308166, 0.06470430026410327, 0.06672686229383669, 0.07950764295337581, 0.027807409561071587, 0.013711894324554236]}, "score": 0.8835714285714286}, "RandomForestClassifier": {"params": {"classification__n_estimators": 400, "classification__min_samples_split": 5, "classification__min_samples_leaf": 2, "classification__max_features": "log2", "classification__max_depth": 40, "classification__bootstrap": true}, "times": {"mean_fit_time": [1.7877429008483887, 1.3092512130737304, 1.1133453369140625], "std_fit_time": [0.17029984663105685, 0.058227303412537464, 0.04028958910281608], "mean_score_time": [0.0024262428283691405, 0.0017897129058837891, 0.002152538299560547], "std_score_time": [0.0011004369855114942, 0.00017363497234870143, 0.0005018406426068952]}, "score": 0.976}, "KNeighborsClassifier": {"params": {"classification__weights": "uniform", "classification__n_neighbors": 15, "classification__metric": "minkowski", "classification__leaf_size": 26}, "times": {"mean_fit_time": [0.034505271911621095, 0.033760786056518555, 0.02723078727722168], "std_fit_time": [0.001252204507158757, 0.0013716032664126763, 0.003806045046397766], "mean_score_time": [0.011168766021728515, 0.010056209564208985, 0.009162712097167968], "std_score_time": [0.002001186487237725, 0.0016762295857937752, 0.0006837299556616958]}, "score": 0.9006666666666667}, "ComplementNB": {"params": {"classification__alpha": 0}, "times": {"mean_fit_time": [0.004110813140869141, 0.005436563491821289, 0.007817554473876952], "std_fit_time": [0.00036639194187665673, 0.0009370377770825448, 0.001384264876651801], "mean_score_time": [0.0013572216033935548, 0.001441049575805664, 0.0015765190124511718], "std_score_time": [0.0003583704106189013, 0.000534721613130948, 0.00022513691580223854]}, "score": 0.6773333333333333}, "LogisticRegression": {"params": {"classification__solver": "saga", "classification__C": 10}, "times": {"mean_fit_time": [0.8111437797546387, 0.41222453117370605, 1.2783688068389893], "std_fit_time": [0.047266502029347894, 0.030278469287709074, 0.2453831338007855], "mean_score_time": [0.034629535675048825, 0.0020928382873535156, 0.04768261909484863], "std_score_time": [0.005509617183068626, 0.0003064858732566844, 0.011771943708076408]}, "score": 0.7793333333333333}}