{"[NN]NeuralNetwork": {"params": {"classification__epochs": 20, "classification__batch_size": 30}, "times": {"mean_fit_time": [3.94516658782959, 3.735789251327515, 4.249507141113281, 3.34852614402771, 3.989722394943237, 4.51674165725708, 3.4061226844787598, 3.922766828536987, 3.43982138633728, 3.368092679977417], "std_fit_time": [0.4391897493097643, 0.4868285683611882, 0.26432352289865757, 0.27851209197046367, 0.33867731917106714, 0.6724026568987658, 0.31513289447327875, 0.45700556182388274, 0.795302530757965, 0.11583101097318793], "mean_score_time": [0.32771053314208987, 0.3149096965789795, 0.24764046669006348, 0.29195661544799806, 0.26719279289245607, 0.3479766368865967, 0.3345522880554199, 0.3626438617706299, 0.29039154052734373, 0.334245491027832], "std_score_time": [0.09550252687255996, 0.049710733011351683, 0.061753593268908745, 0.04086903698630219, 0.0604565180163975, 0.08267147725251767, 0.15344027619379344, 0.155708340910495, 0.10064102983181665, 0.06493734359133642]}, "score": 0.887063492063492}, "RandomForestClassifier": {"params": {"classification__n_estimators": 200, "classification__min_samples_split": 2, "classification__min_samples_leaf": 4, "classification__max_features": "sqrt", "classification__max_depth": 100, "classification__bootstrap": false}, "times": {"mean_fit_time": [0.12050666809082031, 0.6416584014892578, 0.6740858078002929], "std_fit_time": [0.012302066277848194, 0.017869891123356706, 0.10468786995559755], "mean_score_time": [0.0017988204956054688, 0.001826000213623047, 0.0017405033111572265], "std_score_time": [0.0003141791852940055, 0.00023041116872939756, 8.724939547881626e-05]}, "score": 0.9862857142857143}, "KNeighborsClassifier": {"params": {"classification__weights": "uniform", "classification__n_neighbors": 19, "classification__metric": "minkowski", "classification__leaf_size": 23}, "times": {"mean_fit_time": [0.032450532913208006, 0.04868302345275879, 0.02852158546447754], "std_fit_time": [0.005910484926902932, 0.018770152392426697, 0.005682973585155775], "mean_score_time": [0.009328842163085938, 0.010436820983886718, 0.00890817642211914], "std_score_time": [0.00048591070464869187, 0.001167326263384753, 0.0007208214160097793]}, "score": 0.942952380952381}, "ComplementNB": {"params": {"classification__alpha": 0.5}, "times": {"mean_fit_time": [0.005215597152709961, 0.00574493408203125, 0.008705949783325196], "std_fit_time": [0.00018226768392080647, 0.0008202142059851981, 0.002651138658773831], "mean_score_time": [0.0016356468200683593, 0.0018565654754638672, 0.00178680419921875], "std_score_time": [0.00039664135145035817, 0.00045592913983766726, 0.00048340465154531086]}, "score": 0.6835238095238095}, "LogisticRegression": {"params": {"classification__solver": "lbfgs", "classification__C": 10}, "times": {"mean_fit_time": [0.7378281593322754, 0.27317085266113283, 0.3755928993225098], "std_fit_time": [0.056305488829760095, 0.06680184409546512, 0.03476183089022465], "mean_score_time": [0.04120106697082519, 0.002119302749633789, 0.001867818832397461], "std_score_time": [0.006251875651421363, 0.0003982596070489275, 0.00014468620790074462]}, "score": 0.8492380952380951}}