{"[NN]NeuralNetwork": {"params": {"classification__epochs": 10, "classification__batch_size": 20}, "times": {"mean_fit_time": [3.7088527202606203, 4.1159509181976315, 4.847006607055664, 4.452652883529663, 3.335060691833496, 4.205309867858887, 5.118804550170898, 3.313074254989624, 4.147445964813232, 3.111049222946167], "std_fit_time": [0.7363135780172223, 0.22522665498189676, 1.0939005566536253, 0.8594492061097899, 0.37347159313925754, 0.615505934704154, 0.8204399005294031, 0.5105525397781705, 0.19451812860627715, 0.29668373075053955], "mean_score_time": [0.32552237510681153, 0.3491156578063965, 0.4349857807159424, 0.30962042808532714, 0.42815499305725097, 0.43567829132080077, 0.21055736541748046, 0.27698545455932616, 0.288684606552124, 0.3433367252349854], "std_score_time": [0.06850412439930854, 0.07737907119581992, 0.109493254424782, 0.031641519947735876, 0.20613820939191224, 0.05402029965106796, 0.0875727379763929, 0.0390814460693091, 0.0548122845426239, 0.0978456530063921]}, "score": 0.8950317460317461}, "RandomForestClassifier": {"params": {"classification__n_estimators": 300, "classification__min_samples_split": 10, "classification__min_samples_leaf": 4, "classification__max_features": "log2", "classification__max_depth": 60, "classification__bootstrap": true}, "times": {"mean_fit_time": [5.339060497283936, 1.1440633296966554, 0.7957104206085205], "std_fit_time": [0.282285696490046, 0.1473374284105998, 0.02689133435348132], "mean_score_time": [0.00349578857421875, 0.001897907257080078, 0.0016269683837890625], "std_score_time": [0.00046317578282500824, 0.0002618652140096158, 0.0001664197888567972]}, "score": 0.976}, "KNeighborsClassifier": {"params": {"classification__weights": "uniform", "classification__n_neighbors": 17, "classification__metric": "euclidean", "classification__leaf_size": 20}, "times": {"mean_fit_time": [0.03285737037658691, 0.03645944595336914, 0.04498190879821777], "std_fit_time": [0.006026568732777319, 0.009036149700182534, 0.01811386988570806], "mean_score_time": [0.009267854690551757, 0.01076045036315918, 0.012111902236938477], "std_score_time": [0.0005065187175661364, 0.0012777059515635908, 0.0020408628588524857]}, "score": 0.9193333333333333}, "ComplementNB": {"params": {"classification__alpha": 1.0}, "times": {"mean_fit_time": [0.00462799072265625, 0.00572819709777832, 0.008122634887695313], "std_fit_time": [0.00029909959584281437, 0.0006646297431166833, 0.0004488421945142388], "mean_score_time": [0.0013466358184814453, 0.0016483783721923829, 0.0016375064849853515], "std_score_time": [0.00025532692569508125, 0.00025715874361194015, 0.00024233704131677798]}, "score": 0.6966666666666667}, "LogisticRegression": {"params": {"classification__solver": "newton-cg", "classification__C": 0.01}, "times": {"mean_fit_time": [0.19511914253234863, 0.3029175281524658, 0.5587314605712891], "std_fit_time": [0.029396915258900487, 0.07758126943150752, 0.16360616215266804], "mean_score_time": [0.001934957504272461, 0.0023883819580078126, 0.0018158912658691405], "std_score_time": [0.00031056896468209896, 0.0004706421545655314, 0.00014899086617060735]}, "score": 0.8746666666666666}}