{"[NN]NeuralNetwork": {"params": {"classification__epochs": 20, "classification__batch_size": 30}, "times": {"mean_fit_time": [5.408945989608765, 4.865449285507202, 5.427630472183227, 5.027588653564453, 5.048264741897583, 5.9700781345367435, 4.646581935882568, 4.558871555328369, 5.365062427520752, 5.073728036880493], "std_fit_time": [0.2362189900786723, 0.8018197071913025, 0.2652219665712277, 0.3642744617114754, 0.892672156328006, 1.1182759849866244, 0.574095121683364, 0.8051333326266704, 0.6479065007003336, 0.22962810902867062], "mean_score_time": [0.5431191444396972, 0.6017793178558349, 0.5538075923919678, 0.7069412708282471, 0.563662052154541, 0.6517873287200928, 0.6965498924255371, 0.6158475875854492, 0.5984984397888183, 0.3398262977600098], "std_score_time": [0.1526308111496898, 0.1249197336321327, 0.12854142964336923, 0.08057435208167299, 0.13797336147227088, 0.13558849227110753, 0.08219549435969051, 0.1801781405696163, 0.14863756692330105, 0.054464927024056316]}, "score": 0.8735714285714286}, "RandomForestClassifier": {"params": {"classification__n_estimators": 400, "classification__min_samples_split": 5, "classification__min_samples_leaf": 1, "classification__max_features": null, "classification__max_depth": 70, "classification__bootstrap": false}, "times": {"mean_fit_time": [1.8217715740203857, 1.1512680530548096, 1.9941523551940918], "std_fit_time": [0.1490876868416791, 0.07034876971696921, 0.10562423728424501], "mean_score_time": [0.00545659065246582, 0.0037755489349365233, 0.004209375381469727], "std_score_time": [0.0024480845225090153, 0.0016939635340551037, 0.0013553059394857013]}, "score": 1.0}, "KNeighborsClassifier": {"params": {"classification__weights": "uniform", "classification__n_neighbors": 5, "classification__metric": "manhattan", "classification__leaf_size": 30}, "times": {"mean_fit_time": [0.04360699653625488, 0.033470678329467776, 0.047152376174926756], "std_fit_time": [0.010357701438092016, 0.012266243100156459, 0.007265177584705097], "mean_score_time": [0.010939931869506836, 0.010617971420288086, 0.010927486419677734], "std_score_time": [0.0005705490919732647, 0.001585730397218234, 0.0007003835473257157]}, "score": 0.952}, "ComplementNB": {"params": {"classification__alpha": 0.5}, "times": {"mean_fit_time": [0.004409265518188476, 0.004607105255126953, 0.005547523498535156], "std_fit_time": [0.0009029603827840009, 0.0009261157458369235, 0.0007296036726408891], "mean_score_time": [0.0012273788452148438, 0.0013472557067871094, 0.00126953125], "std_score_time": [0.00028426722273135137, 0.0002538513898900979, 0.00020324153398585694]}, "score": 0.7008571428571428}, "LogisticRegression": {"params": {"classification__solver": "saga", "classification__C": 0.1}, "times": {"mean_fit_time": [0.7376065731048584, 0.7249969482421875, 1.5796427726745605], "std_fit_time": [0.0504204250923001, 0.047094336273042596, 0.08626817149619803], "mean_score_time": [0.03702387809753418, 0.03234210014343262, 0.03634352684020996], "std_score_time": [0.011893613392847445, 0.006640338300537202, 0.00376115128045884]}, "score": 0.7779047619047619}}