{"[NN]NeuralNetwork": {"params": {"classification__epochs": 20, "classification__batch_size": 20}, "times": {"mean_fit_time": [64.91148357391357, 43.60978546142578, 51.466278648376466, 41.86248469352722, 42.176733064651486, 62.99418926239014, 62.07979564666748, 46.89946875572205, 57.17944197654724, 53.81479082107544], "std_fit_time": [0.2882969775869747, 1.630662218759251, 24.9869563558039, 19.579677509295788, 0.8501942363883503, 0.49665644896602545, 0.4125395627741895, 0.9187248559562161, 0.5513536209991584, 0.8252660449325739], "mean_score_time": [0.1667447566986084, 2.3432368278503417, 0.4351226806640625, 0.7170406818389893, 2.065624237060547, 0.35585832595825195, 0.4195314884185791, 1.945044708251953, 0.7008785247802735, 0.8769636631011963], "std_score_time": [0.030793408256085616, 0.188693383719547, 0.2934291116179834, 0.39165203797804915, 0.43879437918572956, 0.09185256885708225, 0.11425534535594417, 0.22036963310514437, 0.15150121248671397, 0.09273360431357962]}, "score": 0.9800475707174272}, "RandomForestClassifier": {"params": {"classification__n_estimators": 1000, "classification__min_samples_split": 5, "classification__min_samples_leaf": 2, "classification__max_features": "log2", "classification__max_depth": 10, "classification__bootstrap": false}, "times": {"mean_fit_time": [0.5283018112182617, 4.779190635681152, 5.881644201278687, 0.44229626655578613, 4.967938661575317], "std_fit_time": [0.0188969123232252, 0.6680437171506844, 0.3176424956046936, 0.0300058858826612, 0.2780102980904958], "mean_score_time": [0.017256784439086913, 0.04410223960876465, 0.026924657821655273, 0.013169527053833008, 0.0452418327331543], "std_score_time": [0.0061784572328457766, 0.01633240513613909, 0.013973234313093328, 0.006830019856187312, 0.03191395008581302]}, "score": 0.991060606060606}, "KNeighborsClassifier": {"params": {"classification__weights": "uniform", "classification__n_neighbors": 3, "classification__metric": "euclidean", "classification__leaf_size": 16}, "times": {"mean_fit_time": [0.09152202606201172, 0.08760380744934082, 0.07476725578308105, 0.056244182586669925, 0.06704988479614257], "std_fit_time": [0.025157688032712042, 0.0201604016336453, 0.016831574577812716, 0.014654169063709012, 0.010506028671862622], "mean_score_time": [0.011647367477416992, 0.012760686874389648, 0.012057971954345704, 0.012972402572631835, 0.012289762496948242], "std_score_time": [0.005037834833853997, 0.004517739194370318, 0.00589695757795275, 0.006112037530936162, 0.0032441455155634734]}, "score": 0.876991341991342}, "ComplementNB": {"params": {"classification__alpha": 0.5}, "times": {"mean_fit_time": [0.24271011352539062, 0.19317617416381835, 0.18580617904663085, 0.18280391693115233, 0.15278353691101074], "std_fit_time": [0.03642315711866898, 0.07136698120451049, 0.04664387540924803, 0.03137329469491751, 0.02559861633136545], "mean_score_time": [0.01659984588623047, 0.034816837310791014, 0.02816915512084961, 0.056853723526000974, 0.03802647590637207], "std_score_time": [0.011325244102126191, 0.02662625266636615, 0.0190458929947756, 0.02309321773630589, 0.0164190900162211]}, "score": 0.7441991341991342}}