{"[NN]NeuralNetwork": {"params": {"classification__epochs": 20, "classification__batch_size": 25}, "times": {"mean_fit_time": [66.5096291065216, 50.23511276245117, 37.49806189537048, 53.746286725997926, 42.773194551467896, 63.7856050491333, 50.81911568641662, 46.53123292922974, 64.88834643363953, 60.79399461746216], "std_fit_time": [0.22770792318530267, 24.446809133318144, 17.240526735298143, 0.3826533338984313, 0.6502287138662239, 0.5388884223098266, 1.0432776637566696, 21.725721465581003, 0.39498728939016803, 0.7726123585429245], "mean_score_time": [0.1892941951751709, 0.6106505870819092, 1.2907546043395997, 1.2517540454864502, 2.0528812408447266, 0.45296921730041506, 1.1802444458007812, 0.7407379627227784, 0.2604548931121826, 0.5036152362823486], "std_score_time": [0.02953676073633929, 0.4620295485056363, 0.6941024868264508, 0.3022323728743343, 0.22041541457727387, 0.13698133865863826, 0.2623858511297666, 0.41206470816635704, 0.07183370759815069, 0.20351057849289383]}, "score": 0.9605080020989112}, "RandomForestClassifier": {"params": {"classification__n_estimators": 200, "classification__min_samples_split": 2, "classification__min_samples_leaf": 1, "classification__max_features": "log2", "classification__max_depth": 20, "classification__bootstrap": false}, "times": {"mean_fit_time": [1.3561303615570068, 4.315986394882202, 3.6888562202453614, 0.8136867046356201, 2.611515760421753], "std_fit_time": [0.11100834428692571, 0.4839366348457155, 0.7133072063442607, 0.15408688588356145, 0.06435713018870076], "mean_score_time": [0.00778346061706543, 0.07823200225830078, 0.07617506980895997, 0.0062770843505859375, 0.04473552703857422], "std_score_time": [0.008616001624008744, 0.06607746145665475, 0.07719609214183167, 0.005538623313226481, 0.018890642204796502]}, "score": 0.9924242424242424}, "KNeighborsClassifier": {"params": {"classification__weights": "uniform", "classification__n_neighbors": 9, "classification__metric": "manhattan", "classification__leaf_size": 23}, "times": {"mean_fit_time": [0.08362197875976562, 0.11077823638916015, 0.12851247787475586, 0.1419346809387207, 0.1008697509765625], "std_fit_time": [0.024147865891617156, 0.03601998586891464, 0.03842301197708289, 0.04875665418962234, 0.046121072027333766], "mean_score_time": [0.02638087272644043, 0.01300826072692871, 0.01345820426940918, 0.014680051803588867, 0.018954038619995117], "std_score_time": [0.02282820163972762, 0.00617482033743296, 0.010039057672459283, 0.012800038396612437, 0.00902799338619546]}, "score": 0.9484343434343433}, "ComplementNB": {"params": {"classification__alpha": 0.5}, "times": {"mean_fit_time": [0.20474109649658204, 0.2032991886138916, 0.23176350593566894, 0.209914493560791, 0.24847187995910644], "std_fit_time": [0.0560241738907153, 0.059635380450259984, 0.04391136056972292, 0.019252018057464394, 0.05498642378686529], "mean_score_time": [0.029259252548217773, 0.01691908836364746, 0.020981025695800782, 0.04779729843139648, 0.031246519088745116], "std_score_time": [0.014498779621429347, 0.00776108649985052, 0.012432799200295788, 0.02753930652566158, 0.01855845540823434]}, "score": 0.7443434343434343}}