{"[NN]NeuralNetwork": {"params": {"classification__epochs": 15, "classification__batch_size": 25}, "times": {"mean_fit_time": [57.99225454330444, 45.47745804786682, 61.490345096588136, 68.3798966884613, 67.3401707649231, 64.36982493400573, 69.98854184150696, 48.7565634727478, 71.15567049980163, 54.32627830505371], "std_fit_time": [0.5656235819701365, 0.7888524002286141, 0.759076417749342, 0.4421051163453812, 0.9801277248691539, 0.3921962170352017, 0.29182240528679504, 1.1774665217041171, 0.257378003537685, 1.2315067747070791], "mean_score_time": [1.5550113201141358, 2.359343242645264, 0.916527795791626, 0.49392199516296387, 0.5857150077819824, 0.822410774230957, 0.2548523426055908, 2.138238763809204, 0.13196349143981934, 1.4528701305389404], "std_score_time": [0.14802021871647364, 0.6161344056644874, 0.29442755650725805, 0.16109157653810632, 0.12255383952926399, 0.19318236885696793, 0.06127194292819465, 0.3035091173879099, 0.0226285376927415, 0.24106607446398848]}, "score": 0.9510373536996912}, "RandomForestClassifier": {"params": {"classification__n_estimators": 200, "classification__min_samples_split": 5, "classification__min_samples_leaf": 1, "classification__max_features": null, "classification__max_depth": 80, "classification__bootstrap": true}, "times": {"mean_fit_time": [0.18332972526550292, 0.16621036529541017, 2.039914274215698, 3.728607416152954, 0.2540614604949951], "std_fit_time": [0.016100577956680295, 0.024592248679047964, 0.21287672673748614, 0.26640361228926557, 0.03608686054252041], "mean_score_time": [0.03097672462463379, 0.02932705879211426, 0.016825103759765626, 0.03751559257507324, 0.01678929328918457], "std_score_time": [0.01520831717256439, 0.01747021070937113, 0.010342776722811923, 0.03588842713475711, 0.007497098804250232]}, "score": 0.9870562770562771}, "KNeighborsClassifier": {"params": {"classification__weights": "uniform", "classification__n_neighbors": 17, "classification__metric": "euclidean", "classification__leaf_size": 23}, "times": {"mean_fit_time": [0.09206328392028809, 0.09384856224060059, 0.11228470802307129, 0.11608614921569824, 0.12039837837219239], "std_fit_time": [0.021163224963425233, 0.01566594485787854, 0.017544315348987337, 0.02186941733832226, 0.017377867624215042], "mean_score_time": [0.01339893341064453, 0.012878751754760743, 0.008566808700561524, 0.024080610275268553, 0.01852116584777832], "std_score_time": [0.0072308813725914635, 0.003058343712195815, 0.002860517514405883, 0.009179251204884045, 0.01131514481218565]}, "score": 0.7499082663368378}, "ComplementNB": {"params": {"classification__alpha": 0.5}, "times": {"mean_fit_time": [0.32519731521606443, 0.2365039348602295, 0.5377343654632568, 0.6007785320281982, 0.6292701244354248], "std_fit_time": [0.11513119672291526, 0.0863352346412228, 0.20342727397940796, 0.19897775739411683, 0.14237684349479132], "mean_score_time": [0.010054254531860351, 0.01867852210998535, 0.0071312904357910155, 0.054749155044555665, 0.08471050262451171], "std_score_time": [0.013789233982680008, 0.0196462234404064, 0.009235314608407805, 0.019259174027211307, 0.054341375709888486]}, "score": 0.711991341991342}}