{"[NN]NeuralNetwork": {"params": {"classification__epochs": 20, "classification__batch_size": 20}, "times": {"mean_fit_time": [66.75726289749146, 45.164673280715945, 62.08438968658447, 53.49588208198547, 42.88244686126709, 64.91464238166809, 64.48663454055786, 48.39631533622742, 59.05008678436279, 56.30573325157165], "std_fit_time": [0.24224728885921148, 0.8657799738042254, 0.977916765411934, 1.0690289539940752, 1.895831753659705, 0.5486226694611575, 0.34876891031114593, 0.9311607161233061, 0.6525100717274932, 0.5400827565447942], "mean_score_time": [0.13748316764831542, 1.5926920890808105, 0.4220454692840576, 0.7177294731140137, 1.834261417388916, 0.4127050399780273, 0.4294587135314941, 1.2679550647735596, 0.706559705734253, 0.8883071899414062], "std_score_time": [0.023516531023147276, 0.31416136780228443, 0.12241814617707844, 0.26164413392816593, 0.5371915296117208, 0.12857445366642398, 0.10798845219656822, 0.3033223338477146, 0.16754337265638397, 0.16518221706475988]}, "score": 0.9665279762767801}, "RandomForestClassifier": {"params": {"classification__n_estimators": 1000, "classification__min_samples_split": 5, "classification__min_samples_leaf": 2, "classification__max_features": "log2", "classification__max_depth": 10, "classification__bootstrap": false}, "times": {"mean_fit_time": [0.49067864418029783, 6.715319681167602, 8.834654188156128, 0.5375294208526611, 5.869574642181396], "std_fit_time": [0.02702000242947578, 0.3127863040596289, 0.14349409734274007, 0.08293149396357308, 0.3502895384252455], "mean_score_time": [0.024116325378417968, 0.031400012969970706, 0.041692924499511716, 0.011861133575439452, 0.028827524185180663], "std_score_time": [0.022866888544051063, 0.019920779251166053, 0.030172072599967844, 0.013628634605664911, 0.020288754330425606]}, "score": 0.991060606060606}, "KNeighborsClassifier": {"params": {"classification__weights": "uniform", "classification__n_neighbors": 3, "classification__metric": "euclidean", "classification__leaf_size": 16}, "times": {"mean_fit_time": [0.08942885398864746, 0.09089455604553223, 0.09133586883544922, 0.06381239891052246, 0.06359286308288574], "std_fit_time": [0.028314553618607883, 0.030420386303261698, 0.02343316635312177, 0.01553266948575296, 0.00770731228624559], "mean_score_time": [0.016238927841186523, 0.014584827423095702, 0.0182645320892334, 0.012881612777709961, 0.01641836166381836], "std_score_time": [0.00836940545888035, 0.005926175151868211, 0.012443155047900794, 0.003167251182912227, 0.005506699468240465]}, "score": 0.876991341991342}, "ComplementNB": {"params": {"classification__alpha": 0.5}, "times": {"mean_fit_time": [0.18649768829345703, 0.1790083885192871, 0.204604434967041, 0.16910710334777831, 0.18152899742126466], "std_fit_time": [0.0303896852346145, 0.02766414934198887, 0.027376037870781092, 0.021232616239382655, 0.03897513997900009], "mean_score_time": [0.04184246063232422, 0.03747091293334961, 0.032639074325561526, 0.04879508018493652, 0.08114862442016602], "std_score_time": [0.017110771602455676, 0.013620903083821585, 0.018594805527289465, 0.022239543228531427, 0.04456597765800144]}, "score": 0.7441991341991342}}