{"[NN]NeuralNetwork": {"params": {"classification__epochs": 15, "classification__batch_size": 25}, "times": {"mean_fit_time": [5.232989931106568, 5.180903911590576, 5.085778331756591, 5.337005758285523, 4.337153577804566, 5.0968270778656, 4.896640586853027, 5.097172975540161, 5.184819746017456, 4.900204467773437], "std_fit_time": [0.43594262868754835, 0.5548554446834068, 0.46580089643580735, 0.6751646559050115, 0.7072788598480323, 0.9195817084119554, 0.6254707459991433, 0.9277042829939584, 0.1687344783229706, 0.3622150077669215], "mean_score_time": [0.5469912052154541, 0.7236690044403076, 0.4427676200866699, 0.5726796627044678, 0.5799160480499268, 0.5705578804016114, 0.6058873176574707, 0.6104002475738526, 0.6651508331298828, 0.5564242362976074], "std_score_time": [0.1685085533402294, 0.10722143625881958, 0.11271137088359298, 0.167912036188642, 0.09770193742788037, 0.12395785500183647, 0.08778742607279752, 0.27464254253030673, 0.056025146972502694, 0.1345362380239407]}, "score": 0.8516666666666668}, "RandomForestClassifier": {"params": {"classification__n_estimators": 300, "classification__min_samples_split": 10, "classification__min_samples_leaf": 4, "classification__max_features": "log2", "classification__max_depth": 20, "classification__bootstrap": true}, "times": {"mean_fit_time": [1.3519278526306153, 1.025728988647461, 0.9510587692260742], "std_fit_time": [0.0502676930477894, 0.06475448484262765, 0.060318693414416084], "mean_score_time": [0.0017691612243652343, 0.001922941207885742, 0.0025083541870117186], "std_score_time": [0.00012002926154662206, 0.0002178188067597762, 0.0008809733989295132]}, "score": 0.99}, "KNeighborsClassifier": {"params": {"classification__weights": "uniform", "classification__n_neighbors": 17, "classification__metric": "minkowski", "classification__leaf_size": 26}, "times": {"mean_fit_time": [0.034572935104370116, 0.0333219051361084, 0.040406417846679685], "std_fit_time": [0.00835282911653569, 0.01254835175442676, 0.010088651876236183], "mean_score_time": [0.008487606048583984, 0.009641218185424804, 0.00926508903503418], "std_score_time": [0.000812981996672163, 0.0009011090096497792, 0.0004962292115652669]}, "score": 0.9302857142857143}, "ComplementNB": {"params": {"classification__alpha": 0}, "times": {"mean_fit_time": [0.004967832565307617, 0.00562591552734375, 0.00923013687133789], "std_fit_time": [0.0009298654036921014, 0.0012428044191122919, 0.005255827184466529], "mean_score_time": [0.0014502048492431641, 0.0015349388122558594, 0.001445913314819336], "std_score_time": [0.0005065433433424163, 0.0004990740893126947, 0.00029449293032339155]}, "score": 0.7167619047619047}, "LogisticRegression": {"params": {"classification__solver": "sag", "classification__C": 0.1}, "times": {"mean_fit_time": [0.6094612598419189, 0.5948670864105224, 1.070415163040161], "std_fit_time": [0.09842772701794594, 0.0862436950824877, 0.105609811244113], "mean_score_time": [0.03428936004638672, 0.030813980102539062, 0.03939814567565918], "std_score_time": [0.004988689578447161, 0.007769365195193482, 0.011920166551433511]}, "score": 0.8394285714285713}}