{"[NN]NeuralNetwork": {"params": {"classification__epochs": 20, "classification__batch_size": 30}, "times": {"mean_fit_time": [3.5153740882873534, 2.994805383682251, 3.187030029296875, 2.68707480430603, 2.8046334266662596, 2.519079256057739, 2.738762140274048, 2.312011384963989, 2.760135221481323, 2.460312557220459], "std_fit_time": [0.5199556480517662, 0.22457296955822453, 0.4498634583878629, 0.35307752154194644, 0.5850079590547096, 0.3707792719517861, 0.24684406351212346, 0.14918304320608566, 0.5160229735364428, 0.2831128441548352], "mean_score_time": [0.26035490036010744, 0.2245039463043213, 0.2287935733795166, 0.23786492347717286, 0.17559709548950195, 0.25412139892578123, 0.26326327323913573, 0.25782065391540526, 0.18799381256103515, 0.2812474250793457], "std_score_time": [0.02909864828286211, 0.03542074890527074, 0.06914557573566545, 0.053272747025756476, 0.03758672129281517, 0.025579990515510024, 0.07029259343143208, 0.08444190471287265, 0.03986856609263854, 0.11176901458754547]}, "score": 0.9160158730158731}, "RandomForestClassifier": {"params": {"classification__n_estimators": 10, "classification__min_samples_split": 5, "classification__min_samples_leaf": 4, "classification__max_features": null, "classification__max_depth": 50, "classification__bootstrap": true}, "times": {"mean_fit_time": [0.8814568996429444, 0.059583425521850586, 0.06388335227966309], "std_fit_time": [0.05692824284743851, 0.006797020207387809, 0.00896058874974324], "mean_score_time": [0.0018725395202636719, 0.0020184993743896486, 0.0013195991516113282], "std_score_time": [0.00025389351097861217, 0.000463651192917399, 8.211841951642061e-05]}, "score": 0.9800000000000001}, "KNeighborsClassifier": {"params": {"classification__weights": "uniform", "classification__n_neighbors": 1, "classification__metric": "minkowski", "classification__leaf_size": 10}, "times": {"mean_fit_time": [0.03081674575805664, 0.036017560958862306, 0.02970442771911621], "std_fit_time": [0.004476281634323103, 0.004509671004999308, 0.0048134710809751916], "mean_score_time": [0.009992122650146484, 0.009879446029663086, 0.008331632614135743], "std_score_time": [0.00036948000359865506, 0.0012992548627363397, 0.001171148770219844]}, "score": 0.96}, "ComplementNB": {"params": {"classification__alpha": 0}, "times": {"mean_fit_time": [0.004017972946166992, 0.004839944839477539, 0.007142257690429687], "std_fit_time": [0.0004908867189659863, 0.00030046482899822165, 0.0017822953438101452], "mean_score_time": [0.0011638641357421876, 0.0013260364532470704, 0.0014347076416015626], "std_score_time": [0.00014858207592406865, 0.0001798430646188463, 0.00017936612382087527]}, "score": 0.6826666666666668}, "LogisticRegression": {"params": {"classification__solver": "lbfgs", "classification__C": 100}, "times": {"mean_fit_time": [0.1857166290283203, 0.5451464653015137, 0.28679885864257815], "std_fit_time": [0.04971437062115148, 0.03947373168099851, 0.07767293944883288], "mean_score_time": [0.0018951416015625, 0.03404755592346191, 0.002029132843017578], "std_score_time": [0.00030805121231632435, 0.005007294264801711, 0.0003192105287970852]}, "score": 0.8246666666666667}}