{"[NN]NeuralNetwork": {"params": {"classification__epochs": 15, "classification__batch_size": 20}, "times": {"mean_fit_time": [3.580192136764526, 4.568125820159912, 4.349190330505371, 4.657941722869873, 4.765096521377563, 3.625500774383545, 3.341249465942383, 3.3337659358978273, 2.875682163238525, 3.735378551483154], "std_fit_time": [0.4241923596706919, 0.5531679555700746, 0.773189260883629, 0.7557454547134532, 0.7884086041809052, 0.46691171879121257, 0.18371676509053497, 0.4453563082437764, 0.17588935584407214, 0.877096779503422], "mean_score_time": [0.29605660438537595, 0.304383659362793, 0.2795286178588867, 0.39290928840637207, 0.42359485626220705, 0.33380513191223143, 0.1812419891357422, 0.2508849620819092, 0.3559862613677979, 0.23965721130371093], "std_score_time": [0.12277022487434575, 0.06676900294711437, 0.08462958353419224, 0.039865734440024295, 0.06380448448985011, 0.12507645281504057, 0.03200308842721798, 0.09952568883260374, 0.10100314132546181, 0.10573777999704662]}, "score": 0.8637936507936509}, "RandomForestClassifier": {"params": {"classification__n_estimators": 1000, "classification__min_samples_split": 2, "classification__min_samples_leaf": 2, "classification__max_features": "sqrt", "classification__max_depth": null, "classification__bootstrap": true}, "times": {"mean_fit_time": [4.062645196914673, 4.444159412384034, 3.709546375274658], "std_fit_time": [0.3982898069449934, 0.33785034771594363, 0.2750353817021113], "mean_score_time": [0.00547337532043457, 0.0053882598876953125, 0.004348659515380859], "std_score_time": [0.0007725907905963453, 0.0009384724044427034, 0.0008838286848079387]}, "score": 0.9653333333333334}, "KNeighborsClassifier": {"params": {"classification__weights": "distance", "classification__n_neighbors": 3, "classification__metric": "manhattan", "classification__leaf_size": 16}, "times": {"mean_fit_time": [0.03375544548034668, 0.035872268676757815, 0.025102853775024414], "std_fit_time": [0.005822615563569327, 0.002561880396896379, 0.005406307389295076], "mean_score_time": [0.009405517578125, 0.009537935256958008, 0.011395502090454101], "std_score_time": [0.0009125679908845479, 0.0010383268556852048, 0.002825034596899024]}, "score": 0.25666666666666665}, "ComplementNB": {"params": {"classification__alpha": 0}, "times": {"mean_fit_time": [0.005567121505737305, 0.004404592514038086, 0.007849931716918945], "std_fit_time": [0.0007016156959929938, 0.0008389469275517644, 0.0012146993326128653], "mean_score_time": [0.001358938217163086, 0.0011713027954101563, 0.001477527618408203], "std_score_time": [0.00020661114709569494, 0.00020548037982675023, 0.00015220589804977827]}, "score": 0.7935555555555556}, "LogisticRegression": {"params": {"classification__solver": "sag", "classification__C": 0.1}, "times": {"mean_fit_time": [0.5810968399047851, 0.6837332725524903, 1.129955816268921], "std_fit_time": [0.07355892948308924, 0.06678132505596063, 0.0709274826521896], "mean_score_time": [0.030881929397583007, 0.04447040557861328, 0.04744391441345215], "std_score_time": [0.006605921418676781, 0.008578420864816864, 0.01300619615751094]}, "score": 0.7811111111111112}}