{"[NN]NeuralNetwork": {"params": {"classification__epochs": 20, "classification__batch_size": 25}, "times": {"mean_fit_time": [4.402412605285645, 3.493896722793579, 4.040302371978759, 3.421756362915039, 3.334995746612549, 3.951144218444824, 4.177932977676392, 4.233458185195923, 3.955399227142334, 3.5378146171569824], "std_fit_time": [0.3430392664314242, 0.45602138302969514, 0.720924209744315, 0.5650108517997362, 0.32148105319658205, 0.23071592717956135, 0.22086804081858388, 0.5023027740506483, 0.3885030137468017, 0.3140642520163711], "mean_score_time": [0.2679759979248047, 0.40379648208618163, 0.21613917350769044, 0.2643142223358154, 0.246329402923584, 0.2644018650054932, 0.24017572402954102, 0.22436633110046386, 0.29050889015197756, 0.2553727149963379], "std_score_time": [0.013655152706461117, 0.18588581019660438, 0.011309809752784726, 0.021962542317894008, 0.05342040279016, 0.12779927405812622, 0.041628309303144234, 0.03405050015854667, 0.07232593016992322, 0.07548424815509368]}, "score": 0.9025714285714285}, "RandomForestClassifier": {"params": {"classification__n_estimators": 200, "classification__min_samples_split": 2, "classification__min_samples_leaf": 4, "classification__max_features": "sqrt", "classification__max_depth": 100, "classification__bootstrap": false}, "times": {"mean_fit_time": [0.11158604621887207, 0.6285864353179932, 0.6259764671325684], "std_fit_time": [0.01336289851180849, 0.06282241469741041, 0.04130682036889589], "mean_score_time": [0.00160980224609375, 0.0017308235168457032, 0.0018191337585449219], "std_score_time": [0.00035520319739965224, 5.400790775873922e-05, 8.89482172963173e-05]}, "score": 0.9782857142857143}, "KNeighborsClassifier": {"params": {"classification__weights": "uniform", "classification__n_neighbors": 19, "classification__metric": "minkowski", "classification__leaf_size": 23}, "times": {"mean_fit_time": [0.029616785049438477, 0.03779182434082031, 0.02766733169555664], "std_fit_time": [0.005481585452941889, 0.011403610293587118, 0.005034108010525482], "mean_score_time": [0.008545875549316406, 0.011653995513916016, 0.010082101821899414], "std_score_time": [0.0006319586739058556, 0.0031088836983180304, 0.00039183455100225454]}, "score": 0.946952380952381}, "ComplementNB": {"params": {"classification__alpha": 0}, "times": {"mean_fit_time": [0.005084800720214844, 0.00503697395324707, 0.008681726455688477], "std_fit_time": [0.0005130789403976373, 0.0003166108101386481, 0.0024277114868913323], "mean_score_time": [0.0013465404510498047, 0.0014947414398193359, 0.0016851425170898438], "std_score_time": [0.00019046737272411738, 0.00029169129474063257, 0.0003785100202926982]}, "score": 0.7141904761904762}, "LogisticRegression": {"params": {"classification__solver": "lbfgs", "classification__C": 10}, "times": {"mean_fit_time": [0.72025146484375, 0.2703310489654541, 0.3650388717651367], "std_fit_time": [0.04501962653071377, 0.08571063144429074, 0.03839701374658059], "mean_score_time": [0.04130716323852539, 0.0027600765228271485, 0.0026332855224609373], "std_score_time": [0.002342057063896942, 0.0004939862565007142, 0.0007861821523059615]}, "score": 0.8685714285714287}}