{"[NN]NeuralNetwork": {"params": {"classification__epochs": 20, "classification__batch_size": 20}, "times": {"mean_fit_time": [70.94119129180908, 63.299187898635864, 69.77531456947327, 57.636827278137204, 49.60062212944031, 61.6757248878479, 68.66908650398254, 44.72886819839478, 71.87166829109192, 65.8527898311615], "std_fit_time": [0.2593405107895317, 1.1869968089105827, 0.3701511306362749, 1.465322620658564, 0.8871253941012855, 1.2206314507823666, 1.0255393845769087, 1.2194143891551932, 0.19711407335197226, 0.4805728736047312], "mean_score_time": [0.28544225692749026, 0.8780344963073731, 0.5139963626861572, 1.2239424228668212, 1.3444579601287843, 1.3840671539306642, 0.4515275478363037, 2.0779991149902344, 0.19438161849975585, 0.856843376159668], "std_score_time": [0.05073599411999493, 0.31880222898465504, 0.13587466681898497, 0.3091057139180066, 0.32828750832027515, 0.18596528886470848, 0.034078156806254846, 0.1713521912007834, 0.062205487780798104, 0.09858887574905566]}, "score": 0.9719565787747605}, "RandomForestClassifier": {"params": {"classification__n_estimators": 50, "classification__min_samples_split": 5, "classification__min_samples_leaf": 2, "classification__max_features": "log2", "classification__max_depth": 30, "classification__bootstrap": true}, "times": {"mean_fit_time": [9.58398995399475, 1.18050537109375, 0.13738045692443848, 0.46472797393798826, 1.818372917175293], "std_fit_time": [0.6446275777538941, 0.08098526031102038, 0.02691220252340802, 0.040077405997470644, 0.09385641130665906], "mean_score_time": [0.01938180923461914, 0.05282912254333496, 0.014362764358520509, 0.038490915298461915, 0.030783319473266603], "std_score_time": [0.010664603685687809, 0.04779577048063784, 0.0101076647121946, 0.029147870563571567, 0.029013962290369604]}, "score": 0.9969696969696968}, "KNeighborsClassifier": {"params": {"classification__weights": "uniform", "classification__n_neighbors": 17, "classification__metric": "euclidean", "classification__leaf_size": 20}, "times": {"mean_fit_time": [0.1569441795349121, 0.1824162483215332, 0.18545174598693848, 0.21101536750793456, 0.20869545936584472], "std_fit_time": [0.06543589632148072, 0.03259453330411766, 0.04124828907007429, 0.03972540455386276, 0.03156647138344566], "mean_score_time": [0.024110937118530275, 0.03055086135864258, 0.04796047210693359, 0.021687889099121095, 0.02323760986328125], "std_score_time": [0.022529144971367637, 0.012689190563258028, 0.021824765008050518, 0.007741693451796404, 0.012923208360094654]}, "score": 0.7654545454545454}, "ComplementNB": {"params": {"classification__alpha": 0.5}, "times": {"mean_fit_time": [0.4030643939971924, 0.4897946834564209, 0.6123479843139649, 0.5214938163757324, 0.730772590637207], "std_fit_time": [0.18912664187149084, 0.28016025710561193, 0.21009362996998385, 0.16515538597277737, 0.3704886666112428], "mean_score_time": [0.012924432754516602, 0.005142974853515625, 0.003083467483520508, 0.30901432037353516, 0.40304741859436033], "std_score_time": [0.018739636594600904, 0.004620539847772158, 0.0004644214001955966, 0.1577674341399629, 0.15926607963236092]}, "score": 0.7154545454545456}}