{"[NN]NeuralNetwork": {"params": {"classification__epochs": 20, "classification__batch_size": 20}, "times": {"mean_fit_time": [69.67728757858276, 61.518522357940675, 48.395790338516235, 56.73661155700684, 43.88707518577576, 66.99016656875611, 53.06717872619629, 60.55926432609558, 68.00091800689697, 64.06630535125733], "std_fit_time": [0.2149923119318636, 0.9300481843369511, 0.9458079927204469, 0.7963870437013477, 0.8335126374728673, 0.6218713480818558, 1.171083587282419, 0.8246103185215058, 0.33000268636247587, 0.47333830550967276], "mean_score_time": [0.20031142234802246, 0.9392637252807617, 1.289668607711792, 1.5021081447601319, 1.9044878959655762, 0.3132599353790283, 1.1839584827423095, 0.6926827907562256, 0.3425564765930176, 0.9276649951934814], "std_score_time": [0.027890305119862947, 0.3574981430299414, 0.35769096540833617, 0.2351047048598942, 0.11191601513930383, 0.036934802365763214, 0.3669737393200697, 0.15761383182804228, 0.06249055670796377, 0.061451480738335076]}, "score": 0.9611570247933884}, "RandomForestClassifier": {"params": {"classification__n_estimators": 200, "classification__min_samples_split": 2, "classification__min_samples_leaf": 1, "classification__max_features": "log2", "classification__max_depth": 20, "classification__bootstrap": false}, "times": {"mean_fit_time": [0.6904894351959229, 3.001610040664673, 2.7299729347229005, 1.356770133972168, 2.4121893882751464], "std_fit_time": [0.06602602013424724, 0.494511781909495, 0.36707032596328315, 0.04059673375642184, 0.17945786624012486], "mean_score_time": [0.010343122482299804, 0.03963837623596191, 0.07084603309631347, 0.0465883731842041, 0.015294313430786133], "std_score_time": [0.008330937586398275, 0.02018436862628397, 0.04122412340722091, 0.028847899665030968, 0.01025442815986702]}, "score": 0.9924242424242424}, "KNeighborsClassifier": {"params": {"classification__weights": "uniform", "classification__n_neighbors": 9, "classification__metric": "manhattan", "classification__leaf_size": 23}, "times": {"mean_fit_time": [0.1845231533050537, 0.1438065528869629, 0.16004104614257814, 0.16649513244628905, 0.11323909759521485], "std_fit_time": [0.016297213746673197, 0.05850541814196758, 0.07481245965532408, 0.04875736443061671, 0.055826947952478854], "mean_score_time": [0.02010650634765625, 0.015337514877319335, 0.027268695831298827, 0.040842199325561525, 0.023515081405639647], "std_score_time": [0.013180204192093604, 0.005081515471396185, 0.030447124462854584, 0.03326982386438011, 0.007811025205507267]}, "score": 0.9484343434343433}, "ComplementNB": {"params": {"classification__alpha": 0.5}, "times": {"mean_fit_time": [0.26918692588806153, 0.20426716804504394, 0.27717132568359376, 0.23419709205627443, 0.23673763275146484], "std_fit_time": [0.10369171815603337, 0.06290737565484017, 0.06234218660865595, 0.04507772907135974, 0.04756783112009392], "mean_score_time": [0.012451505661010743, 0.014250230789184571, 0.006482505798339843, 0.06735539436340332, 0.04367032051086426], "std_score_time": [0.011960331041197973, 0.014059534183167183, 0.0028519749126943127, 0.013935758950762699, 0.01902543576300364]}, "score": 0.7443434343434343}}