{"[NN]NeuralNetwork": {"params": {"classification__epochs": 15, "classification__batch_size": 25}, "times": {"mean_fit_time": [4.51534070968628, 3.6553547382354736, 3.3962716579437258, 2.82081561088562, 3.4191739082336428, 4.474067974090576, 3.9602981567382813, 3.4225555419921876, 2.9368074417114256, 3.022177505493164], "std_fit_time": [1.1789207870494178, 0.485472808257127, 0.45567457530588135, 0.37785164445436015, 0.30219394755604634, 0.5828965403692972, 0.42077382583848627, 0.47243342101938, 0.1814174714726252, 0.7943449693349618], "mean_score_time": [0.3042014122009277, 0.28931503295898436, 0.297076416015625, 0.29842658042907716, 0.3127433776855469, 0.25462985038757324, 0.28150577545166017, 0.38140172958374025, 0.3240825653076172, 0.39670491218566895], "std_score_time": [0.11037689607295596, 0.024362694419006604, 0.05216692525998902, 0.06642782349683833, 0.1109853793527684, 0.07632437761747592, 0.08664519395504303, 0.13882592805647026, 0.09849400495177033, 0.2017017530709094]}, "score": 0.8516666666666668}, "RandomForestClassifier": {"params": {"classification__n_estimators": 300, "classification__min_samples_split": 10, "classification__min_samples_leaf": 4, "classification__max_features": "log2", "classification__max_depth": 20, "classification__bootstrap": true}, "times": {"mean_fit_time": [1.3536405563354492, 1.0459062099456786, 0.9138004779815674], "std_fit_time": [0.13061397358836846, 0.20981058570941424, 0.043808887321006205], "mean_score_time": [0.0018338680267333985, 0.0018660545349121094, 0.0016087532043457032], "std_score_time": [6.811588345367082e-05, 0.0002564276842811871, 0.00015266071012509503]}, "score": 0.99}, "KNeighborsClassifier": {"params": {"classification__weights": "uniform", "classification__n_neighbors": 17, "classification__metric": "minkowski", "classification__leaf_size": 26}, "times": {"mean_fit_time": [0.04082708358764649, 0.04302964210510254, 0.02934107780456543], "std_fit_time": [0.013182985869847182, 0.013502202985367355, 0.0048206048631865795], "mean_score_time": [0.009008169174194336, 0.008773231506347656, 0.009102439880371094], "std_score_time": [0.001518264330439398, 0.0015590576720432984, 0.0005604171107019948]}, "score": 0.9302857142857143}, "ComplementNB": {"params": {"classification__alpha": 0}, "times": {"mean_fit_time": [0.0043049812316894535, 0.005454111099243164, 0.008249473571777344], "std_fit_time": [0.0004386214171288373, 0.001098038772328132, 0.0021222742115380145], "mean_score_time": [0.0014435291290283204, 0.001424551010131836, 0.00138092041015625], "std_score_time": [0.0004418164686148827, 0.00044775610910582783, 0.00012669967979425846]}, "score": 0.7167619047619047}, "LogisticRegression": {"params": {"classification__solver": "sag", "classification__C": 0.1}, "times": {"mean_fit_time": [0.5939697742462158, 0.6196337699890136, 1.1305893898010253], "std_fit_time": [0.07218332079458033, 0.1051107552611742, 0.07307940075082926], "mean_score_time": [0.036748313903808595, 0.034074020385742185, 0.048499536514282224], "std_score_time": [0.007611861602734734, 0.005945136056381491, 0.01232351427937424]}, "score": 0.8394285714285713}}