{"[NN]NeuralNetwork": {"params": {"classification__epochs": 20, "classification__batch_size": 20}, "times": {"mean_fit_time": [71.32229800224304, 66.05193166732788, 70.90216994285583, 56.92412710189819, 68.64206590652466, 44.463786888122556, 62.88086938858032, 72.14622988700867, 61.45894274711609, 48.7017388343811], "std_fit_time": [2.570691971973291, 0.7842614454276577, 0.616411957629315, 0.9814892121280563, 0.35014450209169246, 1.1703249467032864, 1.3910791586304005, 0.1923314845345711, 1.3205380995536142, 1.236536259916627], "mean_score_time": [0.36225037574768065, 0.7856521606445312, 0.2757882595062256, 1.1796388149261474, 0.5922551155090332, 1.3093726634979248, 1.1471080780029297, 0.1491398334503174, 1.1723108291625977, 1.5950815677642822], "std_score_time": [0.15626390601105108, 0.11468915759897036, 0.11144388600535679, 0.2347170003322285, 0.13473285211925617, 0.25691477008329694, 0.30750215679520626, 0.032921729407403705, 0.22853054947310314, 0.3881626171485975]}, "score": 0.9672527472527473}, "RandomForestClassifier": {"params": {"classification__n_estimators": 1000, "classification__min_samples_split": 5, "classification__min_samples_leaf": 1, "classification__max_features": "log2", "classification__max_depth": null, "classification__bootstrap": false}, "times": {"mean_fit_time": [0.5002570152282715, 4.716785049438476, 0.0881432056427002, 0.08579354286193848, 4.4058164119720455], "std_fit_time": [0.06897102007715127, 0.19131795556595607, 0.017400289817730938, 0.01890756703607753, 0.09317248159711176], "mean_score_time": [0.007063055038452148, 0.062332534790039064, 0.008119440078735352, 0.004714584350585938, 0.03224825859069824], "std_score_time": [0.007607344429179941, 0.045084168591874474, 0.0034567450062059973, 0.0021226757340801327, 0.020736818701050628]}, "score": 0.9936363636363638}, "KNeighborsClassifier": {"params": {"classification__weights": "distance", "classification__n_neighbors": 5, "classification__metric": "manhattan", "classification__leaf_size": 23}, "times": {"mean_fit_time": [0.10195269584655761, 0.12856407165527345, 0.1263789176940918, 0.07925419807434082, 0.15682511329650878], "std_fit_time": [0.03280675054604461, 0.04357080254242041, 0.02311963773530701, 0.040526223676454136, 0.025090695565414572], "mean_score_time": [0.01732659339904785, 0.021091365814208986, 0.026621103286743164, 0.04226670265197754, 0.021554183959960938], "std_score_time": [0.007138855371306898, 0.01616313035858353, 0.01761694147510831, 0.023244243482184436, 0.013026694529360663]}, "score": 0.1810714285714286}, "ComplementNB": {"params": {"classification__alpha": 1.0}, "times": {"mean_fit_time": [0.18350591659545898, 0.16749253273010253, 0.19515609741210938, 0.22908635139465333, 0.23981308937072754], "std_fit_time": [0.03437095845974776, 0.023035949525847792, 0.052551639102328615, 0.05313591263179133, 0.036429786545941076], "mean_score_time": [0.044298410415649414, 0.04584097862243652, 0.022789430618286134, 0.05029993057250977, 0.03942165374755859], "std_score_time": [0.0178702638277837, 0.024399264304837378, 0.014918595175029536, 0.02769532549944079, 0.018658425975280238]}, "score": 0.7579112554112554}}