{"[NN]NeuralNetwork": {"params": {"classification__epochs": 20, "classification__batch_size": 20}, "times": {"mean_fit_time": [70.34327254295349, 62.05130639076233, 49.44782152175903, 58.03719816207886, 44.9501275062561, 68.00300769805908, 55.31162004470825, 60.840778017044066, 68.82311429977418, 65.28536429405213], "std_fit_time": [0.28385776875039165, 1.1120504353087663, 1.5573566388932076, 0.8583445047142345, 1.2770326709459086, 0.5126123173773374, 0.946507060895015, 0.7163871292615691, 0.35410150907988147, 0.6686770580127697], "mean_score_time": [0.14031381607055665, 1.0155974864959716, 1.5891697406768799, 1.668083620071411, 1.9496352195739746, 0.34609270095825195, 1.438777494430542, 1.3038365364074707, 0.39197025299072263, 0.5801261901855469], "std_score_time": [0.017731381231912393, 0.32511998980960854, 0.5953487093048828, 0.10136472574036211, 0.2515436758367223, 0.05699138618883922, 0.486935788227618, 0.2267485568460986, 0.12474060655074003, 0.16844938935456905]}, "score": 0.9649563820018365}, "RandomForestClassifier": {"params": {"classification__n_estimators": 200, "classification__min_samples_split": 2, "classification__min_samples_leaf": 1, "classification__max_features": "log2", "classification__max_depth": 20, "classification__bootstrap": false}, "times": {"mean_fit_time": [0.9713253498077392, 3.3347996711730956, 3.1867156505584715, 0.8324230670928955, 2.4749619007110595], "std_fit_time": [0.18068632293038867, 0.432489834840975, 0.4344989252042718, 0.054574384637359696, 0.17739517994626955], "mean_score_time": [0.010529184341430664, 0.047780179977416994, 0.03394584655761719, 0.04410662651062012, 0.04080915451049805], "std_score_time": [0.01205942382697632, 0.04975994159058254, 0.016590501754151298, 0.031318414207223436, 0.02644255236351671]}, "score": 0.9924242424242424}, "KNeighborsClassifier": {"params": {"classification__weights": "uniform", "classification__n_neighbors": 9, "classification__metric": "manhattan", "classification__leaf_size": 23}, "times": {"mean_fit_time": [0.09933099746704102, 0.12021102905273437, 0.17748446464538575, 0.2090987205505371, 0.2011265277862549], "std_fit_time": [0.012243498154759315, 0.041435779775146696, 0.05589203641712466, 0.10565844405068374, 0.08051201907970838], "mean_score_time": [0.03990755081176758, 0.01936793327331543, 0.04086380004882813, 0.07737207412719727, 0.06515507698059082], "std_score_time": [0.017271654896859938, 0.008560041406133246, 0.030478168199390938, 0.036396727335865645, 0.02420789747355205]}, "score": 0.9484343434343433}, "ComplementNB": {"params": {"classification__alpha": 0.5}, "times": {"mean_fit_time": [0.4117415904998779, 0.4840493679046631, 0.5172558784484863, 0.5243141174316406, 0.6283209323883057], "std_fit_time": [0.2519789362772453, 0.31936494399052484, 0.2124713524202431, 0.20944318922663807, 0.23414503537788167], "mean_score_time": [0.00848979949951172, 0.01978902816772461, 0.0029868125915527345, 0.10387940406799316, 0.1004148006439209], "std_score_time": [0.01162001500045089, 0.022836265621144138, 0.0003261945239563503, 0.03544663269159744, 0.04208653391632599]}, "score": 0.7443434343434343}}