{"[NN]NeuralNetwork": {"params": {"classification__epochs": 20, "classification__batch_size": 25}, "times": {"mean_fit_time": [68.05699787139892, 70.54796390533447, 44.46207203865051, 49.26281590461731, 59.805380249023436, 64.47090373039245, 48.70755987167358, 70.0554208278656, 68.28753786087036, 53.45306372642517], "std_fit_time": [0.4284592713131133, 0.19508503617645043, 1.2545705175297612, 23.10829059944676, 0.9310015029811601, 0.935183968113063, 0.8793235997901288, 2.033130612717628, 2.6128722116719785, 1.5122828509864827], "mean_score_time": [0.3785587787628174, 0.2306157112121582, 1.6175060749053956, 1.1537904262542724, 1.3669011116027832, 0.7352503299713135, 1.2701461791992188, 0.31009478569030763, 0.40264477729797366, 0.9599481582641601], "std_score_time": [0.07355527578641805, 0.08780465360115197, 0.15998356570630648, 0.5814429212607098, 0.25036739757007853, 0.17826822561570466, 0.2676858239555292, 0.13029351567490483, 0.22117412644193768, 0.380360733147578]}, "score": 0.966926406926407}, "RandomForestClassifier": {"params": {"classification__n_estimators": 200, "classification__min_samples_split": 10, "classification__min_samples_leaf": 1, "classification__max_features": "sqrt", "classification__max_depth": 20, "classification__bootstrap": true}, "times": {"mean_fit_time": [1.0905349731445313, 1.5432926654815673, 0.28396081924438477, 0.21707043647766114, 0.9342392921447754], "std_fit_time": [0.08799083031984078, 0.14897485467275573, 0.035216950092555856, 0.026326429083804836, 0.07329765886743796], "mean_score_time": [0.04171266555786133, 0.024518442153930665, 0.0050868988037109375, 0.012704706192016602, 0.017330646514892578], "std_score_time": [0.03877235569629492, 0.018662411620730214, 0.003968560570873173, 0.007172313082297836, 0.01548827430663632]}, "score": 0.9893939393939395}, "KNeighborsClassifier": {"params": {"classification__weights": "uniform", "classification__n_neighbors": 13, "classification__metric": "euclidean", "classification__leaf_size": 13}, "times": {"mean_fit_time": [0.18251237869262696, 0.19578051567077637, 0.2699573040008545, 0.2117405891418457, 0.30805058479309083], "std_fit_time": [0.11870355679164044, 0.11998193130128501, 0.12272873058840383, 0.14732934556118057, 0.09720301140618397], "mean_score_time": [0.11524953842163085, 0.09373054504394532, 0.07625384330749511, 0.10669703483581543, 0.07355246543884278], "std_score_time": [0.08747530936025091, 0.0857574548042954, 0.06885649356868936, 0.10676570974791251, 0.03598833440238514]}, "score": 0.7775757575757576}, "ComplementNB": {"params": {"classification__alpha": 0}, "times": {"mean_fit_time": [0.3632150650024414, 0.3607826232910156, 0.358875036239624, 0.2039254665374756, 0.16331357955932618], "std_fit_time": [0.059931375238988296, 0.03834071549434229, 0.026793644603834817, 0.03701946619408012, 0.03759073178792377], "mean_score_time": [0.013941621780395508, 0.005550909042358399, 0.010117387771606446, 0.03721017837524414, 0.0561769962310791], "std_score_time": [0.002844586279618317, 0.00561303665208543, 0.011738901781678428, 0.009943112524511369, 0.029313058350266215]}, "score": 0.7057575757575758}}