{"[NN]NeuralNetwork": {"params": {"classification__epochs": 20, "classification__batch_size": 20}, "times": {"mean_fit_time": [3.813144493103027, 3.3713841915130613, 3.6054741859436037, 3.459372138977051, 2.9478099822998045, 3.56085319519043, 3.1925727844238283, 3.3115883350372313, 3.2154186725616456, 3.2614644527435304], "std_fit_time": [0.22690420623030969, 0.17973951708921762, 0.7465296277620813, 0.5204878503094114, 0.3179592296628064, 0.6040963863335183, 0.24245398512760888, 0.2855485732478494, 0.271262381173224, 0.2606042673366343], "mean_score_time": [0.22620820999145508, 0.25270929336547854, 0.2902827739715576, 0.21568694114685058, 0.3191228866577148, 0.29508090019226074, 0.1739032745361328, 0.3295248031616211, 0.2233433723449707, 0.2613804817199707], "std_score_time": [0.01572105977836542, 0.05646279010878769, 0.10825533178675557, 0.0679215763353431, 0.07065514286614505, 0.068566344144525, 0.05456732586969347, 0.10010739802548226, 0.045405146889280316, 0.04446628389104344]}, "score": 0.8972380952380952}, "RandomForestClassifier": {"params": {"classification__n_estimators": 400, "classification__min_samples_split": 5, "classification__min_samples_leaf": 2, "classification__max_features": "log2", "classification__max_depth": 40, "classification__bootstrap": true}, "times": {"mean_fit_time": [1.8373213768005372, 1.6316998481750489, 1.1961258888244628], "std_fit_time": [0.39226660442545963, 0.3129209350434772, 0.08512371233059476], "mean_score_time": [0.0026211261749267576, 0.0025685310363769533, 0.0036353111267089845], "std_score_time": [0.0008500211101434165, 0.0007476841521425044, 0.001734613290677216]}, "score": 0.9686666666666668}, "KNeighborsClassifier": {"params": {"classification__weights": "uniform", "classification__n_neighbors": 15, "classification__metric": "minkowski", "classification__leaf_size": 26}, "times": {"mean_fit_time": [0.023728418350219726, 0.02471914291381836, 0.03180098533630371], "std_fit_time": [0.0035733792357902075, 0.0035681044830664943, 0.009244314500686532], "mean_score_time": [0.010132837295532226, 0.009595823287963868, 0.00861515998840332], "std_score_time": [0.0015932522612636302, 0.0009216695177026227, 0.0006515480769843357]}, "score": 0.9206666666666667}, "ComplementNB": {"params": {"classification__alpha": 0}, "times": {"mean_fit_time": [0.004142284393310547, 0.004883623123168946, 0.0072934627532958984], "std_fit_time": [0.0002401316610687116, 0.000264371077609489, 0.0010835448591268134], "mean_score_time": [0.0014420032501220703, 0.0015330314636230469, 0.0014863014221191406], "std_score_time": [0.0002405084284129947, 0.0003220133263434507, 0.00019213378021782428]}, "score": 0.7186666666666666}, "LogisticRegression": {"params": {"classification__solver": "lbfgs", "classification__C": 0.01}, "times": {"mean_fit_time": [0.7194233894348144, 0.42558927536010743, 0.3524456024169922], "std_fit_time": [0.04131267114072903, 0.027456325737426245, 0.012671442815792147], "mean_score_time": [0.040804719924926756, 0.0020233154296875, 0.0021883487701416016], "std_score_time": [0.009718909293311935, 0.0006477052836801111, 0.00031407608355197116]}, "score": 0.8933333333333335}}