{"[NN]NeuralNetwork": {"params": {"classification__epochs": 20, "classification__batch_size": 20}, "times": {"mean_fit_time": [4.373361492156983, 4.182387924194336, 3.813238763809204, 4.596984148025513, 4.362621450424195, 4.442802762985229, 4.304170799255371, 4.226194190979004, 3.4920727729797365, 4.003473377227783], "std_fit_time": [0.739351092524789, 0.3011534256463046, 0.5523427484051169, 0.6651745982805605, 0.3423010464219161, 0.7889393061634211, 0.39837247973111745, 0.19136523177508102, 0.2514660527379512, 0.7564125977548173], "mean_score_time": [0.26584415435791015, 0.2768002986907959, 0.25311908721923826, 0.2046842098236084, 0.18663673400878905, 0.20235280990600585, 0.21943016052246095, 0.22093501091003417, 0.39983630180358887, 0.24037389755249022], "std_score_time": [0.06264547342907291, 0.04395575035259504, 0.04680800429768939, 0.05389683011234792, 0.06474665374404626, 0.06005452620542199, 0.0334844243136849, 0.02770790131148536, 0.1377120046703636, 0.03660135886710188]}, "score": 0.8649494949494949}, "RandomForestClassifier": {"params": {"classification__n_estimators": 10, "classification__min_samples_split": 2, "classification__min_samples_leaf": 4, "classification__max_features": "sqrt", "classification__max_depth": 10, "classification__bootstrap": true}, "times": {"mean_fit_time": [0.8740295886993408, 0.046193170547485354, 0.05517892837524414], "std_fit_time": [0.04312206931746286, 0.003507072059133476, 0.01843681074861556], "mean_score_time": [0.00189208984375, 0.0016536235809326172, 0.0014304637908935547], "std_score_time": [0.0003064443255377113, 0.00034130698086070303, 0.0002385594619310844]}, "score": 0.9876190476190476}, "KNeighborsClassifier": {"params": {"classification__weights": "uniform", "classification__n_neighbors": 9, "classification__metric": "minkowski", "classification__leaf_size": 10}, "times": {"mean_fit_time": [0.030377674102783202, 0.03264942169189453, 0.027607822418212892], "std_fit_time": [0.005591585772686579, 0.012362846700358959, 0.006720218286906397], "mean_score_time": [0.008364200592041016, 0.008627223968505859, 0.016346454620361328], "std_score_time": [0.0004097278602643946, 0.000379988608347253, 0.003615313439182524]}, "score": 0.980952380952381}, "ComplementNB": {"params": {"classification__alpha": 0}, "times": {"mean_fit_time": [0.03152565956115723, 0.004723310470581055, 0.006945180892944336], "std_fit_time": [0.014072402828937942, 0.0007380744096766879, 0.0006017970843105277], "mean_score_time": [0.0014114856719970703, 0.0026534080505371095, 0.0014226436614990234], "std_score_time": [0.000270927921424271, 0.0029011966003928617, 0.0001868590308465897]}, "score": 0.7086666666666667}, "LogisticRegression": {"params": {"classification__solver": "saga", "classification__C": 10}, "times": {"mean_fit_time": [0.9820881366729737, 0.7395199298858642, 1.4131360054016113], "std_fit_time": [0.19314267437354957, 0.06066052661693533, 0.060251136479304225], "mean_score_time": [0.03480949401855469, 0.03220610618591309, 0.04144396781921387], "std_score_time": [0.007923477879729355, 0.006985571203814873, 0.004949669571881443]}, "score": 0.7838095238095237}}