{"[NN]NeuralNetwork": {"params": {"classification__epochs": 20, "classification__batch_size": 20}, "times": {"mean_fit_time": [57.001904010772705, 53.93123817443848, 68.83958096504212, 67.68779411315919, 44.323838520050046, 60.63844738006592, 46.68663287162781, 65.79010424613952, 64.29392719268799, 61.59842615127563], "std_fit_time": [1.2653195216282582, 0.8999215010880296, 0.17411593152989607, 0.29081084839775695, 1.0829903737012812, 0.7477368318150741, 0.840495311541839, 0.6469104620129493, 0.485324809584898, 0.7167553628308032], "mean_score_time": [1.474318027496338, 1.3723310947418212, 0.1713505744934082, 0.19509048461914064, 1.5021194458007812, 1.0477536201477051, 2.3190237045288087, 0.2955948829650879, 0.5195089817047119, 0.8053959369659424], "std_score_time": [0.39965335281291386, 0.2723182264226149, 0.04332630483124667, 0.021466612115608682, 0.4387040344979824, 0.037742677260253696, 0.25681043543422916, 0.11386972341470905, 0.11709200228282514, 0.22166581744222003]}, "score": 0.9695625081988719}, "RandomForestClassifier": {"params": {"classification__n_estimators": 100, "classification__min_samples_split": 2, "classification__min_samples_leaf": 1, "classification__max_features": "log2", "classification__max_depth": 10, "classification__bootstrap": true}, "times": {"mean_fit_time": [0.4399228096008301, 0.4638660907745361, 5.818996238708496, 0.3907062530517578, 0.401293420791626], "std_fit_time": [0.03911462609782918, 0.060897206839471245, 0.258176477288443, 0.07005795745112742, 0.04521107104246161], "mean_score_time": [0.02842288017272949, 0.0184323787689209, 0.0324305534362793, 0.03934326171875, 0.03860063552856445], "std_score_time": [0.014170055548600548, 0.010440197572431316, 0.02601980938450255, 0.038452958398911684, 0.022754276518559234]}, "score": 0.9943939393939394}, "KNeighborsClassifier": {"params": {"classification__weights": "uniform", "classification__n_neighbors": 19, "classification__metric": "manhattan", "classification__leaf_size": 26}, "times": {"mean_fit_time": [0.10290508270263672, 0.09997673034667968, 0.14598007202148439, 0.10940546989440918, 0.10122294425964355], "std_fit_time": [0.035677884282264094, 0.04268534562877194, 0.030444039248871325, 0.046949694452122985, 0.04628940311794395], "mean_score_time": [0.014446306228637695, 0.023030710220336915, 0.012217426300048828, 0.029854965209960938, 0.018666172027587892], "std_score_time": [0.007486766541117717, 0.01220716796869218, 0.009723567881037126, 0.014365545945822728, 0.00492340178051278]}, "score": 0.923008658008658}, "ComplementNB": {"params": {"classification__alpha": 1.0}, "times": {"mean_fit_time": [0.19080910682678223, 0.17187609672546386, 0.18030319213867188, 0.21386852264404296, 0.1925734043121338], "std_fit_time": [0.03892950608930218, 0.036160405279894524, 0.0496499681037702, 0.03367796380631662, 0.01898038540034474], "mean_score_time": [0.039158964157104494, 0.033809661865234375, 0.03539762496948242, 0.029148435592651366, 0.02440814971923828], "std_score_time": [0.009061954806965549, 0.01632523158578694, 0.012387822484051252, 0.014359555324180269, 0.006506897499493885]}, "score": 0.7554978354978353}}