{"[NN]NeuralNetwork": {"params": {"classification__epochs": 20, "classification__batch_size": 30}, "times": {"mean_fit_time": [4.018199729919433, 4.174168300628662, 3.8122397899627685, 3.5570598602294923, 3.8762670040130613, 4.6007486343383786, 3.614571237564087, 4.006868696212768, 4.39928092956543, 4.032164001464844], "std_fit_time": [0.7765508103015183, 0.588670264872812, 0.5400997209216785, 0.5448423678409658, 0.5849378950749249, 0.17337674329849775, 0.44215125127953836, 0.3326212788404023, 0.23804413531135854, 0.2785011572101954], "mean_score_time": [0.27904510498046875, 0.35625882148742677, 0.24557271003723144, 0.3007076263427734, 0.2995102882385254, 0.21573781967163086, 0.2985128879547119, 0.2664756774902344, 0.20228300094604493, 0.22511448860168456], "std_score_time": [0.10629941136069714, 0.07071040362390885, 0.03719287156373705, 0.06206977359557765, 0.06358445987315352, 0.0224026130871821, 0.01347065703332753, 0.021498861514317263, 0.04746942864702858, 0.06318191419537217]}, "score": 0.9059523809523811}, "RandomForestClassifier": {"params": {"classification__n_estimators": 400, "classification__min_samples_split": 5, "classification__min_samples_leaf": 1, "classification__max_features": null, "classification__max_depth": 70, "classification__bootstrap": false}, "times": {"mean_fit_time": [1.9740536212921143, 1.2789955615997315, 1.7346728801727296], "std_fit_time": [0.0671206059941564, 0.10151186677636839, 0.06538737926568794], "mean_score_time": [0.005132436752319336, 0.002022838592529297, 0.002110147476196289], "std_score_time": [0.001731643511943622, 0.0004896684542025834, 0.00047911563580433644]}, "score": 0.9742857142857144}, "KNeighborsClassifier": {"params": {"classification__weights": "uniform", "classification__n_neighbors": 17, "classification__metric": "manhattan", "classification__leaf_size": 33}, "times": {"mean_fit_time": [0.03379092216491699, 0.03459410667419434, 0.030995988845825197], "std_fit_time": [0.006440113644827888, 0.0039060573174127954, 0.005250010158129913], "mean_score_time": [0.010023832321166992, 0.009866952896118164, 0.009245681762695312], "std_score_time": [0.000732766771198168, 0.0006438506508143371, 0.00030015311755930604]}, "score": 0.9472380952380952}, "ComplementNB": {"params": {"classification__alpha": 0.5}, "times": {"mean_fit_time": [0.0060348987579345705, 0.0050504207611083984, 0.008160591125488281], "std_fit_time": [0.0008908602828145795, 0.0011655306087446618, 0.0029437864260424217], "mean_score_time": [0.0015017032623291016, 0.001258993148803711, 0.0015401363372802735], "std_score_time": [0.00023725011602443433, 0.00016969847305834014, 0.00027519913725091523]}, "score": 0.7105714285714286}, "LogisticRegression": {"params": {"classification__solver": "saga", "classification__C": 0.1}, "times": {"mean_fit_time": [0.7969037532806397, 0.8065564155578613, 1.308884620666504], "std_fit_time": [0.0633867712011016, 0.06126655621266631, 0.06859316120343058], "mean_score_time": [0.03930230140686035, 0.04239435195922851, 0.03987164497375488], "std_score_time": [0.011512642679971046, 0.013001617565674512, 0.01536961488379338]}, "score": 0.7825714285714286}}