{"[NN]NeuralNetwork": {"params": {"classification__epochs": 20, "classification__batch_size": 30}, "times": {"mean_fit_time": [4.595047330856323, 4.647693157196045, 5.401017904281616, 4.858514070510864, 4.921288633346558, 6.113397455215454, 5.414869880676269, 4.2220560073852536, 5.407838678359985, 4.8798473358154295], "std_fit_time": [0.5298647251200149, 0.4814431111058604, 0.5633530858975162, 0.7597864295131979, 0.5052421181691202, 1.1526043125073762, 0.290382605554718, 0.8375537614265837, 0.7889245245728155, 0.5587017432659165], "mean_score_time": [0.6410478591918946, 0.6792171955108642, 0.5692811489105225, 0.6523674011230469, 0.6079833030700683, 0.5471806049346923, 0.6098767280578613, 0.5887530326843262, 0.6643588542938232, 0.4680160999298096], "std_score_time": [0.05911610370933851, 0.07421272551802566, 0.04980648094353108, 0.1908122272473131, 0.13280991793154584, 0.0780716887966564, 0.09948967739505468, 0.1585667333094249, 0.08227688731972221, 0.10917036746546976]}, "score": 0.9059523809523811}, "RandomForestClassifier": {"params": {"classification__n_estimators": 400, "classification__min_samples_split": 5, "classification__min_samples_leaf": 1, "classification__max_features": null, "classification__max_depth": 70, "classification__bootstrap": false}, "times": {"mean_fit_time": [2.0271512508392333, 1.2637729167938232, 2.05041708946228], "std_fit_time": [0.07045908532713227, 0.15760123486231595, 0.14596156058592866], "mean_score_time": [0.005528736114501953, 0.003403472900390625, 0.004134082794189453], "std_score_time": [0.0020624975911398094, 0.0015951906093335667, 0.0007195269624132989]}, "score": 0.9742857142857144}, "KNeighborsClassifier": {"params": {"classification__weights": "uniform", "classification__n_neighbors": 17, "classification__metric": "manhattan", "classification__leaf_size": 33}, "times": {"mean_fit_time": [0.03180794715881348, 0.024596452713012695, 0.03242201805114746], "std_fit_time": [0.018435247293745582, 0.0018883313185110754, 0.003920551905866166], "mean_score_time": [0.008957004547119141, 0.00838775634765625, 0.008647966384887695], "std_score_time": [0.0012961276958886455, 0.0007534126751880478, 0.0008453403165771163]}, "score": 0.9472380952380952}, "ComplementNB": {"params": {"classification__alpha": 0.5}, "times": {"mean_fit_time": [0.0049441814422607425, 0.004193162918090821, 0.005032873153686524], "std_fit_time": [0.002186236690578861, 0.0007752568272465104, 0.00023129254611781413], "mean_score_time": [0.0009613513946533203, 0.0011361122131347656, 0.0011531829833984375], "std_score_time": [0.00012753681709659178, 0.00019423207622720575, 6.295178807321246e-05]}, "score": 0.7105714285714286}, "LogisticRegression": {"params": {"classification__solver": "saga", "classification__C": 0.1}, "times": {"mean_fit_time": [0.6924556732177735, 0.7418471336364746, 1.5537302494049072], "std_fit_time": [0.06839208038560987, 0.0804512995215974, 0.08306361935115633], "mean_score_time": [0.04265785217285156, 0.03982558250427246, 0.040321731567382814], "std_score_time": [0.00495920441833332, 0.004718913868678986, 0.00871960281229821]}, "score": 0.7825714285714286}}