{"[NN]NeuralNetwork": {"params": {"classification__epochs": 20, "classification__batch_size": 25}, "times": {"mean_fit_time": [65.93323583602906, 56.92409954071045, 65.14505653381347, 53.97968792915344, 52.074293804168704, 46.43455085754395, 43.30721650123596, 60.21152410507202, 49.47801666259765, 60.47763576507568], "std_fit_time": [0.1660425935300325, 0.5453056484748368, 0.23699921912447403, 0.849116294908601, 24.343263486823027, 0.6153972362699178, 0.8413638528787373, 0.6455855005552378, 0.6324587587588338, 0.623505757878001], "mean_score_time": [0.229561185836792, 1.0297766208648682, 0.3764211654663086, 1.0724877834320068, 0.3254539012908936, 2.0123140811920166, 2.223917293548584, 0.7354608535766601, 1.4040014266967773, 0.7208300113677979], "std_score_time": [0.04285727671348288, 0.26231996286557885, 0.09021256806180945, 0.16971257716097363, 0.17163986923701466, 0.1577419876109933, 0.40124130824911525, 0.18950880226971922, 0.18184756048790401, 0.08496010901433335]}, "score": 0.9746899817354363}, "RandomForestClassifier": {"params": {"classification__n_estimators": 500, "classification__min_samples_split": 10, "classification__min_samples_leaf": 1, "classification__max_features": "log2", "classification__max_depth": null, "classification__bootstrap": true}, "times": {"mean_fit_time": [0.8634645462036132, 2.590419626235962, 10.925181674957276, 1.9463135719299316, 3.5000850677490236], "std_fit_time": [0.05250257127455094, 0.11280181644747794, 1.259282389958285, 0.1016170917741636, 0.21913594029050598], "mean_score_time": [0.042661857604980466, 0.0689232349395752, 0.03524880409240723, 0.06138296127319336, 0.015214014053344726], "std_score_time": [0.03133745000691485, 0.047416169281413276, 0.028179764291244656, 0.031740781784632355, 0.011663505657902543]}, "score": 0.9962121212121213}, "KNeighborsClassifier": {"params": {"classification__weights": "uniform", "classification__n_neighbors": 7, "classification__metric": "manhattan", "classification__leaf_size": 20}, "times": {"mean_fit_time": [0.11065239906311035, 0.16547913551330568, 0.17068395614624024, 0.15934977531433106, 0.18209667205810548], "std_fit_time": [0.041528308525327226, 0.0400682683741104, 0.025239147159579176, 0.08611682979286087, 0.07047668815583875], "mean_score_time": [0.023992347717285156, 0.022503042221069337, 0.019498491287231447, 0.07091383934020996, 0.040790891647338866], "std_score_time": [0.013221667180879002, 0.013373971719843553, 0.011802874850176993, 0.04409533529803975, 0.03668626006259047]}, "score": 0.9375757575757575}, "ComplementNB": {"params": {"classification__alpha": 0.5}, "times": {"mean_fit_time": [0.4307673454284668, 0.5283835887908935, 0.43401055335998534, 0.6104346752166748, 0.6425669670104981], "std_fit_time": [0.17437176319180014, 0.12382581200417118, 0.1912802929481242, 0.1708313966237354, 0.19647091079471413], "mean_score_time": [0.016387128829956056, 0.012152147293090821, 0.013082647323608398, 0.16223087310791015, 0.16383423805236816], "std_score_time": [0.012253231411130397, 0.018199994994667127, 0.019352080816439268, 0.13960739429360652, 0.10725873967087805]}, "score": 0.7068181818181818}}