{"[NN]NeuralNetwork": {"params": {"classification__epochs": 20, "classification__batch_size": 20}, "times": {"mean_fit_time": [40.89006381034851, 55.58463306427002, 37.43105931282044, 40.12586207389832, 53.34090309143066, 42.75602917671203, 38.63851532936096, 44.88456387519837, 54.417955255508424, 47.840713310241696], "std_fit_time": [19.128818957725517, 0.1409997848867468, 1.2176919736338283, 18.781681201415903, 0.6485548374607905, 20.06318240093773, 1.4274102844813727, 0.749376430737991, 0.24169308225847444, 1.0051970954218474], "mean_score_time": [0.33357853889465333, 0.17885127067565917, 1.6105477809906006, 0.4177386283874512, 0.3496131420135498, 0.3013488292694092, 1.7009206295013428, 0.8021656513214112, 0.21827363967895508, 0.6854805946350098], "std_score_time": [0.16978890662242468, 0.028705218279201108, 0.4697146164144343, 0.24572426203635994, 0.03270706217849199, 0.16691640636203064, 0.7791970533784389, 0.1983583685684787, 0.03854771606089201, 0.13402032708677714]}, "score": 0.9669451472048876}, "RandomForestClassifier": {"params": {"classification__n_estimators": 1000, "classification__min_samples_split": 5, "classification__min_samples_leaf": 4, "classification__max_features": "log2", "classification__max_depth": 80, "classification__bootstrap": false}, "times": {"mean_fit_time": [0.18872542381286622, 4.663448095321655, 4.415961122512817, 4.432923126220703, 5.067360210418701], "std_fit_time": [0.015956464825812384, 0.14206100728620527, 0.27136989522512556, 0.7296141780493901, 0.20922294971293565], "mean_score_time": [0.011211585998535157, 0.0782585620880127, 0.16018342971801758, 0.11740288734436036, 0.05846219062805176], "std_score_time": [0.00628422607771469, 0.0498606280987757, 0.1663655706509497, 0.07492541109114248, 0.06285230535418998]}, "score": 0.9940909090909091}, "KNeighborsClassifier": {"params": {"classification__weights": "uniform", "classification__n_neighbors": 1, "classification__metric": "manhattan", "classification__leaf_size": 13}, "times": {"mean_fit_time": [0.1078561782836914, 0.1632692813873291, 0.20763068199157714, 0.1368222713470459, 0.14326152801513672], "std_fit_time": [0.05341717795316833, 0.07368668577820496, 0.04974675570113704, 0.04270034475410123, 0.08620785292671901], "mean_score_time": [0.026609468460083007, 0.036560440063476564, 0.018662500381469726, 0.03281335830688477, 0.028038787841796874], "std_score_time": [0.02265376316289597, 0.02264898067752632, 0.01681796809051888, 0.023654153222313325, 0.02104803118379679]}, "score": 0.9820995670995671}, "ComplementNB": {"params": {"classification__alpha": 0.5}, "times": {"mean_fit_time": [0.16517386436462403, 0.15914363861083985, 0.2028811454772949, 0.2030251979827881, 0.1752009868621826], "std_fit_time": [0.024529137049150666, 0.030936609763967445, 0.02468116255925682, 0.019428044706020484, 0.03472732679780804], "mean_score_time": [0.03923234939575195, 0.0528602123260498, 0.020371532440185545, 0.038551950454711915, 0.02863655090332031], "std_score_time": [0.017997880054357877, 0.03392685954566479, 0.019771047122698327, 0.021270057165302725, 0.01314733440670802]}, "score": 0.7117532467532468}}