{"[NN]NeuralNetwork": {"params": {"classification__epochs": 20, "classification__batch_size": 20}, "times": {"mean_fit_time": [68.19792551994324, 70.45459747314453, 44.26499633789062, 60.8449610710144, 59.60095391273499, 64.29467005729676, 47.95627689361572, 68.80434732437134, 66.51821641921997, 53.597070169448855], "std_fit_time": [0.6280841488842053, 0.22904344566455662, 0.9013677847814682, 0.9186830694560908, 0.6946361149065396, 1.0174555908711804, 1.3655534877789555, 0.9679667617161509, 1.0833959146558276, 1.1978830148036927], "mean_score_time": [0.3492745399475098, 0.17284154891967773, 1.9639010906219483, 0.9870280742645263, 1.1623387813568116, 0.8721180915832519, 2.1847320079803465, 0.33242049217224123, 0.6090362071990967, 1.280267333984375], "std_score_time": [0.08385597176200787, 0.04564606204897406, 0.4538851214792866, 0.1605412424903515, 0.2180198871031518, 0.13715224361928097, 0.28269807767765737, 0.02771993092245475, 0.24500750312321312, 0.26312356789460917]}, "score": 0.9643439893439893}, "RandomForestClassifier": {"params": {"classification__n_estimators": 200, "classification__min_samples_split": 10, "classification__min_samples_leaf": 1, "classification__max_features": "sqrt", "classification__max_depth": 20, "classification__bootstrap": true}, "times": {"mean_fit_time": [0.87807297706604, 1.2403218269348144, 0.20163378715515137, 0.27701125144958494, 0.9388911724090576], "std_fit_time": [0.04267660185168937, 0.0700679520133866, 0.022704417757920675, 0.014323378335264285, 0.0951446591745994], "mean_score_time": [0.04472360610961914, 0.045711946487426755, 0.009940195083618163, 0.02669038772583008, 0.014535140991210938], "std_score_time": [0.031052652881940323, 0.03465685611401282, 0.005749845855716486, 0.015307419847589527, 0.007812667933699667]}, "score": 0.9893939393939395}, "KNeighborsClassifier": {"params": {"classification__weights": "uniform", "classification__n_neighbors": 13, "classification__metric": "euclidean", "classification__leaf_size": 13}, "times": {"mean_fit_time": [0.12385787963867187, 0.17380595207214355, 0.19005136489868163, 0.12578983306884767, 0.23019347190856934], "std_fit_time": [0.030577591933325536, 0.03335921315946869, 0.02590059610119099, 0.05757207317488064, 0.05178974362552805], "mean_score_time": [0.025174760818481447, 0.02858004570007324, 0.019031572341918945, 0.03462262153625488, 0.03850436210632324], "std_score_time": [0.01675822680668076, 0.01711202674974542, 0.019058395947925563, 0.020554497441482286, 0.032909308241336484]}, "score": 0.7775757575757576}, "ComplementNB": {"params": {"classification__alpha": 0}, "times": {"mean_fit_time": [0.2262643337249756, 0.19783425331115723, 0.3411003589630127, 0.2458056926727295, 0.22697033882141113], "std_fit_time": [0.0754236549286442, 0.05598564043298012, 0.028261392302036014, 0.08273618464622695, 0.09355623897187129], "mean_score_time": [0.015803146362304687, 0.022871971130371094, 0.004923057556152344, 0.10584349632263183, 0.10938572883605957], "std_score_time": [0.014362056593326646, 0.023106462746392754, 0.002144867069268385, 0.0518682597498318, 0.04391258778205887]}, "score": 0.7057575757575758}}