{"[NN]NeuralNetwork": {"params": {"classification__epochs": 20, "classification__batch_size": 25}, "times": {"mean_fit_time": [4.657451343536377, 3.0229007720947267, 4.298603153228759, 3.6073811054229736, 3.6957284927368166, 4.136781787872314, 3.8727237701416017, 3.6710171699523926, 3.9634258270263674, 3.2803837299346923], "std_fit_time": [0.32371218482773584, 0.26142490662712986, 0.7054430634148099, 0.29602072093770226, 0.37274252416255427, 0.8486735197290997, 0.6063000898902854, 0.4991213725042487, 0.2653784777039482, 0.6693672855456019], "mean_score_time": [0.2821072578430176, 0.5878844261169434, 0.24567794799804688, 0.4998463153839111, 0.337269926071167, 0.4011203765869141, 0.23041071891784667, 0.29601502418518066, 0.2912391185760498, 0.3332674026489258], "std_score_time": [0.07341545286418434, 0.2712179571633516, 0.055248898883233255, 0.12258483845099993, 0.0950104144210289, 0.1322670299654148, 0.04032517993109314, 0.15525121148571996, 0.07627273663786655, 0.1862983574874103]}, "score": 0.9025714285714285}, "RandomForestClassifier": {"params": {"classification__n_estimators": 200, "classification__min_samples_split": 2, "classification__min_samples_leaf": 4, "classification__max_features": "sqrt", "classification__max_depth": 100, "classification__bootstrap": false}, "times": {"mean_fit_time": [0.11325459480285645, 0.6709725856781006, 0.6330708503723145], "std_fit_time": [0.019397023194822737, 0.10148459435651427, 0.046113337859137786], "mean_score_time": [0.0015176773071289063, 0.0019200801849365234, 0.0019317150115966796], "std_score_time": [0.00015639492632545823, 0.0003706322937173279, 0.00029933637852401295]}, "score": 0.9782857142857143}, "KNeighborsClassifier": {"params": {"classification__weights": "uniform", "classification__n_neighbors": 19, "classification__metric": "minkowski", "classification__leaf_size": 23}, "times": {"mean_fit_time": [0.04322152137756348, 0.04171786308288574, 0.022922563552856445], "std_fit_time": [0.0050201136049653795, 0.001323416082384853, 0.00021593887519049727], "mean_score_time": [0.009422540664672852, 0.010579586029052734, 0.008908653259277343], "std_score_time": [0.0010282188587908193, 0.0019519758231418094, 0.000684754539469149]}, "score": 0.946952380952381}, "ComplementNB": {"params": {"classification__alpha": 0}, "times": {"mean_fit_time": [0.004293584823608398, 0.0040166378021240234, 0.007707643508911133], "std_fit_time": [0.0001262432657609826, 0.0002444375828666511, 0.0011841080791917915], "mean_score_time": [0.0012146472930908204, 0.0012316226959228516, 0.001447916030883789], "std_score_time": [0.00016780431440358142, 0.00022733830497048324, 0.00017483603587896198]}, "score": 0.7141904761904762}, "LogisticRegression": {"params": {"classification__solver": "saga", "classification__C": 100}, "times": {"mean_fit_time": [0.9576632499694824, 0.3543818473815918, 1.352835464477539], "std_fit_time": [0.19697029166209024, 0.11480511519127655, 0.12507144624253053], "mean_score_time": [0.03667011260986328, 0.002599334716796875, 0.05274477005004883], "std_score_time": [0.006473785428029279, 0.0007155641780835318, 0.007476618870863744]}, "score": 0.8312380952380952}}