{"[NN]NeuralNetwork": {"params": {"classification__epochs": 15, "classification__batch_size": 25}, "times": {"mean_fit_time": [3.344969129562378, 4.755013084411621, 3.5193873405456544, 3.6337891578674317, 3.3524938583374024, 4.077612686157226, 4.078562498092651, 4.409849500656128, 4.087079334259033, 3.260401153564453], "std_fit_time": [0.787863139139583, 0.7328810530434905, 0.7572885750406906, 0.8656673767181993, 0.3374956344592857, 0.9169653278454792, 1.0598497499147284, 0.3954319984022791, 0.5472135849231535, 0.7019760191193993], "mean_score_time": [0.30629239082336424, 0.2778820037841797, 0.2875959396362305, 0.25711708068847655, 0.2986128807067871, 0.23074417114257811, 0.25844550132751465, 0.24425020217895507, 0.2858417510986328, 0.2533456325531006], "std_score_time": [0.06351012631557651, 0.06576390449151939, 0.06503103514248194, 0.038957265999972485, 0.06156716493679927, 0.05357959311309279, 0.016664376863613703, 0.06447918033352983, 0.07974106533791439, 0.0608769797225577]}, "score": 0.8637777777777778}, "RandomForestClassifier": {"params": {"classification__n_estimators": 200, "classification__min_samples_split": 5, "classification__min_samples_leaf": 2, "classification__max_features": "sqrt", "classification__max_depth": 50, "classification__bootstrap": true}, "times": {"mean_fit_time": [0.5245578765869141, 0.7810677051544189, 0.5498894214630127], "std_fit_time": [0.11098070213110844, 0.13627756832633597, 0.00999220481871541], "mean_score_time": [0.0016412734985351562, 0.0015968799591064454, 0.0016219615936279297], "std_score_time": [0.00029185445324737065, 0.0001838719201445058, 0.0001175591703300423]}, "score": 0.992}, "KNeighborsClassifier": {"params": {"classification__weights": "uniform", "classification__n_neighbors": 19, "classification__metric": "minkowski", "classification__leaf_size": 30}, "times": {"mean_fit_time": [0.027187347412109375, 0.027526998519897462, 0.053934335708618164], "std_fit_time": [0.002855493475173391, 0.0014451073253307824, 0.010702751626751722], "mean_score_time": [0.010073423385620117, 0.008850812911987305, 0.009163808822631837], "std_score_time": [0.004209907054787029, 0.0005596457766372737, 0.0015040371717455208]}, "score": 0.8913333333333334}, "ComplementNB": {"params": {"classification__alpha": 0}, "times": {"mean_fit_time": [0.006136655807495117, 0.006082963943481445, 0.009418916702270509], "std_fit_time": [0.0010010128107354925, 0.0016111644437994906, 0.0016031929115265888], "mean_score_time": [0.0014883041381835937, 0.0015811920166015625, 0.0017363071441650391], "std_score_time": [0.00023550477961772158, 0.00028483986485112735, 0.00029286846043715255]}, "score": 0.7306666666666667}, "LogisticRegression": {"params": {"classification__solver": "newton-cg", "classification__C": 0.1}, "times": {"mean_fit_time": [0.23683547973632812, 0.8443404197692871, 0.30757942199707033], "std_fit_time": [0.04544884786346332, 0.1016112703517683, 0.06729740654663463], "mean_score_time": [0.001798725128173828, 0.035593271255493164, 0.0020886898040771485], "std_score_time": [0.00026179144279529857, 0.01171621697024558, 0.00041044608671569834]}, "score": 0.8186666666666668}}