{"[NN]NeuralNetwork": {"params": {"classification__epochs": 20, "classification__batch_size": 20}, "times": {"mean_fit_time": [49.09362134933472, 47.201071214675906, 58.51755084991455, 57.3396821975708, 41.458370971679685, 51.911090993881224, 42.02034764289856, 56.46670503616333, 54.63717517852783, 52.6393874168396], "std_fit_time": [1.2575718081909686, 1.1119046681016465, 0.15005667000743017, 0.39848887054358384, 1.7462575642950557, 1.0837110063614386, 1.4029831370978327, 0.6718456754093445, 0.5983564279521982, 0.6240010391829363], "mean_score_time": [0.669166088104248, 0.6800626754760742, 0.14825062751770018, 0.2629580020904541, 1.141056203842163, 0.5634169578552246, 1.0236010074615478, 0.27577824592590333, 0.37845349311828613, 0.47610673904418943], "std_score_time": [0.09707664804823349, 0.09557756870406325, 0.027386149738721305, 0.03852056212451209, 0.33529841154810863, 0.19710725260475948, 0.20216205872187948, 0.0343935893476609, 0.1220362056209184, 0.05971084363902632]}, "score": 0.9778597664961302}, "RandomForestClassifier": {"params": {"classification__n_estimators": 100, "classification__min_samples_split": 2, "classification__min_samples_leaf": 1, "classification__max_features": "log2", "classification__max_depth": 10, "classification__bootstrap": true}, "times": {"mean_fit_time": [0.35179743766784666, 0.347735595703125, 3.2685916423797607, 0.33496809005737305, 0.3765155792236328], "std_fit_time": [0.03742787324815531, 0.07048735111352206, 0.2350532886241072, 0.0651512397029004, 0.042744777507066095], "mean_score_time": [0.031015634536743164, 0.03185286521911621, 0.019389963150024413, 0.032145357131958006, 0.034395265579223636], "std_score_time": [0.008614019488306047, 0.029078294105987786, 0.016081716429410982, 0.025699818878715842, 0.020032412101266283]}, "score": 0.9943939393939394}, "KNeighborsClassifier": {"params": {"classification__weights": "uniform", "classification__n_neighbors": 19, "classification__metric": "manhattan", "classification__leaf_size": 26}, "times": {"mean_fit_time": [0.09875168800354003, 0.11847496032714844, 0.12397761344909668, 0.1112680435180664, 0.09416284561157226], "std_fit_time": [0.030677746384370288, 0.039217476969149345, 0.0346265726059318, 0.023991613475329614, 0.038857263268246366], "mean_score_time": [0.00939798355102539, 0.011761283874511719, 0.011080026626586914, 0.04860467910766601, 0.020549583435058593], "std_score_time": [0.005654376904912674, 0.007919462786867122, 0.007463435819901929, 0.02009773862681985, 0.010378347675955857]}, "score": 0.923008658008658}, "ComplementNB": {"params": {"classification__alpha": 1.0}, "times": {"mean_fit_time": [0.19254651069641113, 0.18400788307189941, 0.15170660018920898, 0.2180331230163574, 0.20893425941467286], "std_fit_time": [0.052220876292424626, 0.033189659505247736, 0.04262422288789358, 0.05469907715963839, 0.043494255486337514], "mean_score_time": [0.03463907241821289, 0.04563908576965332, 0.05036706924438476, 0.0453284740447998, 0.05205459594726562], "std_score_time": [0.02126177853585071, 0.02663300177753102, 0.013624956362871499, 0.00855102612876957, 0.021544620806281094]}, "score": 0.7554978354978353}}