{"[NN]NeuralNetwork": {"params": {"classification__epochs": 20, "classification__batch_size": 25}, "times": {"mean_fit_time": [69.32798519134522, 59.68067502975464, 68.4947033882141, 56.61841340065003, 67.73026809692382, 48.66162900924682, 45.84465270042419, 63.2413387298584, 51.93362431526184, 63.66055989265442], "std_fit_time": [0.2300924848785275, 0.8246258383340419, 0.4011262365006129, 0.5621133048247741, 0.6783805559955889, 1.1525879415025673, 1.2531349054221468, 1.2394804951466782, 0.8709322513763372, 0.9423427137685029], "mean_score_time": [0.22094931602478027, 1.093785047531128, 0.38887944221496584, 1.3294578075408936, 0.33556270599365234, 1.6383156299591064, 1.6193807125091553, 0.7951283931732178, 1.5954846382141112, 0.7124348163604737], "std_score_time": [0.08553432502619521, 0.2348734536559635, 0.09396562261800964, 0.3404038098617559, 0.062255495270635536, 0.24669473699731026, 0.328686642109696, 0.2437005273970509, 0.47349641905191203, 0.18900525266252682]}, "score": 0.9580124925579471}, "RandomForestClassifier": {"params": {"classification__n_estimators": 500, "classification__min_samples_split": 10, "classification__min_samples_leaf": 1, "classification__max_features": "log2", "classification__max_depth": null, "classification__bootstrap": true}, "times": {"mean_fit_time": [0.9847828865051269, 2.4827442169189453, 8.680057096481324, 0.8950223922729492, 2.3295310020446776], "std_fit_time": [0.055576650154823555, 0.05605001591209718, 1.0411710255719184, 0.10694174232962071, 0.12255750586730943], "mean_score_time": [0.029760265350341798, 0.03910441398620605, 0.03230695724487305, 0.014940595626831055, 0.07214589118957519], "std_score_time": [0.015361303584204266, 0.029957814361396325, 0.020607485707289992, 0.01110442439607568, 0.050097763629017696]}, "score": 0.9962121212121213}, "KNeighborsClassifier": {"params": {"classification__weights": "uniform", "classification__n_neighbors": 7, "classification__metric": "manhattan", "classification__leaf_size": 20}, "times": {"mean_fit_time": [0.11061196327209473, 0.23752188682556152, 0.20435647964477538, 0.16716351509094238, 0.12111020088195801], "std_fit_time": [0.02764948501625622, 0.015700319912790733, 0.027861548929781668, 0.08454243251565464, 0.040652487533706955], "mean_score_time": [0.037805604934692386, 0.010472774505615234, 0.01841769218444824, 0.02962384223937988, 0.06444430351257324], "std_score_time": [0.029613058821281506, 0.004117391297444112, 0.011520401492605432, 0.03457332960592015, 0.03222320998732697]}, "score": 0.9375757575757575}, "ComplementNB": {"params": {"classification__alpha": 0.5}, "times": {"mean_fit_time": [0.2936422348022461, 0.2899208068847656, 0.3971384525299072, 0.30750298500061035, 0.36495051383972166], "std_fit_time": [0.09161644256492636, 0.10151627331650508, 0.09414924558680236, 0.1564042592215936, 0.11218598973115093], "mean_score_time": [0.006850767135620117, 0.012252092361450195, 0.004756355285644531, 0.09646968841552735, 0.17961459159851073], "std_score_time": [0.0052405900894762925, 0.010387724925751376, 0.0012563440871851703, 0.05535405682205349, 0.017982584714702505]}, "score": 0.7068181818181818}}