{"[NN]NeuralNetwork": {"params": {"classification__epochs": 20, "classification__batch_size": 20}, "times": {"mean_fit_time": [2.9302939414978026, 3.7502075672149657, 4.096551418304443, 3.9094393253326416, 4.495711374282837, 3.735556411743164, 4.051001119613647, 3.6692389488220214, 3.5513784885406494, 3.4723549842834474], "std_fit_time": [0.4417562441265611, 0.44683946116259393, 0.5714498034539088, 0.7163281105827828, 0.5726273492965572, 0.306554004647866, 0.4044373918200741, 0.3794497175381272, 0.2878067838126304, 0.6723063645863697], "mean_score_time": [0.4157744884490967, 0.28113436698913574, 0.3539280414581299, 0.25864272117614745, 0.2822227478027344, 0.22578649520874022, 0.2608500480651855, 0.24644241333007813, 0.31890172958374025, 0.36710205078125], "std_score_time": [0.23310088736580475, 0.034343471848163276, 0.10479562571316914, 0.08926612457847931, 0.1558354389352988, 0.08376577318708202, 0.08674767633748148, 0.05944724573352768, 0.054562670380506856, 0.12613390940963895]}, "score": 0.8649494949494949}, "RandomForestClassifier": {"params": {"classification__n_estimators": 10, "classification__min_samples_split": 2, "classification__min_samples_leaf": 4, "classification__max_features": "sqrt", "classification__max_depth": 10, "classification__bootstrap": true}, "times": {"mean_fit_time": [0.9683467388153076, 0.05340099334716797, 0.04726929664611816], "std_fit_time": [0.07610146297313487, 0.009347824341122368, 0.008881819204223635], "mean_score_time": [0.0020845890045166015, 0.001902008056640625, 0.0014360427856445312], "std_score_time": [0.0003981726923898903, 0.0002108451088304644, 0.0002040469942828214]}, "score": 0.9876190476190476}, "KNeighborsClassifier": {"params": {"classification__weights": "uniform", "classification__n_neighbors": 9, "classification__metric": "minkowski", "classification__leaf_size": 10}, "times": {"mean_fit_time": [0.03770623207092285, 0.04296088218688965, 0.03104100227355957], "std_fit_time": [0.007873222909509661, 0.009112069328978694, 0.001181983680364958], "mean_score_time": [0.008971214294433594, 0.009181356430053711, 0.010858249664306641], "std_score_time": [0.00048199833534686755, 0.0015568847319928194, 0.0008364127099371228]}, "score": 0.980952380952381}, "ComplementNB": {"params": {"classification__alpha": 0}, "times": {"mean_fit_time": [0.00512228012084961, 0.005089092254638672, 0.006236076354980469], "std_fit_time": [0.00087200635727448, 0.0010905208303936267, 0.00038398769961506024], "mean_score_time": [0.0014631271362304688, 0.0014565944671630859, 0.0013302326202392577], "std_score_time": [0.0004051129303084522, 0.0002822305083540395, 3.490747636951648e-05]}, "score": 0.7086666666666667}, "LogisticRegression": {"params": {"classification__solver": "saga", "classification__C": 10}, "times": {"mean_fit_time": [0.8690639495849609, 0.783021879196167, 1.427681827545166], "std_fit_time": [0.10829557033947812, 0.07828463419847058, 0.06955291951680537], "mean_score_time": [0.03860654830932617, 0.04147191047668457, 0.049571657180786134], "std_score_time": [0.012336832073113696, 0.009584113981111803, 0.004263341693360709]}, "score": 0.7838095238095237}}