{"[NN]NeuralNetwork": {"params": {"classification__epochs": 15, "classification__batch_size": 20}, "times": {"mean_fit_time": [4.769087457656861, 5.404295301437378, 4.558599853515625, 3.689089822769165, 4.2240297317504885, 3.971547317504883, 3.001880741119385, 4.057635927200318, 3.6191158294677734, 4.300337076187134], "std_fit_time": [0.31729529685895214, 0.7807863221327614, 0.9730585565519555, 0.728253025107794, 0.7899927156027301, 0.3945150916186382, 0.3480197694943781, 0.7962569679966006, 0.8364150939362698, 0.6105502233136955], "mean_score_time": [0.4489297866821289, 0.3489856243133545, 0.23832736015319825, 0.45659899711608887, 0.30723419189453127, 0.29665517807006836, 0.305155611038208, 0.25896711349487306, 0.2511953830718994, 0.31882166862487793], "std_score_time": [0.16176301449094171, 0.10277271189771715, 0.0690663330843479, 0.3146324834457911, 0.05144324524014991, 0.01628105228342481, 0.041290981849280456, 0.014684040637603174, 0.02543309201314164, 0.11715289130485615]}, "score": 0.8637936507936509}, "RandomForestClassifier": {"params": {"classification__n_estimators": 1000, "classification__min_samples_split": 2, "classification__min_samples_leaf": 2, "classification__max_features": "sqrt", "classification__max_depth": null, "classification__bootstrap": true}, "times": {"mean_fit_time": [3.729057216644287, 4.106198167800903, 3.4168865203857424], "std_fit_time": [0.08875880699128058, 0.06658391847900912, 0.009817593793752485], "mean_score_time": [0.004269886016845703, 0.0036887645721435545, 0.0037480831146240235], "std_score_time": [0.0010150652164143824, 0.0008444697273515576, 0.0012104348128419641]}, "score": 0.9653333333333334}, "KNeighborsClassifier": {"params": {"classification__weights": "distance", "classification__n_neighbors": 3, "classification__metric": "manhattan", "classification__leaf_size": 16}, "times": {"mean_fit_time": [0.029833126068115234, 0.026439666748046875, 0.026608848571777345], "std_fit_time": [0.0047203939457145854, 0.0019435668891260003, 0.00854127213192936], "mean_score_time": [0.008984756469726563, 0.010234212875366211, 0.014529180526733399], "std_score_time": [0.000615827582161316, 0.0009844304066531173, 0.00283063411419858]}, "score": 0.25666666666666665}, "ComplementNB": {"params": {"classification__alpha": 0}, "times": {"mean_fit_time": [0.006335115432739258, 0.005780696868896484, 0.008967065811157226], "std_fit_time": [0.0008885285085336827, 0.000906297255368009, 0.0006680149175937772], "mean_score_time": [0.001451873779296875, 0.0015448570251464845, 0.001768207550048828], "std_score_time": [0.00023286534853731838, 0.00022447995392724034, 0.0003608167131600711]}, "score": 0.7935555555555556}, "LogisticRegression": {"params": {"classification__solver": "sag", "classification__C": 0.1}, "times": {"mean_fit_time": [0.6218921661376953, 0.7901605129241943, 1.1054964542388916], "std_fit_time": [0.03613758616004084, 0.08684094624334938, 0.06363276937157038], "mean_score_time": [0.03644604682922363, 0.03686823844909668, 0.046596431732177736], "std_score_time": [0.008242739886338165, 0.01086243520532832, 0.0048187405507757975]}, "score": 0.7811111111111112}}