{"[NN]NeuralNetwork": {"params": {"classification__epochs": 20, "classification__batch_size": 20}, "times": {"mean_fit_time": [57.76452474594116, 54.24125409126282, 70.63986763954162, 69.3745988368988, 45.08775305747986, 62.00809931755066, 47.109574842453, 67.58176665306091, 65.84803638458251, 62.65252656936646], "std_fit_time": [0.929807010080187, 0.3706577995363796, 0.21964435711920713, 0.2132714642040877, 1.2332732375874758, 1.1668798545391244, 1.0560847969996958, 0.730052398456532, 0.7567273693101477, 0.6846311809687745], "mean_score_time": [0.8364956378936768, 1.4996089458465576, 0.12991480827331542, 0.33300352096557617, 1.7679250240325928, 0.884822940826416, 1.946409320831299, 0.44938645362854, 0.4451688289642334, 0.9471313953399658], "std_score_time": [0.1506962022184656, 0.15610813129201706, 0.01796971299969864, 0.07330702841483444, 0.1819619424428529, 0.38944285442677523, 0.305534143796001, 0.16558281172858486, 0.19241982767013083, 0.2934678356980975]}, "score": 0.9743604879968517}, "RandomForestClassifier": {"params": {"classification__n_estimators": 100, "classification__min_samples_split": 2, "classification__min_samples_leaf": 1, "classification__max_features": "log2", "classification__max_depth": 10, "classification__bootstrap": true}, "times": {"mean_fit_time": [0.45125513076782225, 0.4748239040374756, 4.736858654022217, 0.6754539489746094, 0.7308445930480957], "std_fit_time": [0.10362159590620389, 0.06379828712492538, 0.73532509835873, 0.13922751596421884, 0.13971294426392555], "mean_score_time": [0.032316160202026364, 0.05341205596923828, 0.04537653923034668, 0.07193961143493652, 0.0562553882598877], "std_score_time": [0.03310493250131351, 0.033206951822443556, 0.02814271005356534, 0.059545807671511665, 0.046562123308698376]}, "score": 0.9943939393939394}, "KNeighborsClassifier": {"params": {"classification__weights": "uniform", "classification__n_neighbors": 19, "classification__metric": "manhattan", "classification__leaf_size": 26}, "times": {"mean_fit_time": [0.15548505783081054, 0.28048295974731446, 0.3385490894317627, 0.24747586250305176, 0.2661574840545654], "std_fit_time": [0.06624590438893278, 0.1289476712333359, 0.08896448065830433, 0.07876204864412485, 0.10620038586255764], "mean_score_time": [0.13769593238830566, 0.06045355796813965, 0.04584836959838867, 0.045701026916503906, 0.0699554443359375], "std_score_time": [0.07588818189982029, 0.03305774691081809, 0.02610162177280977, 0.026126140410945943, 0.06825097688831501]}, "score": 0.923008658008658}, "ComplementNB": {"params": {"classification__alpha": 1.0}, "times": {"mean_fit_time": [0.2400358200073242, 0.2398834705352783, 0.22664942741394042, 0.27605366706848145, 0.1837921619415283], "std_fit_time": [0.05631912154431453, 0.05138276760070722, 0.04014175079621003, 0.07455370824343854, 0.05046670703313577], "mean_score_time": [0.03181681632995605, 0.04024524688720703, 0.03819890022277832, 0.07303843498229981, 0.09350724220275879], "std_score_time": [0.011860517961898881, 0.011932098335851796, 0.023121837496486785, 0.019644481286983737, 0.023412908665549324]}, "score": 0.7554978354978353}}