{"[NN]NeuralNetwork": {"params": {"classification__epochs": 20, "classification__batch_size": 25}, "times": {"mean_fit_time": [62.66898827552795, 55.84745984077453, 43.69295692443848, 60.14331789016724, 66.78089017868042, 65.44016375541688, 46.865610647201535, 54.223712587356566, 67.73854699134827, 59.024082612991336], "std_fit_time": [0.8276603188053873, 26.483752823499344, 0.42272060858325455, 1.61528885706356, 0.6402335775072973, 1.0560046759350954, 4.227685955057413, 1.204546832350801, 0.7232406155246932, 0.7201012520806752], "mean_score_time": [0.8816340923309326, 0.14116873741149902, 2.001033639907837, 1.1829943656921387, 0.3742800712585449, 0.5735942840576171, 1.9604841709136962, 1.2674311637878417, 0.2887686252593994, 1.5512734413146974], "std_score_time": [0.20328630075515622, 0.07096362345065091, 0.22182628134541235, 0.217697060052343, 0.11306036099285646, 0.01530808697370972, 0.21784183548086322, 0.27689162118154287, 0.13401182498124894, 0.1360665101330071]}, "score": 0.9617470624613482}, "RandomForestClassifier": {"params": {"classification__n_estimators": 1000, "classification__min_samples_split": 5, "classification__min_samples_leaf": 4, "classification__max_features": "log2", "classification__max_depth": 80, "classification__bootstrap": false}, "times": {"mean_fit_time": [0.25241727828979493, 6.411135292053222, 5.878188991546631, 6.7705103874206545, 6.582363271713257], "std_fit_time": [0.03563539901516419, 0.30539127230790647, 0.6826128856802861, 0.5431200158412491, 0.7979680288179481], "mean_score_time": [0.002322864532470703, 0.08476743698120118, 0.14231276512145996, 0.11425118446350098, 0.08612804412841797], "std_score_time": [0.0002046200644158834, 0.04813179669004674, 0.16407236087525945, 0.05163929050397739, 0.07114060333402053]}, "score": 0.9940909090909091}, "KNeighborsClassifier": {"params": {"classification__weights": "uniform", "classification__n_neighbors": 1, "classification__metric": "manhattan", "classification__leaf_size": 13}, "times": {"mean_fit_time": [0.1439389705657959, 0.14217743873596192, 0.2487022876739502, 0.1495296001434326, 0.18241629600524903], "std_fit_time": [0.05159881727987664, 0.07918416855383292, 0.03795656019671733, 0.10069438264234895, 0.08443517355153146], "mean_score_time": [0.022684907913208006, 0.022864437103271483, 0.01658968925476074, 0.04506406784057617, 0.03802800178527832], "std_score_time": [0.015483969603475905, 0.01733986410111888, 0.00860879256077883, 0.028406540929371612, 0.018891369277008005]}, "score": 0.9820995670995671}, "ComplementNB": {"params": {"classification__alpha": 0.5}, "times": {"mean_fit_time": [0.17625694274902343, 0.18881077766418458, 0.1895366668701172, 0.22430992126464844, 0.2103095531463623], "std_fit_time": [0.044025279126548904, 0.0570695462442387, 0.03692904289052115, 0.05444580953747223, 0.0294912227102801], "mean_score_time": [0.06109609603881836, 0.049679136276245116, 0.04459366798400879, 0.057154273986816405, 0.06856870651245117], "std_score_time": [0.015395629065625666, 0.011502573182406797, 0.013169826719748739, 0.02293243282987362, 0.013533892734710742]}, "score": 0.7117532467532468}}