{"[NN]NeuralNetwork": {"params": {"classification__epochs": 15, "classification__batch_size": 20}, "times": {"mean_fit_time": [4.2545554637908936, 3.994784116744995, 3.3065834045410156, 2.2811326026916503, 3.2945842266082765, 2.2923391342163084, 2.1416512966156005, 2.1378958225250244, 2.1662827014923094, 2.3892897605895995], "std_fit_time": [0.9439161709031405, 0.41627117223777277, 0.8943786183686543, 0.26677052412930335, 0.8250009543628418, 0.39984416297592057, 0.0990675656632251, 0.2689557816748623, 0.2584839721104559, 0.12674669026557497], "mean_score_time": [0.276491117477417, 0.3063647747039795, 0.21129345893859863, 0.2262606143951416, 0.22696299552917482, 0.24825878143310548, 0.24615898132324218, 0.2066636562347412, 0.2129702091217041, 0.2207490921020508], "std_score_time": [0.14565135813759789, 0.16136920672295224, 0.043262106739609854, 0.016967254886185154, 0.04640821776458051, 0.02268738615118953, 0.020412503591660143, 0.04201978637208207, 0.03925146984474422, 0.0245941651882635]}, "score": 0.8637936507936509}, "RandomForestClassifier": {"params": {"classification__n_estimators": 1000, "classification__min_samples_split": 2, "classification__min_samples_leaf": 2, "classification__max_features": "sqrt", "classification__max_depth": null, "classification__bootstrap": true}, "times": {"mean_fit_time": [3.631365442276001, 3.9910367012023924, 3.43435378074646], "std_fit_time": [0.045442112882378746, 0.11696628631146214, 0.03274079879736204], "mean_score_time": [0.0045870780944824215, 0.00522761344909668, 0.0038116931915283202], "std_score_time": [0.000935689399241237, 0.0014336239127263574, 0.0011215844570260259]}, "score": 0.9653333333333334}, "KNeighborsClassifier": {"params": {"classification__weights": "distance", "classification__n_neighbors": 3, "classification__metric": "manhattan", "classification__leaf_size": 16}, "times": {"mean_fit_time": [0.023957252502441406, 0.04052014350891113, 0.03833250999450684], "std_fit_time": [0.00651503289974873, 0.02246777698724411, 0.004896180568866706], "mean_score_time": [0.009040737152099609, 0.009373712539672851, 0.026387119293212892], "std_score_time": [0.0006695211871582713, 0.0006674486863781559, 0.008073831806463939]}, "score": 0.25666666666666665}, "ComplementNB": {"params": {"classification__alpha": 0}, "times": {"mean_fit_time": [0.004641199111938476, 0.004270744323730469, 0.006179714202880859], "std_fit_time": [0.0005557584353245485, 0.00014078865606261052, 0.00028712291665574085], "mean_score_time": [0.0011211395263671874, 0.00118408203125, 0.0012884140014648438], "std_score_time": [4.0565532245223727e-05, 2.9637491257278784e-05, 3.623083911626761e-05]}, "score": 0.7935555555555556}, "LogisticRegression": {"params": {"classification__solver": "sag", "classification__C": 0.1}, "times": {"mean_fit_time": [0.6031723976135254, 0.7313062667846679, 1.1668694972991944], "std_fit_time": [0.08428361129062581, 0.09365159580309182, 0.10545268558142074], "mean_score_time": [0.04104557037353516, 0.03514704704284668, 0.05241804122924805], "std_score_time": [0.023639126756175726, 0.007973353313499222, 0.01121490566232528]}, "score": 0.7811111111111112}}