{"[NN]NeuralNetwork": {"params": {"classification__epochs": 20, "classification__batch_size": 30}, "times": {"mean_fit_time": [71.38330454826355, 57.16153078079223, 65.1830048084259, 46.91917033195496, 68.50890083312989, 69.50010704994202, 51.70604319572449, 70.7903860092163, 60.479173231124875, 65.05111856460572], "std_fit_time": [0.20639570942277388, 1.3418152292044287, 0.777994870101417, 1.5602327190460934, 0.8107980934940905, 0.568499707066949, 1.0909712901550461, 0.30609983379524336, 0.5901470541096274, 0.7405090177378258], "mean_score_time": [0.17870755195617677, 1.1782691955566407, 0.7667564868927002, 1.6253584384918214, 0.2501821994781494, 0.29313130378723146, 1.3195842266082765, 0.21775341033935547, 2.0699812889099123, 0.8530340671539307], "std_score_time": [0.05246428746272927, 0.26231797158367326, 0.09652194614139757, 0.37207193137434785, 0.08466612255471109, 0.06802063878877782, 0.3406986980648769, 0.025818885788285163, 0.1664046647178032, 0.08629007458194479]}, "score": 0.9636111111111111}, "RandomForestClassifier": {"params": {"classification__n_estimators": 300, "classification__min_samples_split": 10, "classification__min_samples_leaf": 4, "classification__max_features": "sqrt", "classification__max_depth": 70, "classification__bootstrap": true}, "times": {"mean_fit_time": [0.7604904651641846, 1.102167272567749, 0.12325153350830079, 0.15996246337890624, 1.7751094341278075], "std_fit_time": [0.06861781548838043, 0.08375594029768835, 0.013587201003759302, 0.01972813969500871, 0.07571001525773188], "mean_score_time": [0.014550256729125976, 0.030705022811889648, 0.012741756439208985, 0.00655207633972168, 0.018968582153320312], "std_score_time": [0.013230046086197067, 0.025399027071055, 0.008634540350263039, 0.00541490135925625, 0.015151830854202878]}, "score": 0.9788095238095238}, "KNeighborsClassifier": {"params": {"classification__weights": "uniform", "classification__n_neighbors": 1, "classification__metric": "minkowski", "classification__leaf_size": 26}, "times": {"mean_fit_time": [0.11757192611694336, 0.1194760799407959, 0.1385617733001709, 0.08929758071899414, 0.0963982105255127], "std_fit_time": [0.04014525441030633, 0.03672676259691998, 0.04430350747570245, 0.022896140916447646, 0.02116048299279117], "mean_score_time": [0.012584352493286132, 0.02513289451599121, 0.028591680526733398, 0.012845706939697266, 0.008820247650146485], "std_score_time": [0.004659209173690791, 0.015475746938469778, 0.018151421710882163, 0.0051052384598205755, 0.003662530440223847]}, "score": 0.9018831168831168}, "ComplementNB": {"params": {"classification__alpha": 1.0}, "times": {"mean_fit_time": [0.24880609512329102, 0.2789937496185303, 0.39493303298950194, 0.32644925117492674, 0.19806380271911622], "std_fit_time": [0.08147963464332034, 0.13143824998516412, 0.129261326623028, 0.08825621258597674, 0.0504984958606581], "mean_score_time": [0.026876020431518554, 0.018369054794311522, 0.008114337921142578, 0.17870779037475587, 0.14207158088684083], "std_score_time": [0.015169423550996925, 0.017289073714405412, 0.007596116527782057, 0.06292419180467686, 0.06678396386780862]}, "score": 0.7068645640074211}}