{"[NN]NeuralNetwork": {"params": {"classification__epochs": 20, "classification__batch_size": 25}, "times": {"mean_fit_time": [5.281471633911133, 4.1834228992462155, 5.803266143798828, 4.831075716018677, 4.493042755126953, 5.1943634986877445, 5.70484881401062, 5.474571180343628, 5.575750541687012, 4.486681890487671], "std_fit_time": [0.47469822183382093, 0.3173942008582505, 1.1072228539542366, 1.0089522215627516, 0.5252772405738905, 1.0860797553114947, 1.0282642413020358, 0.7279961329326622, 0.4500070885047919, 0.8738350490619936], "mean_score_time": [0.4662825584411621, 0.509208345413208, 0.39150347709655764, 0.46567111015319823, 0.6518395900726318, 0.6043737411499024, 0.41275510787963865, 0.560359001159668, 0.5048748970031738, 0.5929467678070068], "std_score_time": [0.10783644036361963, 0.11641085179450433, 0.10763000623301618, 0.11896373871984434, 0.2725067140649602, 0.2018305397758505, 0.07952810831522819, 0.11553633999699357, 0.0423459368877778, 0.31808567783729375]}, "score": 0.9025714285714285}, "RandomForestClassifier": {"params": {"classification__n_estimators": 200, "classification__min_samples_split": 2, "classification__min_samples_leaf": 4, "classification__max_features": "sqrt", "classification__max_depth": 100, "classification__bootstrap": false}, "times": {"mean_fit_time": [0.10606718063354492, 0.5684089660644531, 0.7275071620941163], "std_fit_time": [0.018209748667490908, 0.03366436139073538, 0.1789349750685822], "mean_score_time": [0.0016291141510009766, 0.0016941070556640626, 0.002020454406738281], "std_score_time": [0.0003526317015795809, 5.6452283745348365e-05, 0.00032828943549770257]}, "score": 0.9782857142857143}, "KNeighborsClassifier": {"params": {"classification__weights": "uniform", "classification__n_neighbors": 19, "classification__metric": "minkowski", "classification__leaf_size": 23}, "times": {"mean_fit_time": [0.027845048904418947, 0.035922670364379884, 0.04510936737060547], "std_fit_time": [0.017559434275818627, 0.01423176884121319, 0.004585367406834639], "mean_score_time": [0.013178062438964844, 0.00985422134399414, 0.00888075828552246], "std_score_time": [0.007396014062917156, 0.001374262944311377, 0.0013466268063117334]}, "score": 0.946952380952381}, "ComplementNB": {"params": {"classification__alpha": 0}, "times": {"mean_fit_time": [0.0047909259796142575, 0.004914093017578125, 0.0072673320770263675], "std_fit_time": [0.0006059854515586612, 0.0007363410335760335, 0.0016003000760918863], "mean_score_time": [0.0014346122741699218, 0.001435708999633789, 0.001546764373779297], "std_score_time": [0.00030496177769466097, 0.00047358055032258294, 0.00036107797905634897]}, "score": 0.7141904761904762}, "LogisticRegression": {"params": {"classification__solver": "lbfgs", "classification__C": 10}, "times": {"mean_fit_time": [0.7498560905456543, 0.3399022579193115, 0.38356904983520507], "std_fit_time": [0.04989236124129746, 0.12094936614844745, 0.019144126856430892], "mean_score_time": [0.04158620834350586, 0.0020468711853027345, 0.0020712852478027345], "std_score_time": [0.019234310185834946, 0.00036348034552682396, 0.00042378054649253613]}, "score": 0.8571428571428573}}