{"[NN]NeuralNetwork": {"params": {"classification__epochs": 20, "classification__batch_size": 20}, "times": {"mean_fit_time": [4.021796035766601, 4.037612056732177, 3.696868896484375, 3.8826529502868654, 4.760503911972046, 4.52344274520874, 3.9277083396911623, 4.011716365814209, 3.4066132068634034, 3.419199323654175], "std_fit_time": [0.6791380919978615, 0.7875888864467336, 0.6801295944262704, 0.6255132081288116, 0.6556145234690873, 0.5565757332327579, 0.588366924137462, 0.6611842634814387, 0.6218913382568784, 0.29852660107593243], "mean_score_time": [0.2542293548583984, 0.23679776191711427, 0.4132197380065918, 0.33417954444885256, 0.20999550819396973, 0.198433780670166, 0.2456968307495117, 0.27620272636413573, 0.27634410858154296, 0.2121277332305908], "std_score_time": [0.0870381176578994, 0.04021196672892443, 0.21159938816230267, 0.142207516087013, 0.057967054700976586, 0.07265171925468193, 0.0721168187610361, 0.05307821973672437, 0.042546856495374166, 0.02800661752095475]}, "score": 0.8649494949494949}, "RandomForestClassifier": {"params": {"classification__n_estimators": 10, "classification__min_samples_split": 2, "classification__min_samples_leaf": 4, "classification__max_features": "sqrt", "classification__max_depth": 10, "classification__bootstrap": true}, "times": {"mean_fit_time": [0.9229400157928467, 0.05734729766845703, 0.053698253631591794], "std_fit_time": [0.036474155720402086, 0.01998947827103183, 0.010783428214677523], "mean_score_time": [0.0018770217895507813, 0.0015909194946289063, 0.0013303756713867188], "std_score_time": [0.0004914401687948086, 0.0002808801337145816, 0.0001814828066788187]}, "score": 0.9876190476190476}, "KNeighborsClassifier": {"params": {"classification__weights": "uniform", "classification__n_neighbors": 9, "classification__metric": "minkowski", "classification__leaf_size": 10}, "times": {"mean_fit_time": [0.04315195083618164, 0.04530172348022461, 0.04877877235412598], "std_fit_time": [0.0031658616001394805, 0.002051048649648402, 0.013450002888448434], "mean_score_time": [0.010148286819458008, 0.010926961898803711, 0.01024036407470703], "std_score_time": [0.0013656567261783954, 0.0019614790948325345, 0.0033954695595284105]}, "score": 0.980952380952381}, "ComplementNB": {"params": {"classification__alpha": 0}, "times": {"mean_fit_time": [0.005429744720458984, 0.005125617980957032, 0.00776219367980957], "std_fit_time": [0.0006500569544458004, 0.0009036443923779984, 0.0020173999360870473], "mean_score_time": [0.0015228748321533202, 0.001477956771850586, 0.0014106273651123048], "std_score_time": [0.00042789132174874127, 0.00034303868648168377, 0.00020483448021542275]}, "score": 0.7086666666666667}, "LogisticRegression": {"params": {"classification__solver": "saga", "classification__C": 10}, "times": {"mean_fit_time": [0.8644259452819825, 0.6835152626037597, 1.3962263107299804], "std_fit_time": [0.06251432871498391, 0.09730798197732207, 0.0713870199292115], "mean_score_time": [0.03780331611633301, 0.037892723083496095, 0.046832847595214847], "std_score_time": [0.00417652306569948, 0.010607261177110142, 0.006847602238991803]}, "score": 0.7838095238095237}}