{"[NN]NeuralNetwork": {"params": {"classification__epochs": 20, "classification__batch_size": 20}, "times": {"mean_fit_time": [56.24162487983703, 52.79005346298218, 68.52031140327453, 67.33336873054505, 44.06471228599548, 59.51842031478882, 45.19616785049438, 65.44327783584595, 63.556358671188356, 61.019704532623294], "std_fit_time": [0.8549103121635416, 1.283192443614877, 0.2754830922601128, 0.5447835852412143, 1.4143599396482445, 0.8279687314621008, 1.0656505798387896, 0.548021543920633, 0.8099406503071525, 1.2805448139015538], "mean_score_time": [1.3853293895721435, 1.1645551681518556, 0.16870417594909667, 0.23148493766784667, 1.814878797531128, 0.8359613418579102, 2.217073345184326, 0.27562451362609863, 0.4695557117462158, 0.822806978225708], "std_score_time": [0.16254073613130957, 0.14690155109321473, 0.01898957107980762, 0.053127794261673605, 0.39095303565541645, 0.09965277147662026, 0.14490899001218646, 0.0768742551709947, 0.12473948908228255, 0.2292082510358124]}, "score": 0.9725578461942097}, "RandomForestClassifier": {"params": {"classification__n_estimators": 100, "classification__min_samples_split": 2, "classification__min_samples_leaf": 1, "classification__max_features": "log2", "classification__max_depth": 10, "classification__bootstrap": true}, "times": {"mean_fit_time": [0.44805731773376467, 0.4557663440704346, 4.754774379730224, 0.9563365936279297, 1.0015094757080079], "std_fit_time": [0.05407772501572761, 0.02071475031702654, 0.609449045781353, 0.11874436852018837, 0.05203172884011786], "mean_score_time": [0.04773268699645996, 0.033436155319213866, 0.030979204177856445, 0.0647287368774414, 0.056768274307250975], "std_score_time": [0.04492979972718688, 0.015692185440209623, 0.02473713724574995, 0.05474648681232965, 0.046793520015690294]}, "score": 0.9943939393939394}, "KNeighborsClassifier": {"params": {"classification__weights": "uniform", "classification__n_neighbors": 19, "classification__metric": "manhattan", "classification__leaf_size": 26}, "times": {"mean_fit_time": [0.15766191482543945, 0.23642144203186036, 0.23569669723510742, 0.12611141204833984, 0.12323713302612305], "std_fit_time": [0.07833435694754522, 0.02342447270913872, 0.03976831751938149, 0.05604055275122717, 0.04163362215770599], "mean_score_time": [0.015776824951171876, 0.028184986114501952, 0.02081165313720703, 0.03990669250488281, 0.03514285087585449], "std_score_time": [0.010512680466498264, 0.010862586059895646, 0.012192162523457294, 0.017406949590318244, 0.02142661200316244]}, "score": 0.923008658008658}, "ComplementNB": {"params": {"classification__alpha": 1.0}, "times": {"mean_fit_time": [0.2928481101989746, 0.26804213523864745, 0.43192334175109864, 0.2737874984741211, 0.3072062492370605], "std_fit_time": [0.12778281169815234, 0.15120234331450996, 0.15652292811118085, 0.11210765863494526, 0.11251323466954966], "mean_score_time": [0.016058588027954103, 0.02078876495361328, 0.005425453186035156, 0.08787307739257813, 0.1172220230102539], "std_score_time": [0.018627097631065896, 0.01779832645734684, 0.004327409464323311, 0.04797707973002059, 0.0781323336188571]}, "score": 0.7554978354978353}}