{"[NN]NeuralNetwork": {"params": {"classification__epochs": 20, "classification__batch_size": 30}, "times": {"mean_fit_time": [3.659553050994873, 3.495389986038208, 3.744803237915039, 3.2370052337646484, 3.248108911514282, 3.63895583152771, 2.6524799346923826, 2.9284721851348876, 3.6109097957611085, 3.678433322906494], "std_fit_time": [0.47043274480084873, 0.2684752382215469, 0.24160134177607256, 0.423622071828429, 0.41172245630319293, 0.6834570955549227, 0.3924693720417083, 0.23149747839243812, 0.2851812663098151, 0.35663050816163283], "mean_score_time": [0.31496529579162597, 0.2818883419036865, 0.25332155227661135, 0.2774536609649658, 0.2503000259399414, 0.2362276077270508, 0.2534049987792969, 0.302782678604126, 0.2704314708709717, 0.21501450538635253], "std_score_time": [0.04430572982014201, 0.05102953337480299, 0.09165646154203443, 0.05922036402476442, 0.09375129954112411, 0.03388881995893641, 0.05888574602669779, 0.10714618701342, 0.05468812285696658, 0.035115551043720855]}, "score": 0.9059523809523811}, "RandomForestClassifier": {"params": {"classification__n_estimators": 400, "classification__min_samples_split": 5, "classification__min_samples_leaf": 1, "classification__max_features": null, "classification__max_depth": 70, "classification__bootstrap": false}, "times": {"mean_fit_time": [2.0297225952148437, 1.457117462158203, 1.7937125205993651], "std_fit_time": [0.21661199286854965, 0.19236295793915473, 0.04669858007547587], "mean_score_time": [0.0036910057067871095, 0.0018219947814941406, 0.002832365036010742], "std_score_time": [0.0015274610988961553, 0.0001859055932908998, 0.0012062386117202876]}, "score": 0.9742857142857144}, "KNeighborsClassifier": {"params": {"classification__weights": "uniform", "classification__n_neighbors": 17, "classification__metric": "manhattan", "classification__leaf_size": 33}, "times": {"mean_fit_time": [0.04195833206176758, 0.04122095108032227, 0.03866124153137207], "std_fit_time": [0.006892190395872765, 0.0043201530937508155, 0.01868403661939496], "mean_score_time": [0.009705400466918946, 0.008927154541015624, 0.010333395004272461], "std_score_time": [0.0020486357696916932, 0.0011996616263282329, 0.0020232915843177743]}, "score": 0.9472380952380952}, "ComplementNB": {"params": {"classification__alpha": 0.5}, "times": {"mean_fit_time": [0.004612064361572266, 0.004585647583007812, 0.006015968322753906], "std_fit_time": [0.00019893121621007237, 0.00021860779325619652, 0.0006792318176965291], "mean_score_time": [0.0012314319610595703, 0.0012484550476074218, 0.00125274658203125], "std_score_time": [4.5027922462565875e-05, 6.727487933460457e-05, 0.00012989805636164445]}, "score": 0.7105714285714286}, "LogisticRegression": {"params": {"classification__solver": "saga", "classification__C": 0.1}, "times": {"mean_fit_time": [0.8660190105438232, 0.9002817153930665, 1.4196351051330567], "std_fit_time": [0.13999370808077616, 0.09749851463791924, 0.1299610194501974], "mean_score_time": [0.039298486709594724, 0.0440277099609375, 0.04453916549682617], "std_score_time": [0.0085325131318186, 0.009793398145555021, 0.007595647827815165]}, "score": 0.7825714285714286}}