{"[NN]NeuralNetwork": {"params": {"classification__epochs": 20, "classification__batch_size": 25}, "times": {"mean_fit_time": [64.48551273345947, 70.2495765209198, 43.44241576194763, 61.35579361915588, 67.40704193115235, 67.00647721290588, 46.0626482963562, 54.99438891410828, 68.59078817367553, 59.320222520828246], "std_fit_time": [1.0608571900121941, 0.21695408518207898, 1.1010560545046864, 1.0584997883420524, 0.8933856516206382, 0.681834753658209, 1.7832771982567819, 1.1713089711318554, 0.5460568003822743, 1.0330536447426228], "mean_score_time": [0.6346149921417237, 0.13091058731079103, 1.8453756332397462, 1.2401912689208985, 0.42847490310668945, 0.49681644439697265, 1.6333971977233888, 1.1931734085083008, 0.24729394912719727, 1.243554162979126], "std_score_time": [0.15731160523577703, 0.014513353769699009, 0.18323745281795348, 0.19802806430057512, 0.1418295636221539, 0.08983461950770597, 0.4217908750599331, 0.31242937916755686, 0.08671135321666992, 0.23558165219744637]}, "score": 0.9660432713030115}, "RandomForestClassifier": {"params": {"classification__n_estimators": 1000, "classification__min_samples_split": 5, "classification__min_samples_leaf": 4, "classification__max_features": "log2", "classification__max_depth": 80, "classification__bootstrap": false}, "times": {"mean_fit_time": [0.23111495971679688, 5.669063854217529, 6.4237284660339355, 6.2196369647979735, 5.805004739761353], "std_fit_time": [0.03614114802261388, 0.4604543392603324, 0.1931834628754474, 0.6734067890511007, 0.654806028410566], "mean_score_time": [0.010996580123901367, 0.1609208106994629, 0.023593950271606445, 0.012506341934204102, 0.05644693374633789], "std_score_time": [0.007368898637181972, 0.08334814695398884, 0.009379525969521098, 0.010322754776829566, 0.06452749335104188]}, "score": 0.9940909090909091}, "KNeighborsClassifier": {"params": {"classification__weights": "uniform", "classification__n_neighbors": 1, "classification__metric": "manhattan", "classification__leaf_size": 13}, "times": {"mean_fit_time": [0.33897957801818845, 0.20304594039916993, 0.295751953125, 0.21966185569763183, 0.19897136688232422], "std_fit_time": [0.09277138541776055, 0.10076813649657629, 0.05818306877477855, 0.13995624532718545, 0.11276811962455228], "mean_score_time": [0.01723637580871582, 0.029060173034667968, 0.023005151748657228, 0.06571083068847657, 0.07438845634460449], "std_score_time": [0.00798917358608518, 0.011959936885742041, 0.010633900267560257, 0.06280760118266847, 0.055716309753337426]}, "score": 0.9820995670995671}, "ComplementNB": {"params": {"classification__alpha": 0.5}, "times": {"mean_fit_time": [0.32297439575195314, 0.34287471771240235, 0.35080657005310056, 0.20186314582824708, 0.20142726898193358], "std_fit_time": [0.05822972955415915, 0.06975438314838073, 0.0984631819767029, 0.044130374570107975, 0.02531338487228063], "mean_score_time": [0.028374385833740235, 0.010398530960083007, 0.04132289886474609, 0.060374212265014646, 0.06235690116882324], "std_score_time": [0.024735131013476575, 0.011102255194112152, 0.0713741159558917, 0.01947561209235223, 0.01667910289409287]}, "score": 0.7117532467532468}}