{"[NN]NeuralNetwork": {"params": {"classification__epochs": 20, "classification__batch_size": 25}, "times": {"mean_fit_time": [3.9463051319122315, 3.424398946762085, 2.7839712142944335, 3.386611270904541, 3.17870831489563, 3.5630858898162843, 3.3038000106811523, 3.559221696853638, 3.1076871395111083, 3.420362091064453], "std_fit_time": [0.5689045661950306, 0.3749308695926986, 0.3877603323866386, 0.5642249810342967, 0.4943319009155399, 0.09504941483831963, 0.3089947297891616, 0.17049265022511537, 0.1917275097263328, 0.38164960871499165], "mean_score_time": [0.3434627532958984, 0.34833426475524903, 0.3695014476776123, 0.30855188369750974, 0.27868032455444336, 0.286012077331543, 0.35955047607421875, 0.2315040111541748, 0.3135245323181152, 0.25165648460388185], "std_score_time": [0.11474065760335854, 0.11717521144076869, 0.13541895351241479, 0.11351236556188136, 0.053081620385371744, 0.061819881325313485, 0.188774602407317, 0.07731124816095751, 0.09396932877561488, 0.09578965908483955]}, "score": 0.8946224886224886}, "RandomForestClassifier": {"params": {"classification__n_estimators": 1000, "classification__min_samples_split": 10, "classification__min_samples_leaf": 2, "classification__max_features": "sqrt", "classification__max_depth": 100, "classification__bootstrap": false}, "times": {"mean_fit_time": [0.46869330406188964, 3.6673290729522705, 3.523853874206543], "std_fit_time": [0.07013612546695301, 0.07990861556404072, 0.05336206174378774], "mean_score_time": [0.0017930030822753905, 0.00361781120300293, 0.0036960601806640624], "std_score_time": [0.0003451880342448598, 0.0008622771123885857, 0.001019809542258862]}, "score": 0.9353333333333333}, "KNeighborsClassifier": {"params": {"classification__weights": "uniform", "classification__n_neighbors": 15, "classification__metric": "minkowski", "classification__leaf_size": 33}, "times": {"mean_fit_time": [0.047167491912841794, 0.049412107467651366, 0.042930889129638675], "std_fit_time": [0.024358779920219547, 0.017770536955318928, 0.008409071321893708], "mean_score_time": [0.016605138778686523, 0.034160423278808597, 0.017348384857177733], "std_score_time": [0.0037393878472399686, 0.01329362032196748, 0.006525447168075875]}, "score": 0.938904761904762}, "ComplementNB": {"params": {"classification__alpha": 0}, "times": {"mean_fit_time": [0.010816574096679688, 0.008070421218872071, 0.01703019142150879], "std_fit_time": [0.0007285837567894079, 0.0013737958519918169, 0.008261577525360551], "mean_score_time": [0.0027834415435791016, 0.008047819137573242, 0.002722024917602539], "std_score_time": [0.0006856121061979102, 0.011128079724418765, 0.000519828506477204]}, "score": 0.6729047619047619}, "LogisticRegression": {"params": {"classification__solver": "newton-cg", "classification__C": 0.1}, "times": {"mean_fit_time": [1.1717578887939453, 0.6704000949859619, 0.9073332786560059], "std_fit_time": [0.05825387690004594, 0.1304942553445641, 0.22049728804168633], "mean_score_time": [0.014838218688964844, 0.01441020965576172, 0.02230978012084961], "std_score_time": [0.01786430367156239, 0.00841987318651056, 0.017602839187101794]}, "score": 0.7932857142857143}}