{"[NN]NeuralNetwork": {"params": {"classification__epochs": 20, "classification__batch_size": 20}, "times": {"mean_fit_time": [2.6774880409240724, 2.7203055381774903, 2.400692367553711, 2.637757587432861, 1.9673956394195558, 2.4996316909790037, 2.3117651462554933, 2.207788276672363, 2.5787217140197756, 1.8259521961212157], "std_fit_time": [0.23380010894882744, 0.6045372798603166, 0.2925255007047034, 0.1680125810571305, 0.1478202487102004, 0.46315368060236717, 0.22827086077889983, 0.21342862477131316, 0.3065727134702554, 0.1753666222623813], "mean_score_time": [0.24557275772094728, 0.25966081619262693, 0.22497663497924805, 0.20471434593200682, 0.22448945045471191, 0.21299967765808106, 0.20947227478027344, 0.24042987823486328, 0.22006311416625976, 0.18062224388122558], "std_score_time": [0.017938653051525248, 0.028682848588688418, 0.018908466057311144, 0.02223417556837725, 0.02179295259532722, 0.03523575938547014, 0.031034047069340577, 0.029712037070060697, 0.051065151713347606, 0.04346867030519733]}, "score": 0.8972380952380952}, "RandomForestClassifier": {"params": {"classification__n_estimators": 400, "classification__min_samples_split": 5, "classification__min_samples_leaf": 2, "classification__max_features": "log2", "classification__max_depth": 40, "classification__bootstrap": true}, "times": {"mean_fit_time": [1.690385627746582, 1.3168252944946288, 1.1991564273834228], "std_fit_time": [0.1162605783574473, 0.11200867063772041, 0.20427531319042283], "mean_score_time": [0.0016619205474853516, 0.0021676063537597657, 0.002070760726928711], "std_score_time": [0.00013661901354377704, 0.00020183749198958073, 0.00016143861249503765]}, "score": 0.9686666666666668}, "KNeighborsClassifier": {"params": {"classification__weights": "uniform", "classification__n_neighbors": 15, "classification__metric": "minkowski", "classification__leaf_size": 26}, "times": {"mean_fit_time": [0.023093414306640626, 0.034421014785766604, 0.040382766723632814], "std_fit_time": [0.0026115707970961366, 0.014988449323021546, 0.01653309863274138], "mean_score_time": [0.011133909225463867, 0.009588241577148438, 0.008717918395996093], "std_score_time": [0.0019076259709428505, 0.0009138514906364488, 0.00038815565705050564]}, "score": 0.9206666666666667}, "ComplementNB": {"params": {"classification__alpha": 0}, "times": {"mean_fit_time": [0.004537248611450195, 0.0050262451171875, 0.006142091751098633], "std_fit_time": [0.0010985017220614764, 0.0010123050227677337, 0.000498281058892314], "mean_score_time": [0.0015370845794677734, 0.0015406131744384766, 0.0013119697570800782], "std_score_time": [0.00028907404720020794, 0.0004568431559496087, 4.924562155653477e-05]}, "score": 0.7186666666666666}, "LogisticRegression": {"params": {"classification__solver": "lbfgs", "classification__C": 0.01}, "times": {"mean_fit_time": [0.6380619049072266, 0.39368572235107424, 0.33617281913757324], "std_fit_time": [0.033491446266416924, 0.06147749487176287, 0.033789867464207396], "mean_score_time": [0.03259682655334473, 0.00172119140625, 0.0017411231994628907], "std_score_time": [0.005712291008058989, 0.00016471872897319513, 0.00015634263738855]}, "score": 0.8900000000000002}}