{"[NN]NeuralNetwork": {"params": {"classification__epochs": 20, "classification__batch_size": 20}, "times": {"mean_fit_time": [2.2387246608734133, 2.941024732589722, 2.0534576416015624, 2.2748268604278565, 2.437991666793823, 3.580600357055664, 3.237770175933838, 2.1408577442169188, 2.4539042472839356, 2.5296216011047363], "std_fit_time": [0.31632516912844644, 1.0181623538533129, 0.15627887175137953, 0.1277972015271435, 0.5833357214046249, 0.5537581108124482, 0.7206129125330598, 0.19598599089141203, 0.5904670312392075, 0.38444874750029306], "mean_score_time": [0.23758883476257325, 0.21962580680847169, 0.22888665199279784, 0.19605631828308107, 0.18078045845031737, 0.21529049873352052, 0.22842702865600586, 0.20769023895263672, 0.24129934310913087, 0.2642801761627197], "std_score_time": [0.03641743934698203, 0.03382081641362454, 0.02289754116748093, 0.040189856320472665, 0.049667363636595956, 0.033969171704966425, 0.05156580898854318, 0.02160670411970558, 0.057139890700435084, 0.038075402730546895]}, "score": 0.8649494949494949}, "RandomForestClassifier": {"params": {"classification__n_estimators": 10, "classification__min_samples_split": 2, "classification__min_samples_leaf": 4, "classification__max_features": "sqrt", "classification__max_depth": 10, "classification__bootstrap": true}, "times": {"mean_fit_time": [0.8703441143035888, 0.06000728607177734, 0.05714421272277832], "std_fit_time": [0.17911743835349322, 0.012607072464922766, 0.00938190630048285], "mean_score_time": [0.0021084308624267577, 0.0022320270538330076, 0.001458120346069336], "std_score_time": [0.000631559315321496, 0.0003885739945910073, 0.000164181231088964]}, "score": 0.9876190476190476}, "KNeighborsClassifier": {"params": {"classification__weights": "uniform", "classification__n_neighbors": 9, "classification__metric": "minkowski", "classification__leaf_size": 10}, "times": {"mean_fit_time": [0.028215312957763673, 0.02538309097290039, 0.033282899856567384], "std_fit_time": [0.003339638374612907, 0.006062117572752297, 0.004077277270279605], "mean_score_time": [0.009159183502197266, 0.009378957748413085, 0.009500837326049805], "std_score_time": [0.0014912159301905938, 0.0013320722102562093, 0.0014013474986183556]}, "score": 0.980952380952381}, "ComplementNB": {"params": {"classification__alpha": 0}, "times": {"mean_fit_time": [0.004728174209594727, 0.004787874221801758, 0.008274507522583009], "std_fit_time": [0.00041972203991531316, 0.00033526431783436375, 0.0005331867517088436], "mean_score_time": [0.0013204097747802734, 0.0013614654541015624, 0.0015936851501464843], "std_score_time": [0.00023603802495147003, 0.000181118332713469, 0.00020776263934978788]}, "score": 0.7086666666666667}, "LogisticRegression": {"params": {"classification__solver": "saga", "classification__C": 10}, "times": {"mean_fit_time": [0.7917384147644043, 0.6312714576721191, 1.3935724735260009], "std_fit_time": [0.09409993919101864, 0.0869759483788058, 0.06771308470345505], "mean_score_time": [0.03769307136535645, 0.03597903251647949, 0.043440628051757815], "std_score_time": [0.006901435086889945, 0.009932331111145875, 0.009591318287898706]}, "score": 0.7838095238095237}}