{"[NN]NeuralNetwork": {"params": {"classification__epochs": 20, "classification__batch_size": 20}, "times": {"mean_fit_time": [5.951816463470459, 5.168755435943604, 5.219490337371826, 5.895046949386597, 5.042036390304565, 5.658307409286499, 6.006261157989502, 4.2695704936981205, 4.52264289855957, 4.1723497867584225], "std_fit_time": [0.49141776464757353, 1.0382454093400524, 0.6317716589339089, 0.5782093990512217, 0.6678896173905305, 0.3826855947302003, 0.935001209380604, 0.6913558668113267, 0.41595643045968067, 0.2793793709773527], "mean_score_time": [0.8715849399566651, 0.603993034362793, 0.5729250431060791, 0.4092262744903564, 0.4554563522338867, 0.5946545124053955, 0.5300781726837158, 0.5037468910217285, 0.5085728168487549, 0.4513097763061523], "std_score_time": [0.14613719507185013, 0.19839423343903015, 0.10079518382352352, 0.0340147098906816, 0.093468749017944, 0.25550295107694493, 0.17140393602988566, 0.19553342623161588, 0.10155691567359322, 0.10762310018005004]}, "score": 0.8649494949494949}, "RandomForestClassifier": {"params": {"classification__n_estimators": 10, "classification__min_samples_split": 2, "classification__min_samples_leaf": 4, "classification__max_features": "sqrt", "classification__max_depth": 10, "classification__bootstrap": true}, "times": {"mean_fit_time": [0.6818644523620605, 0.05089411735534668, 0.0558260440826416], "std_fit_time": [0.04241888635375868, 0.010630562691633443, 0.016852179378849683], "mean_score_time": [0.0016812324523925782, 0.0013527870178222656, 0.0015451908111572266], "std_score_time": [0.00016287333450798493, 9.369188872630209e-05, 0.00034948006573980303]}, "score": 0.9876190476190476}, "KNeighborsClassifier": {"params": {"classification__weights": "uniform", "classification__n_neighbors": 9, "classification__metric": "minkowski", "classification__leaf_size": 10}, "times": {"mean_fit_time": [0.029714107513427734, 0.0295656681060791, 0.02892274856567383], "std_fit_time": [0.0023908790906131266, 0.009688112959082297, 0.0040250253692027315], "mean_score_time": [0.010701227188110351, 0.009713506698608399, 0.00998382568359375], "std_score_time": [0.001435980367640349, 0.0009157142671856562, 0.00035980260832196447]}, "score": 0.980952380952381}, "ComplementNB": {"params": {"classification__alpha": 0}, "times": {"mean_fit_time": [0.005753421783447265, 0.005475139617919922, 0.011980962753295899], "std_fit_time": [0.0009584569408059201, 0.0008085738335204414, 0.004202778179836634], "mean_score_time": [0.0016562461853027344, 0.0017136096954345702, 0.0018821239471435546], "std_score_time": [0.00032938802989845075, 0.0006020098412319729, 0.00014845430297569928]}, "score": 0.7086666666666667}, "LogisticRegression": {"params": {"classification__solver": "saga", "classification__C": 10}, "times": {"mean_fit_time": [0.8361464023590088, 0.6530270099639892, 1.8993043422698974], "std_fit_time": [0.15837807021667286, 0.15679137824663686, 0.20577244402042813], "mean_score_time": [0.04233078956604004, 0.041391181945800784, 0.04269142150878906], "std_score_time": [0.006010350448929773, 0.0032228537189076677, 0.00354906139856165]}, "score": 0.7838095238095237}}