{"[NN]NeuralNetwork": {"params": {"classification__epochs": 20, "classification__batch_size": 25}, "times": {"mean_fit_time": [57.63345112800598, 54.43517670631409, 69.90664887428284, 68.75590496063232, 44.65919885635376, 61.53879842758179, 47.61904773712158, 66.86234412193298, 64.99366612434387, 62.583707857131955], "std_fit_time": [0.95150961733731, 0.44376561004284204, 0.14776102404652866, 0.4287601094310808, 0.9112476273509613, 0.8887729173202357, 1.0135216081564102, 0.4257991604205093, 0.6238392412362557, 1.117152148665783], "mean_score_time": [0.8060654163360595, 1.3149105548858642, 0.14334549903869628, 0.22054219245910645, 1.9306724071502686, 0.9797006130218506, 1.1454194068908692, 0.2503227233886719, 0.5490385532379151, 0.919797706604004], "std_score_time": [0.1415803921305571, 0.1059622589141123, 0.024182724557036447, 0.0664426754874207, 0.07158445584093737, 0.10144194259947462, 0.18765901421062794, 0.03808041687923346, 0.1618090831978886, 0.28840626211166587]}, "score": 0.9710426946790583}, "RandomForestClassifier": {"params": {"classification__n_estimators": 100, "classification__min_samples_split": 2, "classification__min_samples_leaf": 1, "classification__max_features": "log2", "classification__max_depth": 10, "classification__bootstrap": true}, "times": {"mean_fit_time": [0.642589521408081, 0.6222480773925781, 4.6690761089324955, 0.4690876007080078, 0.42184648513793943], "std_fit_time": [0.051364384318071825, 0.0739447411583391, 0.23648058987070983, 0.07044897581030105, 0.05604329287211698], "mean_score_time": [0.05909962654113769, 0.02772073745727539, 0.02147250175476074, 0.043094968795776366, 0.048351478576660153], "std_score_time": [0.050069945706557165, 0.008310020259278302, 0.013770971236363947, 0.03543813465853532, 0.027784657485360038]}, "score": 0.9943939393939394}, "KNeighborsClassifier": {"params": {"classification__weights": "uniform", "classification__n_neighbors": 19, "classification__metric": "manhattan", "classification__leaf_size": 26}, "times": {"mean_fit_time": [0.10988669395446778, 0.18162755966186522, 0.20096311569213868, 0.07153983116149902, 0.13757085800170898], "std_fit_time": [0.02600335007071453, 0.0537391712494553, 0.026431095227464892, 0.01058682115139632, 0.052739841385736605], "mean_score_time": [0.03679289817810059, 0.029442882537841795, 0.017252731323242187, 0.042882251739501956, 0.028438520431518555], "std_score_time": [0.015553485686130695, 0.033341800939375485, 0.013634396903298856, 0.012207991640860765, 0.013147416043927829]}, "score": 0.923008658008658}, "ComplementNB": {"params": {"classification__alpha": 1.0}, "times": {"mean_fit_time": [0.19277691841125488, 0.20067758560180665, 0.20935254096984862, 0.2081005573272705, 0.19681200981140137], "std_fit_time": [0.053480233183371716, 0.03030355539513314, 0.04037934510703769, 0.033053624536676686, 0.02001642309988011], "mean_score_time": [0.035131072998046874, 0.03623976707458496, 0.00895380973815918, 0.023753929138183593, 0.0413416862487793], "std_score_time": [0.014434857010054054, 0.012448346422634565, 0.004153345818114418, 0.008568596483231862, 0.0056161880424338865]}, "score": 0.7554978354978353}}