{"[NN]NeuralNetwork": {"params": {"classification__epochs": 15, "classification__batch_size": 20}, "times": {"mean_fit_time": [4.460510301589966, 4.560106372833252, 4.312650871276856, 3.1071855545043947, 4.211682748794556, 3.309482479095459, 3.3064430236816404, 3.4302019596099855, 3.1214882850646974, 3.400808906555176], "std_fit_time": [0.8175969722243085, 0.8652012796281356, 0.44311158511771515, 0.6146343505360328, 0.8919437648094833, 0.3883074989851104, 0.7509759359306831, 0.31077191177431557, 0.3426105792843269, 0.3524028272572256], "mean_score_time": [0.34267873764038087, 0.26690282821655276, 0.3030240535736084, 0.2804880619049072, 0.22917685508728028, 0.3267493724822998, 0.2923562526702881, 0.28231210708618165, 0.3240687847137451, 0.2522275447845459], "std_score_time": [0.1343797747842649, 0.16399214634822126, 0.10433853683486286, 0.08386184953298034, 0.05379154992196528, 0.07500659767258819, 0.17435883680546882, 0.08538294527833837, 0.0759301356486742, 0.11444983180110357]}, "score": 0.8637936507936509}, "RandomForestClassifier": {"params": {"classification__n_estimators": 1000, "classification__min_samples_split": 2, "classification__min_samples_leaf": 2, "classification__max_features": "sqrt", "classification__max_depth": null, "classification__bootstrap": true}, "times": {"mean_fit_time": [3.9816696643829346, 4.125331020355224, 3.495991849899292], "std_fit_time": [0.3550967504759668, 0.3796694312627941, 0.038914984504094995], "mean_score_time": [0.004180479049682617, 0.004638862609863281, 0.0038251876831054688], "std_score_time": [0.0007285287731236755, 0.0008124388024008145, 0.000964552375037478]}, "score": 0.9653333333333334}, "KNeighborsClassifier": {"params": {"classification__weights": "distance", "classification__n_neighbors": 3, "classification__metric": "manhattan", "classification__leaf_size": 16}, "times": {"mean_fit_time": [0.054365682601928714, 0.06343564987182618, 0.03714170455932617], "std_fit_time": [0.015539741513918518, 0.012351232230849881, 0.010580123154735084], "mean_score_time": [0.010846138000488281, 0.01010127067565918, 0.011966419219970704], "std_score_time": [0.0013698359162765703, 0.0004398053549106847, 0.0017535578411658707]}, "score": 0.25666666666666665}, "ComplementNB": {"params": {"classification__alpha": 0}, "times": {"mean_fit_time": [0.00873112678527832, 0.004536056518554687, 0.006926107406616211], "std_fit_time": [0.00247305939910518, 0.0003123486708800646, 0.0009250896047238435], "mean_score_time": [0.0017858505249023437, 0.0012381553649902343, 0.001375293731689453], "std_score_time": [0.0006113390942926141, 3.0417352246589007e-05, 1.8475578583522264e-05]}, "score": 0.7935555555555556}, "LogisticRegression": {"params": {"classification__solver": "sag", "classification__C": 0.1}, "times": {"mean_fit_time": [0.626103687286377, 1.014563512802124, 1.2244438171386718], "std_fit_time": [0.10658433015282982, 0.13750706165037052, 0.05517186526298984], "mean_score_time": [0.03239870071411133, 0.04626307487487793, 0.037688922882080075], "std_score_time": [0.006738395018190523, 0.013067729835981362, 0.004996150533898681]}, "score": 0.7811111111111112}}