{"[NN]NeuralNetwork": {"params": {"classification__epochs": 20, "classification__batch_size": 25}, "times": {"mean_fit_time": [67.94358925819397, 56.65540657043457, 65.5273422241211, 53.76106419563293, 64.23473906517029, 45.544262170791626, 42.56341190338135, 59.81512899398804, 49.21935477256775, 60.478882789611816], "std_fit_time": [3.187538263104163, 0.4492755927529242, 0.2872182233382536, 0.7767402474863377, 0.37778784470186677, 1.0324599080732468, 0.9090715446666285, 0.6733028032714685, 0.6188646332089409, 0.5586967914060768], "mean_score_time": [0.16884422302246094, 0.8092090129852295, 0.2900845050811768, 0.9362313747406006, 0.3186514854431152, 1.6022287845611571, 1.3603124141693115, 0.8060174465179444, 1.8156084537506103, 0.6523513793945312], "std_score_time": [0.030670042191544306, 0.10451651018268149, 0.05776450472137045, 0.17076291475568497, 0.11540500643760877, 0.2745018898552502, 0.429249468279434, 0.2003750260282977, 0.4287221533977665, 0.20751897209128087]}, "score": 0.9746830946830947}, "RandomForestClassifier": {"params": {"classification__n_estimators": 500, "classification__min_samples_split": 10, "classification__min_samples_leaf": 1, "classification__max_features": "log2", "classification__max_depth": null, "classification__bootstrap": true}, "times": {"mean_fit_time": [2.1216685295104982, 6.13581018447876, 15.188710594177246, 1.4002708911895752, 2.5625679016113283], "std_fit_time": [0.07837447673301373, 0.15457012116421462, 0.2513146370278045, 0.072874169479678, 0.08539187136516677], "mean_score_time": [0.03923296928405762, 0.046302080154418945, 0.05849809646606445, 0.012125539779663085, 0.038380765914916994], "std_score_time": [0.021211483747457408, 0.039548426394003904, 0.04528385403527253, 0.01168094799182049, 0.03471851453812562]}, "score": 0.9962121212121213}, "KNeighborsClassifier": {"params": {"classification__weights": "uniform", "classification__n_neighbors": 7, "classification__metric": "manhattan", "classification__leaf_size": 20}, "times": {"mean_fit_time": [0.09354076385498047, 0.12623167037963867, 0.14730634689331054, 0.10701661109924317, 0.10346856117248535], "std_fit_time": [0.03815185070635928, 0.011437900434035045, 0.021518962670215386, 0.05556038644158086, 0.04214076642736204], "mean_score_time": [0.01802401542663574, 0.02012629508972168, 0.012040424346923827, 0.024947357177734376, 0.023002099990844727], "std_score_time": [0.006129148595169847, 0.009319239313427517, 0.0076744066684094935, 0.01986633541153735, 0.01571753471438045]}, "score": 0.9375757575757575}, "ComplementNB": {"params": {"classification__alpha": 0.5}, "times": {"mean_fit_time": [0.17858786582946778, 0.21697163581848145, 0.21955008506774903, 0.2673513412475586, 0.21216373443603515], "std_fit_time": [0.03376038115144581, 0.049913217041721844, 0.06594640300917576, 0.05522251216056546, 0.05353429570809715], "mean_score_time": [0.02539534568786621, 0.019293880462646483, 0.02145557403564453, 0.09643936157226562, 0.09558596611022949], "std_score_time": [0.01732607143378795, 0.014366064999977016, 0.022533089111031135, 0.024008339049226324, 0.02062498685599161]}, "score": 0.7068181818181818}}