{"[NN]NeuralNetwork": {"params": {"classification__epochs": 20, "classification__batch_size": 25}, "times": {"mean_fit_time": [70.67219138145447, 66.77239050865174, 71.76697068214416, 57.7575083732605, 69.25450220108033, 44.96945810317993, 63.29780464172363, 72.81366124153138, 61.726350450515746, 49.47177248001098], "std_fit_time": [0.2786625567087908, 0.7247173357750398, 0.25605971065788363, 1.1267391949914691, 0.4704219745572452, 0.4826717911252804, 0.9530522432874733, 0.1359003767664562, 0.4391516756625907, 0.6254305290672905], "mean_score_time": [0.44927301406860354, 0.5443911075592041, 0.24806642532348633, 1.1624886989593506, 0.5847793579101562, 2.21106219291687, 1.3993667125701905, 0.17899184226989745, 1.821993923187256, 2.149039363861084], "std_score_time": [0.09405718705420346, 0.06258268017780601, 0.05675069908076515, 0.3809038834586516, 0.04568847261629189, 0.332879425225548, 0.3961180774712918, 0.026875626183692197, 0.07681953479093444, 0.21758831904531706]}, "score": 0.980387112887113}, "RandomForestClassifier": {"params": {"classification__n_estimators": 1000, "classification__min_samples_split": 5, "classification__min_samples_leaf": 1, "classification__max_features": "log2", "classification__max_depth": null, "classification__bootstrap": false}, "times": {"mean_fit_time": [0.41116628646850584, 4.959987545013428, 0.07821445465087891, 0.0948936939239502, 4.569176387786865], "std_fit_time": [0.06278981557922036, 0.16888930147067788, 0.010772944158271448, 0.015628320517919538, 0.3055054978915786], "mean_score_time": [0.0036263465881347656, 0.05578670501708984, 0.00522909164428711, 0.004384613037109375, 0.03662724494934082], "std_score_time": [0.0031457289574903556, 0.03373038655048231, 0.00322087389361646, 0.002400656847424344, 0.033134230513999635]}, "score": 0.9936363636363638}, "KNeighborsClassifier": {"params": {"classification__weights": "distance", "classification__n_neighbors": 5, "classification__metric": "manhattan", "classification__leaf_size": 23}, "times": {"mean_fit_time": [0.12269778251647949, 0.14062113761901857, 0.14321432113647461, 0.1054117202758789, 0.19266695976257325], "std_fit_time": [0.044268613675673765, 0.034686087847300054, 0.041498079038932434, 0.03982010495441551, 0.07153624308552388], "mean_score_time": [0.014294767379760742, 0.01992630958557129, 0.02902255058288574, 0.03117647171020508, 0.04020490646362305], "std_score_time": [0.007999432413240078, 0.01224563856332839, 0.019747237140739345, 0.017440874645355958, 0.03080996772380947]}, "score": 0.1810714285714286}, "ComplementNB": {"params": {"classification__alpha": 1.0}, "times": {"mean_fit_time": [0.28856515884399414, 0.21396422386169434, 0.2939396858215332, 0.3089253902435303, 0.31763453483581544], "std_fit_time": [0.05339466146356671, 0.039863370133912876, 0.10767989148669038, 0.059303695421157286, 0.038432413020480026], "mean_score_time": [0.010675668716430664, 0.02098674774169922, 0.013636493682861328, 0.04242219924926758, 0.03475208282470703], "std_score_time": [0.007735278757457419, 0.009574777398262615, 0.01148022202332529, 0.009571929387677843, 0.01922116016369638]}, "score": 0.7579112554112554}}