{"[NN]NeuralNetwork": {"params": {"classification__epochs": 20, "classification__batch_size": 25}, "times": {"mean_fit_time": [59.42518143653869, 55.92532501220703, 71.5177396774292, 70.33293490409851, 46.36442766189575, 63.07861337661743, 49.293523645401, 68.56350989341736, 66.74533495903015, 63.74916405677796], "std_fit_time": [0.49478687799669674, 0.6528103983348144, 0.22766035536444026, 0.3231665359437976, 1.0325532313385815, 0.7093762097493341, 0.46583036074397316, 0.7733452554991705, 0.7037645294308708, 1.1577412669024185], "mean_score_time": [0.8738106250762939, 1.58171648979187, 0.1396411895751953, 0.16755099296569825, 2.2379148960113526, 1.0621379375457765, 1.7621978759765624, 0.25098624229431155, 0.4562201023101807, 0.8775601863861084], "std_score_time": [0.2473651305436305, 0.24483749918070408, 0.021317520205030412, 0.05018131374199345, 0.35499792980259703, 0.1671125753698407, 0.28217892217650115, 0.09257849094261324, 0.1923744087857025, 0.261350952362343]}, "score": 0.9714573305482397}, "RandomForestClassifier": {"params": {"classification__n_estimators": 100, "classification__min_samples_split": 2, "classification__min_samples_leaf": 1, "classification__max_features": "log2", "classification__max_depth": 10, "classification__bootstrap": true}, "times": {"mean_fit_time": [0.5956963539123535, 0.5302340507507324, 5.009056425094604, 0.8287810802459716, 0.9857784271240234], "std_fit_time": [0.06024144513012802, 0.13767901252460354, 0.5159115241489796, 0.13883681943076143, 0.09859862477580987], "mean_score_time": [0.056427526473999026, 0.020727205276489257, 0.028701639175415038, 0.12663912773132324, 0.08343167304992676], "std_score_time": [0.028223466835425683, 0.02119964099532035, 0.024729248637788394, 0.0722950270463563, 0.06089814978523998]}, "score": 0.9943939393939394}, "KNeighborsClassifier": {"params": {"classification__weights": "uniform", "classification__n_neighbors": 19, "classification__metric": "manhattan", "classification__leaf_size": 26}, "times": {"mean_fit_time": [0.2055276870727539, 0.3643362045288086, 0.314254903793335, 0.2666189193725586, 0.20351238250732423], "std_fit_time": [0.0967095488860087, 0.0900602390734205, 0.07020850669847513, 0.07224627922048486, 0.052060888848821256], "mean_score_time": [0.053284502029418944, 0.01859593391418457, 0.048033618927001955, 0.017626476287841798, 0.019965457916259765], "std_score_time": [0.016072599956959834, 0.009774697377642489, 0.031942691834717034, 0.017108506833425432, 0.008401001893703252]}, "score": 0.923008658008658}, "ComplementNB": {"params": {"classification__alpha": 1.0}, "times": {"mean_fit_time": [0.2077773094177246, 0.1916212558746338, 0.2118274211883545, 0.49416351318359375, 0.23508729934692382], "std_fit_time": [0.043313938790928264, 0.048214234500978545, 0.044668997008664474, 0.19859086453057953, 0.14496727812773658], "mean_score_time": [0.03485918045043945, 0.02761993408203125, 0.0396364688873291, 0.10536603927612305, 0.06437087059020996], "std_score_time": [0.023602006592759982, 0.02466905645395976, 0.023395462860835187, 0.03955479149801583, 0.026182211340294782]}, "score": 0.7554978354978353}}