{"[NN]NeuralNetwork": {"params": {"classification__epochs": 20, "classification__batch_size": 20}, "times": {"mean_fit_time": [42.71123571395874, 65.54335045814514, 58.89835596084595, 62.43909220695495, 49.14597301483154, 67.46831355094909, 59.06989603042602, 66.49942989349366, 44.87514352798462, 68.95704507827759], "std_fit_time": [0.810053804436945, 0.6444820654414634, 0.7468645187998625, 0.6292448997455101, 0.49327635913755835, 0.44699928520454585, 7.580805552957463, 0.4888909580383479, 0.8440724918660633, 0.23011170072779705], "mean_score_time": [1.7778360366821289, 0.5018881797790528, 0.9886398315429688, 0.5795781135559082, 2.445463466644287, 0.3417189121246338, 0.9291985988616943, 0.5542656421661377, 2.1920944690704345, 0.1685708522796631], "std_score_time": [0.35172893520408205, 0.18059502799215668, 0.2381718697225677, 0.28084335705272884, 0.18718298660326183, 0.13620468342801467, 0.46154238957320853, 0.1182873748497314, 0.222727941101408, 0.029683935385195544]}, "score": 0.9608660279114825}, "RandomForestClassifier": {"params": {"classification__n_estimators": 200, "classification__min_samples_split": 5, "classification__min_samples_leaf": 1, "classification__max_features": "sqrt", "classification__max_depth": 20, "classification__bootstrap": true}, "times": {"mean_fit_time": [0.6028495311737061, 1.7894063949584962, 2.4039327621459963, 0.8946078777313232, 1.4310713291168213], "std_fit_time": [0.12837509197711794, 0.06914087440540076, 0.12321021064086417, 0.0701941013878264, 0.08690478149292019], "mean_score_time": [0.02497873306274414, 0.024841690063476564, 0.05144491195678711, 0.028208112716674803, 0.029025983810424805], "std_score_time": [0.018653097895882657, 0.021267327345490722, 0.03654440221111049, 0.02457974522799626, 0.026698223838022082]}, "score": 0.9936363636363638}, "KNeighborsClassifier": {"params": {"classification__weights": "distance", "classification__n_neighbors": 7, "classification__metric": "minkowski", "classification__leaf_size": 20}, "times": {"mean_fit_time": [0.10383782386779786, 0.08051695823669433, 0.12639760971069336, 0.05927166938781738, 0.06589460372924805], "std_fit_time": [0.05183811176800506, 0.008936265636529241, 0.027303060619331705, 0.009901008979059883, 0.016934791301862567], "mean_score_time": [0.01533808708190918, 0.022181081771850585, 0.017019891738891603, 0.012691545486450195, 0.009809207916259766], "std_score_time": [0.006848483316773164, 0.012523556854941633, 0.017062762655022143, 0.005959397402423237, 0.004822693448017494]}, "score": 0.1568903318903319}, "ComplementNB": {"params": {"classification__alpha": 1.0}, "times": {"mean_fit_time": [0.23409037590026854, 0.21356372833251952, 0.1750307559967041, 0.18648314476013184, 0.1733236789703369], "std_fit_time": [0.03664136127116723, 0.05527499937972975, 0.03239871747741221, 0.028117852183471848, 0.042245286063620144], "mean_score_time": [0.04519524574279785, 0.023096132278442382, 0.03018980026245117, 0.04486932754516602, 0.04366235733032227], "std_score_time": [0.03278866175989918, 0.01992191634851088, 0.024032398529346303, 0.018545558777558546, 0.016941623755080022]}, "score": 0.7784054834054833}}