{"[NN]NeuralNetwork": {"params": {"classification__epochs": 20, "classification__batch_size": 25}, "times": {"mean_fit_time": [52.38309350013733, 44.88788967132568, 43.53651552200317, 68.36346988677978, 62.33084273338318, 59.25224494934082, 47.43867044448852, 67.68153014183045, 64.92024426460266, 62.25253205299377], "std_fit_time": [0.9213875008969163, 20.99302480313934, 1.0109340987239954, 3.689092082771488, 5.683551304660888, 1.0046651028241915, 0.8672250610160929, 0.11493318023416066, 0.41422426023604275, 0.7651637982237663], "mean_score_time": [1.131859540939331, 1.0422603130340575, 2.1669060707092287, 0.20687665939331054, 0.753964614868164, 0.8075811386108398, 2.3527242660522463, 0.24294347763061525, 0.5323139667510987, 0.5994348526000977], "std_score_time": [0.23355506847325838, 0.5243825049913384, 0.3835358020968544, 0.03133479738492386, 0.34436765871103786, 0.14088823952729312, 0.054375289398291296, 0.04214264650647027, 0.09786080225469496, 0.12235513889607501]}, "score": 0.958102453102453}, "RandomForestClassifier": {"params": {"classification__n_estimators": 100, "classification__min_samples_split": 10, "classification__min_samples_leaf": 4, "classification__max_features": "log2", "classification__max_depth": 10, "classification__bootstrap": false}, "times": {"mean_fit_time": [18.413672971725465, 8.909167766571045, 0.858771562576294, 1.3658524990081786, 7.641850233078003], "std_fit_time": [1.6423278530272423, 0.5093110537327733, 0.19140869524307516, 0.232158568086712, 1.0139529171032777], "mean_score_time": [0.07291269302368164, 0.030170392990112305, 0.038595056533813475, 0.0412653923034668, 0.032492637634277344], "std_score_time": [0.08249307598010701, 0.01656014700502735, 0.05251478166629424, 0.02388079018423224, 0.031058634727015186]}, "score": 0.9822077922077922}, "KNeighborsClassifier": {"params": {"classification__weights": "uniform", "classification__n_neighbors": 9, "classification__metric": "minkowski", "classification__leaf_size": 16}, "times": {"mean_fit_time": [0.08035864830017089, 0.08136887550354004, 0.08340444564819335, 0.06310129165649414, 0.06158123016357422], "std_fit_time": [0.02214784039946165, 0.024393763404388438, 0.015254651919627568, 0.016476887533252632, 0.014703445044340053], "mean_score_time": [0.01372528076171875, 0.007098865509033203, 0.007814645767211914, 0.010977554321289062, 0.010124969482421874], "std_score_time": [0.007677969975542028, 0.0027113574063346094, 0.0036247843293402745, 0.0028738943340156273, 0.0019386994490531338]}, "score": 0.8572005772005772}, "ComplementNB": {"params": {"classification__alpha": 0}, "times": {"mean_fit_time": [0.18241572380065918, 0.2354356288909912, 0.19524846076965333, 0.21600093841552734, 0.21822552680969237], "std_fit_time": [0.032276732125161654, 0.03665663424559393, 0.008633303002782264, 0.0527979779436438, 0.04510698372846089], "mean_score_time": [0.06134309768676758, 0.029733657836914062, 0.0399691104888916, 0.04742789268493652, 0.04699153900146484], "std_score_time": [0.041548807723645546, 0.03938919346449634, 0.008879020009613658, 0.03241942967176448, 0.025071502405597895]}, "score": 0.7284776334776335}}