{"[NN]NeuralNetwork": {"params": {"classification__epochs": 20, "classification__batch_size": 25}, "times": {"mean_fit_time": [58.866103172302246, 46.07452969551086, 62.80728788375855, 71.18284630775452, 68.68756351470947, 66.45371265411377, 71.2015305519104, 49.87259311676026, 72.27273325920105, 55.24776701927185], "std_fit_time": [1.0513661653955295, 0.6308131225297626, 0.7317767615773999, 2.266957419311152, 0.8539377605499396, 0.8367010456954334, 0.31637733930559775, 0.6648255897600197, 0.172490278943247, 1.0180625100758087], "mean_score_time": [1.0092913627624511, 2.360132598876953, 0.747901725769043, 0.3338271141052246, 0.4518186092376709, 0.6755759239196777, 0.2245659351348877, 2.0052920818328857, 0.15962448120117187, 1.4126924514770507], "std_score_time": [0.39874557132758887, 0.1908928662205588, 0.25129601802571483, 0.10045276533852587, 0.201176101922553, 0.10295927513522243, 0.08570727278482833, 0.2036543201511698, 0.02826995972666406, 0.258823971371154]}, "score": 0.9550330297408219}, "RandomForestClassifier": {"params": {"classification__n_estimators": 200, "classification__min_samples_split": 5, "classification__min_samples_leaf": 1, "classification__max_features": null, "classification__max_depth": 80, "classification__bootstrap": true}, "times": {"mean_fit_time": [0.5754016399383545, 0.6168779850006103, 2.352267599105835, 4.145744132995605, 0.7108788967132569], "std_fit_time": [0.04850491536049517, 0.07312088135737443, 0.30235350606166284, 0.24609225331818957, 0.027980126079590363], "mean_score_time": [0.0504645824432373, 0.033815193176269534, 0.007496261596679687, 0.026149797439575195, 0.024134016036987303], "std_score_time": [0.028133142535830213, 0.04736307037683288, 0.005295930457940523, 0.011491501844875173, 0.0198745497761308]}, "score": 0.9870562770562771}, "KNeighborsClassifier": {"params": {"classification__weights": "uniform", "classification__n_neighbors": 17, "classification__metric": "euclidean", "classification__leaf_size": 23}, "times": {"mean_fit_time": [0.1012716293334961, 0.10624032020568848, 0.0902869701385498, 0.07948875427246094, 0.07383642196655274], "std_fit_time": [0.0259704376574076, 0.024775758693476424, 0.0203531854369156, 0.008688137609543336, 0.019214400656930544], "mean_score_time": [0.01841421127319336, 0.01637115478515625, 0.01597886085510254, 0.028817081451416017, 0.012516450881958009], "std_score_time": [0.0056990084028537185, 0.008038813727603377, 0.005206132163044383, 0.009781008276429859, 0.0037636204612427324]}, "score": 0.7499082663368378}, "ComplementNB": {"params": {"classification__alpha": 0.5}, "times": {"mean_fit_time": [0.35005688667297363, 0.3443612098693848, 0.3005411624908447, 0.2266012191772461, 0.1944000244140625], "std_fit_time": [0.09128638317841119, 0.10259917552536961, 0.1345673953851535, 0.035657390546386676, 0.04968989141820842], "mean_score_time": [0.004764270782470703, 0.0041119098663330075, 0.01858859062194824, 0.052811050415039064, 0.06501827239990235], "std_score_time": [0.0029114943200521984, 0.0020665937851088965, 0.012933539487029777, 0.008281138893987114, 0.02296588205907074]}, "score": 0.711991341991342}}