{"[NN]NeuralNetwork": {"params": {"classification__epochs": 20, "classification__batch_size": 30}, "times": {"mean_fit_time": [3.3315821647644044, 3.0657896518707277, 3.595661163330078, 2.9842445850372314, 3.2968437671661377, 3.3038252353668214, 2.843628740310669, 2.5366092205047606, 3.395770311355591, 2.451086473464966], "std_fit_time": [0.6514877418106304, 0.5286996507790185, 0.7998896490695849, 0.44011745354311227, 0.48524930928778964, 0.7963926046599062, 0.42953240764270084, 0.17985356819065637, 0.6111501869676745, 0.38760940815716477], "mean_score_time": [0.3076007843017578, 0.2761895179748535, 0.23914098739624023, 0.3199619770050049, 0.2200756549835205, 0.32194223403930666, 0.2534524917602539, 0.3367894172668457, 0.2380075454711914, 0.300413179397583], "std_score_time": [0.11783317620284496, 0.049044064034700914, 0.08515556624673451, 0.11549700634835372, 0.06172761090536839, 0.029428089283428514, 0.03430166707716786, 0.061822147551892324, 0.05106322473531929, 0.04903069681651508]}, "score": 0.9160158730158731}, "RandomForestClassifier": {"params": {"classification__n_estimators": 10, "classification__min_samples_split": 5, "classification__min_samples_leaf": 4, "classification__max_features": null, "classification__max_depth": 50, "classification__bootstrap": true}, "times": {"mean_fit_time": [0.8862745761871338, 0.05119481086730957, 0.05579628944396973], "std_fit_time": [0.054555826227853293, 0.00698113168223467, 0.010347982482320436], "mean_score_time": [0.0018467903137207031, 0.0017431259155273437, 0.001182222366333008], "std_score_time": [0.00022848716126116646, 0.00039615249425328634, 0.00013224428471055714]}, "score": 0.9800000000000001}, "KNeighborsClassifier": {"params": {"classification__weights": "uniform", "classification__n_neighbors": 1, "classification__metric": "minkowski", "classification__leaf_size": 10}, "times": {"mean_fit_time": [0.0410712718963623, 0.04049339294433594, 0.03636040687561035], "std_fit_time": [0.017590849493218205, 0.016536937867735156, 0.00762382878093686], "mean_score_time": [0.009486818313598632, 0.009239768981933594, 0.008431768417358399], "std_score_time": [0.001319556738027174, 0.0007505711721762691, 0.00047345407563890556]}, "score": 0.96}, "ComplementNB": {"params": {"classification__alpha": 0}, "times": {"mean_fit_time": [0.00485382080078125, 0.005592536926269531, 0.007920122146606446], "std_fit_time": [0.0006662564700686139, 0.0010729181008621608, 0.0016460790870300361], "mean_score_time": [0.0012631893157958984, 0.001519012451171875, 0.0014580249786376952], "std_score_time": [0.00020949803508935492, 0.00042406223640725744, 0.00019603601988991577]}, "score": 0.6826666666666668}, "LogisticRegression": {"params": {"classification__solver": "lbfgs", "classification__C": 100}, "times": {"mean_fit_time": [0.18200063705444336, 0.580363416671753, 0.3561267375946045], "std_fit_time": [0.06255439800161784, 0.06932472273771953, 0.1037929358937238], "mean_score_time": [0.003643369674682617, 0.03107137680053711, 0.0021428585052490233], "std_score_time": [0.002926130616823036, 0.004075413476717266, 0.000553421351311931]}, "score": 0.8246666666666667}}