{"[NN]NeuralNetwork": {"params": {"classification__epochs": 20, "classification__batch_size": 20}, "times": {"mean_fit_time": [4.6332673072814945, 4.190653467178345, 3.620818519592285, 3.6828379154205324, 3.7163413047790526, 4.4739892959594725, 3.959342336654663, 3.5571791172027587, 3.227909231185913, 3.7085822582244874], "std_fit_time": [0.5546736605652952, 0.8960244953477523, 0.6463870909544618, 0.3567855783108595, 0.690529910711521, 0.9984270797578957, 0.6731761831612952, 0.60980986789843, 0.3235413579133723, 0.4671176961693871], "mean_score_time": [0.4769029140472412, 0.5782504081726074, 0.5978583812713623, 0.35126729011535646, 0.29411115646362307, 0.31700716018676756, 0.44062294960021975, 0.30210185050964355, 0.38820953369140626, 0.37167720794677733], "std_score_time": [0.13730598909404895, 0.29277491375499015, 0.040353969712936505, 0.1170833147007772, 0.09926971817907437, 0.0564545714515605, 0.14496097496860497, 0.10251721729845494, 0.1558244188550353, 0.054300422241982706]}, "score": 0.8649494949494949}, "RandomForestClassifier": {"params": {"classification__n_estimators": 10, "classification__min_samples_split": 2, "classification__min_samples_leaf": 4, "classification__max_features": "sqrt", "classification__max_depth": 10, "classification__bootstrap": true}, "times": {"mean_fit_time": [0.9491783142089844, 0.04791393280029297, 0.04096999168395996], "std_fit_time": [0.043394690377304486, 0.009488650311462822, 0.0036304504471527783], "mean_score_time": [0.0018326282501220704, 0.0014281749725341796, 0.0014607906341552734], "std_score_time": [0.00032991434305581515, 0.0002279401021886266, 0.00016601611421754927]}, "score": 0.9876190476190476}, "KNeighborsClassifier": {"params": {"classification__weights": "uniform", "classification__n_neighbors": 9, "classification__metric": "minkowski", "classification__leaf_size": 10}, "times": {"mean_fit_time": [0.039809370040893556, 0.034948301315307614, 0.027825689315795897], "std_fit_time": [0.019045975379875294, 0.016222110013180302, 0.0010082862550388197], "mean_score_time": [0.009293937683105468, 0.009242105484008788, 0.012333822250366212], "std_score_time": [0.0011819738888862693, 0.0003676261230717906, 0.004689404259547016]}, "score": 0.980952380952381}, "ComplementNB": {"params": {"classification__alpha": 0}, "times": {"mean_fit_time": [0.005761289596557617, 0.004929065704345703, 0.006667947769165039], "std_fit_time": [0.0013014277048015695, 0.0009511921170061907, 0.0007583875856828061], "mean_score_time": [0.0014940261840820312, 0.0014882087707519531, 0.0013243675231933594], "std_score_time": [0.00026083426672410476, 0.0004890833679416253, 0.00015113145924908943]}, "score": 0.7086666666666667}, "LogisticRegression": {"params": {"classification__solver": "saga", "classification__C": 10}, "times": {"mean_fit_time": [1.0068471431732178, 0.7535828113555908, 1.4576286315917968], "std_fit_time": [0.07530704258468585, 0.2058946403953768, 0.0999184357361717], "mean_score_time": [0.044333267211914065, 0.03851041793823242, 0.04372091293334961], "std_score_time": [0.017899932530971985, 0.005000936232194751, 0.002723550435439257]}, "score": 0.7838095238095237}}