{"[NN]NeuralNetwork": {"params": {"classification__epochs": 20, "classification__batch_size": 25}, "times": {"mean_fit_time": [67.69402437210083, 59.24729900360107, 66.69955773353577, 53.54492378234863, 46.86532654762268, 57.96303238868713, 65.16333122253418, 42.31841883659363, 69.12352294921875, 62.49757542610168], "std_fit_time": [0.42934397143105774, 0.8231597304308523, 0.845654794531228, 0.7366998352011612, 0.28092077454021824, 0.6128249309804686, 0.8372978010337865, 0.40666759983239625, 0.26073621875907144, 0.6575512218559093], "mean_score_time": [0.4296602725982666, 1.1628924369812013, 0.5243773937225342, 1.229777956008911, 2.792911672592163, 1.4755223274230957, 0.47226243019104003, 1.720621395111084, 0.18984832763671874, 0.5715817451477051], "std_score_time": [0.13121585852573575, 0.1279619854223626, 0.05378977540595524, 0.31728555014177445, 0.35292960464788214, 0.05518836540067326, 0.04828717307008189, 0.16611910392348947, 0.070642178088432, 0.06350236237259228]}, "score": 0.970264331627968}, "RandomForestClassifier": {"params": {"classification__n_estimators": 50, "classification__min_samples_split": 5, "classification__min_samples_leaf": 2, "classification__max_features": "log2", "classification__max_depth": 30, "classification__bootstrap": true}, "times": {"mean_fit_time": [8.33308801651001, 1.1288883209228515, 0.159312105178833, 0.30910372734069824, 1.9177249908447265], "std_fit_time": [1.086964314854647, 0.06615804720928933, 0.023753954176725357, 0.0431660799981729, 0.41268097031120216], "mean_score_time": [0.03266267776489258, 0.05559482574462891, 0.004656076431274414, 0.011904096603393555, 0.007822370529174805], "std_score_time": [0.02421147156194418, 0.05305944075742287, 0.00282900579253438, 0.008353627760721391, 0.0059752431466444655]}, "score": 0.9969696969696968}, "KNeighborsClassifier": {"params": {"classification__weights": "uniform", "classification__n_neighbors": 17, "classification__metric": "euclidean", "classification__leaf_size": 20}, "times": {"mean_fit_time": [0.09940996170043945, 0.1113555908203125, 0.0912236213684082, 0.059154701232910153, 0.05758757591247558], "std_fit_time": [0.016122361524700538, 0.020708655749426354, 0.02598022746941689, 0.017160805323952668, 0.015569995957729711], "mean_score_time": [0.014454984664916992, 0.008056640625, 0.008323192596435547, 0.012115907669067384, 0.010945987701416016], "std_score_time": [0.0046156862407241315, 0.0009029937166623805, 0.0017594879683152339, 0.005127457055288386, 0.003468668701232678]}, "score": 0.7654545454545454}, "ComplementNB": {"params": {"classification__alpha": 0.5}, "times": {"mean_fit_time": [0.220751953125, 0.24129099845886232, 0.24953556060791016, 0.23552489280700684, 0.19219884872436524], "std_fit_time": [0.04336404027421882, 0.06359092892667169, 0.11404446191128105, 0.05887566925011058, 0.027477361550924655], "mean_score_time": [0.016158437728881835, 0.018109655380249022, 0.023375940322875977, 0.11644830703735351, 0.14324097633361815], "std_score_time": [0.011912585772683459, 0.013224765244171516, 0.02285433063944019, 0.04390388828278707, 0.0363438905725949]}, "score": 0.7154545454545456}}