{"[NN]NeuralNetwork": {"params": {"classification__epochs": 20, "classification__batch_size": 20}, "times": {"mean_fit_time": [66.72666416168212, 45.27576203346253, 62.147254610061644, 53.16920800209046, 42.33140864372253, 65.15400004386902, 63.7276195526123, 49.21862840652466, 59.12920036315918, 55.77673473358154], "std_fit_time": [0.1904503195185374, 0.809838800528458, 0.7100762890513692, 0.7712740495291426, 0.356734063006763, 0.3113906424149178, 0.44162630158760563, 2.0532199987481667, 0.35404632709979816, 0.6957828571913881], "mean_score_time": [0.17288341522216796, 1.8800068378448487, 0.44709362983703616, 0.8778042793273926, 3.13293137550354, 0.30081567764282224, 0.4682784080505371, 1.5517318725585938, 1.057639217376709, 1.0333768844604492], "std_score_time": [0.0436060199979066, 0.417518979350896, 0.14098960875172298, 0.1424814571896203, 0.351130443828286, 0.0687087286352587, 0.08967529705740789, 0.4443269036359513, 0.23536529220303845, 0.18763026179100453]}, "score": 0.9615909263516919}, "RandomForestClassifier": {"params": {"classification__n_estimators": 1000, "classification__min_samples_split": 5, "classification__min_samples_leaf": 2, "classification__max_features": "log2", "classification__max_depth": 10, "classification__bootstrap": false}, "times": {"mean_fit_time": [0.4509636878967285, 5.301891851425171, 7.023528432846069, 0.720393180847168, 6.712056398391724], "std_fit_time": [0.04644058606093453, 0.56594795011108, 0.5776585711504925, 0.07495779185883385, 0.16756103152657], "mean_score_time": [0.011274003982543945, 0.03755631446838379, 0.047751426696777344, 0.008788251876831054, 0.06762714385986328], "std_score_time": [0.008792197307731012, 0.035665303262684946, 0.03842302839924937, 0.005964906939744626, 0.03259406695449777]}, "score": 0.991060606060606}, "KNeighborsClassifier": {"params": {"classification__weights": "uniform", "classification__n_neighbors": 3, "classification__metric": "euclidean", "classification__leaf_size": 16}, "times": {"mean_fit_time": [0.09628863334655761, 0.10392122268676758, 0.08011350631713868, 0.0627892017364502, 0.0648303508758545], "std_fit_time": [0.023416863791344927, 0.015803810093932783, 0.017652071291323266, 0.012044734768611884, 0.012397104187314451], "mean_score_time": [0.01470651626586914, 0.011627960205078124, 0.009834575653076171, 0.012929439544677734, 0.013313388824462891], "std_score_time": [0.0033691147739506643, 0.004959939876086133, 0.002804001544030296, 0.004537456982945134, 0.004147768333368388]}, "score": 0.876991341991342}, "ComplementNB": {"params": {"classification__alpha": 0.5}, "times": {"mean_fit_time": [0.2740443229675293, 0.29433908462524416, 0.2713013172149658, 0.22887763977050782, 0.24585175514221191], "std_fit_time": [0.059120576209314046, 0.04447514618212857, 0.053461346801879674, 0.052964746997120525, 0.049084043580653984], "mean_score_time": [0.03368825912475586, 0.034914588928222655, 0.02407827377319336, 0.08031401634216309, 0.04483284950256348], "std_score_time": [0.019929812669688074, 0.02098426372871937, 0.02154840390001379, 0.04871647827805002, 0.013730621420026269]}, "score": 0.7441991341991342}}