{"[NN]NeuralNetwork": {"params": {"classification__epochs": 20, "classification__batch_size": 20}, "times": {"mean_fit_time": [64.48386006355285, 55.34804553985596, 44.49973073005676, 40.79587631225586, 32.42368068695068, 61.72770466804504, 38.595565509796145, 44.00125455856323, 62.89507250785827, 58.13546638488769], "std_fit_time": [0.17387351815672164, 0.7248290155796102, 3.05601706375886, 18.836861563498648, 14.651924196436998, 0.38792485340388444, 17.844588986890905, 20.499258470142628, 0.27749760358026815, 1.058511519471564], "mean_score_time": [0.20546679496765136, 0.8954235553741455, 1.1456359386444093, 1.2138028144836426, 1.3293588638305665, 0.4181055068969727, 0.8061339378356933, 0.8431023120880127, 0.2854348659515381, 0.6376965522766114], "std_score_time": [0.04283498339108896, 0.11659204476940146, 0.2994748680569681, 0.6584762976217517, 0.6660899816511135, 0.0490515983475716, 0.45823538756407306, 0.4367677106968639, 0.08107522048343462, 0.22473568482989797]}, "score": 0.9623507805325987}, "RandomForestClassifier": {"params": {"classification__n_estimators": 200, "classification__min_samples_split": 2, "classification__min_samples_leaf": 1, "classification__max_features": "log2", "classification__max_depth": 20, "classification__bootstrap": false}, "times": {"mean_fit_time": [0.8950518608093262, 3.431646966934204, 3.268073225021362, 0.8757847785949707, 2.884347105026245], "std_fit_time": [0.085588156769408, 0.1562588803451419, 0.24258002309172835, 0.08879009810370875, 0.139525240390238], "mean_score_time": [0.016849660873413087, 0.027063846588134766, 0.15556349754333496, 0.007216501235961914, 0.062115144729614255], "std_score_time": [0.013909882728916023, 0.01590461073723227, 0.13013149983555478, 0.008160051800772746, 0.053099917515031146]}, "score": 0.9924242424242424}, "KNeighborsClassifier": {"params": {"classification__weights": "uniform", "classification__n_neighbors": 9, "classification__metric": "manhattan", "classification__leaf_size": 23}, "times": {"mean_fit_time": [0.2058931350708008, 0.2501364707946777, 0.32868013381958006, 0.22667737007141114, 0.1941627025604248], "std_fit_time": [0.08048694083564017, 0.07764418653720676, 0.08511415505192894, 0.07323287671768791, 0.08944814713820796], "mean_score_time": [0.055289936065673825, 0.03873882293701172, 0.05427417755126953, 0.05153021812438965, 0.03497462272644043], "std_score_time": [0.013713391005134655, 0.017859332294833052, 0.05070212202094744, 0.012783488440184856, 0.016051779071108056]}, "score": 0.9484343434343433}, "ComplementNB": {"params": {"classification__alpha": 0.5}, "times": {"mean_fit_time": [0.36524624824523927, 0.2596427917480469, 0.305216121673584, 0.2413182258605957, 0.15983386039733888], "std_fit_time": [0.035931226994910186, 0.053823460653656126, 0.027791161554743884, 0.050156193521812845, 0.045441220315768784], "mean_score_time": [0.012719488143920899, 0.079310941696167, 0.03314805030822754, 0.05883173942565918, 0.05444068908691406], "std_score_time": [0.009095742148607259, 0.029289675912210707, 0.017695051614311414, 0.01416958450363015, 0.019436170011768263]}, "score": 0.7443434343434343}}