{"[NN]NeuralNetwork": {"params": {"classification__epochs": 20, "classification__batch_size": 25}, "times": {"mean_fit_time": [67.16088209152221, 57.24209089279175, 66.52635746002197, 54.64374217987061, 65.39911565780639, 46.76291437149048, 43.712731790542605, 60.74186267852783, 49.80361423492432, 62.40473642349243], "std_fit_time": [0.2831749948845851, 0.6358580052240806, 0.27662810386132153, 0.7170454514673845, 0.3009664653134969, 0.8597520592558923, 0.7725452262003601, 0.6434127113224707, 0.9689751745066867, 0.517691217173003], "mean_score_time": [0.16360392570495605, 1.4616564750671386, 0.23029274940490724, 1.4633184909820556, 0.3022940635681152, 1.8423813819885253, 1.9046306610107422, 0.5099611282348633, 1.2452377319335937, 0.3557889461517334], "std_score_time": [0.053604811797079974, 0.1314664113628657, 0.024312289802230744, 0.30357768045374917, 0.04388325968351904, 0.14955352582149756, 0.23073232906308078, 0.09158069402992848, 0.37280624593641243, 0.11332332003377077]}, "score": 0.9640517815517816}, "RandomForestClassifier": {"params": {"classification__n_estimators": 500, "classification__min_samples_split": 10, "classification__min_samples_leaf": 1, "classification__max_features": "log2", "classification__max_depth": null, "classification__bootstrap": true}, "times": {"mean_fit_time": [1.0197282791137696, 2.397399663925171, 11.877716064453125, 1.5234359741210937, 2.7188157558441164], "std_fit_time": [0.13164125100929586, 0.15888263678917036, 1.2764273423596062, 0.08194680067877595, 0.17537360327189022], "mean_score_time": [0.004923534393310547, 0.034186792373657224, 0.07918434143066407, 0.03384566307067871, 0.025667428970336914], "std_score_time": [0.0056551204707838846, 0.02716302857030257, 0.12352602897711756, 0.02501353062305268, 0.02167706510064004]}, "score": 0.9962121212121213}, "KNeighborsClassifier": {"params": {"classification__weights": "uniform", "classification__n_neighbors": 7, "classification__metric": "manhattan", "classification__leaf_size": 20}, "times": {"mean_fit_time": [0.14616169929504394, 0.18581709861755372, 0.24273209571838378, 0.203330135345459, 0.18628544807434083], "std_fit_time": [0.03472423023754642, 0.07453719276154971, 0.0676321385402807, 0.10371125610380144, 0.0716310367885565], "mean_score_time": [0.052394866943359375, 0.0401005744934082, 0.01401205062866211, 0.045311594009399415, 0.06813745498657227], "std_score_time": [0.03773480093131609, 0.019595531999367588, 0.010594922739145253, 0.02325997028240307, 0.03761677360879063]}, "score": 0.9375757575757575}, "ComplementNB": {"params": {"classification__alpha": 0.5}, "times": {"mean_fit_time": [0.36869211196899415, 0.5416684150695801, 0.4016890525817871, 0.4606470584869385, 0.5941549301147461], "std_fit_time": [0.11676979559387048, 0.18720449301570932, 0.16337049258722808, 0.2146770643364183, 0.21730389626608698], "mean_score_time": [0.00492401123046875, 0.006385993957519531, 0.005492591857910156, 0.09917025566101074, 0.14794797897338868], "std_score_time": [0.0037304093365833936, 0.006174100950451578, 0.003563179052780182, 0.025225501595066556, 0.02660849606005263]}, "score": 0.7068181818181818}}