{"[NN]NeuralNetwork": {"params": {"classification__epochs": 20, "classification__batch_size": 20}, "times": {"mean_fit_time": [5.501449966430664, 4.800550746917724, 4.916113376617432, 5.097146272659302, 4.104420137405396, 4.851447820663452, 5.439785289764404, 5.507205295562744, 5.711426782608032, 4.90033187866211], "std_fit_time": [0.5652118845720778, 1.0449498735173324, 0.4816732506008148, 1.1761425109189105, 0.5150786421048281, 0.4185820571826942, 0.8902318758033072, 0.3498623020287992, 0.8519735839622892, 0.45955528629237385], "mean_score_time": [0.5514062881469727, 0.5269296169281006, 0.556032133102417, 0.37207612991333006, 0.45862326622009275, 0.47446703910827637, 0.602078628540039, 0.7858301162719726, 0.6001607418060303, 0.6381679534912109], "std_score_time": [0.26548707461514026, 0.13512635940984719, 0.2014183812104891, 0.1184749432573327, 0.06573116058683132, 0.1359533773060438, 0.10852478218836495, 0.2992401493110439, 0.10798161068837693, 0.08478880708285899]}, "score": 0.8972380952380952}, "RandomForestClassifier": {"params": {"classification__n_estimators": 400, "classification__min_samples_split": 5, "classification__min_samples_leaf": 2, "classification__max_features": "log2", "classification__max_depth": 40, "classification__bootstrap": true}, "times": {"mean_fit_time": [1.5938651084899902, 1.0522751331329345, 1.5485615253448486], "std_fit_time": [0.08955915300972418, 0.14680268825329393, 0.34354622487812725], "mean_score_time": [0.0018016815185546875, 0.00174102783203125, 0.0022885799407958984], "std_score_time": [8.589350203317912e-05, 2.3971017033766387e-05, 0.0009755803688575214]}, "score": 0.9686666666666668}, "KNeighborsClassifier": {"params": {"classification__weights": "uniform", "classification__n_neighbors": 15, "classification__metric": "minkowski", "classification__leaf_size": 26}, "times": {"mean_fit_time": [0.02855205535888672, 0.02093958854675293, 0.02913661003112793], "std_fit_time": [0.015227610953683192, 0.0024999889498696108, 0.008202122437892251], "mean_score_time": [0.00892343521118164, 0.009961318969726563, 0.008888578414916993], "std_score_time": [0.0007647115363043254, 0.0010685648078453422, 0.00039958833225405016]}, "score": 0.9206666666666667}, "ComplementNB": {"params": {"classification__alpha": 0}, "times": {"mean_fit_time": [0.004053926467895508, 0.00532374382019043, 0.006522989273071289], "std_fit_time": [0.00012896594939034331, 0.0009015138673950332, 0.0010649167284420727], "mean_score_time": [0.0014361858367919922, 0.0020418167114257812, 0.0013843059539794921], "std_score_time": [0.00027427631890129, 0.0006375719191581577, 0.00025455309356970095]}, "score": 0.7186666666666666}, "LogisticRegression": {"params": {"classification__solver": "lbfgs", "classification__C": 0.01}, "times": {"mean_fit_time": [0.6206671714782714, 0.342238712310791, 0.3558924674987793], "std_fit_time": [0.03874295163409887, 0.030922457693974826, 0.021921035527717302], "mean_score_time": [0.039186716079711914, 0.001726675033569336, 0.0017055511474609376], "std_score_time": [0.009025612934419194, 0.0001886603911485328, 6.57125203052324e-05]}, "score": 0.8933333333333335}}