{"[NN]NeuralNetwork": {"params": {"classification__epochs": 15, "classification__batch_size": 25}, "times": {"mean_fit_time": [4.378887891769409, 4.288439512252808, 4.910144233703614, 4.405125570297241, 4.238084554672241, 5.659601211547852, 5.590054512023926, 4.706883811950684, 5.015034961700439, 5.099896097183228], "std_fit_time": [0.8027889457000306, 0.3649983769996918, 0.7001855273325384, 0.40018861009386225, 0.43898909402404535, 0.696097908726537, 0.7624066826878035, 0.7086985794175052, 0.33269543924661776, 0.6478787914327516], "mean_score_time": [0.685618257522583, 0.561424732208252, 0.6119861602783203, 0.590543556213379, 0.4792181968688965, 0.4961092472076416, 0.5454610824584961, 0.6320850372314453, 0.5508395195007324, 0.4949918746948242], "std_score_time": [0.08503152780258179, 0.19275098720932268, 0.13894228486449553, 0.1069236592502103, 0.14784716958276933, 0.03125009378258735, 0.14497459846343394, 0.15050872658737202, 0.1503599988610848, 0.08976773247645047]}, "score": 0.8516666666666668}, "RandomForestClassifier": {"params": {"classification__n_estimators": 300, "classification__min_samples_split": 10, "classification__min_samples_leaf": 4, "classification__max_features": "log2", "classification__max_depth": 20, "classification__bootstrap": true}, "times": {"mean_fit_time": [1.2863365650177, 0.9536395072937012, 1.168077039718628], "std_fit_time": [0.043136616858870054, 0.043822708717234385, 0.18458662711001805], "mean_score_time": [0.001752185821533203, 0.0017930030822753905, 0.0031158447265625], "std_score_time": [6.244517128406178e-05, 5.8712113307031e-05, 0.0014935116677573192]}, "score": 0.99}, "KNeighborsClassifier": {"params": {"classification__weights": "uniform", "classification__n_neighbors": 17, "classification__metric": "minkowski", "classification__leaf_size": 26}, "times": {"mean_fit_time": [0.028396081924438477, 0.03044900894165039, 0.02985692024230957], "std_fit_time": [0.006093883348366849, 0.0037492232322243794, 0.007709926032264839], "mean_score_time": [0.008934640884399414, 0.00881490707397461, 0.010165929794311523], "std_score_time": [0.0009918763599328813, 0.0013579690257512365, 0.0035889748436071685]}, "score": 0.9302857142857143}, "ComplementNB": {"params": {"classification__alpha": 0}, "times": {"mean_fit_time": [0.003868293762207031, 0.005730772018432617, 0.006366348266601563], "std_fit_time": [7.409524714917054e-05, 0.0012793417132727829, 0.0004505678085427755], "mean_score_time": [0.0013217926025390625, 0.0015749454498291016, 0.0012708187103271484], "std_score_time": [0.00022342957995953854, 0.000431017467338724, 0.00013025384571033741]}, "score": 0.7167619047619047}, "LogisticRegression": {"params": {"classification__solver": "sag", "classification__C": 0.1}, "times": {"mean_fit_time": [0.5596503734588623, 0.5691649913787842, 1.2199958324432374], "std_fit_time": [0.0642842971909804, 0.07270591862631849, 0.15740568458941148], "mean_score_time": [0.03219308853149414, 0.04106869697570801, 0.043299627304077146], "std_score_time": [0.0048670080516804515, 0.012511992638593107, 0.005382730420071979]}, "score": 0.8394285714285713}}