{"[NN]NeuralNetwork": {"params": {"classification__epochs": 20, "classification__batch_size": 20}, "times": {"mean_fit_time": [65.08657493591309, 71.48652362823486, 43.775277614593506, 61.468824243545534, 68.70333461761474, 67.27259297370911, 46.775920963287355, 55.49771862030029, 70.0798843383789, 59.56913585662842], "std_fit_time": [0.8351532057666469, 0.1897577791543977, 0.7479932486941779, 1.0317798988491476, 0.7023080592470441, 0.9299155736613103, 0.7452201035794039, 0.943247033474606, 0.4426188141901992, 0.9837729743635348], "mean_score_time": [0.6881561279296875, 0.17048745155334472, 2.2967060089111326, 1.38487811088562, 0.4055511474609375, 0.45551300048828125, 1.9297158241271972, 0.9694698810577392, 0.2928316593170166, 1.208123016357422], "std_score_time": [0.23377858249931815, 0.05787328492907548, 0.2896702945475266, 0.3171120898582894, 0.08136322531358364, 0.059823678881618166, 0.15452269554350337, 0.11151655996360038, 0.15426505127038964, 0.3154986846874691]}, "score": 0.9638066190663593}, "RandomForestClassifier": {"params": {"classification__n_estimators": 1000, "classification__min_samples_split": 5, "classification__min_samples_leaf": 4, "classification__max_features": "log2", "classification__max_depth": 80, "classification__bootstrap": false}, "times": {"mean_fit_time": [0.24153194427490235, 6.5123372077941895, 6.692799758911133, 7.001215267181396, 6.6873832702636715], "std_fit_time": [0.009140907733638827, 0.5306445426447204, 0.20902589103802602, 0.1205583607667306, 0.34795512926121447], "mean_score_time": [0.020047092437744142, 0.07760052680969239, 0.07227520942687989, 0.052669191360473634, 0.11706128120422363], "std_score_time": [0.00910347457932847, 0.059286390259127845, 0.04971576813569792, 0.03689774135999264, 0.08813793671752618]}, "score": 0.9940909090909091}, "KNeighborsClassifier": {"params": {"classification__weights": "uniform", "classification__n_neighbors": 1, "classification__metric": "manhattan", "classification__leaf_size": 13}, "times": {"mean_fit_time": [0.352613639831543, 0.5265857219696045, 0.19157862663269043, 0.12441453933715821, 0.18928327560424804], "std_fit_time": [0.18149524028844058, 0.10242842557023894, 0.14066334856686805, 0.07085520776465042, 0.06071357348279256], "mean_score_time": [0.16845917701721191, 0.07363228797912598, 0.14986763000488282, 0.024943113327026367, 0.023555850982666014], "std_score_time": [0.04943815509189769, 0.03703937884505794, 0.04452559723267014, 0.005691559027408087, 0.009314455359776307]}, "score": 0.9820995670995671}, "ComplementNB": {"params": {"classification__alpha": 0.5}, "times": {"mean_fit_time": [0.15812177658081056, 0.20832629203796388, 0.20391373634338378, 0.17751994132995605, 0.21184701919555665], "std_fit_time": [0.027262740630376887, 0.051480419175794774, 0.03380189558302164, 0.024715870811922745, 0.03189834801468272], "mean_score_time": [0.029842281341552736, 0.046891641616821286, 0.03199992179870605, 0.06201953887939453, 0.09148182868957519], "std_score_time": [0.012968372705483823, 0.022563645974087877, 0.01353771878978691, 0.021620889008140038, 0.03466815935631524]}, "score": 0.7117532467532468}}