{"[NN]NeuralNetwork": {"params": {"classification__epochs": 20, "classification__batch_size": 20}, "times": {"mean_fit_time": [64.66433806419373, 51.136432838439944, 63.198349475860596, 46.989163875579834, 66.01936621665955, 35.386231660842896, 56.45012950897217, 61.9166775226593, 57.17913370132446, 40.911741161346434], "std_fit_time": [0.3055764627218767, 0.7768088006375222, 0.5758943695873375, 0.8480299983378503, 0.2543813296668091, 16.34275871603274, 0.7453568018004174, 0.8018022627668233, 1.0511851826002558, 0.7574430213478526], "mean_score_time": [0.2798140525817871, 1.2899230003356934, 0.42710132598876954, 1.2228361129760743, 0.19176239967346193, 1.5181618213653565, 0.7449780464172363, 0.3651898384094238, 0.7061986923217773, 1.5325848579406738], "std_score_time": [0.1239197989700839, 0.1590303116702422, 0.018871252554887516, 0.15596611721548476, 0.02314621620751392, 0.7638683461565422, 0.22500443994694186, 0.056633924240790244, 0.3230998761183561, 0.17884875170619224]}, "score": 0.9711454706909253}, "RandomForestClassifier": {"params": {"classification__n_estimators": 300, "classification__min_samples_split": 2, "classification__min_samples_leaf": 4, "classification__max_features": "log2", "classification__max_depth": 100, "classification__bootstrap": false}, "times": {"mean_fit_time": [5.121926116943359, 1.3939713001251222, 2.149826765060425, 1.7450090885162353, 3.393808937072754], "std_fit_time": [0.5651870265481392, 0.12866558112611426, 0.13346163342831469, 0.19350096008841278, 0.47240398819863794], "mean_score_time": [0.019374322891235352, 0.02118401527404785, 0.051947021484375, 0.03672823905944824, 0.05204367637634277], "std_score_time": [0.011902176356536624, 0.014754947842315878, 0.02726694666561666, 0.040890137038038996, 0.03255615494935789]}, "score": 0.9783982683982684}, "KNeighborsClassifier": {"params": {"classification__weights": "uniform", "classification__n_neighbors": 3, "classification__metric": "manhattan", "classification__leaf_size": 30}, "times": {"mean_fit_time": [0.1836236000061035, 0.28026676177978516, 0.2662095546722412, 0.11466755867004394, 0.13031344413757323], "std_fit_time": [0.03839584251855284, 0.07911268815494357, 0.07998725317336268, 0.07433973525392652, 0.051674535382361074], "mean_score_time": [0.07108168601989746, 0.04620594978332519, 0.03448996543884277, 0.08148384094238281, 0.052837562561035153], "std_score_time": [0.04505522897445867, 0.05332202622006768, 0.03396512359864982, 0.04004976200795631, 0.035882469088076935]}, "score": 0.9663419913419913}, "ComplementNB": {"params": {"classification__alpha": 0}, "times": {"mean_fit_time": [0.502469825744629, 0.5377514839172364, 0.8213009834289551, 0.5184921264648438, 0.42746505737304685], "std_fit_time": [0.22610626685187218, 0.3037368458822144, 0.08136283572243602, 0.2575799344857844, 0.21216620790803667], "mean_score_time": [0.00323333740234375, 0.007220792770385742, 0.006234598159790039, 0.16133055686950684, 0.20505642890930176], "std_score_time": [0.00032127381163746347, 0.008363527454706346, 0.005432820542729009, 0.0700342735968966, 0.06966837695215825]}, "score": 0.7397835497835498}}