{"[NN]NeuralNetwork": {"params": {"classification__epochs": 20, "classification__batch_size": 25}, "times": {"mean_fit_time": [56.43923997879028, 52.64493069648743, 69.13693828582764, 67.73071155548095, 42.77312293052673, 60.25215044021606, 46.56955256462097, 65.90489268302917, 64.34530630111695, 64.37437314987183], "std_fit_time": [0.8488994701456267, 1.1334308148515169, 0.1858270837528112, 0.45998131984617296, 1.5589086078003638, 0.6369353448853351, 0.6923801038930463, 0.5360112017775802, 0.7162150388946213, 5.986499437045829], "mean_score_time": [1.2513155460357666, 0.864376449584961, 0.177998685836792, 0.204360294342041, 1.6015280723571776, 0.8613116264343261, 2.1123642921447754, 0.3105501174926758, 0.3871624946594238, 0.6151495933532715], "std_score_time": [0.4176217691384985, 0.17054300644795714, 0.02656203201527167, 0.059102650479534745, 0.1780907204667722, 0.2910907568877437, 0.25038580815792555, 0.12100241931025493, 0.06207166899670251, 0.240031026306701]}, "score": 0.967607241243605}, "RandomForestClassifier": {"params": {"classification__n_estimators": 100, "classification__min_samples_split": 2, "classification__min_samples_leaf": 1, "classification__max_features": "log2", "classification__max_depth": 10, "classification__bootstrap": true}, "times": {"mean_fit_time": [1.1099968910217286, 1.0934293270111084, 5.875126075744629, 0.40140743255615235, 0.3982584476470947], "std_fit_time": [0.13190814459682612, 0.1570502147376452, 0.36444931909698075, 0.051513604793556815, 0.07301338540064635], "mean_score_time": [0.09241704940795899, 0.0965503215789795, 0.03654775619506836, 0.058045387268066406, 0.033883094787597656], "std_score_time": [0.04465578723409325, 0.06352802207200535, 0.03194272976602629, 0.025979908868097517, 0.01736710031827236]}, "score": 0.9943939393939394}, "KNeighborsClassifier": {"params": {"classification__weights": "uniform", "classification__n_neighbors": 19, "classification__metric": "manhattan", "classification__leaf_size": 26}, "times": {"mean_fit_time": [0.09549808502197266, 0.1236088752746582, 0.1205759048461914, 0.12582807540893554, 0.10499157905578613], "std_fit_time": [0.033954058549588675, 0.030334747706377937, 0.03369690617635069, 0.07325554743338107, 0.04681898589973508], "mean_score_time": [0.016675758361816406, 0.015526628494262696, 0.024419021606445313, 0.04543404579162598, 0.041528940200805664], "std_score_time": [0.012422012290854207, 0.007885366640750307, 0.010787654334224732, 0.03637549354491804, 0.011034605432508145]}, "score": 0.923008658008658}, "ComplementNB": {"params": {"classification__alpha": 1.0}, "times": {"mean_fit_time": [0.19171085357666015, 0.1649102210998535, 0.2257232189178467, 0.14886980056762694, 0.15862655639648438], "std_fit_time": [0.03298236425347025, 0.03942653308781105, 0.04748529102730807, 0.04740595492565537, 0.02977610879734856], "mean_score_time": [0.03707876205444336, 0.0490020751953125, 0.04906058311462402, 0.040109777450561525, 0.03883528709411621], "std_score_time": [0.010278438643099068, 0.017668978534766806, 0.04812954384663758, 0.01828528151796893, 0.016431046646466534]}, "score": 0.7554978354978353}}