{"[NN]NeuralNetwork": {"params": {"classification__epochs": 20, "classification__batch_size": 25}, "times": {"mean_fit_time": [64.69953961372376, 40.6576591014862, 60.12454524040222, 41.21384863853454, 63.38696808815003, 65.17445559501648, 45.43998208045959, 63.869239521026614, 52.814042806625366, 57.346191215515134], "std_fit_time": [0.25780354062599187, 18.99459776413777, 6.1270340978487585, 0.36672017473592394, 5.413750650148211, 5.052862321886911, 0.3874016137596562, 0.39402682813381934, 0.9810262566774195, 0.6958148795709035], "mean_score_time": [0.19954371452331543, 0.839655590057373, 0.8582685947418213, 2.6772024631500244, 0.6451223373413086, 0.3191206455230713, 2.283247375488281, 0.26454920768737794, 0.9709146022796631, 1.1649401187896729], "std_score_time": [0.02544067535838076, 0.4734206792863543, 0.37749344527321604, 0.23265949468721747, 0.19853934474485194, 0.04936196922058236, 0.20826517928130991, 0.05098114451193604, 0.3728000650116685, 0.16990400613581322]}, "score": 0.9657575757575758}, "RandomForestClassifier": {"params": {"classification__n_estimators": 300, "classification__min_samples_split": 10, "classification__min_samples_leaf": 4, "classification__max_features": "sqrt", "classification__max_depth": 70, "classification__bootstrap": true}, "times": {"mean_fit_time": [0.7804241180419922, 1.1673439025878907, 0.1383293628692627, 0.15949783325195313, 1.199207067489624], "std_fit_time": [0.045477059485668554, 0.03879892884032177, 0.01764421060435727, 0.019399252636115485, 0.05330928942434521], "mean_score_time": [0.029920578002929688, 0.04097175598144531, 0.022480583190917967, 0.01913933753967285, 0.02347598075866699], "std_score_time": [0.024263431238971234, 0.02513847126698661, 0.011993274177806133, 0.007231541221210924, 0.012872308774396492]}, "score": 0.9788095238095238}, "KNeighborsClassifier": {"params": {"classification__weights": "uniform", "classification__n_neighbors": 1, "classification__metric": "minkowski", "classification__leaf_size": 26}, "times": {"mean_fit_time": [0.09096732139587402, 0.10901565551757812, 0.1478969097137451, 0.05772624015808105, 0.06275825500488282], "std_fit_time": [0.029723691525891775, 0.04088285448916197, 0.021764382246740214, 0.011101841256829663, 0.013104407615512126], "mean_score_time": [0.012999582290649413, 0.02384185791015625, 0.012005281448364259, 0.009766101837158203, 0.012473011016845703], "std_score_time": [0.007524074971466471, 0.02006211696993985, 0.013582563660995845, 0.002978473502966892, 0.002827351623326932]}, "score": 0.9018831168831168}, "ComplementNB": {"params": {"classification__alpha": 1.0}, "times": {"mean_fit_time": [0.18246870040893554, 0.16719622611999513, 0.20997028350830077, 0.21209678649902344, 0.20616703033447265], "std_fit_time": [0.05408416485427303, 0.04515322102956784, 0.038316692113445364, 0.019688379411944942, 0.02986804547604004], "mean_score_time": [0.04733915328979492, 0.047680997848510744, 0.019887828826904298, 0.03536710739135742, 0.03303542137145996], "std_score_time": [0.017886606591632662, 0.024183580667631533, 0.012284991023476577, 0.00997936217407927, 0.027393209827925084]}, "score": 0.7068645640074211}}