{"[NN]NeuralNetwork": {"params": {"classification__epochs": 20, "classification__batch_size": 25}, "times": {"mean_fit_time": [4.95777587890625, 4.546604871749878, 5.870226716995239, 4.85922327041626, 5.556708526611328, 6.716719484329223, 5.5699327945709225, 6.392979097366333, 5.734730195999146, 5.666952323913574], "std_fit_time": [0.33247647040548967, 0.4552401653346777, 1.0018841299407144, 0.8503109431672141, 1.0812079024474002, 0.9042954078023981, 1.0626219635025973, 1.2688621276731618, 0.5643278869954199, 0.7334659896441377], "mean_score_time": [0.603115177154541, 0.614579153060913, 0.4826037406921387, 0.6812924385070801, 0.5915885925292969, 0.47423219680786133, 0.6533877849578857, 0.43543133735656736, 0.5697401523590088, 0.404447078704834], "std_score_time": [0.09186583700396037, 0.22856023428278055, 0.1915569814105624, 0.24482187576193196, 0.19429960416547398, 0.24978744331845093, 0.16800913425278802, 0.16479574968199912, 0.16553193527368615, 0.11580086034584365]}, "score": 0.9025714285714285}, "RandomForestClassifier": {"params": {"classification__n_estimators": 200, "classification__min_samples_split": 2, "classification__min_samples_leaf": 4, "classification__max_features": "sqrt", "classification__max_depth": 100, "classification__bootstrap": false}, "times": {"mean_fit_time": [0.1518928050994873, 0.7107827663421631, 0.6346086978912353], "std_fit_time": [0.0153270425023093, 0.1446513541417675, 0.092987874143587], "mean_score_time": [0.002071046829223633, 0.0017271041870117188, 0.0017442703247070312], "std_score_time": [0.00037073019141063907, 0.0002594239121677599, 0.00011434491422220033]}, "score": 0.9782857142857143}, "KNeighborsClassifier": {"params": {"classification__weights": "uniform", "classification__n_neighbors": 19, "classification__metric": "minkowski", "classification__leaf_size": 23}, "times": {"mean_fit_time": [0.032744646072387695, 0.03538813591003418, 0.0279177188873291], "std_fit_time": [0.006247994472695468, 0.004785171458093345, 0.0005144606375553632], "mean_score_time": [0.008654356002807617, 0.009294462203979493, 0.008156871795654297], "std_score_time": [0.0006928472623877147, 0.00110521886394367, 0.0007263175642285683]}, "score": 0.946952380952381}, "ComplementNB": {"params": {"classification__alpha": 0}, "times": {"mean_fit_time": [0.004903268814086914, 0.0042569637298583984, 0.006685400009155273], "std_fit_time": [0.0005346052180809925, 0.0001625181079513961, 0.00025497556089147156], "mean_score_time": [0.0012992382049560546, 0.0012680530548095704, 0.001346921920776367], "std_score_time": [0.00044384804920442997, 0.0002179895163645668, 6.609049021724073e-05]}, "score": 0.7141904761904762}, "LogisticRegression": {"params": {"classification__solver": "lbfgs", "classification__C": 10}, "times": {"mean_fit_time": [0.7852240085601807, 0.31005353927612306, 0.4511580944061279], "std_fit_time": [0.06099985403770819, 0.08843688821686367, 0.09079771343571034], "mean_score_time": [0.03245501518249512, 0.0018026351928710938, 0.0019722461700439455], "std_score_time": [0.007392057621775062, 0.0002477092805998379, 0.00033326999423121973]}, "score": 0.8685714285714287}}