{"[NN]NeuralNetwork": {"params": {"classification__epochs": 15, "classification__batch_size": 20}, "times": {"mean_fit_time": [4.128366231918335, 4.850694084167481, 4.261014938354492, 3.7758504867553713, 3.9119394302368162, 3.643131446838379, 3.4337549686431883, 3.643541955947876, 3.1894704818725588, 3.680932092666626], "std_fit_time": [0.4507069117292144, 0.8268657953975479, 0.49463369061721457, 0.27810867550696394, 0.4704978139253906, 0.2768811577325623, 0.2934700889808309, 0.4944002409221385, 0.35006688377412437, 0.6465650870308172], "mean_score_time": [0.2707685470581055, 0.2764881134033203, 0.2697049617767334, 0.3349915027618408, 0.19934825897216796, 0.346373462677002, 0.32129335403442383, 0.30847668647766113, 0.2770243167877197, 0.22654237747192382], "std_score_time": [0.0707655907066347, 0.016742686428156923, 0.09193579729253404, 0.13800486266094208, 0.01793549277817356, 0.11556162656730562, 0.1314951049492392, 0.07107525399964647, 0.07698652201622273, 0.04125180411804802]}, "score": 0.8637936507936509}, "RandomForestClassifier": {"params": {"classification__n_estimators": 1000, "classification__min_samples_split": 2, "classification__min_samples_leaf": 2, "classification__max_features": "sqrt", "classification__max_depth": null, "classification__bootstrap": true}, "times": {"mean_fit_time": [3.858740520477295, 4.209571599960327, 3.4857666015625], "std_fit_time": [0.17209497981823937, 0.14873671358876925, 0.03250071592600755], "mean_score_time": [0.0050219535827636715, 0.006174230575561523, 0.00396575927734375], "std_score_time": [0.0006203109620790866, 0.0011815365079393563, 0.0011141501434471298]}, "score": 0.9653333333333334}, "KNeighborsClassifier": {"params": {"classification__weights": "distance", "classification__n_neighbors": 3, "classification__metric": "manhattan", "classification__leaf_size": 16}, "times": {"mean_fit_time": [0.040453433990478516, 0.0374659538269043, 0.0337679386138916], "std_fit_time": [0.0017222571856693352, 0.0056081160438971565, 0.008060590050767842], "mean_score_time": [0.008989572525024414, 0.009213876724243165, 0.011072397232055664], "std_score_time": [0.0007318511088737168, 0.000451402156550617, 0.0016211985132231989]}, "score": 0.25666666666666665}, "ComplementNB": {"params": {"classification__alpha": 0}, "times": {"mean_fit_time": [0.006065082550048828, 0.005826282501220703, 0.017568635940551757], "std_fit_time": [0.0010649829880371993, 0.0010483470849224112, 0.0027554666983601395], "mean_score_time": [0.0014444351196289062, 0.001529359817504883, 0.0018644332885742188], "std_score_time": [0.00020926038754631176, 0.0002032714691638597, 0.00039855500478050074]}, "score": 0.7935555555555556}, "LogisticRegression": {"params": {"classification__solver": "sag", "classification__C": 0.1}, "times": {"mean_fit_time": [0.663329029083252, 0.731522512435913, 1.039583969116211], "std_fit_time": [0.05881330023843911, 0.0889118564595914, 0.05001303365969806], "mean_score_time": [0.03427844047546387, 0.033786773681640625, 0.039977216720581056], "std_score_time": [0.005121354308057631, 0.007182641044424583, 0.010999442878182244]}, "score": 0.7811111111111112}}