{"[NN]NeuralNetwork": {"params": {"classification__epochs": 20, "classification__batch_size": 20}, "times": {"mean_fit_time": [54.022802400588986, 57.49616289138794, 45.30903582572937, 68.03232002258301, 62.01041660308838, 61.93137812614441, 49.54634532928467, 68.9841326713562, 66.97632322311401, 64.81372365951538], "std_fit_time": [0.8950597137127929, 1.006506222422781, 1.5511453659252235, 0.37368130477303757, 0.95874163220491, 0.7622072036765096, 0.6236704072231042, 0.14618726685363645, 0.3057599936260106, 0.497887772749355], "mean_score_time": [1.3723170757293701, 0.9070029258728027, 1.8915743350982666, 0.26855974197387694, 0.6873734951019287, 0.9187573432922364, 1.6309079647064209, 0.16393651962280273, 0.3123870849609375, 0.39940533638000486], "std_score_time": [0.24846001568103393, 0.3510641584642316, 0.5375350784933524, 0.07223762118504869, 0.2053306842915782, 0.22515387784376392, 0.33267437885865486, 0.04317450595633934, 0.09457256150455998, 0.11634895169578201]}, "score": 0.9651547947002493}, "RandomForestClassifier": {"params": {"classification__n_estimators": 100, "classification__min_samples_split": 10, "classification__min_samples_leaf": 4, "classification__max_features": "log2", "classification__max_depth": 10, "classification__bootstrap": false}, "times": {"mean_fit_time": [13.936534214019776, 4.981438255310058, 0.3656017303466797, 0.7530199527740479, 9.015810298919678], "std_fit_time": [0.45080010447274904, 0.7720510785340144, 0.04000187108661348, 0.05866233738612637, 1.9029880924242666], "mean_score_time": [0.06203913688659668, 0.014951610565185547, 0.02308025360107422, 0.025691986083984375, 0.018414115905761717], "std_score_time": [0.0416854858629163, 0.01168580664686726, 0.017645592591067693, 0.009361002674901754, 0.01967595391431902]}, "score": 0.9822077922077922}, "KNeighborsClassifier": {"params": {"classification__weights": "uniform", "classification__n_neighbors": 9, "classification__metric": "minkowski", "classification__leaf_size": 16}, "times": {"mean_fit_time": [0.17856426239013673, 0.2959878444671631, 0.2503684043884277, 0.2037881851196289, 0.16518220901489258], "std_fit_time": [0.06709170920534246, 0.05893787998527025, 0.041735736917578516, 0.025989828452753157, 0.015110894321869545], "mean_score_time": [0.023374557495117188, 0.0337282657623291, 0.02461862564086914, 0.009898185729980469, 0.009635019302368163], "std_score_time": [0.007365546766896023, 0.015940444313573873, 0.007404371500190966, 0.0036822330040584385, 0.003929457687377805]}, "score": 0.8572005772005772}, "ComplementNB": {"params": {"classification__alpha": 0}, "times": {"mean_fit_time": [0.36826419830322266, 0.27430081367492676, 0.3274070739746094, 0.21422815322875977, 0.21762266159057617], "std_fit_time": [0.14626985327984648, 0.16420158422249712, 0.13698239384309593, 0.031960035351477165, 0.03941931255854526], "mean_score_time": [0.005822610855102539, 0.019941234588623048, 0.008446645736694337, 0.05813450813293457, 0.06325445175170899], "std_score_time": [0.005854177652278173, 0.017477267209246822, 0.008823435448960162, 0.01874763896608282, 0.01626002391967097]}, "score": 0.7284776334776335}}