{"[NN]NeuralNetwork": {"params": {"classification__epochs": 20, "classification__batch_size": 20}, "times": {"mean_fit_time": [64.51362209320068, 41.44268932342529, 62.99739508628845, 48.693038082122804, 65.95037779808044, 43.44761371612549, 56.40863528251648, 64.01099996566772, 46.44489231109619, 41.311263704299925], "std_fit_time": [0.38066739732884985, 19.322056014297356, 0.5301030919177505, 2.8497823683945733, 0.23147774575717484, 0.8110316253896431, 0.8145078035230537, 4.438391909502004, 21.90789935203658, 0.6977240688173053], "mean_score_time": [0.30473895072937013, 1.4063121318817138, 0.4349301815032959, 1.3323775291442872, 0.19452967643737792, 1.6458405017852784, 1.2891459941864014, 0.4252942085266113, 0.7227046489715576, 1.5099790573120118], "std_score_time": [0.12193697870672406, 0.7047712349299131, 0.12184795065808984, 0.17109297073858007, 0.06526723132262757, 0.22955336508861432, 0.20402446544751857, 0.1631965020161676, 0.47654078783544257, 0.21215950510950343]}, "score": 0.9622526463435553}, "RandomForestClassifier": {"params": {"classification__n_estimators": 300, "classification__min_samples_split": 2, "classification__min_samples_leaf": 4, "classification__max_features": "log2", "classification__max_depth": 100, "classification__bootstrap": false}, "times": {"mean_fit_time": [8.854660081863404, 2.4976646423339846, 4.278822183609009, 1.8689382553100586, 2.4720004558563233], "std_fit_time": [0.39013693314673287, 0.09840508601385697, 0.1045077020297926, 0.06278641729401431, 0.13398455514283159], "mean_score_time": [0.019144725799560548, 0.04283323287963867, 0.0640871524810791, 0.03026924133300781, 0.025765657424926758], "std_score_time": [0.013666977875290524, 0.01729064426189149, 0.037481199751568536, 0.022589161046352245, 0.007362237117563188]}, "score": 0.9783982683982684}, "KNeighborsClassifier": {"params": {"classification__weights": "uniform", "classification__n_neighbors": 3, "classification__metric": "manhattan", "classification__leaf_size": 30}, "times": {"mean_fit_time": [0.08430976867675781, 0.16617875099182128, 0.15146226882934571, 0.14022140502929686, 0.08311228752136231], "std_fit_time": [0.025613518356201893, 0.05188212198827328, 0.035357509076185276, 0.05234749024830707, 0.031381208412935034], "mean_score_time": [0.012499570846557617, 0.03489842414855957, 0.027503252029418945, 0.02542123794555664, 0.0332148551940918], "std_score_time": [0.0038284591037612147, 0.02054284998064911, 0.013808988866195618, 0.02072269377161395, 0.021773911933762376]}, "score": 0.9663419913419913}, "ComplementNB": {"params": {"classification__alpha": 0}, "times": {"mean_fit_time": [0.2267465591430664, 0.20602655410766602, 0.21476316452026367, 0.15917577743530273, 0.15494256019592284], "std_fit_time": [0.05866056589064889, 0.04563902660940147, 0.0456256226252255, 0.039637058008683966, 0.009262485037918855], "mean_score_time": [0.03360567092895508, 0.02887125015258789, 0.0322533130645752, 0.043723249435424806, 0.03770051002502441], "std_score_time": [0.018614239957069692, 0.008846449516800258, 0.014769815642270435, 0.023031769909475544, 0.011480032635830107]}, "score": 0.7397835497835498}}