{"[NN]NeuralNetwork": {"params": {"classification__epochs": 20, "classification__batch_size": 25}, "times": {"mean_fit_time": [53.295062398910524, 56.1241681098938, 45.23671822547912, 67.9125072002411, 60.17640924453735, 61.62180109024048, 48.31171169281006, 69.16444730758667, 66.54424142837524, 64.28736276626587], "std_fit_time": [1.0146911275019121, 1.4399152943598883, 0.9918541210436953, 0.46611255045028094, 0.3655822317372195, 0.8697018908650548, 0.9308647021413222, 0.2126618665207723, 0.598818351251418, 0.7773853684776546], "mean_score_time": [1.2546522617340088, 0.9908154964447021, 1.8011704444885255, 0.25520963668823243, 1.2019768714904786, 0.7318544864654541, 2.0641618251800535, 0.14405040740966796, 0.32109847068786623, 0.37925219535827637], "std_score_time": [0.22042158135225026, 0.27029333084778706, 0.5028870480563841, 0.0875723141153267, 0.4359532428181852, 0.2957291178767408, 0.2513556295577643, 0.028294938942823405, 0.07694732265830306, 0.14492288173232715]}, "score": 0.9499924570379117}, "RandomForestClassifier": {"params": {"classification__n_estimators": 100, "classification__min_samples_split": 10, "classification__min_samples_leaf": 4, "classification__max_features": "log2", "classification__max_depth": 10, "classification__bootstrap": false}, "times": {"mean_fit_time": [8.71639642715454, 3.603030729293823, 0.30545573234558104, 0.7501902103424072, 8.11528558731079], "std_fit_time": [0.6154484488526581, 0.3790540939385028, 0.017739347769326945, 0.07082902204873177, 1.2895016464316111], "mean_score_time": [0.04569888114929199, 0.022129344940185546, 0.018720626831054688, 0.050853824615478514, 0.02718977928161621], "std_score_time": [0.04148667032375949, 0.01994933022001523, 0.008938399251118818, 0.022730566609353613, 0.015697123845643864]}, "score": 0.9822077922077922}, "KNeighborsClassifier": {"params": {"classification__weights": "uniform", "classification__n_neighbors": 9, "classification__metric": "minkowski", "classification__leaf_size": 16}, "times": {"mean_fit_time": [0.2576167106628418, 0.17431316375732422, 0.18828239440917968, 0.15037755966186522, 0.17855024337768555], "std_fit_time": [0.05597501557711522, 0.04964205069544659, 0.059355339488450266, 0.04734317144732269, 0.021488181778195083], "mean_score_time": [0.015200424194335937, 0.018710803985595704, 0.025466728210449218, 0.020697927474975585, 0.0342501163482666], "std_score_time": [0.00922599957129986, 0.00990834319043585, 0.00707936287552567, 0.007654583495411709, 0.010905518961079368]}, "score": 0.8572005772005772}, "ComplementNB": {"params": {"classification__alpha": 0}, "times": {"mean_fit_time": [0.5163794040679932, 0.5345410823822021, 0.5354532241821289, 0.4577514171600342, 0.5582733154296875], "std_fit_time": [0.21895141405955942, 0.1823869743810355, 0.30378931780619095, 0.26419560421284854, 0.14027590223962072], "mean_score_time": [0.0026792049407958984, 0.002830982208251953, 0.006472492218017578, 0.10033531188964843, 0.1418778896331787], "std_score_time": [0.0005661749165050998, 0.0005915789069630376, 0.004555601826508725, 0.05194216201726101, 0.02770420749624775]}, "score": 0.7284776334776335}}