{"[NN]NeuralNetwork": {"params": {"classification__epochs": 20, "classification__batch_size": 30}, "times": {"mean_fit_time": [3.0246606349945067, 2.3705673217773438, 2.742702007293701, 2.342443418502808, 2.378547763824463, 2.1040797233581543, 2.1667926788330076, 1.9503109455108643, 2.217232418060303, 1.9671102523803712], "std_fit_time": [0.2938009078878304, 0.1839492757811884, 0.5807035373825916, 0.4085128924650665, 0.4588187433053688, 0.3364295876275336, 0.277697441759114, 0.33691830223849484, 0.14021924467343677, 0.3226207440877831], "mean_score_time": [0.20168657302856446, 0.24856095314025878, 0.22380199432373046, 0.2133349895477295, 0.21607618331909179, 0.23844270706176757, 0.22084312438964843, 0.20069522857666017, 0.19094138145446776, 0.17712721824645997], "std_score_time": [0.026006877202010746, 0.04430865657311304, 0.05545264080680864, 0.02073892751894466, 0.025554300199731584, 0.03548241449537827, 0.054185438783315, 0.04250169692824339, 0.013272145753090766, 0.03231073141483224]}, "score": 0.9160158730158731}, "RandomForestClassifier": {"params": {"classification__n_estimators": 10, "classification__min_samples_split": 5, "classification__min_samples_leaf": 4, "classification__max_features": null, "classification__max_depth": 50, "classification__bootstrap": true}, "times": {"mean_fit_time": [0.866867208480835, 0.05244655609130859, 0.06411666870117187], "std_fit_time": [0.044634226430249, 0.003290085108499693, 0.009620602410265192], "mean_score_time": [0.0016850948333740235, 0.0013923168182373047, 0.0014258384704589843], "std_score_time": [9.764810058743794e-05, 8.094546366592758e-05, 0.0002564918819797029]}, "score": 0.9800000000000001}, "KNeighborsClassifier": {"params": {"classification__weights": "uniform", "classification__n_neighbors": 1, "classification__metric": "minkowski", "classification__leaf_size": 10}, "times": {"mean_fit_time": [0.045012617111206056, 0.0335324764251709, 0.03828520774841308], "std_fit_time": [0.00963925046917583, 0.009481488128912837, 0.016773983221448203], "mean_score_time": [0.009521150588989257, 0.009525918960571289, 0.007969379425048828], "std_score_time": [0.0002898256729008953, 0.001832289016450275, 0.0007089102124599019]}, "score": 0.96}, "ComplementNB": {"params": {"classification__alpha": 0}, "times": {"mean_fit_time": [0.004496622085571289, 0.00528559684753418, 0.007071208953857422], "std_fit_time": [0.0003284863799244747, 0.0007692524168498856, 0.0008052163501167819], "mean_score_time": [0.0013868331909179688, 0.0014739990234375, 0.0013865947723388672], "std_score_time": [0.0002031112153671321, 0.00022677061798458023, 0.0001873319211936495]}, "score": 0.6826666666666668}, "LogisticRegression": {"params": {"classification__solver": "lbfgs", "classification__C": 100}, "times": {"mean_fit_time": [0.1556429386138916, 0.5159334659576416, 0.2818316459655762], "std_fit_time": [0.0347362063284729, 0.03678150496128078, 0.0640933687135689], "mean_score_time": [0.0022124767303466795, 0.042819881439208986, 0.0017962455749511719], "std_score_time": [0.00032683172960265827, 0.010868815251149818, 0.00016658700410373254]}, "score": 0.8226666666666667}}