{"[NN]NeuralNetwork": {"params": {"classification__epochs": 20, "classification__batch_size": 20}, "times": {"mean_fit_time": [70.89809398651123, 63.164990711212155, 50.14117283821106, 62.047790336608884, 46.67664875984192, 68.87867012023926, 55.161595249176024, 62.651349258422854, 69.62163581848145, 65.96177749633789], "std_fit_time": [0.29941711668697985, 1.1102527629875776, 0.3154446431729096, 7.268092385926156, 0.7718506766024559, 0.5700876516367676, 0.9160923028357315, 0.3841987066232455, 0.3899997542084085, 0.67071651792744], "mean_score_time": [0.16572842597961426, 0.9553955554962158, 2.24192156791687, 0.8840640544891357, 1.8880158424377442, 0.27234773635864257, 1.1275561809539796, 1.2017342090606689, 0.26310906410217283, 0.41232776641845703], "std_score_time": [0.056929277132068704, 0.1978338448081152, 0.2861683747379004, 0.4833829347874093, 0.3807109709532783, 0.07237922309342633, 0.2557655817418393, 0.12343683126107438, 0.09296877181441893, 0.05838897387198464]}, "score": 0.9607208448117539}, "RandomForestClassifier": {"params": {"classification__n_estimators": 200, "classification__min_samples_split": 2, "classification__min_samples_leaf": 1, "classification__max_features": "log2", "classification__max_depth": 20, "classification__bootstrap": false}, "times": {"mean_fit_time": [1.6282111167907716, 4.332928991317749, 4.358875894546509, 1.901458215713501, 3.431463527679443], "std_fit_time": [0.20372595767816673, 0.5357189888817296, 0.22915740854573935, 0.1621380978080546, 0.11509586048366423], "mean_score_time": [0.03051481246948242, 0.048962068557739255, 0.0832395076751709, 0.0319730281829834, 0.02896890640258789], "std_score_time": [0.02609798085119859, 0.026198264047133445, 0.03746072338563814, 0.012809370970363153, 0.025524368987866752]}, "score": 0.9924242424242424}, "KNeighborsClassifier": {"params": {"classification__weights": "uniform", "classification__n_neighbors": 9, "classification__metric": "manhattan", "classification__leaf_size": 23}, "times": {"mean_fit_time": [0.14221405982971191, 0.08777613639831543, 0.1320127010345459, 0.12103738784790039, 0.09574480056762695], "std_fit_time": [0.020789199477667504, 0.032698465390482274, 0.03972731372340261, 0.01754859369204027, 0.04680315714742435], "mean_score_time": [0.01818399429321289, 0.018471956253051758, 0.015636205673217773, 0.028555679321289062, 0.02315182685852051], "std_score_time": [0.009006573407093306, 0.005649102143687726, 0.012828927580453713, 0.008567715586833991, 0.008578620186117847]}, "score": 0.9484343434343433}, "ComplementNB": {"params": {"classification__alpha": 0.5}, "times": {"mean_fit_time": [0.185728120803833, 0.2092139720916748, 0.19275407791137694, 0.18823738098144532, 0.14361252784729003], "std_fit_time": [0.05569606816483066, 0.054759416033990156, 0.039892401999486085, 0.01832528898128545, 0.03782752861506586], "mean_score_time": [0.036816072463989255, 0.0399376392364502, 0.031291961669921875, 0.06906661987304688, 0.06407208442687988], "std_score_time": [0.012958295824545189, 0.02399731915757529, 0.015087719346120671, 0.01438324402154487, 0.020279752955693925]}, "score": 0.7443434343434343}}