{"[NN]NeuralNetwork": {"params": {"classification__epochs": 20, "classification__batch_size": 25}, "times": {"mean_fit_time": [39.30269894599915, 50.48188219070435, 39.80939345359802, 64.76970748901367, 55.736593341827394, 56.81604423522949, 35.25053696632385, 64.06522469520569, 38.259493017196654, 61.2023904800415], "std_fit_time": [17.989881300003358, 1.002381009490289, 0.7440003210707034, 3.8731799407173466, 0.835278003807514, 2.2203907529317024, 15.910174355462113, 0.2644868475633712, 28.602975031345835, 5.15568407693951], "mean_score_time": [0.8484401702880859, 0.7957990169525146, 1.2824768543243408, 0.32371129989624026, 1.020538330078125, 0.9072417259216309, 1.5740117073059081, 0.1647106170654297, 0.16920871734619142, 0.36818594932556153], "std_score_time": [0.456278753992764, 0.11352495514553997, 0.3716052045542001, 0.10883808462330957, 0.3293577952451351, 0.6483459982987089, 0.8009093761212532, 0.025222663527292823, 0.15293335963101426, 0.1268949587817679]}, "score": 0.9577849927849929}, "RandomForestClassifier": {"params": {"classification__n_estimators": 100, "classification__min_samples_split": 10, "classification__min_samples_leaf": 4, "classification__max_features": "log2", "classification__max_depth": 10, "classification__bootstrap": false}, "times": {"mean_fit_time": [18.50603528022766, 9.09311351776123, 0.746100664138794, 0.5805264949798584, 6.9996191501617435], "std_fit_time": [1.9473113193975955, 0.6020773616351957, 0.047729628122053745, 0.05321279803722163, 0.9272313480046539], "mean_score_time": [0.02289299964904785, 0.14612369537353515, 0.03471031188964844, 0.026775312423706055, 0.02062711715698242], "std_score_time": [0.016412725108779294, 0.24956554729250327, 0.019393830271731614, 0.01924691533013491, 0.012234149027165544]}, "score": 0.9822077922077922}, "KNeighborsClassifier": {"params": {"classification__weights": "uniform", "classification__n_neighbors": 9, "classification__metric": "minkowski", "classification__leaf_size": 16}, "times": {"mean_fit_time": [0.08346371650695801, 0.09063315391540527, 0.07231817245483399, 0.05710535049438477, 0.0781928539276123], "std_fit_time": [0.01886175452920819, 0.01770518691964736, 0.01673609568581972, 0.01530208419814084, 0.01063847100578865], "mean_score_time": [0.025697088241577147, 0.022947978973388673, 0.023329496383666992, 0.01938009262084961, 0.018409347534179686], "std_score_time": [0.006130434849098892, 0.011411731810801807, 0.0060843641868817645, 0.007477187931850838, 0.005215635338473116]}, "score": 0.8572005772005772}, "ComplementNB": {"params": {"classification__alpha": 0}, "times": {"mean_fit_time": [0.24047632217407228, 0.2843318462371826, 0.2945699214935303, 0.24616532325744628, 0.4118949413299561], "std_fit_time": [0.07308279831483011, 0.09058317202585993, 0.05111787918785682, 0.06395222748477304, 0.13444898174268505], "mean_score_time": [0.006772851943969727, 0.0037718296051025392, 0.0033423900604248047, 0.1391571044921875, 0.26734094619750975], "std_score_time": [0.006724829525334808, 0.001699984854365331, 9.166430092986938e-05, 0.060030455409192024, 0.07040789191459057]}, "score": 0.7284776334776335}}