{"[NN]NeuralNetwork": {"params": {"classification__epochs": 15, "classification__batch_size": 20}, "times": {"mean_fit_time": [4.444385623931884, 4.791407299041748, 4.266083192825318, 3.920116138458252, 4.696630001068115, 4.0482597827911375, 4.390460538864136, 4.074354791641236, 4.051997375488281, 5.0906719207763675], "std_fit_time": [0.6898232526834256, 0.47288507638928134, 0.7295819644883064, 0.6354430349268674, 0.7877735684827385, 0.636841151234789, 0.3781984035184654, 0.7271221060490658, 0.599899290106856, 0.7763609856805536], "mean_score_time": [0.3707250118255615, 0.4661548614501953, 0.2898576736450195, 0.2729930877685547, 0.17611188888549806, 0.2673614025115967, 0.24683499336242676, 0.32763137817382815, 0.3230998992919922, 0.2002857208251953], "std_score_time": [0.06772165993307869, 0.20455242224637354, 0.0924360722945965, 0.07075863579628071, 0.023401326962854394, 0.07991797438012167, 0.05481895261282508, 0.17709198208156854, 0.06540794461060173, 0.0786913066258052]}, "score": 0.8637936507936509}, "RandomForestClassifier": {"params": {"classification__n_estimators": 1000, "classification__min_samples_split": 2, "classification__min_samples_leaf": 2, "classification__max_features": "sqrt", "classification__max_depth": null, "classification__bootstrap": true}, "times": {"mean_fit_time": [3.7105871200561524, 4.157824325561523, 3.4380280494689943], "std_fit_time": [0.08319461889778246, 0.22964315791246587, 0.015279972174242111], "mean_score_time": [0.004698801040649414, 0.0037618160247802736, 0.0036325931549072267], "std_score_time": [0.0015420792746674093, 0.000862968967805798, 0.000970982668096553]}, "score": 0.9653333333333334}, "KNeighborsClassifier": {"params": {"classification__weights": "distance", "classification__n_neighbors": 3, "classification__metric": "manhattan", "classification__leaf_size": 16}, "times": {"mean_fit_time": [0.03848447799682617, 0.03925719261169434, 0.030886745452880858], "std_fit_time": [0.013513315032592305, 0.007610395812680757, 0.0008075741140314061], "mean_score_time": [0.013636541366577149, 0.011926507949829102, 0.013796806335449219], "std_score_time": [0.0024340550166922965, 0.0035371791824684545, 0.004098715812762416]}, "score": 0.25666666666666665}, "ComplementNB": {"params": {"classification__alpha": 0}, "times": {"mean_fit_time": [0.005776023864746094, 0.0057656288146972655, 0.009337139129638673], "std_fit_time": [0.0008683035569741747, 0.0010330511068036194, 0.0010269571635655268], "mean_score_time": [0.0013766765594482421, 0.001519775390625, 0.0019119739532470702], "std_score_time": [0.00018156550206503163, 0.0002498643361829635, 0.00016449241279942268]}, "score": 0.7935555555555556}, "LogisticRegression": {"params": {"classification__solver": "sag", "classification__C": 0.1}, "times": {"mean_fit_time": [0.5717267036437989, 0.706842041015625, 1.0478670120239257], "std_fit_time": [0.07627213021089965, 0.08353422593589613, 0.05599638141196313], "mean_score_time": [0.03517961502075195, 0.04022541046142578, 0.03749098777770996], "std_score_time": [0.003033807283449398, 0.009031353095586728, 0.012662779654707948]}, "score": 0.7811111111111112}}