{"[NN]NeuralNetwork": {"params": {"classification__epochs": 20, "classification__batch_size": 25}, "times": {"mean_fit_time": [3.959447813034058, 3.3345534801483154, 2.975223207473755, 3.4532630443573, 3.1038424015045165, 3.732643413543701, 3.6600273132324217, 3.441688871383667, 2.9290600776672364, 2.982613468170166], "std_fit_time": [0.6851083459231602, 0.538127635546094, 0.47250774607318974, 0.36967217700270566, 0.3399927968110371, 0.41909055723054617, 0.2547516954636979, 0.567950034117972, 0.1110405603711396, 0.23403930830899544], "mean_score_time": [0.27424111366271975, 0.36097965240478513, 0.33041629791259763, 0.40591988563537595, 0.32000026702880857, 0.3145762920379639, 0.3197618007659912, 0.22406983375549316, 0.33950982093811033, 0.250874662399292], "std_score_time": [0.07640026174862452, 0.09594551892008156, 0.09188750366158457, 0.2597365763508359, 0.047454864663172815, 0.09801011941373597, 0.08017884555735928, 0.04381891022580749, 0.07592256074040557, 0.08415293445305831]}, "score": 0.8946224886224886}, "RandomForestClassifier": {"params": {"classification__n_estimators": 1000, "classification__min_samples_split": 10, "classification__min_samples_leaf": 2, "classification__max_features": "sqrt", "classification__max_depth": 100, "classification__bootstrap": false}, "times": {"mean_fit_time": [0.6102908611297607, 3.7623453617095945, 3.584631586074829], "std_fit_time": [0.1014412689629728, 0.2723110272564047, 0.18454067480787809], "mean_score_time": [0.0019404888153076172, 0.0047699928283691405, 0.003547525405883789], "std_score_time": [0.0006536516741048038, 0.0006318978373461643, 0.00108422140650632]}, "score": 0.9353333333333333}, "KNeighborsClassifier": {"params": {"classification__weights": "uniform", "classification__n_neighbors": 15, "classification__metric": "minkowski", "classification__leaf_size": 33}, "times": {"mean_fit_time": [0.058199739456176756, 0.052447509765625, 0.056159448623657224], "std_fit_time": [0.02202960894502433, 0.01319806101422583, 0.01793619129347171], "mean_score_time": [0.029660701751708984, 0.034981918334960935, 0.032918787002563475], "std_score_time": [0.012858437829510601, 0.01312258269237091, 0.008067269572378502]}, "score": 0.938904761904762}, "ComplementNB": {"params": {"classification__alpha": 0}, "times": {"mean_fit_time": [0.011052894592285156, 0.015433883666992188, 0.015969085693359374], "std_fit_time": [0.0018388536284062547, 0.008697108708094438, 0.004484519965127902], "mean_score_time": [0.0025562763214111326, 0.002636623382568359, 0.007511329650878906], "std_score_time": [0.0006221380015351606, 0.0007762657976897547, 0.007214416109728728]}, "score": 0.6729047619047619}, "LogisticRegression": {"params": {"classification__solver": "newton-cg", "classification__C": 0.1}, "times": {"mean_fit_time": [0.9441259384155274, 0.6269304752349854, 1.980483102798462], "std_fit_time": [0.06918062294294255, 0.30295514015645686, 0.6826065106164481], "mean_score_time": [0.012170886993408203, 0.009633111953735351, 0.02507438659667969], "std_score_time": [0.011482008109714567, 0.008612023260889083, 0.0189260372418515]}, "score": 0.7932857142857143}}