{"[NN]NeuralNetwork": {"params": {"classification__epochs": 20, "classification__batch_size": 25}, "times": {"mean_fit_time": [2.7651828289031983, 2.4313706874847414, 3.320849800109863, 2.185813045501709, 2.2849774837493895, 2.2768794536590575, 2.1858217239379885, 2.40633602142334, 2.0044908046722414, 2.3847008228302], "std_fit_time": [0.27250431478993353, 0.20193602686237852, 1.4492533591156715, 0.40709159832070124, 0.19165223544070337, 0.25920875638584506, 0.2828437587820651, 0.5368528633566392, 0.19409934170279614, 0.47036010898789665], "mean_score_time": [0.22384471893310548, 0.2716391086578369, 0.1983506679534912, 0.2341944694519043, 0.22056360244750978, 0.20940732955932617, 0.2160121440887451, 0.1965050220489502, 0.20425190925598144, 0.23711180686950684], "std_score_time": [0.029892259960808805, 0.01674927273750873, 0.043294394241159606, 0.057973245273216185, 0.022571809692732505, 0.04979717047201465, 0.04263850522113603, 0.02829440400619001, 0.04316843365820138, 0.027346303667454806]}, "score": 0.9025714285714285}, "RandomForestClassifier": {"params": {"classification__n_estimators": 200, "classification__min_samples_split": 2, "classification__min_samples_leaf": 4, "classification__max_features": "sqrt", "classification__max_depth": 100, "classification__bootstrap": false}, "times": {"mean_fit_time": [0.12203106880187989, 0.6535163879394531, 0.6867621898651123], "std_fit_time": [0.01658842326610015, 0.13177769666547048, 0.07640421352337], "mean_score_time": [0.0017201423645019532, 0.0016430377960205077, 0.0020108699798583986], "std_score_time": [0.00030604504672335914, 7.730449537138714e-05, 0.0002627148333068238]}, "score": 0.9782857142857143}, "KNeighborsClassifier": {"params": {"classification__weights": "uniform", "classification__n_neighbors": 19, "classification__metric": "minkowski", "classification__leaf_size": 23}, "times": {"mean_fit_time": [0.024586868286132813, 0.027817964553833008, 0.026431941986083986], "std_fit_time": [0.00579699830837862, 0.00682399524978336, 0.0033957689490175975], "mean_score_time": [0.009024238586425782, 0.00990757942199707, 0.008887243270874024], "std_score_time": [0.0010373014051693716, 0.0013306596719466453, 0.001533381156727367]}, "score": 0.946952380952381}, "ComplementNB": {"params": {"classification__alpha": 0}, "times": {"mean_fit_time": [0.004683589935302735, 0.004233741760253906, 0.007736301422119141], "std_fit_time": [0.000535106684430315, 0.00016735351243736708, 0.0010992223222619066], "mean_score_time": [0.0012250900268554687, 0.0012809276580810548, 0.0014937400817871093], "std_score_time": [0.00022589898548269709, 0.00019204965661662535, 0.00012812485781195067]}, "score": 0.7141904761904762}, "LogisticRegression": {"params": {"classification__solver": "lbfgs", "classification__C": 10}, "times": {"mean_fit_time": [0.7394205093383789, 0.269435453414917, 0.3684216022491455], "std_fit_time": [0.1200434185263543, 0.0820802762273221, 0.023715585687260312], "mean_score_time": [0.03550033569335938, 0.001993608474731445, 0.0018628597259521484], "std_score_time": [0.006109537487000645, 0.00020034796530656423, 0.00020782112634545823]}, "score": 0.8705714285714287}}