{"[NN]NeuralNetwork": {"params": {"classification__epochs": 20, "classification__batch_size": 25}, "times": {"mean_fit_time": [68.11983489990234, 54.1540641784668, 62.185345602035525, 43.938784742355345, 64.62331175804138, 66.45736479759216, 48.87729454040527, 67.47440934181213, 57.38952198028564, 61.09324221611023], "std_fit_time": [0.2735322513965568, 0.8589778437773326, 0.9639779231294295, 0.7333776033249423, 0.3553726425829844, 0.4476940443512644, 0.7689046117799283, 0.16524208559116474, 0.7188595102692791, 1.2410306525516983], "mean_score_time": [0.14072608947753906, 1.1626694679260254, 0.6607892513275146, 1.4326173305511474, 0.4952376365661621, 0.3688849449157715, 1.5152640342712402, 0.2539363861083984, 1.1457096099853517, 1.1427784442901612], "std_score_time": [0.06380013632719742, 0.19972750263068764, 0.43181905541981697, 0.2902154617132444, 0.05533728785567122, 0.07771042001116957, 0.3463843426034331, 0.05125082977130273, 0.24822114308347298, 0.3646240033242181]}, "score": 0.9578679653679654}, "RandomForestClassifier": {"params": {"classification__n_estimators": 300, "classification__min_samples_split": 10, "classification__min_samples_leaf": 4, "classification__max_features": "sqrt", "classification__max_depth": 70, "classification__bootstrap": true}, "times": {"mean_fit_time": [0.936003589630127, 1.3952866077423096, 0.14422135353088378, 0.16704373359680175, 1.2327539443969726], "std_fit_time": [0.04674795298642872, 0.09941916757437873, 0.021279437044642194, 0.019567719680331917, 0.07008694751203098], "mean_score_time": [0.03969125747680664, 0.015803050994873048, 0.012526607513427735, 0.022966575622558594, 0.03370060920715332], "std_score_time": [0.029696299368761225, 0.016157690575097736, 0.010689476316803628, 0.007763112914606283, 0.038775240851263805]}, "score": 0.9788095238095238}, "KNeighborsClassifier": {"params": {"classification__weights": "uniform", "classification__n_neighbors": 1, "classification__metric": "minkowski", "classification__leaf_size": 26}, "times": {"mean_fit_time": [0.10479683876037597, 0.13532094955444335, 0.11039237976074219, 0.061812734603881835, 0.06409497261047363], "std_fit_time": [0.03920793762694155, 0.021729478180184305, 0.020141208851776147, 0.008247561094008938, 0.013457523469701317], "mean_score_time": [0.016759490966796874, 0.0375401496887207, 0.03253955841064453, 0.013292503356933594, 0.01343536376953125], "std_score_time": [0.016825359950081484, 0.012394310152633467, 0.01109472800199228, 0.006655170274542987, 0.0052260216166330545]}, "score": 0.9018831168831168}, "ComplementNB": {"params": {"classification__alpha": 1.0}, "times": {"mean_fit_time": [0.19847421646118163, 0.2601174831390381, 0.23001656532287598, 0.16776771545410157, 0.20305852890014647], "std_fit_time": [0.05056152641741736, 0.026291214210672775, 0.06189372572795403, 0.020712179252341936, 0.037080355254321476], "mean_score_time": [0.04030728340148926, 0.043060684204101564, 0.02584848403930664, 0.05616483688354492, 0.04170160293579102], "std_score_time": [0.010898059622850247, 0.012103735993612419, 0.016765945062291857, 0.008197897986115399, 0.02037268818295832]}, "score": 0.7068645640074211}}