{"[NN]NeuralNetwork": {"params": {"classification__epochs": 20, "classification__batch_size": 25}, "times": {"mean_fit_time": [68.31576576232911, 54.05625548362732, 61.94725322723389, 43.82564907073974, 64.48508515357972, 66.6179748058319, 48.276497745513915, 67.66396055221557, 57.13154706954956, 60.909164905548096], "std_fit_time": [0.3696929924964126, 1.108125661735172, 1.248445435337213, 1.1973570644457936, 1.0876594591935944, 0.37834294387839906, 1.0507070546387831, 0.46631891441233975, 1.376123916359819, 0.978081121372387], "mean_score_time": [0.1819169044494629, 0.8771394252777099, 0.6852447032928467, 1.3225953102111816, 0.4674834728240967, 0.34612550735473635, 1.4183220386505127, 0.22273674011230468, 1.0100964546203612, 0.8719899654388428], "std_score_time": [0.046575563617190514, 0.11995508236024814, 0.14585266102417088, 0.2524457868296901, 0.015952279143495396, 0.08339499995122973, 0.35403364530252557, 0.08477532063513768, 0.14910101097034478, 0.14660049868818528]}, "score": 0.9608838383838384}, "RandomForestClassifier": {"params": {"classification__n_estimators": 300, "classification__min_samples_split": 10, "classification__min_samples_leaf": 4, "classification__max_features": "sqrt", "classification__max_depth": 70, "classification__bootstrap": true}, "times": {"mean_fit_time": [0.8984140396118164, 1.343597936630249, 0.13251690864562987, 0.14558792114257812, 1.2211551666259766], "std_fit_time": [0.053624616583625904, 0.057717187512767915, 0.02182368927942362, 0.014548558005041587, 0.10985649181733312], "mean_score_time": [0.02669692039489746, 0.054146432876586915, 0.014632892608642579, 0.01673736572265625, 0.05677704811096192], "std_score_time": [0.01735867036165177, 0.05729862778347225, 0.014098757974384897, 0.010046477568347149, 0.05112379607360107]}, "score": 0.9788095238095238}, "KNeighborsClassifier": {"params": {"classification__weights": "uniform", "classification__n_neighbors": 1, "classification__metric": "minkowski", "classification__leaf_size": 26}, "times": {"mean_fit_time": [0.11558151245117188, 0.17784576416015624, 0.18843765258789064, 0.06455135345458984, 0.0522728443145752], "std_fit_time": [0.031954932426212994, 0.04255394430070332, 0.015090916112449256, 0.018150020207406633, 0.006745088079607188], "mean_score_time": [0.015962553024291993, 0.017120885848999023, 0.006519746780395508, 0.009819364547729493, 0.011914539337158202], "std_score_time": [0.01186100850034701, 0.017874306489621256, 0.0018804835030456287, 0.005679884814853956, 0.0028743487654697463]}, "score": 0.9018831168831168}, "ComplementNB": {"params": {"classification__alpha": 1.0}, "times": {"mean_fit_time": [0.2559222221374512, 0.2486720085144043, 0.23331942558288574, 0.19110941886901855, 0.17183570861816405], "std_fit_time": [0.03120902205153229, 0.027684304692610566, 0.020925492540248912, 0.028198300631357937, 0.025677069857470355], "mean_score_time": [0.03117079734802246, 0.03655786514282226, 0.05899620056152344, 0.025415754318237303, 0.039743232727050784], "std_score_time": [0.008903407874326115, 0.0139997695131727, 0.020437074269295648, 0.00709965242577431, 0.016764529894341407]}, "score": 0.7068645640074211}}