{"[NN]NeuralNetwork": {"params": {"classification__epochs": 20, "classification__batch_size": 25}, "times": {"mean_fit_time": [52.24791588783264, 54.169455432891844, 34.307691383361814, 56.943670654296874, 57.1131637096405, 60.60046496391296, 45.73989753723144, 65.48277525901794, 62.755431175231934, 50.10740904808044], "std_fit_time": [24.65223696464107, 25.561693195925685, 15.624310778613047, 1.4278668869538416, 0.6983687745886924, 0.29240700473085746, 0.818143062041534, 0.4276185507569354, 0.5393566400369305, 0.8921299034393478], "mean_score_time": [0.39599103927612306, 0.16980280876159667, 1.1816656589508057, 0.8238061904907227, 1.065344762802124, 0.8565272808074951, 1.9632352828979491, 0.2636634349822998, 0.5139820575714111, 1.5066277503967285], "std_score_time": [0.23219823149657687, 0.09487510319632747, 0.6883300904418945, 0.2882835124046333, 0.09628134510405753, 0.0933649796307554, 0.49382222665932696, 0.15940200616763878, 0.20251517348286052, 0.35059327718404654]}, "score": 0.963424075924076}, "RandomForestClassifier": {"params": {"classification__n_estimators": 200, "classification__min_samples_split": 10, "classification__min_samples_leaf": 1, "classification__max_features": "sqrt", "classification__max_depth": 20, "classification__bootstrap": true}, "times": {"mean_fit_time": [0.9596893310546875, 1.3302832126617432, 0.2331477165222168, 0.32880825996398927, 1.140996265411377], "std_fit_time": [0.06938868520012043, 0.11778542329707785, 0.02769870810469949, 0.03548448502642992, 0.05059743495270587], "mean_score_time": [0.026083755493164062, 0.0155181884765625, 0.007899236679077149, 0.018150854110717773, 0.03936195373535156], "std_score_time": [0.02048815368647857, 0.016836554147889385, 0.005495653017828607, 0.008678524690743624, 0.025080944086224622]}, "score": 0.9893939393939395}, "KNeighborsClassifier": {"params": {"classification__weights": "uniform", "classification__n_neighbors": 13, "classification__metric": "euclidean", "classification__leaf_size": 13}, "times": {"mean_fit_time": [0.14341974258422852, 0.14977574348449707, 0.19736499786376954, 0.17709264755249024, 0.24982833862304688], "std_fit_time": [0.047641187672143606, 0.06293284548565271, 0.03800858358172818, 0.04664103520769101, 0.05488145105882981], "mean_score_time": [0.026452970504760743, 0.021293497085571288, 0.03523750305175781, 0.021362876892089842, 0.019958639144897462], "std_score_time": [0.014348278442374683, 0.0170088469560461, 0.020917646509441903, 0.010995478345772273, 0.017549594581729527]}, "score": 0.7775757575757576}, "ComplementNB": {"params": {"classification__alpha": 0}, "times": {"mean_fit_time": [0.22666492462158203, 0.23905601501464843, 0.22716617584228516, 0.28055400848388673, 0.21027736663818358], "std_fit_time": [0.07554900025550773, 0.041250722505660656, 0.061617700012209044, 0.035798256584337246, 0.015893305870065707], "mean_score_time": [0.01715817451477051, 0.008418130874633788, 0.01415877342224121, 0.08892087936401367, 0.09104938507080078], "std_score_time": [0.013325954730485432, 0.005880789686636837, 0.014702532046849709, 0.02638842384588977, 0.048419427519111075]}, "score": 0.7057575757575758}}