{"[NN]NeuralNetwork": {"params": {"classification__epochs": 15, "classification__batch_size": 25}, "times": {"mean_fit_time": [4.108429574966431, 3.4923588752746584, 3.851666975021362, 3.085533857345581, 3.7866758823394777, 4.376947641372681, 2.9859578609466553, 2.8316099643707275, 3.2678372383117678, 3.020466184616089], "std_fit_time": [0.8082127308185393, 0.5108863698664529, 0.7426764239836796, 0.5804018431871845, 0.25367647733600956, 1.0744061109530336, 0.7410840065689606, 0.4898832988565037, 0.5607837210900789, 0.5047702442234511], "mean_score_time": [0.2998155117034912, 0.429681396484375, 0.24622411727905275, 0.2584364891052246, 0.3917722702026367, 0.26346783638000487, 0.2717573642730713, 0.2171882152557373, 0.21132159233093262, 0.2911375999450684], "std_score_time": [0.07555112848694635, 0.11481003380270895, 0.04767852256399411, 0.05762797544346601, 0.06248927145621125, 0.04641112102399274, 0.1620179805977531, 0.04054901031396058, 0.05381811486217841, 0.052876915740338655]}, "score": 0.8516666666666668}, "RandomForestClassifier": {"params": {"classification__n_estimators": 300, "classification__min_samples_split": 10, "classification__min_samples_leaf": 4, "classification__max_features": "log2", "classification__max_depth": 20, "classification__bootstrap": true}, "times": {"mean_fit_time": [1.1893269538879394, 0.8388304710388184, 0.8794337749481201], "std_fit_time": [0.041674807651091626, 0.010673041133421855, 0.07625406300803288], "mean_score_time": [0.0017498970031738282, 0.0017155647277832032, 0.0017429351806640624], "std_score_time": [0.00011347297771129532, 0.0001651279299081822, 0.000150161207333037]}, "score": 0.99}, "KNeighborsClassifier": {"params": {"classification__weights": "uniform", "classification__n_neighbors": 17, "classification__metric": "minkowski", "classification__leaf_size": 26}, "times": {"mean_fit_time": [0.027466964721679688, 0.03197150230407715, 0.035352563858032225], "std_fit_time": [0.0026522166361920814, 0.011235594514474905, 0.0036051854088626997], "mean_score_time": [0.010301017761230468, 0.009817075729370118, 0.009227943420410157], "std_score_time": [0.0016188855274855561, 0.0016765382738805144, 0.000570271712309079]}, "score": 0.9302857142857143}, "ComplementNB": {"params": {"classification__alpha": 0}, "times": {"mean_fit_time": [0.0055923938751220705, 0.004740762710571289, 0.008192348480224609], "std_fit_time": [0.002410205910562026, 7.709992382377718e-05, 0.003277896429341757], "mean_score_time": [0.0014337062835693359, 0.001421356201171875, 0.0015893936157226562], "std_score_time": [0.00023829016088045194, 0.0002593208029083173, 0.000389860310895842]}, "score": 0.7167619047619047}, "LogisticRegression": {"params": {"classification__solver": "sag", "classification__C": 0.1}, "times": {"mean_fit_time": [0.6117722034454346, 0.5959192276000976, 1.049137830734253], "std_fit_time": [0.07163256025649097, 0.10428830883042185, 0.037739585073840495], "mean_score_time": [0.0376009464263916, 0.032013225555419925, 0.03471522331237793], "std_score_time": [0.004361559300740542, 0.01066591913327812, 0.006734922747128584]}, "score": 0.8394285714285713}}