{"[NN]NeuralNetwork": {"params": {"classification__epochs": 20, "classification__batch_size": 25}, "times": {"mean_fit_time": [6.046000242233276, 5.133480644226074, 4.909805631637573, 5.018812370300293, 5.186641073226928, 4.814089059829712, 5.01681432723999, 5.759790325164795, 5.39178147315979, 4.412558507919312], "std_fit_time": [0.9721574517602102, 0.3271256551795388, 0.5844335240418514, 0.58484870036049, 0.8979251893254412, 0.6308515626523525, 0.7710196669862682, 0.5195709045247959, 0.9484467710377396, 0.9190321720760479], "mean_score_time": [0.6469168186187744, 0.7723078727722168, 0.6091090679168701, 0.4675283432006836, 0.38755998611450193, 0.4976555824279785, 0.6539271831512451, 0.5609861850738526, 0.6066756248474121, 0.4635619163513184], "std_score_time": [0.1612134285491067, 0.13728760834637663, 0.20072220991348474, 0.09689380741519982, 0.04280841643878189, 0.14307377445866556, 0.14093354702753724, 0.1967382582513871, 0.23769081301567999, 0.12310159593299037]}, "score": 0.9025714285714285}, "RandomForestClassifier": {"params": {"classification__n_estimators": 200, "classification__min_samples_split": 2, "classification__min_samples_leaf": 4, "classification__max_features": "sqrt", "classification__max_depth": 100, "classification__bootstrap": false}, "times": {"mean_fit_time": [0.11232695579528809, 0.552379846572876, 0.6407844066619873], "std_fit_time": [0.008265487489997022, 0.05476466440058303, 0.052084047905428615], "mean_score_time": [0.0014234066009521484, 0.001723909378051758, 0.00188751220703125], "std_score_time": [0.00033294959175282244, 7.794816056188957e-05, 0.0003345307284844076]}, "score": 0.9782857142857143}, "KNeighborsClassifier": {"params": {"classification__weights": "uniform", "classification__n_neighbors": 19, "classification__metric": "minkowski", "classification__leaf_size": 23}, "times": {"mean_fit_time": [0.02733778953552246, 0.04117145538330078, 0.029701805114746092], "std_fit_time": [0.006647169940341507, 0.0072271186279450695, 0.00712515552420603], "mean_score_time": [0.008876419067382813, 0.00977773666381836, 0.009853696823120118], "std_score_time": [0.0006995134574350069, 0.0005302048487683456, 0.0005593103842784175]}, "score": 0.946952380952381}, "ComplementNB": {"params": {"classification__alpha": 0}, "times": {"mean_fit_time": [0.00502481460571289, 0.004500865936279297, 0.008203077316284179], "std_fit_time": [0.0006840393424094739, 0.00032738116229194726, 0.0016133152663382285], "mean_score_time": [0.001326131820678711, 0.0012865543365478515, 0.001535797119140625], "std_score_time": [0.00014463724754266234, 0.00021244373882452612, 0.00025482896013758393]}, "score": 0.7141904761904762}, "LogisticRegression": {"params": {"classification__solver": "saga", "classification__C": 100}, "times": {"mean_fit_time": [0.7283997535705566, 0.29756956100463866, 1.7280674934387208], "std_fit_time": [0.07749906411356546, 0.09598547039431712, 0.07112793386923477], "mean_score_time": [0.03993487358093262, 0.002129220962524414, 0.043339204788208005], "std_score_time": [0.010558887680205173, 0.00029271221353375333, 0.011411560547009947]}, "score": 0.8312380952380952}}