{"[NN]NeuralNetwork": {"params": {"classification__epochs": 20, "classification__batch_size": 25}, "times": {"mean_fit_time": [53.1093505859375, 60.118140077590944, 44.577199935913086, 67.46133065223694, 60.55569677352905, 60.96636304855347, 47.5712507724762, 68.75399179458618, 67.85341420173646, 63.288483953475954], "std_fit_time": [0.870639037809581, 8.847630595388145, 0.7643827478156283, 0.5028144758065156, 1.2695532064467512, 1.3591758378421979, 0.7005133146647674, 0.2675175789170326, 2.624789619059634, 0.8058319997919476], "mean_score_time": [1.1613739490509034, 1.1209365367889403, 2.061064624786377, 0.2466494083404541, 1.087589931488037, 1.0782659530639649, 1.953612470626831, 0.17558584213256836, 0.2663718223571777, 0.7296030998229981], "std_score_time": [0.13414614994773352, 0.4946749886871138, 0.4254472691956589, 0.07076744996162392, 0.2041140667889588, 0.2641199220428605, 0.08553256034254493, 0.043913417124451744, 0.0913370832556543, 0.3886484750140374]}, "score": 0.951572543617998}, "RandomForestClassifier": {"params": {"classification__n_estimators": 100, "classification__min_samples_split": 10, "classification__min_samples_leaf": 4, "classification__max_features": "log2", "classification__max_depth": 10, "classification__bootstrap": false}, "times": {"mean_fit_time": [20.66115984916687, 11.655852699279786, 0.8424144268035889, 0.9968981742858887, 6.1742455005645756], "std_fit_time": [1.545229854645808, 0.33372729951060004, 0.025000198199482983, 0.09641854625793231, 0.5195337187222553], "mean_score_time": [0.035669374465942386, 0.045359325408935544, 0.03719139099121094, 0.03812084197998047, 0.014905261993408202], "std_score_time": [0.01949384724559671, 0.03699614659118959, 0.011826528873986322, 0.021331995485641124, 0.007087392702491962]}, "score": 0.9822077922077922}, "KNeighborsClassifier": {"params": {"classification__weights": "uniform", "classification__n_neighbors": 9, "classification__metric": "minkowski", "classification__leaf_size": 16}, "times": {"mean_fit_time": [0.08122086524963379, 0.0909947395324707, 0.061365795135498044, 0.0526585578918457, 0.05970263481140137], "std_fit_time": [0.017507989438940975, 0.009291600148970772, 0.016282433537052655, 0.012612961763832876, 0.006482682110083618], "mean_score_time": [0.013922643661499024, 0.019146490097045898, 0.012649726867675782, 0.015285587310791016, 0.012005996704101563], "std_score_time": [0.00786520561648246, 0.0022479349934496962, 0.004585396885593879, 0.006985931558348941, 0.007017747406045298]}, "score": 0.8572005772005772}, "ComplementNB": {"params": {"classification__alpha": 0}, "times": {"mean_fit_time": [0.1697594165802002, 0.18694696426391602, 0.26801772117614747, 0.20719194412231445, 0.21635174751281738], "std_fit_time": [0.0437337246087052, 0.04057744947732031, 0.028623829682487455, 0.06428327985519035, 0.03488007141442971], "mean_score_time": [0.05391635894775391, 0.03387322425842285, 0.008633232116699219, 0.046331357955932614, 0.05187540054321289], "std_score_time": [0.02331903032997989, 0.018432240732339313, 0.008112376308523139, 0.016506715163656246, 0.010787341289878842]}, "score": 0.7284776334776335}}