{"[NN]NeuralNetwork": {"params": {"classification__epochs": 15, "classification__batch_size": 25}, "times": {"mean_fit_time": [32.445681715011595, 49.04582982063293, 54.57744889259338, 58.02002105712891, 36.51488018035889, 63.31227602958679, 50.9812530040741, 61.94449281692505, 41.555623292922974, 64.8134738445282], "std_fit_time": [14.904303735551993, 23.17580593518854, 0.638129610984498, 0.7736557671469702, 16.925688078647326, 0.3325695506645797, 0.40511485198545805, 0.4928182224896071, 0.5096458026658978, 0.2156775203341408], "mean_score_time": [1.5698438167572022, 0.3680574417114258, 0.8246032238006592, 0.6150177001953125, 1.5174598693847656, 0.29689679145812986, 1.239212703704834, 0.29365363121032717, 2.45617618560791, 0.18586292266845703], "std_score_time": [0.7869718572111054, 0.2406431241979027, 0.2572721628358018, 0.10942623373705816, 0.7993066159130103, 0.08989698390013799, 0.1569411822138744, 0.05858213961376388, 0.3462019770373398, 0.02038453919196889]}, "score": 0.9522110717565264}, "RandomForestClassifier": {"params": {"classification__n_estimators": 200, "classification__min_samples_split": 5, "classification__min_samples_leaf": 1, "classification__max_features": "sqrt", "classification__max_depth": 20, "classification__bootstrap": true}, "times": {"mean_fit_time": [0.4754034042358398, 1.1064886569976806, 1.8629676818847656, 0.9012319564819335, 1.3992734909057618], "std_fit_time": [0.05619566478785113, 0.07257771306460942, 0.11056828196711611, 0.0689024294512626, 0.08634122517382795], "mean_score_time": [0.005242156982421875, 0.020186376571655274, 0.02861342430114746, 0.024703454971313477, 0.03831415176391602], "std_score_time": [0.005889803655739427, 0.009392274088032152, 0.024593728963523125, 0.022697697779046438, 0.03553488365127008]}, "score": 0.9936363636363638}, "KNeighborsClassifier": {"params": {"classification__weights": "distance", "classification__n_neighbors": 7, "classification__metric": "minkowski", "classification__leaf_size": 20}, "times": {"mean_fit_time": [0.13971657752990724, 0.12016944885253907, 0.13103775978088378, 0.10174398422241211, 0.11875648498535156], "std_fit_time": [0.04943851286415288, 0.009432360003114185, 0.04125668956166584, 0.020694958089774156, 0.015658263753004793], "mean_score_time": [0.028084659576416017, 0.03496174812316895, 0.024532508850097657, 0.012415075302124023, 0.015334701538085938], "std_score_time": [0.02873157847283597, 0.02701213251347427, 0.012585798922175997, 0.006025179030576896, 0.0077103701788915225]}, "score": 0.1568903318903319}, "ComplementNB": {"params": {"classification__alpha": 1.0}, "times": {"mean_fit_time": [0.23497633934020995, 0.22055201530456542, 0.2779116630554199, 0.23489656448364257, 0.2298903465270996], "std_fit_time": [0.03388793390146911, 0.09120001879201242, 0.06977403764203866, 0.03302150062064095, 0.015682864979138025], "mean_score_time": [0.011182641983032227, 0.02939434051513672, 0.008977890014648438, 0.07727198600769043, 0.09476251602172851], "std_score_time": [0.00664839816678086, 0.022102992050725117, 0.009388682616362375, 0.021684235134623923, 0.030507780506301152]}, "score": 0.7784054834054833}}