{"[NN]NeuralNetwork": {"params": {"classification__epochs": 20, "classification__batch_size": 20}, "times": {"mean_fit_time": [4.88795952796936, 4.9993661403656, 4.213199615478516, 5.037913751602173, 4.610913276672363, 4.992664337158203, 4.299133586883545, 4.952983045578003, 6.655841970443726, 5.691906881332398], "std_fit_time": [0.7689963974541556, 0.535256441760745, 1.2834359091421512, 0.3782266337884345, 0.35320365051600094, 1.0452098488022683, 0.763782469280435, 0.724208976318643, 0.5754906840370962, 0.5497804097222054], "mean_score_time": [0.5112259387969971, 0.480392599105835, 0.4662773609161377, 0.48734869956970217, 0.4806431770324707, 0.5265530586242676, 0.49425220489501953, 0.49353666305541993, 0.5221559047698975, 0.3978087902069092], "std_score_time": [0.22989102532322458, 0.2328259847106248, 0.10165741942141844, 0.1920409501382002, 0.21738689953002105, 0.2257863279247541, 0.22566664844506243, 0.17098527942058225, 0.1537856825702986, 0.0946775108763386]}, "score": 0.98989898989899}, "RandomForestClassifier": {"params": {"classification__n_estimators": 300, "classification__min_samples_split": 10, "classification__min_samples_leaf": 4, "classification__max_features": "log2", "classification__max_depth": 60, "classification__bootstrap": true}, "times": {"mean_fit_time": [4.578525876998901, 0.8239702224731446, 0.06141438484191895, 0.8100351333618164, 0.07321362495422364], "std_fit_time": [0.12387451266020241, 0.14414735681056226, 0.0051004400762746415, 0.08807767481390913, 0.013048784427959427], "mean_score_time": [0.003912734985351563, 0.0018485546112060546, 0.0014760494232177734, 0.0015897750854492188, 0.0013672828674316407], "std_score_time": [0.0011646922402060729, 0.00022694336052643996, 8.750033313345078e-05, 6.468661182332709e-05, 7.011734355317086e-05]}, "score": 0.9916666666666668}, "KNeighborsClassifier": {"params": {"classification__weights": "uniform", "classification__n_neighbors": 17, "classification__metric": "euclidean", "classification__leaf_size": 20}, "times": {"mean_fit_time": [0.03386688232421875, 0.03252420425415039, 0.022813034057617188, 0.03349423408508301, 0.034187602996826175], "std_fit_time": [0.010126382509747473, 0.016447855150298875, 0.0043374559612815635, 0.005953957391303278, 0.005740209019759474], "mean_score_time": [0.008398199081420898, 0.009150886535644531, 0.008616304397583008, 0.009350299835205078, 0.009706401824951172], "std_score_time": [0.0004619811306715862, 0.0007329078114080612, 0.0007197770048377486, 0.0004909663672382489, 0.0008610379241354824]}, "score": 0.9916666666666668}, "ComplementNB": {"params": {"classification__alpha": 0.5}, "times": {"mean_fit_time": [0.005985879898071289, 0.005619955062866211, 0.006239652633666992, 0.005206775665283203, 0.00665750503540039], "std_fit_time": [0.001017924024363912, 0.0012542370275785229, 0.0007412857305516996, 0.00027226960801597774, 0.0008590131952930128], "mean_score_time": [0.0014555931091308593, 0.0015199661254882812, 0.0018130302429199218, 0.0013515472412109375, 0.0018300056457519532], "std_score_time": [0.00023378540526147629, 0.00023636993486815628, 0.00010807286709710477, 2.2937502971228415e-05, 0.00014522745566040318]}, "score": 0.9483333333333333}, "LogisticRegression": {"params": {"classification__solver": "newton-cg", "classification__C": 100}, "times": {"mean_fit_time": [0.09004678726196289, 0.1401533603668213, 0.4842169761657715, 0.11526503562927246, 0.14959816932678222], "std_fit_time": [0.017240227522138482, 0.02230016569582497, 0.059665239073313184, 0.03907706369945207, 0.051653694559610525], "mean_score_time": [0.008814525604248048, 0.0018105506896972656, 0.0023426055908203126, 0.0019797325134277345, 0.0017908096313476562], "std_score_time": [0.00590273195758975, 0.00019440815265027458, 0.0002732327096288561, 0.00022242225523138042, 0.00019653208923690573]}, "score": 0.9916666666666668}}