{"[NN]NeuralNetwork": {"params": {"classification__epochs": 10, "classification__batch_size": 20}, "times": {"mean_fit_time": [2.7830033779144285, 3.000674343109131, 3.4962581157684327, 3.657136917114258, 3.7401235103607178, 3.2290846347808837, 3.240941286087036, 2.9765854835510255, 3.4426177024841307, 2.93031644821167], "std_fit_time": [0.3181076146068224, 0.523712784079494, 0.6005607269499499, 0.4493141893323659, 0.17682710634453008, 0.40834224173174766, 0.2921791758361013, 0.3780716347577366, 0.2452791153393047, 0.5817319293713155], "mean_score_time": [0.43770360946655273, 0.4603034496307373, 0.33338356018066406, 0.34583086967468263, 0.46778411865234376, 0.3912506103515625, 0.27755064964294435, 0.421049690246582, 0.3885209083557129, 0.288360595703125], "std_score_time": [0.13895872461336975, 0.1285330228964417, 0.06496150637368202, 0.07097396846565394, 0.07041507850042285, 0.19830502487304863, 0.03229689307288251, 0.06777951177814492, 0.11977376335953342, 0.08067479083313053]}, "score": 0.9508333333333333}, "RandomForestClassifier": {"params": {"classification__n_estimators": 50, "classification__min_samples_split": 5, "classification__min_samples_leaf": 1, "classification__max_features": "log2", "classification__max_depth": 50, "classification__bootstrap": false}, "times": {"mean_fit_time": [0.06223464012145996, 0.07867474555969238, 0.9530365467071533, 0.0808218002319336, 0.839691162109375], "std_fit_time": [0.011473621383497086, 0.021571894225504144, 0.20475062807138902, 0.004693376868141555, 0.039707417139943274], "mean_score_time": [0.0018393039703369141, 0.0019638538360595703, 0.0018579959869384766, 0.001375293731689453, 0.0018772602081298829], "std_score_time": [0.00017082045470370188, 0.00015404298013447162, 0.0002799192112195477, 7.288165440757337e-05, 0.0003969178699265924]}, "score": 1.0}, "KNeighborsClassifier": {"params": {"classification__weights": "uniform", "classification__n_neighbors": 17, "classification__metric": "euclidean", "classification__leaf_size": 23}, "times": {"mean_fit_time": [0.030094194412231445, 0.03959054946899414, 0.03306741714477539, 0.030214595794677734, 0.036320829391479494], "std_fit_time": [0.0037682071840861764, 0.013192673847847473, 0.010147524855037327, 0.004907577885573331, 0.00846788369755492], "mean_score_time": [0.011498498916625976, 0.009759759902954102, 0.009438800811767577, 0.009753894805908204, 0.00887761116027832], "std_score_time": [0.002693047016374643, 0.0015251990875175129, 0.0012889009063220243, 0.001091682099610484, 0.0010709233559666026]}, "score": 0.7383333333333333}, "ComplementNB": {"params": {"classification__alpha": 0.5}, "times": {"mean_fit_time": [0.004133987426757813, 0.004418325424194336, 0.005647468566894531, 0.007316493988037109, 0.0072346687316894535], "std_fit_time": [0.00026011081923476534, 0.0009566509570592087, 0.0006435255573204563, 0.0007542249653103651, 0.0015572677509909337], "mean_score_time": [0.0012381553649902343, 0.001352834701538086, 0.001668548583984375, 0.0017685890197753906, 0.001536989212036133], "std_score_time": [0.00014672252238449705, 0.00038513524760346295, 0.00020962114001391214, 0.0003067066864768991, 0.0003955446171156048]}, "score": 0.9033333333333333}, "LogisticRegression": {"params": {"classification__solver": "newton-cg", "classification__C": 100}, "times": {"mean_fit_time": [0.37865304946899414, 0.38511219024658205, 0.09269824028015136, 0.6706703662872314, 0.12870197296142577], "std_fit_time": [0.07200913098140391, 0.04099306454623791, 0.019768405735499088, 0.07265736610990013, 0.02227109334967652], "mean_score_time": [0.0021756649017333984, 0.002554035186767578, 0.0017487525939941407, 0.002136993408203125, 0.0018044471740722655], "std_score_time": [0.0006236563491579452, 0.0004245116173737581, 0.0002129136060153462, 0.00037675324215443297, 0.00016949381869324725]}, "score": 0.9666666666666666}}