{"[NN]NeuralNetwork": {"params": {"classification__epochs": 15, "classification__batch_size": 20}, "times": {"mean_fit_time": [4.154835319519043, 4.471868801116943, 3.925229787826538, 3.1706889152526854, 3.8634149074554442, 2.9455997943878174, 3.6912331581115723, 3.543613386154175, 2.9981112480163574, 3.749724245071411], "std_fit_time": [0.7931416598430198, 0.891895152681257, 0.9532480577451681, 0.5932704029569071, 0.6384561419018652, 0.4629927038213819, 0.8211285888079186, 0.629107593884068, 0.5569532583178525, 0.5314595685486109], "mean_score_time": [0.3355463981628418, 0.3488429546356201, 0.41428022384643554, 0.3514207363128662, 0.20880818367004395, 0.30585474967956544, 0.2371119499206543, 0.23388195037841797, 0.2611290454864502, 0.18297920227050782], "std_score_time": [0.06787034748190883, 0.1641116696687026, 0.09794849004259944, 0.11698514903607618, 0.04652230409150082, 0.1419127135931409, 0.07877346105358188, 0.07206618171635534, 0.06291134286675218, 0.025481537688716725]}, "score": 0.9760515873015873}, "RandomForestClassifier": {"params": {"classification__n_estimators": 1000, "classification__min_samples_split": 2, "classification__min_samples_leaf": 2, "classification__max_features": "sqrt", "classification__max_depth": null, "classification__bootstrap": true}, "times": {"mean_fit_time": [4.187582731246948, 4.730935001373291, 2.901570510864258, 3.947584295272827, 2.4575310707092286], "std_fit_time": [0.21346159702517203, 0.26822266900605946, 0.11817780631180903, 0.07906808936000323, 0.07170925411183796], "mean_score_time": [0.005307531356811524, 0.005793142318725586, 0.0037294864654541016, 0.0027770519256591795, 0.002854585647583008], "std_score_time": [0.0011223642530719879, 0.0007696187835854486, 0.001225209677592094, 0.00024047916688806675, 6.373370565923694e-05]}, "score": 0.975}, "KNeighborsClassifier": {"params": {"classification__weights": "uniform", "classification__n_neighbors": 11, "classification__metric": "manhattan", "classification__leaf_size": 30}, "times": {"mean_fit_time": [0.036253833770751955, 0.05078458786010742, 0.03536996841430664, 0.029054975509643553, 0.03370699882507324], "std_fit_time": [0.01044005633959642, 0.02043782366476281, 0.00799539464240818, 0.002553232160299215, 0.004609138730686663], "mean_score_time": [0.011984777450561524, 0.01136155128479004, 0.011934423446655273, 0.010631465911865234, 0.010239839553833008], "std_score_time": [0.001547914864229261, 0.0017428154650134153, 0.0032390511761655073, 0.0025419729173532125, 0.001022908288815689]}, "score": 0.9833333333333332}, "ComplementNB": {"params": {"classification__alpha": 0.5}, "times": {"mean_fit_time": [0.0053748607635498045, 0.00504450798034668, 0.004782724380493164, 0.006324911117553711, 0.0055450439453125], "std_fit_time": [0.000774076349770694, 0.0006736177694289994, 0.0005549867391255678, 0.00062476882583029, 0.0007240828786132459], "mean_score_time": [0.0015459537506103515, 0.0015652179718017578, 0.0015056133270263672, 0.001517915725708008, 0.0014623165130615234], "std_score_time": [0.00023698899827310056, 0.00025892393803809527, 0.00021933000968821505, 0.00015531067171693867, 0.0001560614954505352]}, "score": 0.9291666666666668}, "LogisticRegression": {"params": {"classification__solver": "saga", "classification__C": 100}, "times": {"mean_fit_time": [0.45597639083862307, 0.5190703392028808, 0.45267210006713865, 0.9795392513275146, 0.860084056854248], "std_fit_time": [0.08587849173950546, 0.07238945682276025, 0.10061865453198351, 0.15014437561014438, 0.08577322504301502], "mean_score_time": [0.0038609027862548826, 0.003960037231445312, 0.0030539512634277345, 0.0025362491607666014, 0.0031017303466796876], "std_score_time": [0.0031673099014316686, 0.0018534207577741149, 0.0012407216486677874, 0.0007622996180487375, 0.0011898611789007]}, "score": 0.9625}}