{"[NN]NeuralNetwork": {"params": {"classification__epochs": 20, "classification__batch_size": 20}, "times": {"mean_fit_time": [3.3637173175811768, 3.2703322887420656, 3.5224101066589357, 3.071402072906494, 3.1999460220336915, 2.7479838848114015, 3.7496816635131838, 3.2068819999694824, 2.583117866516113, 2.891566610336304], "std_fit_time": [0.38938548973927156, 0.2459374148785468, 0.24917086159481558, 0.47189983626162774, 0.5022689436886804, 0.4605548014116314, 0.5487754171568053, 0.28844651105356484, 0.3759467890997103, 0.14709548423795965], "mean_score_time": [0.34365143775939944, 0.29552879333496096, 0.3054648876190186, 0.2075186252593994, 0.21228251457214356, 0.19789729118347169, 0.27452731132507324, 0.20614800453186036, 0.2465660572052002, 0.2617959022521973], "std_score_time": [0.11412014371985585, 0.03543158600650535, 0.0972908777725422, 0.024540572301455118, 0.06882841413127812, 0.06822217610659946, 0.09575940343835447, 0.018967405190640715, 0.07734053203061861, 0.03672636406531987]}, "score": 0.8548080808080808}, "RandomForestClassifier": {"params": {"classification__n_estimators": 300, "classification__min_samples_split": 2, "classification__min_samples_leaf": 4, "classification__max_features": "log2", "classification__max_depth": 40, "classification__bootstrap": true}, "times": {"mean_fit_time": [0.9724923133850097, 0.05114226341247559, 0.8988402366638184], "std_fit_time": [0.16710981773440833, 0.0042033371635582925, 0.0610472579072148], "mean_score_time": [0.0017020702362060547, 0.0015450477600097655, 0.0018269538879394532], "std_score_time": [9.80262851726217e-05, 0.00024156189225385812, 8.924264430228775e-05]}, "score": 0.99}, "KNeighborsClassifier": {"params": {"classification__weights": "uniform", "classification__n_neighbors": 9, "classification__metric": "minkowski", "classification__leaf_size": 10}, "times": {"mean_fit_time": [0.03049626350402832, 0.029278659820556642, 0.030675125122070313], "std_fit_time": [0.0019183465124080425, 0.0015572780299258906, 0.0005782765133577632], "mean_score_time": [0.009418678283691407, 0.009580039978027343, 0.010443878173828126], "std_score_time": [0.0005862176253158528, 0.0005226087744002638, 0.002483173352118497]}, "score": 0.9739047619047619}, "ComplementNB": {"params": {"classification__alpha": 0}, "times": {"mean_fit_time": [0.005521345138549805, 0.004633283615112305, 0.006855440139770508], "std_fit_time": [0.0006561693293518186, 0.0009715314534441601, 0.0006560620043314853], "mean_score_time": [0.0014653682708740234, 0.0014444351196289062, 0.001472139358520508], "std_score_time": [0.0005615440841369786, 0.0005041618373289508, 0.00025750410087149885]}, "score": 0.676952380952381}, "LogisticRegression": {"params": {"classification__solver": "sag", "classification__C": 1.0}, "times": {"mean_fit_time": [0.8773693561553955, 0.7167929172515869, 1.0981436729431153], "std_fit_time": [0.10266925456508685, 0.08968345739905738, 0.05855985339652149], "mean_score_time": [0.04033961296081543, 0.028874731063842772, 0.03878111839294433], "std_score_time": [0.002919588517617922, 0.011332995910127043, 0.0034539081075938096]}, "score": 0.7811428571428571}}