{"[NN]NeuralNetwork": {"params": {"classification__epochs": 5, "classification__batch_size": 30}, "times": {"mean_fit_time": [2.311689853668213, 2.0582656383514406, 2.0249116897583006, 1.9420287609100342, 2.1877028942108154, 1.930931282043457, 1.8546311855316162, 1.8420857429504394, 2.0160887241363525, 2.1015511035919188], "std_fit_time": [0.24435656565822347, 0.12522112797115417, 0.21097114782701512, 0.11804458540669172, 0.29208052993981953, 0.18906898493537166, 0.07009277024787419, 0.2045756440292248, 0.24459983460261428, 0.4793349342069116], "mean_score_time": [0.2182483673095703, 0.24833369255065918, 0.22232236862182617, 0.2036222457885742, 0.20496368408203125, 0.22921648025512695, 0.23331160545349122, 0.20407485961914062, 0.20075640678405762, 0.20858244895935057], "std_score_time": [0.03350779169407101, 0.01987069097412578, 0.0158271348108024, 0.01027462936947926, 0.02529394105302521, 0.01145465095139078, 0.010616356317825393, 0.052067421412662546, 0.016883998895565633, 0.01336362548842734]}, "score": 0.9671626984126984}, "RandomForestClassifier": {"params": {"classification__n_estimators": 10, "classification__min_samples_split": 5, "classification__min_samples_leaf": 4, "classification__max_features": null, "classification__max_depth": 50, "classification__bootstrap": true}, "times": {"mean_fit_time": [0.9497920036315918, 0.0676027774810791, 0.07689781188964843, 0.08564925193786621, 0.9675777435302735], "std_fit_time": [0.03359334912760668, 0.016967977763484503, 0.012528297752469225, 0.02458954949557002, 0.05618701916531652], "mean_score_time": [0.0020706653594970703, 0.0018085956573486329, 0.0017834186553955078, 0.001472616195678711, 0.002340078353881836], "std_score_time": [0.0003145706695133748, 0.0004580276790899524, 0.0003390326077396604, 0.00023471209503695697, 0.0007091063159604561]}, "score": 0.9733333333333334}, "KNeighborsClassifier": {"params": {"classification__weights": "uniform", "classification__n_neighbors": 1, "classification__metric": "minkowski", "classification__leaf_size": 10}, "times": {"mean_fit_time": [0.02499103546142578, 0.03616795539855957, 0.04653005599975586, 0.027835369110107422, 0.029482364654541016], "std_fit_time": [0.00589142057700182, 0.007862912687311305, 0.01178772434561294, 0.0074770920334693, 0.0038471462587540933], "mean_score_time": [0.010153675079345703, 0.010313796997070312, 0.01016697883605957, 0.009872150421142579, 0.010086345672607421], "std_score_time": [0.001356581934162863, 0.0013173323384143183, 0.0016516958827264532, 0.0022213153416315704, 0.0012688513260261302]}, "score": 0.9149999999999998}, "ComplementNB": {"params": {"classification__alpha": 1.0}, "times": {"mean_fit_time": [0.004867029190063476, 0.005426168441772461, 0.004308032989501953, 0.007313776016235352, 0.008377647399902344], "std_fit_time": [0.0011373352067615297, 0.001469527682466068, 0.0006945041687974909, 0.0011737389741687137, 0.001282578543077224], "mean_score_time": [0.00132904052734375, 0.0014185428619384766, 0.001445770263671875, 0.001802682876586914, 0.001759481430053711], "std_score_time": [0.0003030882005930296, 0.0002099064250946406, 0.0005585043025064392, 0.0003765953494260192, 0.00019402898300224986]}, "score": 0.8875}, "LogisticRegression": {"params": {"classification__solver": "lbfgs", "classification__C": 100}, "times": {"mean_fit_time": [0.1369772434234619, 0.3505559921264648, 0.35406880378723143, 0.5699810028076172, 0.12403368949890137], "std_fit_time": [0.044660682875459434, 0.06758805822338375, 0.04507990688255776, 0.03267080664883767, 0.02888955677903696], "mean_score_time": [0.0019365787506103516, 0.0024654388427734373, 0.0018846988677978516, 0.0017508506774902345, 0.0017337799072265625], "std_score_time": [0.0006696531451985986, 0.0005994918122915372, 0.00037840220804041596, 0.00011390626709816135, 0.00017450174876534058]}, "score": 0.915}}