{"[NN]NeuralNetwork": {"params": {"classification__epochs": 20, "classification__batch_size": 20}, "times": {"mean_fit_time": [4.719746351242065, 4.400652027130127, 3.3086889743804933, 4.147544240951538, 3.485580062866211, 4.511927223205566, 3.998670196533203, 3.511853742599487, 3.9849063873291017, 3.7263004779815674], "std_fit_time": [0.19923459170920754, 0.49203532548612366, 0.6649076148762151, 0.2222853109793611, 0.8359196564881759, 0.21942550744922468, 0.38500560478454904, 0.45675303340945117, 0.4789452493300584, 0.48138902530635586], "mean_score_time": [0.31876821517944337, 0.3381330966949463, 0.4391653060913086, 0.2293916702270508, 0.4124007225036621, 0.2526911735534668, 0.2764287948608398, 0.30907244682312013, 0.276918363571167, 0.27201666831970217], "std_score_time": [0.07307322794439365, 0.04096935277771751, 0.20815928858202462, 0.051647548480823806, 0.12587530750478296, 0.02186458378711639, 0.0629784841300166, 0.06771310072361823, 0.09021470785430578, 0.03254890492805595]}, "score": 0.9683333333333334}, "RandomForestClassifier": {"params": {"classification__n_estimators": 500, "classification__min_samples_split": 2, "classification__min_samples_leaf": 1, "classification__max_features": "log2", "classification__max_depth": 20, "classification__bootstrap": false}, "times": {"mean_fit_time": [1.5414424896240235, 1.197817611694336, 0.10080165863037109, 1.5855252265930175, 0.13383874893188477], "std_fit_time": [0.07690628082513488, 0.06550738294395442, 0.01196764561500169, 0.09465411439796323, 0.017842570639824293], "mean_score_time": [0.0018045425415039063, 0.0019589900970458985, 0.001806640625, 0.0029898166656494142, 0.0013856887817382812], "std_score_time": [0.000324143448560431, 0.00024352711840428657, 0.0006010212354451416, 0.0005845308143376728, 0.0003041250423815874]}, "score": 1.0}, "KNeighborsClassifier": {"params": {"classification__weights": "uniform", "classification__n_neighbors": 9, "classification__metric": "euclidean", "classification__leaf_size": 26}, "times": {"mean_fit_time": [0.04410429000854492, 0.039759159088134766, 0.04015274047851562, 0.0396693229675293, 0.04138269424438477], "std_fit_time": [0.008135600294213475, 0.010827816558690558, 0.007874235018247534, 0.005583160620759271, 0.011284278647952062], "mean_score_time": [0.00852670669555664, 0.00980067253112793, 0.010153961181640626, 0.012186765670776367, 0.011526966094970703], "std_score_time": [0.000880739899014051, 0.0016141565147278145, 0.001982206729324713, 0.004137679900001039, 0.0028972936922716324]}, "score": 0.8808333333333334}, "ComplementNB": {"params": {"classification__alpha": 0.5}, "times": {"mean_fit_time": [0.00770263671875, 0.008299779891967774, 0.006038570404052734, 0.008098888397216796, 0.006408500671386719], "std_fit_time": [0.0014158834978826322, 0.00357079582299673, 0.0008080545794570895, 0.0017699091397485444, 0.0009395594743029765], "mean_score_time": [0.0019959449768066407, 0.0021024227142333986, 0.0016662120819091798, 0.0018124580383300781, 0.0016996383666992188], "std_score_time": [0.0004302327993777429, 0.0004305348785501269, 0.00026234181615380895, 0.0004072592165942015, 0.00023561514602183788]}, "score": 0.8908333333333334}, "LogisticRegression": {"params": {"classification__solver": "lbfgs", "classification__C": 0.01}, "times": {"mean_fit_time": [0.6236472606658936, 0.38735332489013674, 0.14679231643676757, 0.35741300582885743, 0.17806062698364258], "std_fit_time": [0.05335486990213543, 0.021874193639712318, 0.04667821522603097, 0.03608048102996408, 0.02616874564421037], "mean_score_time": [0.0034165382385253906, 0.0021978378295898437, 0.002320671081542969, 0.0024271488189697267, 0.002707767486572266], "std_score_time": [0.0015011047921597621, 0.00023602917212674397, 0.0005786825616860404, 0.0005048941202290688, 0.001137494889976733]}, "score": 0.9483333333333333}}