{"[NN]NeuralNetwork": {"params": {"classification__epochs": 20, "classification__batch_size": 30}, "times": {"mean_fit_time": [3.582424688339233, 3.508929634094238, 3.5152324199676515, 3.0218544960021974, 4.354839849472046, 3.037095785140991, 3.6486942768096924, 3.594486427307129, 2.5708239555358885, 2.7946415901184083], "std_fit_time": [0.33751367627039947, 0.14943608970938047, 0.9059938615500791, 0.3830713369546328, 0.9647338985519097, 0.16783366099514144, 0.7536753897457762, 0.6267994049826625, 0.28448393766053226, 0.48217426549538067], "mean_score_time": [0.24394326210021972, 0.30014910697937014, 0.2412412643432617, 0.26733908653259275, 0.26779446601867674, 0.33289189338684083, 0.3345979690551758, 0.20452208518981935, 0.21482982635498046, 0.24799175262451173], "std_score_time": [0.10333766765577601, 0.10278996664512016, 0.059104349421979, 0.09281878377020059, 0.05406347299130657, 0.08660040396295106, 0.1031787629502356, 0.06757651031749007, 0.007350225453997145, 0.057588366450824796]}, "score": 0.9367424242424243}, "RandomForestClassifier": {"params": {"classification__n_estimators": 400, "classification__min_samples_split": 10, "classification__min_samples_leaf": 4, "classification__max_features": "sqrt", "classification__max_depth": 30, "classification__bootstrap": true}, "times": {"mean_fit_time": [2.7695281505584717, 0.974432373046875, 1.697757863998413, 1.6197738170623779, 2.4578078269958494], "std_fit_time": [0.21759972384539902, 0.1915616919713913, 0.2980779210178698, 0.16933715153813553, 0.12534991560635542], "mean_score_time": [0.0043261051177978516, 0.0016693592071533204, 0.0028664588928222655, 0.0031017303466796876, 0.0040863037109375], "std_score_time": [0.0013519492848108484, 0.00016743370750455332, 0.0007943629975206987, 0.00044549797619860296, 0.0014898878868793808]}, "score": 0.98375}, "KNeighborsClassifier": {"params": {"classification__weights": "uniform", "classification__n_neighbors": 3, "classification__metric": "manhattan", "classification__leaf_size": 30}, "times": {"mean_fit_time": [0.12980504035949708, 0.053393220901489256, 0.07248167991638184, 0.023897600173950196, 0.027684879302978516], "std_fit_time": [0.0486749718572624, 0.04818957880112899, 0.061118828683870446, 0.0030847562964043764, 0.00616889539043992], "mean_score_time": [0.011760091781616211, 0.011429548263549805, 0.0108673095703125, 0.014126157760620118, 0.015109825134277343], "std_score_time": [0.002497292421703968, 0.002594236448485056, 0.0011949660429221459, 0.003725674946877736, 0.007676454839214106]}, "score": 0.9529166666666666}, "ComplementNB": {"params": {"classification__alpha": 0.5}, "times": {"mean_fit_time": [0.005423450469970703, 0.005851125717163086, 0.005753517150878906, 0.007004785537719727, 0.007166814804077148], "std_fit_time": [0.0007486233072622296, 0.0005529088691984529, 0.0007715044119681597, 0.0008535671548992658, 0.0005728687643804852], "mean_score_time": [0.0014122962951660157, 0.0016809463500976562, 0.00164031982421875, 0.0016121864318847656, 0.0019180774688720703], "std_score_time": [0.00016338083303805165, 0.0002027766820825618, 0.0002553697828148423, 0.0002531946939488827, 0.00019375607717279233]}, "score": 0.8510119047619048}, "LogisticRegression": {"params": {"classification__solver": "sag", "classification__C": 10}, "times": {"mean_fit_time": [0.5585493564605712, 0.43328442573547366, 0.5732800960540771, 0.8384171009063721, 0.6754314422607421], "std_fit_time": [0.12675203141062968, 0.04457593347067752, 0.12035162689976898, 0.053491577172791516, 0.051884270336207225], "mean_score_time": [0.0033019065856933595, 0.003530597686767578, 0.004193925857543945, 0.0020839214324951173, 0.0023482799530029296], "std_score_time": [0.0008061346352583258, 0.00029782271697435645, 0.0024293102541993205, 0.00041278216609627095, 0.0005063786250242726]}, "score": 0.768452380952381}}