{"[NN]NeuralNetwork": {"params": {"classification__epochs": 5, "classification__batch_size": 30}, "times": {"mean_fit_time": [4.317248916625976, 4.400202226638794, 4.8443512439727785, 4.652602434158325, 5.665483522415161, 4.709794235229492, 4.414789867401123, 3.967395210266113, 5.766846132278443, 4.343528842926025], "std_fit_time": [0.62978899244518, 0.5187378103579174, 0.8435324506509061, 0.9508799785207407, 1.2728371979832158, 1.1117645522762707, 1.0624067115625373, 0.6700412254260362, 0.9680574507560136, 0.6726599705938358], "mean_score_time": [0.5313208103179932, 0.5127802848815918, 0.5213941097259521, 0.5304791927337646, 0.5740022659301758, 0.672250509262085, 0.6701127529144287, 0.4204095840454102, 0.5867885112762451, 0.4740605354309082], "std_score_time": [0.21609947014729014, 0.0929789855203062, 0.09016530222595162, 0.0824255962205321, 0.17213208355018952, 0.17423973588194916, 0.2588458265175174, 0.07070624602287014, 0.2027995987382747, 0.13197535775191624]}, "score": 0.9671626984126984}, "RandomForestClassifier": {"params": {"classification__n_estimators": 10, "classification__min_samples_split": 5, "classification__min_samples_leaf": 4, "classification__max_features": null, "classification__max_depth": 50, "classification__bootstrap": true}, "times": {"mean_fit_time": [0.884623908996582, 0.06243343353271484, 0.08520336151123047, 0.05191106796264648, 1.0141017436981201], "std_fit_time": [0.1843324920659557, 0.014968370392820599, 0.006875921451734958, 0.009980972157552627, 0.08903038377957315], "mean_score_time": [0.0016176223754882813, 0.001968860626220703, 0.001738595962524414, 0.0014679908752441406, 0.002192783355712891], "std_score_time": [0.0002274717365758398, 0.00045135368742090214, 0.0003317659216704865, 0.0003231927333918982, 0.0003493170640450406]}, "score": 0.9733333333333334}, "KNeighborsClassifier": {"params": {"classification__weights": "uniform", "classification__n_neighbors": 1, "classification__metric": "minkowski", "classification__leaf_size": 10}, "times": {"mean_fit_time": [0.027715587615966798, 0.031856870651245116, 0.03783292770385742, 0.03033437728881836, 0.026584339141845704], "std_fit_time": [0.005569400110580688, 0.011825449811884613, 0.018083874854628333, 0.016898396840147625, 0.011191836644544586], "mean_score_time": [0.012136363983154297, 0.011445045471191406, 0.01138443946838379, 0.01054525375366211, 0.01911649703979492], "std_score_time": [0.0008682303903021169, 0.003668090994125821, 0.0017602274343757628, 0.001121108685254553, 0.009090146053718422]}, "score": 0.9149999999999998}, "ComplementNB": {"params": {"classification__alpha": 1.0}, "times": {"mean_fit_time": [0.004414844512939453, 0.004395675659179687, 0.0050961017608642575, 0.008684635162353516, 0.008121109008789063], "std_fit_time": [0.0001798892684602765, 0.0008484132343148209, 0.0007402764517296461, 0.000473232304457476, 0.00113872427975627], "mean_score_time": [0.0012976169586181641, 0.0013090133666992187, 0.0015422821044921875, 0.0019066333770751953, 0.0017368316650390625], "std_score_time": [0.00022781798361298555, 0.00018721513440537316, 0.0005256809151322527, 0.00017843014538724178, 0.00014892727563354505]}, "score": 0.8875}, "LogisticRegression": {"params": {"classification__solver": "sag", "classification__C": 1.0}, "times": {"mean_fit_time": [0.1315742015838623, 0.46252975463867185, 0.4370469570159912, 0.7859601020812989, 0.7510291576385498], "std_fit_time": [0.04190270411637928, 0.0903523243548399, 0.05762623536076757, 0.10548112220286604, 0.14517154787744016], "mean_score_time": [0.0018403053283691407, 0.002646636962890625, 0.0020978450775146484, 0.0029297828674316405, 0.0024572372436523437], "std_score_time": [0.00020914239747985187, 0.001173717064525024, 0.0004099175497537369, 0.0015601671887120379, 0.0005348383484586933]}, "score": 0.8191666666666666}}