{"[NN]NeuralNetwork": {"params": {"classification__epochs": 15, "classification__batch_size": 20}, "times": {"mean_fit_time": [3.789349889755249, 3.453464412689209, 3.2810510635375976, 3.2575490951538084, 2.8813079357147218, 3.662241983413696, 3.831422519683838, 3.617155742645264, 3.158654880523682, 3.410680055618286], "std_fit_time": [0.2936845243844945, 0.27611576703703195, 0.21268045825892604, 0.43786986403076056, 0.3925622969874878, 0.5773589041078975, 0.6502846941797923, 0.5698314888910541, 0.5359518562509683, 0.3584528459711341], "mean_score_time": [0.30867977142333985, 0.3824467658996582, 0.4071709632873535, 0.345499849319458, 0.3046592712402344, 0.2950087070465088, 0.26527957916259765, 0.36910262107849123, 0.27210402488708496, 0.3395861625671387], "std_score_time": [0.04013338234902928, 0.06653071275737324, 0.18627539413030988, 0.05305274222268577, 0.02589552341927876, 0.08229463367251173, 0.0807989326682555, 0.10179643752300045, 0.10660596529499039, 0.06678405110913475]}, "score": 0.9636868686868688}, "RandomForestClassifier": {"params": {"classification__n_estimators": 300, "classification__min_samples_split": 10, "classification__min_samples_leaf": 4, "classification__max_features": "log2", "classification__max_depth": 20, "classification__bootstrap": true}, "times": {"mean_fit_time": [1.3942878246307373, 0.8237658977508545, 0.6434082508087158, 0.9012955665588379, 0.6603409767150878], "std_fit_time": [0.12280817778185131, 0.06746070008875807, 0.044256362140429495, 0.014448972655581684, 0.05728009093666021], "mean_score_time": [0.002011823654174805, 0.0016408443450927734, 0.00213007926940918, 0.0017552375793457031, 0.002111959457397461], "std_score_time": [0.00018935745705091352, 6.503251240951536e-05, 0.0004606904255426004, 0.0002329870954345097, 0.0006919884990525923]}, "score": 0.975}, "KNeighborsClassifier": {"params": {"classification__weights": "uniform", "classification__n_neighbors": 17, "classification__metric": "minkowski", "classification__leaf_size": 26}, "times": {"mean_fit_time": [0.029515790939331054, 0.031275177001953126, 0.03306889533996582, 0.04376792907714844, 0.03987140655517578], "std_fit_time": [0.0039351908968513595, 0.006602588056367023, 0.008918218328657081, 0.004554624776460781, 0.009386104940424843], "mean_score_time": [0.008741474151611328, 0.009619665145874024, 0.00850992202758789, 0.008049917221069337, 0.008318328857421875], "std_score_time": [0.0009613836487957663, 0.0004127279276023869, 0.0005377344325051323, 0.0007162948752967866, 0.00019726555560262447]}, "score": 0.9791666666666667}, "ComplementNB": {"params": {"classification__alpha": 0}, "times": {"mean_fit_time": [0.00458831787109375, 0.004479742050170899, 0.00523672103881836, 0.0073986053466796875, 0.00597677230834961], "std_fit_time": [0.00033575053432546425, 0.0006840052540903118, 0.0008348844781889565, 0.001339170803899393, 0.0014254938548841569], "mean_score_time": [0.001194000244140625, 0.001301717758178711, 0.0015570640563964844, 0.0018189907073974609, 0.001533365249633789], "std_score_time": [8.973120072022385e-05, 0.00021594645632532045, 0.00023398275454721584, 0.00035405120785368265, 0.0003741095690070334]}, "score": 0.9375}, "LogisticRegression": {"params": {"classification__solver": "newton-cg", "classification__C": 0.01}, "times": {"mean_fit_time": [0.37946152687072754, 0.3794716358184814, 0.04680314064025879, 0.8254528045654297, 0.11051707267761231], "std_fit_time": [0.0663720453409122, 0.06842079980814345, 0.006164840044361559, 0.1333017022630975, 0.006269547685109169], "mean_score_time": [0.002589893341064453, 0.0021507740020751953, 0.0015677452087402345, 0.0024015426635742186, 0.0016171932220458984], "std_score_time": [0.0012868335787797752, 0.00040417194026102224, 0.00021951298922171333, 0.00025178769259124413, 1.9887596849129413e-05]}, "score": 0.975}}