{"[NN]NeuralNetwork": {"params": {"classification__epochs": 20, "classification__batch_size": 20}, "times": {"mean_fit_time": [3.0842379093170167, 4.315182256698608, 4.245865392684936, 3.8821353912353516, 3.528483486175537, 4.1488810062408445, 4.003319168090821, 3.8824031352996826, 3.146298885345459, 4.520073699951172], "std_fit_time": [0.7435894741606893, 1.1199902537135311, 0.5147989672657888, 0.6705561839782823, 0.6738871143331433, 0.3406535337666528, 0.6787926330235485, 1.0160934756950697, 0.36227831224486073, 0.3977640153144178], "mean_score_time": [0.31373252868652346, 0.2583324909210205, 0.4080174446105957, 0.2572158336639404, 0.25647292137145994, 0.2588222026824951, 0.2662034511566162, 0.23628268241882325, 0.3889118194580078, 0.24659018516540526], "std_score_time": [0.07593468314686322, 0.11091792444658598, 0.12402492353345038, 0.10785188723248879, 0.03373669950763627, 0.041802911868719685, 0.0841872996483658, 0.039316506066063545, 0.16591862966211876, 0.05890033368199264]}, "score": 0.8323333333333334}, "RandomForestClassifier": {"params": {"classification__n_estimators": 200, "classification__min_samples_split": 5, "classification__min_samples_leaf": 1, "classification__max_features": "sqrt", "classification__max_depth": 20, "classification__bootstrap": true}, "times": {"mean_fit_time": [0.20014138221740724, 0.6364696979522705, 0.625314474105835], "std_fit_time": [0.006457602581802653, 0.12634060495103733, 0.04914790574941176], "mean_score_time": [0.0013750076293945312, 0.0016868114471435547, 0.0017656803131103516], "std_score_time": [6.905639291275325e-05, 6.967241973530595e-05, 0.00022906998014295352]}, "score": 0.972952380952381}, "KNeighborsClassifier": {"params": {"classification__weights": "distance", "classification__n_neighbors": 5, "classification__metric": "euclidean", "classification__leaf_size": 30}, "times": {"mean_fit_time": [0.024162960052490235, 0.027522706985473634, 0.042209291458129884], "std_fit_time": [0.0028717708701817444, 0.007078986539785963, 0.00934442671779109], "mean_score_time": [0.009088087081909179, 0.009010219573974609, 0.009304189682006836], "std_score_time": [0.001099517920209871, 0.0014595830926510654, 0.0007629746279952559]}, "score": 0.23476190476190473}, "ComplementNB": {"params": {"classification__alpha": 0}, "times": {"mean_fit_time": [0.005135536193847656, 0.0050014019012451175, 0.008190011978149414], "std_fit_time": [0.0007742797289867943, 0.001405737572960342, 0.001527130474954353], "mean_score_time": [0.0012883663177490235, 0.0013607025146484375, 0.001626443862915039], "std_score_time": [0.0001376930685359309, 0.00029614675671034473, 0.0003638895975432516]}, "score": 0.763904761904762}, "LogisticRegression": {"params": {"classification__solver": "newton-cg", "classification__C": 0.01}, "times": {"mean_fit_time": [0.28214349746704104, 0.7896498680114746, 0.568547534942627], "std_fit_time": [0.08172995565101789, 0.12697968242415225, 0.27563102030485115], "mean_score_time": [0.0024156093597412108, 0.03975629806518555, 0.001904916763305664], "std_score_time": [0.0004181108058813169, 0.006478829166821663, 0.0003803805478071736]}, "score": 0.8459047619047618}}