{"[NN]NeuralNetwork": {"params": {"classification__epochs": 15, "classification__batch_size": 20}, "times": {"mean_fit_time": [3.588643217086792, 3.1428832530975344, 2.5372275829315187, 3.1597726821899412, 2.3628846168518067, 3.003284549713135, 2.0418435096740724, 2.713603115081787, 2.961928653717041, 2.5306036949157713], "std_fit_time": [0.2906336240350003, 0.36930798056870284, 0.42079328784692116, 1.1205016173918787, 0.7081321417896236, 0.4089126217895214, 0.330151086975228, 0.7261152953904799, 0.5691150110133941, 0.314909224572735], "mean_score_time": [0.41062073707580565, 0.17420601844787598, 0.2528663158416748, 0.22808585166931153, 0.20954618453979493, 0.20077505111694335, 0.25731897354125977, 0.2237170696258545, 0.2115180015563965, 0.2569633960723877], "std_score_time": [0.04952595922369287, 0.030403465777542812, 0.08474963401468993, 0.11090993858711665, 0.06003869918269768, 0.026513074458368813, 0.07926041162916413, 0.07689303891518093, 0.05452678881581878, 0.05417467179490845]}, "score": 0.8761529581529583}, "RandomForestClassifier": {"params": {"classification__n_estimators": 1000, "classification__min_samples_split": 2, "classification__min_samples_leaf": 2, "classification__max_features": "log2", "classification__max_depth": 70, "classification__bootstrap": false}, "times": {"mean_fit_time": [0.0951998233795166, 3.22727518081665, 3.118890619277954], "std_fit_time": [0.006681798437920126, 0.07101096118154936, 0.05395471196408914], "mean_score_time": [0.001394510269165039, 0.003912115097045898, 0.0033958911895751952], "std_score_time": [0.0003278608996661947, 0.00096144716057251, 0.0010330796334612022]}, "score": 0.9486666666666667}, "KNeighborsClassifier": {"params": {"classification__weights": "uniform", "classification__n_neighbors": 1, "classification__metric": "manhattan", "classification__leaf_size": 13}, "times": {"mean_fit_time": [0.03729257583618164, 0.04071664810180664, 0.04226865768432617], "std_fit_time": [0.011180286634862957, 0.007548724904994084, 0.008347693214909543], "mean_score_time": [0.016022205352783203, 0.026810407638549805, 0.023035573959350585], "std_score_time": [0.007874721311958332, 0.013472514740785676, 0.0070506041692106735]}, "score": 0.9406666666666667}, "ComplementNB": {"params": {"classification__alpha": 0}, "times": {"mean_fit_time": [0.01125478744506836, 0.014640378952026366, 0.015217208862304687], "std_fit_time": [0.0005655921294355239, 0.004789790894358081, 0.007339231006827382], "mean_score_time": [0.0030411243438720702, 0.004124927520751953, 0.009105443954467773], "std_score_time": [0.0006310373953920538, 0.00219399175196169, 0.012856234192828154]}, "score": 0.7346666666666668}, "LogisticRegression": {"params": {"classification__solver": "newton-cg", "classification__C": 10}, "times": {"mean_fit_time": [4.306306934356689, 0.5321872711181641, 0.5903475761413575], "std_fit_time": [1.065261628754136, 0.11655400943827046, 0.26531546499980563], "mean_score_time": [0.07917866706848145, 0.021612548828125, 0.0018811702728271484], "std_score_time": [0.015122992088527359, 0.02202454756171317, 0.0002628193621471205]}, "score": 0.7913333333333332}}