{"[NN]NeuralNetwork": {"params": {"classification__epochs": 15, "classification__batch_size": 20}, "times": {"mean_fit_time": [3.734738826751709, 2.962718629837036, 3.51820821762085, 3.2295202732086183, 2.872246837615967, 3.9373013496398928, 3.4706289768218994, 3.064876413345337, 3.3411104679107666, 2.9072149276733397], "std_fit_time": [0.5255482033855704, 0.5907469004257591, 0.7187432531133809, 0.47000295853014007, 0.21066073647108974, 0.5337358592981883, 0.3581901684547608, 0.4070905294461522, 0.5837949768263279, 0.5384371275533898], "mean_score_time": [0.30600552558898925, 0.30934505462646483, 0.218121337890625, 0.2768280506134033, 0.3299129486083984, 0.23285694122314454, 0.25201964378356934, 0.2751010417938232, 0.21986265182495118, 0.31234402656555177], "std_score_time": [0.10270439842436663, 0.10816914929665196, 0.025027243280719435, 0.05355686911503322, 0.07780808103806146, 0.0696153333640474, 0.10928448181805644, 0.06758575005619494, 0.02165768819384837, 0.08931811492321258]}, "score": 0.9636868686868688}, "RandomForestClassifier": {"params": {"classification__n_estimators": 300, "classification__min_samples_split": 10, "classification__min_samples_leaf": 4, "classification__max_features": "log2", "classification__max_depth": 20, "classification__bootstrap": true}, "times": {"mean_fit_time": [1.3469789505004883, 1.0214395999908448, 0.7234324932098388, 0.8348706722259521, 0.6136794567108155], "std_fit_time": [0.11236681389546285, 0.11347134715585128, 0.15560626242204836, 0.06066469877435417, 0.03154220832056507], "mean_score_time": [0.001825714111328125, 0.001732015609741211, 0.0017499446868896485, 0.001790761947631836, 0.0015740394592285156], "std_score_time": [0.00016090570155381556, 8.908762804455097e-05, 0.0001223310279228204, 0.00034169157276195855, 3.922923970079496e-05]}, "score": 0.975}, "KNeighborsClassifier": {"params": {"classification__weights": "uniform", "classification__n_neighbors": 17, "classification__metric": "minkowski", "classification__leaf_size": 26}, "times": {"mean_fit_time": [0.03790750503540039, 0.03671555519104004, 0.02807021141052246, 0.029237747192382812, 0.03227376937866211], "std_fit_time": [0.008350077601996414, 0.013409990322936756, 0.00630115777193967, 0.006741610713124693, 0.005469525517606726], "mean_score_time": [0.010218143463134766, 0.009166288375854491, 0.009571552276611328, 0.008638095855712891, 0.010182428359985351], "std_score_time": [0.0010760778665974368, 0.0005072563880951882, 0.0005091596752236329, 0.0004552738806217069, 0.0010961301825885268]}, "score": 0.9791666666666667}, "ComplementNB": {"params": {"classification__alpha": 0}, "times": {"mean_fit_time": [0.005192852020263672, 0.004932260513305664, 0.005114889144897461, 0.006771230697631836, 0.006366586685180664], "std_fit_time": [0.0006311784798658731, 0.0009843362357691936, 0.0010830465429620703, 0.0008738481203465072, 0.0015190391248394875], "mean_score_time": [0.001264476776123047, 0.001349496841430664, 0.001476287841796875, 0.0015882015228271484, 0.0015929698944091796], "std_score_time": [6.015099939025158e-05, 0.00019369125366210937, 0.00028540434741036004, 0.00025007527348145313, 0.0003434463980341074]}, "score": 0.9375}, "LogisticRegression": {"params": {"classification__solver": "newton-cg", "classification__C": 0.01}, "times": {"mean_fit_time": [0.3881113529205322, 0.34061293601989745, 0.044721555709838864, 0.6792949199676513, 0.086891508102417], "std_fit_time": [0.11142035146175118, 0.04973564009222662, 0.007637646053544873, 0.054894038052871505, 0.01324584130622868], "mean_score_time": [0.0048858642578125, 0.0021036148071289064, 0.0016159534454345704, 0.002278900146484375, 0.0016414165496826173], "std_score_time": [0.0028350308043456965, 0.0004341250352454882, 0.00016624860333966553, 0.00025730848832633806, 0.00019254101087359175]}, "score": 0.975}}