{"[NN]NeuralNetwork": {"params": {"classification__epochs": 15, "classification__batch_size": 20}, "times": {"mean_fit_time": [6.480360126495361, 5.009154987335205, 5.236337471008301, 4.8863059997558596, 5.144607448577881, 5.551149654388428, 5.614683151245117, 4.99891505241394, 5.266815662384033, 4.265860891342163], "std_fit_time": [0.5756654041197624, 0.3483776258902268, 0.5863419976763423, 1.1899001991301128, 0.6513457661945296, 0.4748612385079245, 0.33939046612227225, 0.622823954933937, 0.42277639281345536, 0.7485430933706559], "mean_score_time": [0.515117597579956, 0.8302523612976074, 0.6289983749389648, 0.6325331687927246, 0.5449072837829589, 0.7166439533233643, 0.5506058692932129, 0.709640645980835, 0.5597136974334717, 0.6993960380554199], "std_score_time": [0.09458014339785242, 0.154765936363791, 0.20087867594798925, 0.1424294872307493, 0.18729832694085544, 0.2670841830261724, 0.13237110672098887, 0.2508436679168736, 0.1492401333035372, 0.10123196883509478]}, "score": 0.9386904761904763}, "RandomForestClassifier": {"params": {"classification__n_estimators": 500, "classification__min_samples_split": 2, "classification__min_samples_leaf": 2, "classification__max_features": null, "classification__max_depth": 10, "classification__bootstrap": true}, "times": {"mean_fit_time": [0.2267911911010742, 2.713687801361084, 4.045616006851196, 2.546256399154663, 3.9009849071502685], "std_fit_time": [0.026471453195841294, 0.1294861518898759, 0.17971755200464465, 0.17248904432722162, 0.23774502606891643], "mean_score_time": [0.001854276657104492, 0.003937864303588867, 0.005119848251342774, 0.0038910388946533205, 0.003393745422363281], "std_score_time": [0.00043036738469670295, 0.000990858936180021, 0.0017148808262255127, 0.0021129412143529517, 0.001091008342635104]}, "score": 0.9803571428571429}, "KNeighborsClassifier": {"params": {"classification__weights": "uniform", "classification__n_neighbors": 3, "classification__metric": "euclidean", "classification__leaf_size": 16}, "times": {"mean_fit_time": [0.035314750671386716, 0.03719992637634277, 0.028757476806640626, 0.03503708839416504, 0.029010915756225587], "std_fit_time": [0.006638382778731961, 0.003471341664819104, 0.006967851610881731, 0.0012530216062238832, 0.007763050637486668], "mean_score_time": [0.009466171264648438, 0.009639835357666016, 0.009029006958007813, 0.010321283340454101, 0.009557819366455078], "std_score_time": [0.0021299074144039256, 0.001044804485901437, 0.0018984151760723807, 0.0009761757219750875, 0.0004111283949810184]}, "score": 0.9320238095238095}, "ComplementNB": {"params": {"classification__alpha": 0.5}, "times": {"mean_fit_time": [0.004483938217163086, 0.004256248474121094, 0.0038510799407958985, 0.006221580505371094, 0.006315040588378906], "std_fit_time": [0.0004940272522423564, 0.0008221930293683956, 0.00020218123803559217, 0.0004713060594386105, 0.0012943085282851755], "mean_score_time": [0.0014341354370117187, 0.0013624668121337891, 0.0012633323669433594, 0.0015382766723632812, 0.0013310432434082032], "std_score_time": [0.0005194443349072057, 0.00021474156935133207, 0.0002512148765875564, 0.00016837045107069413, 0.00013632543354405674]}, "score": 0.861547619047619}, "LogisticRegression": {"params": {"classification__solver": "sag", "classification__C": 0.01}, "times": {"mean_fit_time": [0.47646279335021974, 0.4964263439178467, 0.38007612228393556, 1.0392438888549804, 0.7993005752563477], "std_fit_time": [0.0716084842667225, 0.052520536006412405, 0.07381820748514072, 0.1178177093041402, 0.058536424406523714], "mean_score_time": [0.002719259262084961, 0.0034739494323730467, 0.005097866058349609, 0.0024627685546875, 0.002769279479980469], "std_score_time": [0.0007127570152767541, 0.0003747946858096576, 0.0043378382574277875, 0.00039798337522510015, 0.0007538376138402533]}, "score": 0.8290476190476191}}