{"[NN]NeuralNetwork": {"params": {"classification__epochs": 20, "classification__batch_size": 25}, "times": {"mean_fit_time": [5.461163663864136, 4.508372402191162, 4.663009738922119, 4.265253686904908, 4.352456712722779, 4.999639368057251, 4.227701234817505, 4.894426965713501, 4.040541505813598, 4.504047632217407], "std_fit_time": [0.6991013399122109, 0.6417054252315711, 0.6678617228965612, 0.6727612450098279, 0.5275409685116716, 0.42669300863391524, 0.7105730305435105, 0.6443497059402999, 0.6608817556878099, 0.5871316241653685], "mean_score_time": [0.6091901779174804, 0.5394398689270019, 0.5514608860015869, 0.5096400737762451, 0.509273099899292, 0.4933063507080078, 0.6183047294616699, 0.4909390449523926, 0.6835753917694092, 0.7203229427337646], "std_score_time": [0.10207361955355108, 0.06679513649138016, 0.09014091530938058, 0.13231814176748144, 0.08722256683258028, 0.10476510798971429, 0.13162278618320758, 0.14694373522990511, 0.060020430119748724, 0.06419059843673461]}, "score": 0.9629166666666666}, "RandomForestClassifier": {"params": {"classification__n_estimators": 50, "classification__min_samples_split": 10, "classification__min_samples_leaf": 1, "classification__max_features": "log2", "classification__max_depth": 100, "classification__bootstrap": true}, "times": {"mean_fit_time": [0.5798868656158447, 0.8921151638031006, 0.08888134956359864, 0.9256872653961181, 0.05395340919494629], "std_fit_time": [0.03078602538931273, 0.01101925664780704, 0.025119340702203296, 0.057893422577669794, 0.0038912944640466067], "mean_score_time": [0.001877737045288086, 0.001789426803588867, 0.002163219451904297, 0.002443695068359375, 0.0011304378509521484], "std_score_time": [0.0004745970416223397, 0.00035861478686949946, 0.0006977670965570921, 0.001737993586592657, 3.6049204527267653e-05]}, "score": 0.9625}, "KNeighborsClassifier": {"params": {"classification__weights": "uniform", "classification__n_neighbors": 1, "classification__metric": "minkowski", "classification__leaf_size": 26}, "times": {"mean_fit_time": [0.05173726081848144, 0.02981557846069336, 0.04496912956237793, 0.024856376647949218, 0.03046526908874512], "std_fit_time": [0.01868079761082155, 0.010784712218396136, 0.015798708289932444, 0.0025396017367178116, 0.0035834153067766765], "mean_score_time": [0.01260232925415039, 0.014814519882202148, 0.015151596069335938, 0.009910821914672852, 0.012230539321899414], "std_score_time": [0.001777724338127066, 0.003434880860582418, 0.00489495900652097, 0.0011385037623573313, 0.0015951748389625175]}, "score": 0.8941666666666667}, "ComplementNB": {"params": {"classification__alpha": 0.5}, "times": {"mean_fit_time": [0.006114339828491211, 0.0047167778015136715, 0.005733919143676758, 0.00858306884765625, 0.009029674530029296], "std_fit_time": [0.0013895621464085988, 0.0008186634350409086, 0.0015379808703769712, 0.0007757326058723819, 0.002440989258478358], "mean_score_time": [0.0015982627868652345, 0.0014341354370117187, 0.001508951187133789, 0.0019505023956298828, 0.0020850658416748046], "std_score_time": [0.0003501018039023406, 0.00023941354091558666, 0.0002985447326115828, 0.00013889407823127706, 0.00035263916817794626]}, "score": 0.8800000000000001}, "LogisticRegression": {"params": {"classification__solver": "sag", "classification__C": 10}, "times": {"mean_fit_time": [0.6099287033081054, 0.7344658374786377, 0.637922716140747, 1.0125382900238038, 0.7946249008178711], "std_fit_time": [0.13045487022705712, 0.15242392291308487, 0.16966546403992222, 0.13722014222737033, 0.028474376810105995], "mean_score_time": [0.0020133018493652343, 0.0032455921173095703, 0.0033841609954833986, 0.0036295413970947265, 0.0027649402618408203], "std_score_time": [0.0003269965040638258, 0.0008538834311804073, 0.0010319945968380046, 0.0017896170588324969, 0.0008208815870496617]}, "score": 0.8175000000000001}}