{"[NN]NeuralNetwork": {"params": {"classification__epochs": 20, "classification__batch_size": 20}, "times": {"mean_fit_time": [3.146667957305908, 3.9745665550231934, 3.766532230377197, 3.704612636566162, 3.1814051151275633, 3.7262247085571287, 3.3292425632476808, 3.982321310043335, 3.260868549346924, 3.731838035583496], "std_fit_time": [0.5639139508688992, 0.22359415370690827, 0.7267756652161304, 0.5863655216690634, 0.4753580973058766, 0.5068379553982894, 0.3765585926258349, 0.5841332590374552, 0.3812453337828327, 0.7178706262163974], "mean_score_time": [0.36301050186157224, 0.3419917106628418, 0.32549734115600587, 0.21479411125183107, 0.33776702880859377, 0.22867159843444823, 0.2513126850128174, 0.1986900806427002, 0.33961095809936526, 0.23414855003356932], "std_score_time": [0.06283878564451911, 0.057284357374305456, 0.08461518579540933, 0.06894271300849181, 0.12374009364710079, 0.03423440905625552, 0.03318849969312742, 0.040907212348696195, 0.09224398047381908, 0.08693569630583194]}, "score": 0.8323333333333334}, "RandomForestClassifier": {"params": {"classification__n_estimators": 200, "classification__min_samples_split": 5, "classification__min_samples_leaf": 1, "classification__max_features": "sqrt", "classification__max_depth": 20, "classification__bootstrap": true}, "times": {"mean_fit_time": [0.2728217601776123, 0.6349060535430908, 0.5511489391326905], "std_fit_time": [0.05417364839520616, 0.014289361976988522, 0.024075613052032197], "mean_score_time": [0.001600933074951172, 0.001728200912475586, 0.0017852306365966797], "std_score_time": [0.0002768799786692187, 0.00010821247537454881, 0.00011882093112627]}, "score": 0.972952380952381}, "KNeighborsClassifier": {"params": {"classification__weights": "distance", "classification__n_neighbors": 5, "classification__metric": "euclidean", "classification__leaf_size": 30}, "times": {"mean_fit_time": [0.0519775390625, 0.04374704360961914, 0.026538801193237305], "std_fit_time": [0.003053384502315604, 0.013754297711555188, 0.015961520910377308], "mean_score_time": [0.010924100875854492, 0.008457469940185546, 0.009454488754272461], "std_score_time": [0.0016356251800090458, 0.0009123103973445525, 0.0004510633278430698]}, "score": 0.23476190476190473}, "ComplementNB": {"params": {"classification__alpha": 0}, "times": {"mean_fit_time": [0.004592704772949219, 0.0047496318817138675, 0.006555700302124023], "std_fit_time": [0.0004366346955510393, 0.0008265040292580641, 0.0011375530884147184], "mean_score_time": [0.0012441158294677734, 0.0012479305267333984, 0.0013650894165039063], "std_score_time": [0.00023199964942595554, 0.00017469262331701782, 0.00018548754614879619]}, "score": 0.763904761904762}, "LogisticRegression": {"params": {"classification__solver": "newton-cg", "classification__C": 0.01}, "times": {"mean_fit_time": [0.22208547592163086, 0.9863955974578857, 0.7087255954742432], "std_fit_time": [0.028018420130313002, 0.21792562163743523, 0.26994415541038985], "mean_score_time": [0.0017055511474609376, 0.04764213562011719, 0.0027713775634765625], "std_score_time": [0.00015316025851515335, 0.008597647293916775, 0.0010336313299238546]}, "score": 0.8459047619047618}}