{"[NN]NeuralNetwork": {"params": {"classification__epochs": 15, "classification__batch_size": 20}, "times": {"mean_fit_time": [4.008695936203003, 4.094530534744263, 4.5648151397705075, 3.4075341701507567, 3.7584078311920166, 3.344692659378052, 2.8277157306671143, 3.505219316482544, 3.087997579574585, 3.594620943069458], "std_fit_time": [0.6412064405582018, 0.7585473042428652, 0.7267015580793241, 0.592412187879418, 0.22084173220643324, 0.23247759594706258, 0.5330656744699467, 0.46331097993498305, 0.4386599335893993, 0.22147467785057184], "mean_score_time": [0.3223093509674072, 0.3656642436981201, 0.2369903564453125, 0.26938610076904296, 0.23604307174682618, 0.24886221885681153, 0.20245161056518554, 0.23669123649597168, 0.42771430015563966, 0.27060823440551757], "std_score_time": [0.04365030905209985, 0.15492774872984222, 0.07933647881883812, 0.03266097042659475, 0.045562997250716636, 0.06385168350489046, 0.042226325153394514, 0.04886887839727829, 0.1509308113482133, 0.15509572965062243]}, "score": 0.9760515873015873}, "RandomForestClassifier": {"params": {"classification__n_estimators": 1000, "classification__min_samples_split": 2, "classification__min_samples_leaf": 2, "classification__max_features": "sqrt", "classification__max_depth": null, "classification__bootstrap": true}, "times": {"mean_fit_time": [4.4710897445678714, 4.820202970504761, 3.6620930194854737, 4.164864110946655, 2.5682313442230225], "std_fit_time": [0.3481754707767524, 0.16468572020933497, 0.5013189832085069, 0.10325207011967683, 0.047087476639413546], "mean_score_time": [0.004770851135253907, 0.005362844467163086, 0.005658292770385742, 0.0027436733245849608, 0.003774070739746094], "std_score_time": [0.0010757711293967224, 0.0017072527118403551, 0.0017018464513477124, 0.00014574084477210592, 0.0010433240019554508]}, "score": 0.975}, "KNeighborsClassifier": {"params": {"classification__weights": "uniform", "classification__n_neighbors": 11, "classification__metric": "manhattan", "classification__leaf_size": 30}, "times": {"mean_fit_time": [0.025949525833129882, 0.030020999908447265, 0.042262840270996097, 0.030643510818481445, 0.031622123718261716], "std_fit_time": [0.008189840914013386, 0.013949953979678674, 0.005482746856742758, 0.004938398240318579, 0.013255118449237371], "mean_score_time": [0.009561920166015625, 0.009568405151367188, 0.009434270858764648, 0.010119056701660157, 0.01152958869934082], "std_score_time": [0.00041982950428130664, 0.0009030342857416404, 0.0004435826046040866, 0.0023895666370935672, 0.0017037946935958212]}, "score": 0.9833333333333332}, "ComplementNB": {"params": {"classification__alpha": 0.5}, "times": {"mean_fit_time": [0.004928398132324219, 0.004470109939575195, 0.005446243286132813, 0.006968545913696289, 0.006437826156616211], "std_fit_time": [0.000681209727760839, 0.0005197112259529785, 0.0007617864449492794, 0.0009411173302237132, 0.0009885292875267456], "mean_score_time": [0.0013541698455810547, 0.001424551010131836, 0.0017163753509521484, 0.0016449928283691407, 0.0015939712524414063], "std_score_time": [0.00019286341289726465, 0.0002320532819338703, 0.0004394622932577075, 0.0001735911643017788, 0.00018991284859427672]}, "score": 0.9291666666666668}, "LogisticRegression": {"params": {"classification__solver": "saga", "classification__C": 100}, "times": {"mean_fit_time": [0.5486898422241211, 0.6844730377197266, 0.5040722846984863, 1.0394865989685058, 0.7582700729370118], "std_fit_time": [0.138388368098429, 0.11164243299588868, 0.030289857509640392, 0.14463537111595876, 0.09049839032046954], "mean_score_time": [0.002875661849975586, 0.003780364990234375, 0.0025415420532226562, 0.0027834892272949217, 0.002447700500488281], "std_score_time": [0.000902140575850376, 0.0010525832543078503, 0.0005435585336423493, 0.000620723773907136, 0.0004490911896919095]}, "score": 0.9625}}