{"[NN]NeuralNetwork": {"params": {"classification__epochs": 20, "classification__batch_size": 25}, "times": {"mean_fit_time": [5.290611696243286, 5.2258110523223875, 5.050580644607544, 4.523855495452881, 5.435776329040527, 4.747478294372558, 4.779635238647461, 4.526496076583863, 4.225870895385742, 3.9416125297546385], "std_fit_time": [0.6918404703439102, 0.23716909056185786, 0.8506969983136863, 0.6745992842994919, 1.3387032474315284, 0.5931455876718481, 0.5690504421000003, 0.4519664342653182, 0.35437511089646573, 0.4351832355173695], "mean_score_time": [0.8220664024353027, 0.6505275249481202, 0.48692736625671384, 0.6514485359191895, 0.42873706817626955, 0.5339104652404785, 0.5174864768981934, 0.4811654567718506, 0.5674379348754883, 0.3275023937225342], "std_score_time": [0.20146191758584564, 0.08335378421754923, 0.09908577415387002, 0.09055152403001861, 0.06542925763459506, 0.07958641254646072, 0.11894658197956226, 0.0888477751445104, 0.19729890668897967, 0.06799764222454062]}, "score": 0.9583531746031746}, "RandomForestClassifier": {"params": {"classification__n_estimators": 200, "classification__min_samples_split": 2, "classification__min_samples_leaf": 4, "classification__max_features": "sqrt", "classification__max_depth": 100, "classification__bootstrap": false}, "times": {"mean_fit_time": [0.11226439476013184, 0.5084001541137695, 0.05178966522216797, 0.5501988410949707, 0.04920969009399414], "std_fit_time": [0.01020870103680681, 0.0337426122811414, 0.010667572725390559, 0.012833378518482237, 0.009195124352258142], "mean_score_time": [0.001735687255859375, 0.0016715526580810547, 0.0018923282623291016, 0.002113676071166992, 0.001439809799194336], "std_score_time": [0.0005193432237658974, 8.570542731957722e-05, 0.000652472629229459, 0.0005334296451371085, 0.0002726350385023545]}, "score": 0.9691666666666666}, "KNeighborsClassifier": {"params": {"classification__weights": "uniform", "classification__n_neighbors": 1, "classification__metric": "euclidean", "classification__leaf_size": 16}, "times": {"mean_fit_time": [0.03731212615966797, 0.023340511322021484, 0.041101503372192386, 0.03135828971862793, 0.044669389724731445], "std_fit_time": [0.018074577477980726, 0.0035514023906854436, 0.014155686416033788, 0.007261689339428818, 0.021903484358371313], "mean_score_time": [0.015616703033447265, 0.012910890579223632, 0.013950872421264648, 0.012407159805297852, 0.011282587051391601], "std_score_time": [0.008373987745504474, 0.0014944996589426624, 0.004209834661324767, 0.0017508565876221706, 0.00215459073659588]}, "score": 0.9416666666666668}, "ComplementNB": {"params": {"classification__alpha": 0.5}, "times": {"mean_fit_time": [0.007271432876586914, 0.0048492431640625, 0.0049343109130859375, 0.007056188583374023, 0.007403182983398438], "std_fit_time": [0.004267642187641662, 0.0008203802034702899, 0.0010151783923605905, 0.0010392885617118222, 0.0008921861186643869], "mean_score_time": [0.0015540122985839844, 0.0014496326446533203, 0.0015705585479736327, 0.001485443115234375, 0.001769876480102539], "std_score_time": [0.0003704915173947357, 0.0002615050534576453, 0.0006004507346768869, 0.000232176835493224, 0.0002075941441666614]}, "score": 0.8941666666666667}, "LogisticRegression": {"params": {"classification__solver": "lbfgs", "classification__C": 10}, "times": {"mean_fit_time": [0.4665947437286377, 0.12787842750549316, 0.4858137607574463, 0.8331260681152344, 0.2055516242980957], "std_fit_time": [0.007524718005576742, 0.040867422801016615, 0.019702736895902042, 0.06632229008090662, 0.01631859919697694], "mean_score_time": [0.0034323692321777343, 0.0019280433654785157, 0.0024096012115478516, 0.003161764144897461, 0.0019308567047119141], "std_score_time": [0.001219763278509981, 0.00036042371165664997, 0.0009019563803028325, 0.0009243668873489195, 0.00024448220936417126]}, "score": 0.8691666666666666}}