{"[NN]NeuralNetwork": {"params": {"classification__epochs": 15, "classification__batch_size": 20}, "times": {"mean_fit_time": [4.142798852920532, 5.032873964309692, 4.237046337127685, 4.107790279388428, 4.417065191268921, 3.884442853927612, 3.3864508152008055, 3.6676180839538572, 3.786835718154907, 3.837429237365723], "std_fit_time": [0.2629861517164077, 0.6389781092864297, 0.3378192529338799, 0.8354404879321996, 0.7510726923198613, 0.40904693310542406, 0.29601581816433425, 0.09059536796806723, 0.3503495516216099, 0.5466445032591244], "mean_score_time": [0.44841370582580564, 0.2956109523773193, 0.333112907409668, 0.31978425979614256, 0.4638200283050537, 0.29828858375549316, 0.34710259437561036, 0.25745835304260256, 0.2900184154510498, 0.2722168445587158], "std_score_time": [0.19481752020025456, 0.08086820247320647, 0.12437139473760593, 0.08424113986249378, 0.20550872766671366, 0.14381831349881735, 0.08687119714711714, 0.029493927877755198, 0.068898190138834, 0.06759801362321594]}, "score": 0.8761529581529583}, "RandomForestClassifier": {"params": {"classification__n_estimators": 1000, "classification__min_samples_split": 2, "classification__min_samples_leaf": 2, "classification__max_features": "log2", "classification__max_depth": 70, "classification__bootstrap": false}, "times": {"mean_fit_time": [0.09032888412475586, 3.283220958709717, 3.373031568527222], "std_fit_time": [0.01500017962141178, 0.12764700685463543, 0.11648855159079473], "mean_score_time": [0.001643800735473633, 0.005098581314086914, 0.00410614013671875], "std_score_time": [0.00040546657179501937, 0.0017587537207088594, 0.0015486555517369453]}, "score": 0.9486666666666667}, "KNeighborsClassifier": {"params": {"classification__weights": "uniform", "classification__n_neighbors": 1, "classification__metric": "manhattan", "classification__leaf_size": 13}, "times": {"mean_fit_time": [0.03014793395996094, 0.03179545402526855, 0.026073789596557616], "std_fit_time": [0.004183393893178464, 0.003968152215663737, 0.007783681796447263], "mean_score_time": [0.012908172607421876, 0.009380149841308593, 0.009170198440551757], "std_score_time": [0.004363336961845995, 0.0017969864653269295, 0.00041089721128493054]}, "score": 0.9406666666666667}, "ComplementNB": {"params": {"classification__alpha": 0}, "times": {"mean_fit_time": [0.00522923469543457, 0.005093812942504883, 0.006648826599121094], "std_fit_time": [0.0008619627183786004, 0.0006406808438869372, 0.0008995184410109419], "mean_score_time": [0.0015207767486572266, 0.001631450653076172, 0.001292276382446289], "std_score_time": [0.0003441892920461368, 0.0002149092640575259, 6.377140359563307e-05]}, "score": 0.7346666666666668}, "LogisticRegression": {"params": {"classification__solver": "newton-cg", "classification__C": 10}, "times": {"mean_fit_time": [1.0386593341827393, 0.16004652976989747, 1.0073041439056396], "std_fit_time": [0.24980082749506105, 0.01749892254182173, 0.22128230336875754], "mean_score_time": [0.05260109901428223, 0.0018018722534179688, 0.015715694427490233], "std_score_time": [0.021955901464902512, 0.00014171650079098237, 0.008827564978096706]}, "score": 0.7913333333333332}}