{"[NN]NeuralNetwork": {"params": {"classification__epochs": 20, "classification__batch_size": 20}, "times": {"mean_fit_time": [4.273982048034668, 3.529368352890015, 3.589749813079834, 3.121944761276245, 3.2289794445037843, 3.3503087043762205, 3.7156976222991944, 3.060760974884033, 3.6040727615356447, 3.0350955009460447], "std_fit_time": [0.29298490612031153, 0.4495658522777591, 0.40214428144970893, 0.3585856331445063, 0.40527985524047183, 0.5374882371004155, 0.5292989747737024, 0.42075839429734474, 0.34454850955915495, 0.3128644900277698], "mean_score_time": [0.36577601432800294, 0.29190630912780763, 0.4679108619689941, 0.41962509155273436, 0.42945685386657717, 0.3578328132629395, 0.27674031257629395, 0.3030513286590576, 0.3666101932525635, 0.2682321548461914], "std_score_time": [0.07941899785344791, 0.055905093794615314, 0.20289643290373127, 0.18504517623313102, 0.10747383441786316, 0.0631700551953697, 0.04096831756011671, 0.10772414910686685, 0.10505944072477125, 0.02108591682714197]}, "score": 0.98989898989899}, "RandomForestClassifier": {"params": {"classification__n_estimators": 300, "classification__min_samples_split": 10, "classification__min_samples_leaf": 4, "classification__max_features": "log2", "classification__max_depth": 60, "classification__bootstrap": true}, "times": {"mean_fit_time": [4.679958963394165, 0.8841205596923828, 0.06567912101745606, 0.9331118583679199, 0.08938035964965821], "std_fit_time": [0.18252027498064305, 0.11902629030408188, 0.008079723969798246, 0.025936637055869096, 0.014459787774983735], "mean_score_time": [0.003908824920654297, 0.001813793182373047, 0.0012643814086914062, 0.0031040668487548827, 0.001613950729370117], "std_score_time": [0.0008005811085273105, 0.0001235690719969132, 0.0002523870925630993, 0.0014090270686961863, 0.0002587979633306477]}, "score": 0.9916666666666668}, "KNeighborsClassifier": {"params": {"classification__weights": "uniform", "classification__n_neighbors": 17, "classification__metric": "euclidean", "classification__leaf_size": 20}, "times": {"mean_fit_time": [0.033278608322143556, 0.030245876312255858, 0.03232994079589844, 0.02618856430053711, 0.03228311538696289], "std_fit_time": [0.006635794726056147, 0.00922381506533078, 0.011145699582239524, 0.00802187930004845, 0.006854172166968951], "mean_score_time": [0.008963394165039062, 0.009262323379516602, 0.009161663055419923, 0.008193159103393554, 0.009258413314819336], "std_score_time": [0.00098104977312107, 0.0014187711151988653, 0.0007141963010804029, 0.0002060074823646567, 0.00034163728888271115]}, "score": 0.9916666666666668}, "ComplementNB": {"params": {"classification__alpha": 0.5}, "times": {"mean_fit_time": [0.005017518997192383, 0.0048999786376953125, 0.005629205703735351, 0.006274557113647461, 0.00637054443359375], "std_fit_time": [0.0005926750009400769, 0.000950077462302618, 0.0005054602441412221, 0.001108167058626733, 0.001511124813476662], "mean_score_time": [0.001464986801147461, 0.0013599872589111328, 0.0014450550079345703, 0.0016404151916503905, 0.0017644405364990235], "std_score_time": [0.000273542971231898, 0.00019102107270381092, 0.00032300221936465786, 0.0003775434377315506, 0.000490246590289909]}, "score": 0.9483333333333333}, "LogisticRegression": {"params": {"classification__solver": "newton-cg", "classification__C": 100}, "times": {"mean_fit_time": [0.060909461975097653, 0.07651734352111816, 0.42688641548156736, 0.09708061218261718, 0.13447036743164062], "std_fit_time": [0.007515351367544278, 0.004847656538974903, 0.044121852958461556, 0.012646671958695982, 0.027411769094636513], "mean_score_time": [0.001559305191040039, 0.0016704559326171874, 0.0022756099700927735, 0.0017072677612304688, 0.0017847061157226563], "std_score_time": [0.00021772101630611755, 0.00010494952955352627, 0.000543172480186463, 0.00011427056030538317, 0.0001599144770496113]}, "score": 0.9916666666666668}}