{"[NN]NeuralNetwork": {"params": {"classification__epochs": 20, "classification__batch_size": 25}, "times": {"mean_fit_time": [3.781473684310913, 3.1219502449035645, 3.391513156890869, 3.0897024154663084, 3.4409995555877684, 3.743262529373169, 3.1467942714691164, 3.2976964950561523, 3.169158172607422, 3.188956308364868], "std_fit_time": [0.717500469567145, 0.737026814061844, 0.4951572068835456, 0.5180330320556207, 0.42286362244139925, 0.3642847954027425, 0.5544271753552198, 0.2694931113326686, 0.28792047227399914, 0.3889232223157232], "mean_score_time": [0.2325232982635498, 0.33628482818603517, 0.3697216510772705, 0.36075053215026853, 0.3924041748046875, 0.27086381912231444, 0.31286935806274413, 0.4111660003662109, 0.2910487174987793, 0.3294328212738037], "std_score_time": [0.044342684283370876, 0.05080264117942745, 0.12544111670553937, 0.09790413871119005, 0.10031549729201952, 0.0674332286103921, 0.06227030903294604, 0.11587355406047604, 0.02781680317603101, 0.08947582695435974]}, "score": 0.9629166666666666}, "RandomForestClassifier": {"params": {"classification__n_estimators": 50, "classification__min_samples_split": 10, "classification__min_samples_leaf": 1, "classification__max_features": "log2", "classification__max_depth": 100, "classification__bootstrap": true}, "times": {"mean_fit_time": [0.7816455841064454, 1.134538459777832, 0.06867303848266601, 0.9863882541656495, 0.06705055236816407], "std_fit_time": [0.1083887919458051, 0.16598376731669715, 0.021938037358760515, 0.028365136092822457, 0.006373573588120462], "mean_score_time": [0.001948070526123047, 0.0017468452453613282, 0.0018916130065917969, 0.0027338981628417967, 0.001533174514770508], "std_score_time": [0.000492876043515634, 0.00021017077960339408, 0.00030085488703621014, 0.001276478425313471, 0.0003503912416172323]}, "score": 0.9625}, "KNeighborsClassifier": {"params": {"classification__weights": "uniform", "classification__n_neighbors": 1, "classification__metric": "minkowski", "classification__leaf_size": 26}, "times": {"mean_fit_time": [0.032979393005371095, 0.03832235336303711, 0.04578886032104492, 0.04242849349975586, 0.04593820571899414], "std_fit_time": [0.009439919328825078, 0.007810020278212664, 0.008945163955581495, 0.003969971605197266, 0.00780733938025139], "mean_score_time": [0.009343147277832031, 0.009251880645751952, 0.012008476257324218, 0.010333776473999023, 0.012367010116577148], "std_score_time": [0.0014840669069221286, 0.0007233652914444949, 0.004851714333214578, 0.001413750526066607, 0.0009529845604385018]}, "score": 0.8941666666666667}, "ComplementNB": {"params": {"classification__alpha": 0.5}, "times": {"mean_fit_time": [0.005283546447753906, 0.005610799789428711, 0.00470428466796875, 0.008378744125366211, 0.008221960067749024], "std_fit_time": [0.0007252587431137393, 0.0007604578697238724, 0.0007183140759716137, 0.0005847224669104418, 0.0004271722893745407], "mean_score_time": [0.0014306068420410155, 0.0016294479370117187, 0.0012955188751220704, 0.001912975311279297, 0.001918649673461914], "std_score_time": [0.00021001532489229712, 0.00020180741170327564, 0.0002375377788331212, 0.00010423191283373277, 0.00012963066998510685]}, "score": 0.8800000000000001}, "LogisticRegression": {"params": {"classification__solver": "sag", "classification__C": 10}, "times": {"mean_fit_time": [0.6159957408905029, 0.5584316253662109, 0.5616848468780518, 0.8599306106567383, 0.6882619380950927], "std_fit_time": [0.08949121465468071, 0.05375320789812643, 0.15901033435310996, 0.09185788885941884, 0.08486590194014071], "mean_score_time": [0.0033790111541748048, 0.0033527374267578124, 0.003277873992919922, 0.002257633209228516, 0.0023374080657958983], "std_score_time": [0.0012964275157896332, 0.0017872454863260793, 0.0012542483505544445, 0.0006508046651854207, 0.000501931268434407]}, "score": 0.8175000000000001}}