{"[NN]NeuralNetwork": {"params": {"classification__epochs": 20, "classification__batch_size": 20}, "times": {"mean_fit_time": [3.5571951389312746, 3.3649070262908936, 3.872535753250122, 4.181959962844848, 4.037341928482055, 3.7169157028198243, 4.004656505584717, 3.388402318954468, 2.9800737380981444, 2.8505786895751952], "std_fit_time": [0.8593905264265119, 0.3991795188228522, 0.3283495980620531, 0.6661547782482211, 0.6223639540193526, 0.40534215603714974, 0.9197324022140011, 0.49156773967964074, 0.31907360329762974, 0.5201132558069828], "mean_score_time": [0.3415975093841553, 0.4758888244628906, 0.3535580635070801, 0.26919779777526853, 0.23320107460021972, 0.2151463508605957, 0.25347170829772947, 0.18028740882873534, 0.3581521987915039, 0.27316699028015134], "std_score_time": [0.02962230453938472, 0.19869489845930244, 0.07767493215098284, 0.06573171982422604, 0.039712734154537924, 0.05926558877897024, 0.09374056270227035, 0.0330945524097234, 0.1323766570007523, 0.08723979704677585]}, "score": 0.8548080808080808}, "RandomForestClassifier": {"params": {"classification__n_estimators": 300, "classification__min_samples_split": 2, "classification__min_samples_leaf": 4, "classification__max_features": "log2", "classification__max_depth": 40, "classification__bootstrap": true}, "times": {"mean_fit_time": [0.791554069519043, 0.040144491195678714, 0.8914343833923339], "std_fit_time": [0.0548474221534021, 0.004622795289238132, 0.10487175872419392], "mean_score_time": [0.0018161773681640626, 0.0013643264770507812, 0.001794576644897461], "std_score_time": [7.178016493039244e-05, 4.521427162225027e-05, 7.705355037424498e-05]}, "score": 0.99}, "KNeighborsClassifier": {"params": {"classification__weights": "uniform", "classification__n_neighbors": 9, "classification__metric": "minkowski", "classification__leaf_size": 10}, "times": {"mean_fit_time": [0.05710787773132324, 0.04355940818786621, 0.03349218368530273], "std_fit_time": [0.004495514164702725, 0.011652019087285182, 0.006846256632893349], "mean_score_time": [0.010391569137573243, 0.010248374938964844, 0.010403251647949219], "std_score_time": [0.0016891858545476628, 0.0007778720633773717, 0.001083005950501565]}, "score": 0.9739047619047619}, "ComplementNB": {"params": {"classification__alpha": 0}, "times": {"mean_fit_time": [0.004810953140258789, 0.004465341567993164, 0.0072437763214111325], "std_fit_time": [0.0004453777397429621, 0.0002628449947848086, 0.0013882243857817685], "mean_score_time": [0.001339292526245117, 0.0013247966766357423, 0.0014687061309814453], "std_score_time": [0.0002748348327103998, 0.00020564724573672333, 0.00015158828003564045]}, "score": 0.676952380952381}, "LogisticRegression": {"params": {"classification__solver": "sag", "classification__C": 1.0}, "times": {"mean_fit_time": [0.9587629795074463, 0.7617151260375976, 1.2152979850769043], "std_fit_time": [0.12305330437907262, 0.17021312304355274, 0.13544009696764087], "mean_score_time": [0.03731007575988769, 0.045341777801513675, 0.04452962875366211], "std_score_time": [0.006287393200276532, 0.010714296302509528, 0.009310694906400793]}, "score": 0.7811428571428571}}