{"[NN]NeuralNetwork": {"params": {"classification__epochs": 20, "classification__batch_size": 30}, "times": {"mean_fit_time": [3.999277877807617, 3.6923030853271483, 3.2434552192687987, 3.104830026626587, 3.411729097366333, 3.4806590557098387, 3.008360815048218, 2.570930767059326, 3.1035861015319823, 2.2505678653717043], "std_fit_time": [0.6217248757627994, 0.329267059106766, 0.24647140543499146, 0.35003735505691785, 0.21849168481464065, 0.6206176307006964, 0.7453641539818615, 0.4028386085722808, 0.45845336254767993, 0.25618447236971875], "mean_score_time": [0.327617883682251, 0.2915639877319336, 0.25223917961120607, 0.24719829559326173, 0.3050995349884033, 0.19227538108825684, 0.34078240394592285, 0.240098237991333, 0.20418567657470704, 0.23144302368164063], "std_score_time": [0.15562720373365785, 0.027264662572605, 0.0598240606663159, 0.03556468826630696, 0.05464400694263321, 0.039455991700435074, 0.1261516036461984, 0.05993748671320028, 0.03378202207884353, 0.01052937761005182]}, "score": 0.9290043290043289}, "RandomForestClassifier": {"params": {"classification__n_estimators": 200, "classification__min_samples_split": 5, "classification__min_samples_leaf": 2, "classification__max_features": "sqrt", "classification__max_depth": 50, "classification__bootstrap": true}, "times": {"mean_fit_time": [0.6041240692138672, 0.7775332927703857, 3.3831048011779785, 0.6642854690551758, 3.3535068035125732], "std_fit_time": [0.08798121656068204, 0.12337778795463046, 0.1131650669660611, 0.062309809031180434, 0.12226496350472398], "mean_score_time": [0.001684284210205078, 0.0016114234924316407, 0.002860736846923828, 0.0018036365509033203, 0.003619527816772461], "std_score_time": [0.0002786179794963706, 0.00020523014786440416, 0.00016438544526055552, 0.00037457718292183156, 0.0005283403396391268]}, "score": 0.9708333333333332}, "KNeighborsClassifier": {"params": {"classification__weights": "uniform", "classification__n_neighbors": 13, "classification__metric": "euclidean", "classification__leaf_size": 20}, "times": {"mean_fit_time": [0.054570770263671874, 0.05172100067138672, 0.03960680961608887, 0.03529214859008789, 0.023859596252441405], "std_fit_time": [0.00453887058341088, 0.018517985988304928, 0.012825045118078353, 0.010686683146705787, 0.009498784921534876], "mean_score_time": [0.01239466667175293, 0.018993473052978514, 0.016310787200927733, 0.010299253463745116, 0.010061168670654297], "std_score_time": [0.0017917646089203522, 0.010412119632447266, 0.0034795884421149463, 0.001183878255698237, 0.0009278453305480147]}, "score": 0.8125}, "ComplementNB": {"params": {"classification__alpha": 1.0}, "times": {"mean_fit_time": [0.005767059326171875, 0.005428695678710937, 0.005103588104248047, 0.005814886093139649, 0.006533432006835938], "std_fit_time": [0.000980987843374599, 0.0009818415615105635, 0.000825867490333364, 0.0003043842332107731, 0.0010552260479305077], "mean_score_time": [0.0016029834747314452, 0.0014768123626708984, 0.0014348506927490234, 0.0018555164337158204, 0.001411581039428711], "std_score_time": [0.00028218712178434773, 0.00022993918411395948, 0.00030455871125018144, 0.0007408316420636173, 0.0002661713644906921]}, "score": 0.8816666666666666}, "LogisticRegression": {"params": {"classification__solver": "newton-cg", "classification__C": 0.1}, "times": {"mean_fit_time": [0.1468975067138672, 0.3778339385986328, 0.16078248023986816, 0.17012667655944824, 0.2196021556854248], "std_fit_time": [0.037350302597533906, 0.06239916867983717, 0.04040668835974636, 0.030595278231222853, 0.06361794655319979], "mean_score_time": [0.002433919906616211, 0.0022096157073974608, 0.002355670928955078, 0.0018072128295898438, 0.0023441314697265625], "std_score_time": [0.000747621339882165, 0.0004543398528642266, 0.0008058926133306188, 0.0002018777835359435, 0.0003604450527157176]}, "score": 0.925}}