{"[NN]NeuralNetwork": {"params": {"classification__epochs": 20, "classification__batch_size": 30}, "times": {"mean_fit_time": [5.6046558856964115, 5.268068790435791, 4.668756914138794, 3.8687915325164797, 5.523556518554687, 4.516861438751221, 5.55514006614685, 6.217308855056762, 5.311617374420166, 4.993421983718872], "std_fit_time": [1.0983313361674238, 0.49306123463325074, 0.562739761488213, 0.18089230829936148, 0.6852081398327449, 0.3514764550958096, 0.3022613788288049, 0.9788639242076932, 0.990216272951638, 0.8452370084431968], "mean_score_time": [0.6630800247192383, 0.4949829578399658, 0.5298797607421875, 0.6239924907684327, 0.6081669330596924, 0.43283796310424805, 0.613686990737915, 0.603462553024292, 0.5571996212005615, 0.6074170589447021], "std_score_time": [0.22927677544092623, 0.1961703961157242, 0.12001873832718382, 0.07986770284024275, 0.1743037151954977, 0.07540186228068667, 0.19105847531314551, 0.21773286915280637, 0.14969028807125048, 0.2987239081381655]}, "score": 0.9367424242424243}, "RandomForestClassifier": {"params": {"classification__n_estimators": 400, "classification__min_samples_split": 10, "classification__min_samples_leaf": 4, "classification__max_features": "sqrt", "classification__max_depth": 30, "classification__bootstrap": true}, "times": {"mean_fit_time": [2.4155938148498537, 0.7722036838531494, 1.385103416442871, 1.5224704265594482, 2.5665987968444823], "std_fit_time": [0.20428376779001195, 0.1101094604587774, 0.16842291813918367, 0.1273101960725309, 0.06649222605119044], "mean_score_time": [0.005634450912475586, 0.0016291141510009766, 0.001730966567993164, 0.002551555633544922, 0.0049569129943847655], "std_score_time": [0.0003352655792696499, 6.280037698957737e-05, 0.00011452616060023235, 0.00037903320503043515, 0.0018290340268655911]}, "score": 0.98375}, "KNeighborsClassifier": {"params": {"classification__weights": "uniform", "classification__n_neighbors": 3, "classification__metric": "manhattan", "classification__leaf_size": 30}, "times": {"mean_fit_time": [0.030095815658569336, 0.03550400733947754, 0.040355348587036134, 0.044144821166992185, 0.03799762725830078], "std_fit_time": [0.011876357435716177, 0.013274243823211802, 0.014106243022164238, 0.0006328393958921634, 0.0058630131562756515], "mean_score_time": [0.009824609756469727, 0.009905052185058594, 0.014137363433837891, 0.010322999954223634, 0.008771705627441406], "std_score_time": [0.001587869939143856, 0.0018683288650667505, 0.0049182468860329304, 0.0005708321244657776, 0.000497083638416655]}, "score": 0.9529166666666666}, "ComplementNB": {"params": {"classification__alpha": 0.5}, "times": {"mean_fit_time": [0.004679441452026367, 0.005565786361694336, 0.004901075363159179, 0.006885385513305664, 0.010428714752197265], "std_fit_time": [0.0003158746201290282, 0.002652583166102375, 0.0009381802000215392, 0.0011973647999949284, 0.007570089898059053], "mean_score_time": [0.0012637615203857423, 0.001331329345703125, 0.0012905120849609375, 0.001792573928833008, 0.002121734619140625], "std_score_time": [0.00013223947045426496, 0.00024307622445734938, 0.00019257063763528, 0.0003153149157067815, 0.0009332801576822007]}, "score": 0.8510119047619048}, "LogisticRegression": {"params": {"classification__solver": "sag", "classification__C": 10}, "times": {"mean_fit_time": [0.49854073524475095, 0.4656825542449951, 0.4948564052581787, 0.7801154136657715, 0.6392698287963867], "std_fit_time": [0.050247082805671535, 0.09275350596283329, 0.06846745167669052, 0.06099788732281408, 0.04302961596882013], "mean_score_time": [0.0025422096252441405, 0.003402233123779297, 0.0033722877502441405, 0.0023903846740722656, 0.0022876739501953127], "std_score_time": [0.0006571741516480147, 0.0006133299295565731, 0.0005716200783632726, 0.0005554092494298177, 0.0006277325010366292]}, "score": 0.768452380952381}}