{"[NN]NeuralNetwork": {"params": {"classification__epochs": 20, "classification__batch_size": 20}, "times": {"mean_fit_time": [3.6698588848114015, 4.016422462463379, 4.199661540985107, 4.851254177093506, 4.677670288085937, 4.079431343078613, 5.5331807136535645, 4.575333023071289, 5.0955901622772215, 4.151421737670899], "std_fit_time": [0.5600099751966129, 0.6629440466338575, 0.8112731778920169, 1.1432555819056642, 0.7029763857861323, 1.2422878462653366, 0.9029792637434108, 0.894613881663075, 0.7166877394612386, 1.0410031355076663], "mean_score_time": [0.4854714393615723, 0.43120994567871096, 0.443419885635376, 0.37052044868469236, 0.33565468788146974, 0.4776132583618164, 0.3752615928649902, 0.4014782428741455, 0.37318129539489747, 0.34093384742736815], "std_score_time": [0.10948737796234075, 0.12000550385392726, 0.11594377731749007, 0.07582308494572794, 0.0847023838868177, 0.12882209297438346, 0.10767996536869866, 0.1016213612685285, 0.11405060270450713, 0.07243710022471302]}, "score": 0.9683333333333334}, "RandomForestClassifier": {"params": {"classification__n_estimators": 500, "classification__min_samples_split": 2, "classification__min_samples_leaf": 1, "classification__max_features": "log2", "classification__max_depth": 20, "classification__bootstrap": false}, "times": {"mean_fit_time": [1.5766436100006103, 1.333094310760498, 0.107855224609375, 1.5922819137573243, 0.14801764488220215], "std_fit_time": [0.3328497636887718, 0.09847879395929957, 0.01740906356074003, 0.25019499864995715, 0.028855346077490157], "mean_score_time": [0.0030649662017822265, 0.0036200523376464845, 0.001649188995361328, 0.0026031970977783204, 0.0013548374176025391], "std_score_time": [0.001412860055705756, 0.0015076528999793581, 0.0002774913845975226, 0.0006026824729861404, 0.00037769833350197987]}, "score": 1.0}, "KNeighborsClassifier": {"params": {"classification__weights": "uniform", "classification__n_neighbors": 9, "classification__metric": "euclidean", "classification__leaf_size": 26}, "times": {"mean_fit_time": [0.037769317626953125, 0.033069181442260745, 0.04186372756958008, 0.022596406936645507, 0.03020777702331543], "std_fit_time": [0.010792711057690214, 0.015120661886762551, 0.008737888521424075, 0.006303951877703213, 0.007015766262344575], "mean_score_time": [0.009576034545898438, 0.00898880958557129, 0.008881711959838867, 0.009966278076171875, 0.00826420783996582], "std_score_time": [0.001915862699066443, 0.0008758525451695005, 0.0009631404945284136, 0.00041835719432276947, 0.00013869131511416602]}, "score": 0.8808333333333334}, "ComplementNB": {"params": {"classification__alpha": 0.5}, "times": {"mean_fit_time": [0.004317188262939453, 0.003978109359741211, 0.003851318359375, 0.006539821624755859, 0.0066566944122314455], "std_fit_time": [7.736035938574522e-05, 0.0003667970960683399, 0.00020980220482237597, 0.00037644501305808564, 0.0010146614561694837], "mean_score_time": [0.001238250732421875, 0.001268625259399414, 0.0012518405914306641, 0.0015697479248046875, 0.0016386032104492188], "std_score_time": [0.0002600449967888875, 0.00032503646073937516, 0.00016573007587696593, 0.00021050883529709902, 0.00022946835906840013]}, "score": 0.8908333333333334}, "LogisticRegression": {"params": {"classification__solver": "lbfgs", "classification__C": 0.01}, "times": {"mean_fit_time": [0.4258857250213623, 0.31246228218078614, 0.15541553497314453, 0.36335411071777346, 0.17206058502197266], "std_fit_time": [0.046605727621943635, 0.02702816799483907, 0.029621034244853753, 0.02003710585470149, 0.02911555194086044], "mean_score_time": [0.0029420375823974608, 0.001537322998046875, 0.0020514965057373048, 0.0035871028900146484, 0.0018032073974609375], "std_score_time": [0.0014400205025311109, 5.9095689294865105e-05, 0.00032019388293203144, 0.0035624664947336536, 0.00018097835313975275]}, "score": 0.93}}