{"[NN]NeuralNetwork": {"params": {"classification__epochs": 20, "classification__batch_size": 20}, "times": {"mean_fit_time": [3.983919382095337, 2.8628971576690674, 3.0666631698608398, 2.5283573150634764, 2.9665574073791503, 2.720714044570923, 3.1236241340637205, 2.755674409866333, 2.8395944118499754, 3.069199228286743], "std_fit_time": [0.5701291095712371, 0.3183756745451993, 0.7439348438422068, 0.3178495878425337, 0.5487019255627578, 0.31273461418549303, 0.5731232454248878, 0.3240490897666466, 0.6577947267380138, 0.7416261561008649], "mean_score_time": [0.24305157661437987, 0.22959136962890625, 0.2553873538970947, 0.29639487266540526, 0.31233749389648435, 0.25862727165222166, 0.18513865470886232, 0.2663909912109375, 0.2100667953491211, 0.1935652256011963], "std_score_time": [0.12727463196895816, 0.022397127342180752, 0.06601612361148446, 0.11400314593420077, 0.0733270768730162, 0.0732740925056227, 0.042942740649190375, 0.07520319715556983, 0.08392164855344668, 0.051183568197860706]}, "score": 0.98989898989899}, "RandomForestClassifier": {"params": {"classification__n_estimators": 300, "classification__min_samples_split": 10, "classification__min_samples_leaf": 4, "classification__max_features": "log2", "classification__max_depth": 60, "classification__bootstrap": true}, "times": {"mean_fit_time": [4.730633878707886, 0.8342523574829102, 0.05697164535522461, 0.8062285423278809, 0.07283282279968262], "std_fit_time": [0.1741657990556289, 0.08449536352899767, 0.01150405147637113, 0.03153479326143237, 0.014219685648134498], "mean_score_time": [0.00401158332824707, 0.0016239166259765625, 0.0015006065368652344, 0.0018623828887939452, 0.001892423629760742], "std_score_time": [0.0009698601642171278, 0.0002689692716975762, 0.00030307677498707576, 0.00030919445040098744, 0.0004905860167457546]}, "score": 0.9916666666666668}, "KNeighborsClassifier": {"params": {"classification__weights": "uniform", "classification__n_neighbors": 17, "classification__metric": "euclidean", "classification__leaf_size": 20}, "times": {"mean_fit_time": [0.02845311164855957, 0.031720209121704104, 0.02843894958496094, 0.0294064998626709, 0.02936663627624512], "std_fit_time": [0.007101580914486161, 0.009472784633387106, 0.008036866935493627, 0.010752080933985143, 0.011476971612472115], "mean_score_time": [0.008588457107543945, 0.009444999694824218, 0.00871133804321289, 0.010579156875610351, 0.009442853927612304], "std_score_time": [0.00019859775912641904, 0.0014576732499001334, 0.0008255043526583704, 0.0018961807374561657, 0.0012325680994876944]}, "score": 0.9916666666666668}, "ComplementNB": {"params": {"classification__alpha": 0.5}, "times": {"mean_fit_time": [0.005161190032958984, 0.004946517944335938, 0.004019927978515625, 0.004910564422607422, 0.005636024475097656], "std_fit_time": [0.000824502708381406, 0.0007907693158735282, 0.00031621712036667847, 0.00045462117293804523, 0.0007181375843742159], "mean_score_time": [0.0015052318572998046, 0.0014783382415771485, 0.0011688232421875, 0.0013167381286621094, 0.0014715194702148438], "std_score_time": [0.00024213430305070735, 0.00021625669655144997, 9.176515235750286e-05, 4.5787144425441625e-05, 0.00017345576750249633]}, "score": 0.9483333333333333}, "LogisticRegression": {"params": {"classification__solver": "newton-cg", "classification__C": 100}, "times": {"mean_fit_time": [0.06388821601867675, 0.0721327781677246, 0.426102876663208, 0.08976902961730956, 0.09836153984069824], "std_fit_time": [0.006783174532182532, 0.005453877316208327, 0.061633219967225435, 0.01039071776248296, 0.011209662989663725], "mean_score_time": [0.001623249053955078, 0.0015541553497314454, 0.002151823043823242, 0.0015928268432617188, 0.0016608715057373046], "std_score_time": [7.152137744038177e-05, 0.00014389414355090314, 0.0004152675844958721, 0.00010798170907529469, 0.00034099496361666515]}, "score": 0.9916666666666668}}