{"[NN]NeuralNetwork": {"params": {"classification__epochs": 15, "classification__batch_size": 20}, "times": {"mean_fit_time": [3.8989516735076903, 4.292574167251587, 3.562590456008911, 2.863952970504761, 3.9051355361938476, 2.9096803188323976, 2.928090763092041, 3.3525814056396483, 3.038908529281616, 3.3327974319458007], "std_fit_time": [0.4861725222659799, 0.6764367164202439, 0.29938617407921186, 0.3786716924367102, 0.4756060147865049, 0.358042239654071, 0.35346883358652426, 0.3853553424867303, 0.19507324458034606, 0.33170355112003996], "mean_score_time": [0.3736821174621582, 0.3616147518157959, 0.34522557258605957, 0.43305268287658694, 0.2035196304321289, 0.2432473659515381, 0.28583645820617676, 0.27242121696472166, 0.3864328384399414, 0.1845555782318115], "std_score_time": [0.12128612014897347, 0.09681119882548654, 0.10562758570126517, 0.16099599331227313, 0.0242383202626585, 0.06862411953912484, 0.11828463391909208, 0.07476829629137136, 0.09336541574868763, 0.036642156025646265]}, "score": 0.9760515873015873}, "RandomForestClassifier": {"params": {"classification__n_estimators": 1000, "classification__min_samples_split": 2, "classification__min_samples_leaf": 2, "classification__max_features": "sqrt", "classification__max_depth": null, "classification__bootstrap": true}, "times": {"mean_fit_time": [4.652656984329224, 5.177387380599976, 3.2690709114074705, 4.139793491363525, 2.7163689613342283], "std_fit_time": [0.29261578718352127, 0.33145712192923316, 0.38553135474680905, 0.09477387361817528, 0.0639319176136634], "mean_score_time": [0.00525975227355957, 0.0039001941680908204, 0.005132102966308593, 0.0030322551727294924, 0.003910875320434571], "std_score_time": [0.0013164760908101116, 0.0010545207622288315, 0.0018059417348522094, 0.0007229404472334226, 0.0010856993998137963]}, "score": 0.975}, "KNeighborsClassifier": {"params": {"classification__weights": "uniform", "classification__n_neighbors": 11, "classification__metric": "manhattan", "classification__leaf_size": 30}, "times": {"mean_fit_time": [0.03691334724426269, 0.036834430694580075, 0.037476205825805665, 0.030487537384033203, 0.030453205108642578], "std_fit_time": [0.006618748708613327, 0.01284923776430105, 0.008653774277260336, 0.006969433512308463, 0.003882442674855736], "mean_score_time": [0.010608673095703125, 0.012720870971679687, 0.01163468360900879, 0.009765815734863282, 0.011212730407714843], "std_score_time": [0.0018216482335573667, 0.0027120491649798165, 0.001547127472982946, 0.0012024889004407285, 0.0019675225306896448]}, "score": 0.9833333333333332}, "ComplementNB": {"params": {"classification__alpha": 0.5}, "times": {"mean_fit_time": [0.005932998657226562, 0.005603790283203125, 0.0056003093719482425, 0.007571220397949219, 0.00841350555419922], "std_fit_time": [0.0015400480381604143, 0.0010113485910114703, 0.0005614490684922597, 0.001548280890671152, 0.0025186255020817594], "mean_score_time": [0.0015929222106933593, 0.0018790721893310546, 0.001622629165649414, 0.001849794387817383, 0.0017001628875732422], "std_score_time": [0.0002898644961337144, 0.0004962932183856689, 0.00045308130853196574, 0.0003146542726416462, 0.00016840420860988353]}, "score": 0.9291666666666668}, "LogisticRegression": {"params": {"classification__solver": "saga", "classification__C": 100}, "times": {"mean_fit_time": [0.43056812286376955, 0.5050613403320312, 0.43680534362792967, 1.13842716217041, 0.8905906200408935], "std_fit_time": [0.0812535606975578, 0.0752337373561174, 0.048072796377880846, 0.20598601099702896, 0.18387345793440799], "mean_score_time": [0.0026886463165283203, 0.0033002853393554687, 0.002750110626220703, 0.002625846862792969, 0.0025228023529052734], "std_score_time": [0.000955628264979379, 0.0007894956641423293, 0.0009494347321011788, 0.00046511449254356705, 0.00054182502086576]}, "score": 0.9625}}