{"[NN]NeuralNetwork": {"params": {"classification__epochs": 20, "classification__batch_size": 30}, "times": {"mean_fit_time": [3.9843003273010256, 4.418662691116333, 3.2043770790100097, 4.407802391052246, 4.154334878921508, 5.347794771194458, 3.8315948009490968, 6.639508056640625, 5.343201589584351, 5.254092025756836], "std_fit_time": [0.7979742300105098, 0.4737249259129741, 0.49052579417275355, 0.4740453601233767, 0.440732278439405, 1.2801101720451178, 1.0979105797153461, 0.9105827427680934, 1.3616657538202166, 1.0276275092567508], "mean_score_time": [0.4294240951538086, 0.3831221103668213, 0.4346652030944824, 0.26103911399841306, 0.31965227127075196, 0.5412222862243652, 0.4911948204040527, 0.5883399963378906, 0.2699395179748535, 0.4931798934936523], "std_score_time": [0.15594213037489116, 0.1314049232807479, 0.09701886196504346, 0.025110457923537017, 0.058831247389283435, 0.2976137522253908, 0.21566126439127895, 0.0875105171413334, 0.0718847537498796, 0.19502154155660345]}, "score": 0.877968253968254}, "RandomForestClassifier": {"params": {"classification__n_estimators": 300, "classification__min_samples_split": 10, "classification__min_samples_leaf": 1, "classification__max_features": "log2", "classification__max_depth": 80, "classification__bootstrap": false}, "times": {"mean_fit_time": [0.6429618835449219, 0.971434497833252, 0.8946636199951172], "std_fit_time": [0.09072354254060344, 0.14233448747022057, 0.0792513673141393], "mean_score_time": [0.0017246246337890626, 0.0029432296752929686, 0.0019945144653320313], "std_score_time": [0.00022739746647693965, 0.0020369830605498317, 0.00032144606123988775]}, "score": 0.9885714285714287}, "KNeighborsClassifier": {"params": {"classification__weights": "distance", "classification__n_neighbors": 15, "classification__metric": "minkowski", "classification__leaf_size": 20}, "times": {"mean_fit_time": [0.03595337867736816, 0.02700815200805664, 0.029849863052368163], "std_fit_time": [0.017213210568989185, 0.008983693363698525, 0.005574508927006923], "mean_score_time": [0.008711433410644532, 0.008695316314697266, 0.009566307067871094], "std_score_time": [0.0005051166558999362, 0.0006721115635989269, 0.0010170726107759254]}, "score": 0.2826666666666667}, "ComplementNB": {"params": {"classification__alpha": 0}, "times": {"mean_fit_time": [0.0042305469512939455, 0.004437541961669922, 0.007524919509887695], "std_fit_time": [0.00021065084407552171, 0.00041867659118848005, 0.0013732129263531003], "mean_score_time": [0.0012169361114501953, 0.0012810230255126953, 0.0015778064727783204], "std_score_time": [0.0001917641642353808, 0.0002630612112389723, 0.0002218997156707163]}, "score": 0.6885714285714285}, "LogisticRegression": {"params": {"classification__solver": "lbfgs", "classification__C": 0.01}, "times": {"mean_fit_time": [0.743065595626831, 0.36523990631103515, 0.5383894443511963], "std_fit_time": [0.06388855823877265, 0.009151823053516424, 0.0608718096607309], "mean_score_time": [0.04919090270996094, 0.001650524139404297, 0.016415929794311522], "std_score_time": [0.008980850611804399, 0.0001862978672684971, 0.014770978375054346]}, "score": 0.8095238095238095}}