{"[NN]NeuralNetwork": {"params": {"classification__epochs": 5, "classification__batch_size": 30}, "times": {"mean_fit_time": [5.1262153625488285, 4.766825580596924, 5.02272481918335, 4.461420679092408, 4.990559720993042, 4.647612142562866, 4.297949314117432, 4.612161874771118, 4.883225059509277, 3.703313684463501], "std_fit_time": [0.4044689310676393, 0.48578497045504876, 0.6609845800469167, 0.31708387430134966, 0.579958923745769, 0.6134097709420632, 0.4880399301684492, 0.41659897260212975, 0.5289890590745046, 0.8876604390126894], "mean_score_time": [0.5678235530853272, 0.46288390159606935, 0.5405103206634522, 0.536801528930664, 0.6904975414276123, 0.7313564777374267, 0.5596429824829101, 0.6111373424530029, 0.5065918922424316, 0.6144015789031982], "std_score_time": [0.14337966133235522, 0.10443137968052964, 0.09068170458277414, 0.14389459751202063, 0.07581154605592258, 0.08696775399393691, 0.09393297267408733, 0.14233685608808705, 0.12984147970576732, 0.13500689271278357]}, "score": 0.9671626984126984}, "RandomForestClassifier": {"params": {"classification__n_estimators": 10, "classification__min_samples_split": 5, "classification__min_samples_leaf": 4, "classification__max_features": null, "classification__max_depth": 50, "classification__bootstrap": true}, "times": {"mean_fit_time": [0.7548269748687744, 0.05782585144042969, 0.07654681205749511, 0.047075939178466794, 0.9313601970672607], "std_fit_time": [0.04278398420979493, 0.004521840225346932, 0.006227492202843401, 0.006552295155521286, 0.2283185103646752], "mean_score_time": [0.001769876480102539, 0.0017650127410888672, 0.0016150951385498046, 0.0013754844665527343, 0.001909351348876953], "std_score_time": [0.0002691639787464926, 0.0003667055393573815, 0.00024124225319845557, 0.00013623784200820818, 0.00044792273019707757]}, "score": 0.9733333333333334}, "KNeighborsClassifier": {"params": {"classification__weights": "uniform", "classification__n_neighbors": 1, "classification__metric": "minkowski", "classification__leaf_size": 10}, "times": {"mean_fit_time": [0.04249873161315918, 0.04255833625793457, 0.05382866859436035, 0.03340921401977539, 0.03767185211181641], "std_fit_time": [0.017695569183658853, 0.01153276462150402, 0.006807048230879886, 0.005187863446585005, 0.004962593029924292], "mean_score_time": [0.008837556838989258, 0.009168624877929688, 0.009807825088500977, 0.010696315765380859, 0.008919286727905273], "std_score_time": [0.0006985434668348125, 0.0013940973146525375, 0.001648083710039141, 0.0035275577090266566, 0.00046743542803311144]}, "score": 0.9149999999999998}, "ComplementNB": {"params": {"classification__alpha": 1.0}, "times": {"mean_fit_time": [0.004534101486206055, 0.0040453910827636715, 0.004534149169921875, 0.007346296310424804, 0.009575462341308594], "std_fit_time": [0.00018260345584259171, 0.0002830617830453593, 0.0005852639451450715, 0.0011219618885169188, 0.00040631099788208036], "mean_score_time": [0.0013778209686279297, 0.0012732982635498048, 0.0014324188232421875, 0.0016868114471435547, 0.0020123958587646485], "std_score_time": [0.0003665219292786696, 0.00018784137871394256, 0.00022046059489916055, 0.00026926496540654487, 0.00016280798788059655]}, "score": 0.8875}, "LogisticRegression": {"params": {"classification__solver": "lbfgs", "classification__C": 100}, "times": {"mean_fit_time": [0.18569350242614746, 0.5093292236328125, 0.45564947128295896, 0.7115639209747314, 0.15829572677612305], "std_fit_time": [0.05918089082503701, 0.08437791660346083, 0.05496635325617288, 0.059521871515328985, 0.06983594403023673], "mean_score_time": [0.011681079864501953, 0.010455608367919922, 0.002210187911987305, 0.004162836074829102, 0.0018872737884521485], "std_score_time": [0.014131993125501712, 0.01539025733009152, 0.0005886974740754561, 0.004173441793059153, 0.00041952704967496645]}, "score": 0.8949999999999999}}