{"[NN]NeuralNetwork": {"params": {"classification__epochs": 20, "classification__batch_size": 20}, "times": {"mean_fit_time": [2.7810075283050537, 3.442314100265503, 3.0669934272766115, 3.4154208660125733, 2.8002704620361327, 2.8396961212158205, 2.77312593460083, 2.833417558670044, 2.6256295680999755, 3.328969669342041], "std_fit_time": [0.4234409717955187, 0.7001370886553259, 0.3709979777369029, 0.41866693224453805, 0.7141256909445063, 0.29923447090797906, 0.6281778752873484, 0.4160063876730218, 0.3194952187480639, 0.495627797825218], "mean_score_time": [0.24268660545349122, 0.3410703182220459, 0.27886233329772947, 0.24987940788269042, 0.2872932434082031, 0.17178597450256347, 0.27539663314819335, 0.21286921501159667, 0.27829885482788086, 0.19942240715026854], "std_score_time": [0.010728542370061376, 0.1601022455511529, 0.03391990364338566, 0.05080987386107418, 0.0054921142279415, 0.013309055069403199, 0.0679452411306307, 0.03562249203356019, 0.029090061299756508, 0.05580668920581408]}, "score": 0.8323333333333334}, "RandomForestClassifier": {"params": {"classification__n_estimators": 200, "classification__min_samples_split": 5, "classification__min_samples_leaf": 1, "classification__max_features": "sqrt", "classification__max_depth": 20, "classification__bootstrap": true}, "times": {"mean_fit_time": [0.19860119819641114, 0.6252296447753907, 0.5790212631225586], "std_fit_time": [0.029759971415643762, 0.05319849272016229, 0.05361666405484326], "mean_score_time": [0.0013530254364013672, 0.0018348217010498047, 0.0018706798553466796], "std_score_time": [0.0002027999141063001, 7.225214362853437e-05, 6.736536254645894e-05]}, "score": 0.972952380952381}, "KNeighborsClassifier": {"params": {"classification__weights": "distance", "classification__n_neighbors": 5, "classification__metric": "euclidean", "classification__leaf_size": 30}, "times": {"mean_fit_time": [0.03163700103759766, 0.02340536117553711, 0.037823486328125], "std_fit_time": [0.008865003689081252, 0.00345379321440762, 0.01114928338143883], "mean_score_time": [0.009250545501708984, 0.009319067001342773, 0.008707714080810548], "std_score_time": [0.000539765353569177, 0.0008461086060550267, 0.0005808806384094997]}, "score": 0.23476190476190473}, "ComplementNB": {"params": {"classification__alpha": 0}, "times": {"mean_fit_time": [0.004806041717529297, 0.004448699951171875, 0.007957029342651366], "std_fit_time": [0.00018544006420243163, 0.0002538102293217538, 0.0003382499897983165], "mean_score_time": [0.0011719226837158202, 0.0012613296508789062, 0.0017575740814208985], "std_score_time": [5.830874268885955e-05, 5.2360671750655854e-05, 0.00037770853121196085]}, "score": 0.763904761904762}, "LogisticRegression": {"params": {"classification__solver": "newton-cg", "classification__C": 0.01}, "times": {"mean_fit_time": [0.27033171653747556, 0.7575307846069336, 0.550616979598999], "std_fit_time": [0.09923686636076724, 0.12782948911218295, 0.3127933001407544], "mean_score_time": [0.001934194564819336, 0.039910411834716795, 0.0019180774688720703], "std_score_time": [0.00027599327302258174, 0.011311778635376503, 0.0003615724775514458]}, "score": 0.8401904761904762}}