{"[NN]NeuralNetwork": {"params": {"classification__epochs": 10, "classification__batch_size": 20}, "times": {"mean_fit_time": [4.305014705657959, 4.292916488647461, 3.8711421966552733, 3.5487842559814453, 3.9181077003479006, 3.9437347888946532, 3.7481942176818848, 3.7654268741607666, 3.3430720806121825, 3.5286869525909426], "std_fit_time": [0.3781163157746315, 0.6311339192647012, 0.3794696152972107, 0.47534465902650735, 0.26693854101271214, 0.6153263611529605, 0.4696423282202627, 0.4885553963930904, 0.6715122118676125, 0.1751189387361552], "mean_score_time": [0.24884090423583985, 0.29509673118591306, 0.3565364837646484, 0.36060295104980467, 0.2522749423980713, 0.2839349746704102, 0.3479159355163574, 0.2666773796081543, 0.25768303871154785, 0.29569048881530763], "std_score_time": [0.1272860109788174, 0.07104909967476913, 0.1343097709221931, 0.11846761250519644, 0.010638329241133433, 0.05594230046098573, 0.12529716449426356, 0.11506676571358673, 0.0324059795846717, 0.06870290591303312]}, "score": 0.9666493506493508}, "RandomForestClassifier": {"params": {"classification__n_estimators": 1000, "classification__min_samples_split": 10, "classification__min_samples_leaf": 2, "classification__max_features": "sqrt", "classification__max_depth": 100, "classification__bootstrap": false}, "times": {"mean_fit_time": [0.5953650951385498, 3.8906890392303466, 1.00917592048645, 4.015819692611695, 0.9857302188873291], "std_fit_time": [0.09167673990979769, 0.11031609806780518, 0.17022689851395473, 0.022368164499325046, 0.04254050624133928], "mean_score_time": [0.0018011093139648437, 0.004928970336914062, 0.0015214920043945313, 0.004122543334960938, 0.002271604537963867], "std_score_time": [0.0002800349620131308, 0.0005902617433600522, 8.120588603725299e-05, 0.0014870854296562147, 0.0004183279480104913]}, "score": 0.99}, "KNeighborsClassifier": {"params": {"classification__weights": "uniform", "classification__n_neighbors": 15, "classification__metric": "minkowski", "classification__leaf_size": 33}, "times": {"mean_fit_time": [0.07686104774475097, 0.07222466468811035, 0.04722504615783692, 0.04529757499694824, 0.027027320861816407], "std_fit_time": [0.010537970159760244, 0.017989372635399452, 0.02072612957633246, 0.014756671784900258, 0.004217282177813578], "mean_score_time": [0.012542629241943359, 0.012999010086059571, 0.013406515121459961, 0.012877511978149413, 0.010969924926757812], "std_score_time": [0.0024446726653342367, 0.0037029776275423303, 0.0048366789665261435, 0.002167155247903003, 0.0005437767283392379]}, "score": 0.876}, "ComplementNB": {"params": {"classification__alpha": 1.0}, "times": {"mean_fit_time": [0.006414604187011719, 0.007214498519897461, 0.006638002395629883, 0.010008811950683594, 0.010873889923095703], "std_fit_time": [0.0009610288445581604, 0.002680678475161571, 0.0008476475514111046, 0.0004948352653065542, 0.0020428518360081126], "mean_score_time": [0.0016407489776611329, 0.0017180442810058594, 0.0018341541290283203, 0.0019654273986816407, 0.0020930290222167967], "std_score_time": [0.00021589011792157395, 0.0003269816373614911, 9.501595100322018e-05, 6.901130277633456e-05, 0.00011486634018389517]}, "score": 0.9226666666666666}, "LogisticRegression": {"params": {"classification__solver": "lbfgs", "classification__C": 0.01}, "times": {"mean_fit_time": [0.42725486755371095, 0.9102061748504638, 0.667367696762085, 0.3426267147064209, 0.8115756988525391], "std_fit_time": [0.07051689364790849, 0.515359662392194, 0.09807109849143575, 0.017426586388718326, 0.48889257829511795], "mean_score_time": [0.0018810749053955079, 0.002428102493286133, 0.003542041778564453, 0.001879262924194336, 0.002311515808105469], "std_score_time": [0.0003087326507653733, 0.0004427675893774235, 0.001299122746151741, 0.0003276794420128942, 0.0003783111159434981]}, "score": 0.9640000000000001}}