{"[NN]NeuralNetwork": {"params": {"classification__epochs": 15, "classification__batch_size": 20}, "times": {"mean_fit_time": [3.843065357208252, 4.058997297286988, 3.70426230430603, 3.397285318374634, 2.827069902420044, 3.2751060009002684, 2.508636713027954, 2.2539114475250246, 1.987197494506836, 2.4613128185272215], "std_fit_time": [0.6842566384202652, 0.49415398514068914, 0.3222614336818044, 0.3575187951763467, 0.7223418627616051, 0.8364368501014648, 0.6694819947475218, 0.2627120526947873, 0.1809546378945437, 0.5409839505974051], "mean_score_time": [0.2942497730255127, 0.27894606590271, 0.29294495582580565, 0.33005809783935547, 0.24381332397460936, 0.31937456130981445, 0.2549264907836914, 0.2657931804656982, 0.2723414897918701, 0.26235451698303225], "std_score_time": [0.09107274376218183, 0.021770789774546627, 0.020631592124976148, 0.05067724137230285, 0.04580707807139937, 0.05063948617908526, 0.041691731543106604, 0.019495159365792204, 0.032934130547052645, 0.05199511114310171]}, "score": 0.9760515873015873}, "RandomForestClassifier": {"params": {"classification__n_estimators": 1000, "classification__min_samples_split": 2, "classification__min_samples_leaf": 2, "classification__max_features": "sqrt", "classification__max_depth": null, "classification__bootstrap": true}, "times": {"mean_fit_time": [4.702534484863281, 4.858988952636719, 3.011756420135498, 4.300423717498779, 2.6329195976257322], "std_fit_time": [0.35937692904135443, 0.19653870822402048, 0.28742836372413966, 0.03124242308247471, 0.05418306732291796], "mean_score_time": [0.004303455352783203, 0.004252147674560547, 0.005562305450439453, 0.003492927551269531, 0.004894828796386719], "std_score_time": [0.0009348562071725514, 0.0014484070427911333, 0.001495063412072091, 0.0012523779754402195, 0.0023759277263851676]}, "score": 0.975}, "KNeighborsClassifier": {"params": {"classification__weights": "uniform", "classification__n_neighbors": 11, "classification__metric": "manhattan", "classification__leaf_size": 30}, "times": {"mean_fit_time": [0.03515005111694336, 0.03691868782043457, 0.02553243637084961, 0.04425272941589355, 0.04781341552734375], "std_fit_time": [0.009312611265891836, 0.012079184225557437, 0.006575099574839502, 0.005003498652127253, 0.020936755312181317], "mean_score_time": [0.01049027442932129, 0.012083768844604492, 0.009842538833618164, 0.009167003631591796, 0.013462686538696289], "std_score_time": [0.0016055962809120744, 0.0017653250859122661, 0.0011117257207007751, 0.0012979037555230374, 0.0049428460486647535]}, "score": 0.9833333333333332}, "ComplementNB": {"params": {"classification__alpha": 0.5}, "times": {"mean_fit_time": [0.005510091781616211, 0.005562496185302734, 0.006484603881835938, 0.00846567153930664, 0.006574010848999024], "std_fit_time": [0.0006589272058875687, 0.001382630312734012, 0.0013087593618263944, 0.0007388458069179168, 0.0008029152028703229], "mean_score_time": [0.0015114307403564452, 0.0016194820404052735, 0.0019110679626464845, 0.0019383907318115234, 0.0017023563385009765], "std_score_time": [0.00028674762583763384, 0.00040319314353099974, 0.0003876294459963264, 0.00012897888954285544, 0.0002080730942121859]}, "score": 0.9291666666666668}, "LogisticRegression": {"params": {"classification__solver": "saga", "classification__C": 100}, "times": {"mean_fit_time": [0.49509873390197756, 0.6279168605804444, 0.6030988216400146, 0.9988898754119873, 0.7725883483886719], "std_fit_time": [0.08715780201656614, 0.1397136251899879, 0.1690636594695524, 0.09910365198668657, 0.08483811867174898], "mean_score_time": [0.0025406360626220705, 0.003541231155395508, 0.003425741195678711, 0.002872610092163086, 0.0023378372192382813], "std_score_time": [0.0011035475061013187, 0.0006586093057429909, 0.0018735355657367389, 0.0007947416549245648, 0.00047149677974888136]}, "score": 0.9625}}