{"[NN]NeuralNetwork": {"params": {"classification__epochs": 20, "classification__batch_size": 20}, "times": {"mean_fit_time": [3.635459566116333, 3.683635139465332, 2.951929044723511, 3.687177801132202, 3.3114442348480226, 3.80604887008667, 2.961840772628784, 3.7530208110809324, 3.196926546096802, 4.216691875457764], "std_fit_time": [0.20064506603509485, 0.6848676904473961, 0.36503905269285924, 0.5995315159827213, 0.306692903219942, 0.25930679766437104, 0.07708811366409224, 0.4388754212437012, 0.31253191356010146, 0.7476766716841774], "mean_score_time": [0.31375961303710936, 0.30268054008483886, 0.44167704582214357, 0.302171516418457, 0.39319524765014646, 0.3106366157531738, 0.28505859375, 0.42233843803405763, 0.35380210876464846, 0.4286181926727295], "std_score_time": [0.050581953749217534, 0.07089704692362372, 0.08185663796432369, 0.11440198315615947, 0.09128398322096802, 0.09942176797305219, 0.05728892013456005, 0.0634117229702461, 0.05936045253755678, 0.14316624741393996]}, "score": 0.884968253968254}, "RandomForestClassifier": {"params": {"classification__n_estimators": 50, "classification__min_samples_split": 5, "classification__min_samples_leaf": 1, "classification__max_features": "sqrt", "classification__max_depth": null, "classification__bootstrap": true}, "times": {"mean_fit_time": [0.0869661808013916, 1.5784829616546632, 0.10758309364318848], "std_fit_time": [0.012232660471205158, 0.10902866301385028, 0.011256348181459847], "mean_score_time": [0.0017041206359863282, 0.002473783493041992, 0.0016218662261962891], "std_score_time": [0.0004890165018004185, 0.0016373783965523872, 0.0002730625628910078]}, "score": 0.9800000000000001}, "KNeighborsClassifier": {"params": {"classification__weights": "uniform", "classification__n_neighbors": 19, "classification__metric": "minkowski", "classification__leaf_size": 20}, "times": {"mean_fit_time": [0.029012584686279298, 0.034043312072753906, 0.03284611701965332], "std_fit_time": [0.007456026259382276, 0.004539016387906862, 0.005520204617028891], "mean_score_time": [0.009447336196899414, 0.009330511093139648, 0.008860969543457031], "std_score_time": [0.0010490818232771083, 0.0007320008272163691, 0.0006383003825607335]}, "score": 0.9246666666666666}, "ComplementNB": {"params": {"classification__alpha": 0}, "times": {"mean_fit_time": [0.003657102584838867, 0.004486465454101562, 0.008092164993286133], "std_fit_time": [0.00013675146012292637, 8.540333214023951e-05, 0.001498159095210689], "mean_score_time": [0.0012063980102539062, 0.0013631820678710938, 0.0013645172119140625], "std_score_time": [0.00021139692244189382, 0.00026599135840356283, 5.4965158012111004e-05]}, "score": 0.8033333333333333}, "LogisticRegression": {"params": {"classification__solver": "newton-cg", "classification__C": 0.01}, "times": {"mean_fit_time": [0.8656764030456543, 0.4226027011871338, 1.3112428188323975], "std_fit_time": [0.08594004654439204, 0.2655830552848556, 0.2363923715296913], "mean_score_time": [0.041648483276367186, 0.0018340110778808593, 0.0033946514129638674], "std_score_time": [0.010722387719519243, 0.0003740885394719913, 0.00047738985931664865]}, "score": 0.8846666666666666}}