{"[NN]NeuralNetwork": {"params": {"classification__epochs": 20, "classification__batch_size": 30}, "times": {"mean_fit_time": [4.189126062393188, 3.577296829223633, 3.8017693519592286, 3.886274719238281, 3.4646629810333254, 3.656814527511597, 3.3286180973052977, 3.7161942958831786, 4.554613876342773, 3.0325438499450685], "std_fit_time": [0.27430217425562936, 0.48213114840496946, 0.8876036757350809, 0.45467677958771524, 0.4296653038074808, 0.27327702590827163, 0.718421841466958, 0.779493949527752, 0.44773109316554555, 0.3021575010163152], "mean_score_time": [0.31861510276794436, 0.41408190727233884, 0.2946933269500732, 0.28959026336669924, 0.41115145683288573, 0.3463584423065186, 0.52177734375, 0.38178000450134275, 0.31270413398742675, 0.47184023857116697], "std_score_time": [0.06309028897217073, 0.13620044538783863, 0.0549431628331743, 0.050949943535585226, 0.22833866563378707, 0.07158063250655987, 0.2541990563224341, 0.0954111776689916, 0.09663584351543994, 0.293293590471356]}, "score": 0.9290043290043289}, "RandomForestClassifier": {"params": {"classification__n_estimators": 200, "classification__min_samples_split": 5, "classification__min_samples_leaf": 2, "classification__max_features": "sqrt", "classification__max_depth": 50, "classification__bootstrap": true}, "times": {"mean_fit_time": [0.6287768840789795, 0.8005400657653808, 3.619316005706787, 0.6809977054595947, 3.4369439125061034], "std_fit_time": [0.05850693071357132, 0.07041928375296289, 0.2511688568084617, 0.01523484397877092, 0.10449638109161874], "mean_score_time": [0.0018707275390625, 0.0017210483551025391, 0.0032306671142578124, 0.0018079757690429687, 0.002933788299560547], "std_score_time": [0.00030904940055139066, 0.0003162143951823423, 0.00047970895489677116, 0.0002484324065370118, 0.00012079278195026737]}, "score": 0.9708333333333332}, "KNeighborsClassifier": {"params": {"classification__weights": "uniform", "classification__n_neighbors": 13, "classification__metric": "euclidean", "classification__leaf_size": 20}, "times": {"mean_fit_time": [0.030670022964477538, 0.03936614990234375, 0.039897823333740236, 0.05472002029418945, 0.046327733993530275], "std_fit_time": [0.008068295875958222, 0.006968451429695166, 0.006189445738735912, 0.0028222588504096687, 0.013546870559896609], "mean_score_time": [0.009639549255371093, 0.00929431915283203, 0.009568881988525391, 0.010168027877807618, 0.01055755615234375], "std_score_time": [0.0012929462661103483, 0.00012015231024729203, 0.0009520416637380477, 0.0018387343273183084, 0.002596089995131511]}, "score": 0.8125}, "ComplementNB": {"params": {"classification__alpha": 1.0}, "times": {"mean_fit_time": [0.004275178909301758, 0.004100656509399414, 0.005564403533935547, 0.006299638748168945, 0.007925701141357423], "std_fit_time": [0.0005387560326391775, 0.00041169358088031003, 0.0018032493850208904, 0.0011168946445438992, 0.0007808500371820082], "mean_score_time": [0.001119852066040039, 0.0012100696563720702, 0.001429605484008789, 0.0015156269073486328, 0.0016901493072509766], "std_score_time": [5.7947977754045676e-05, 4.863916655643601e-05, 0.0002407648698808013, 0.00022318235715239812, 0.0003040949860818108]}, "score": 0.8816666666666666}, "LogisticRegression": {"params": {"classification__solver": "newton-cg", "classification__C": 0.1}, "times": {"mean_fit_time": [0.13051319122314453, 0.334918212890625, 0.12298221588134765, 0.16207437515258788, 0.22561354637145997], "std_fit_time": [0.016132486582701205, 0.023370947099090166, 0.014393525117055467, 0.01158523670301096, 0.06820295246250287], "mean_score_time": [0.001905536651611328, 0.0026533126831054686, 0.0018053054809570312, 0.001972007751464844, 0.0017510414123535155], "std_score_time": [0.00024213801222833185, 0.0008099353817629512, 0.00034729847736448383, 0.00038057261718187286, 8.761596999405896e-05]}, "score": 0.925}}