{"[NN]NeuralNetwork": {"params": {"classification__epochs": 20, "classification__batch_size": 20}, "times": {"mean_fit_time": [4.10548210144043, 3.911181163787842, 3.573223876953125, 3.0021641731262205, 3.6118563175201417, 3.4524452686309814, 3.7438108921051025, 2.999847173690796, 3.339250993728638, 3.642793369293213], "std_fit_time": [0.4116251581349439, 0.307535047781777, 0.3407092565062597, 0.29993441941501403, 0.39135681059756944, 0.5070087044188504, 0.4738093473138435, 0.5482522448516115, 0.3999708432801122, 0.5078523144526671], "mean_score_time": [0.3845423698425293, 0.4094074726104736, 0.4072397708892822, 0.35042495727539064, 0.5060604572296142, 0.3561226844787598, 0.38361024856567383, 0.3527729034423828, 0.2646360397338867, 0.25319852828979494], "std_score_time": [0.17266112401612924, 0.09978258507218957, 0.15709677548698966, 0.0628858489702756, 0.10530846801407481, 0.1184920126781368, 0.09752258818874712, 0.10189280967221882, 0.04073879957741309, 0.07033583173162371]}, "score": 0.98989898989899}, "RandomForestClassifier": {"params": {"classification__n_estimators": 300, "classification__min_samples_split": 10, "classification__min_samples_leaf": 4, "classification__max_features": "log2", "classification__max_depth": 60, "classification__bootstrap": true}, "times": {"mean_fit_time": [4.704622840881347, 1.0736627578735352, 0.05806736946105957, 1.0329462528228759, 0.06260499954223633], "std_fit_time": [0.13266874153019964, 0.12783976658131915, 0.00941624807609858, 0.12973632988995618, 0.00624634104349966], "mean_score_time": [0.003907585144042968, 0.0017177104949951173, 0.0015408992767333984, 0.002098846435546875, 0.0014174938201904296], "std_score_time": [0.0009962751106611094, 0.00022574206357583456, 0.00029815586952856, 0.0002423775704963808, 0.00019686137617673153]}, "score": 0.9916666666666668}, "KNeighborsClassifier": {"params": {"classification__weights": "uniform", "classification__n_neighbors": 17, "classification__metric": "euclidean", "classification__leaf_size": 20}, "times": {"mean_fit_time": [0.02987327575683594, 0.03507905006408692, 0.034615516662597656, 0.03219423294067383, 0.032628774642944336], "std_fit_time": [0.012476450286264559, 0.010725121933302545, 0.008295655925318852, 0.005290051790411102, 0.00688487489171912], "mean_score_time": [0.009633350372314452, 0.007921504974365234, 0.008662986755371093, 0.009550762176513673, 0.009473037719726563], "std_score_time": [0.0017107457185831327, 0.0010661781085945356, 0.0019561522195607832, 0.0013178001265276096, 0.0013626165445917925]}, "score": 0.9916666666666668}, "ComplementNB": {"params": {"classification__alpha": 0.5}, "times": {"mean_fit_time": [0.004620981216430664, 0.004740524291992188, 0.004572916030883789, 0.004952716827392578, 0.005772113800048828], "std_fit_time": [0.00023341066381633345, 0.0007312307600320173, 0.000934447808778707, 0.0002166881208794082, 0.0009389573491760309], "mean_score_time": [0.0013267993927001953, 0.0013814449310302734, 0.0013354301452636718, 0.001363992691040039, 0.001432943344116211], "std_score_time": [0.00023350029632076167, 0.0001956363201741008, 0.0002629131690684644, 5.7397607925763094e-05, 8.845585050766631e-05]}, "score": 0.9483333333333333}, "LogisticRegression": {"params": {"classification__solver": "newton-cg", "classification__C": 100}, "times": {"mean_fit_time": [0.07779173851013184, 0.09796438217163086, 0.4802525520324707, 0.12650322914123535, 0.12849316596984864], "std_fit_time": [0.004536966983244452, 0.010015858151126097, 0.05691754658765752, 0.024324629626579296, 0.016833386003497645], "mean_score_time": [0.0018554210662841796, 0.0022692203521728514, 0.0023755550384521483, 0.0018957138061523437, 0.001718282699584961], "std_score_time": [0.00033691008289464297, 0.00038815863865734814, 0.0004775393894188708, 0.0003574011529096878, 4.1947308163367766e-05]}, "score": 0.9916666666666668}}