{"[NN]NeuralNetwork": {"params": {"classification__epochs": 20, "classification__batch_size": 20}, "times": {"mean_fit_time": [5.214941310882568, 5.691235780715942, 5.430839014053345, 4.858564138412476, 4.244120073318482, 5.529655599594117, 5.338501405715943, 4.463985347747803, 4.852441835403442, 5.02430272102356], "std_fit_time": [0.7562583002222946, 0.40095682554928913, 0.8790162764940099, 1.0926583806368968, 1.086393493500369, 0.3951417121476062, 0.7157466600527771, 0.529730461281559, 0.7226954920494147, 0.564605340021019], "mean_score_time": [0.5405680656433105, 0.507412052154541, 0.46582636833190916, 0.6281115531921386, 0.5556210994720459, 0.47667727470397947, 0.38849549293518065, 0.4723154067993164, 0.2754943370819092, 0.3465110301971436], "std_score_time": [0.13794279994779035, 0.20345724647281443, 0.2268802561219683, 0.18553417940842884, 0.25684182717532117, 0.127016191299462, 0.12907893764759173, 0.16068508477298732, 0.052402457666667464, 0.05738517661632984]}, "score": 0.98989898989899}, "RandomForestClassifier": {"params": {"classification__n_estimators": 300, "classification__min_samples_split": 10, "classification__min_samples_leaf": 4, "classification__max_features": "log2", "classification__max_depth": 60, "classification__bootstrap": true}, "times": {"mean_fit_time": [4.9125714778900145, 0.9680245876312256, 0.07338447570800781, 0.8618189334869385, 0.08026652336120606], "std_fit_time": [0.4280483870604222, 0.12800922643911383, 0.018509594433277148, 0.01874870774600284, 0.011492277640337875], "mean_score_time": [0.0036169052124023437, 0.0017488956451416015, 0.0017424583435058593, 0.003093385696411133, 0.001431894302368164], "std_score_time": [0.0011053647684466093, 0.00018761761373623352, 0.00029201717799530626, 0.0025679582341246905, 0.00030119672651302416]}, "score": 0.9916666666666668}, "KNeighborsClassifier": {"params": {"classification__weights": "uniform", "classification__n_neighbors": 17, "classification__metric": "euclidean", "classification__leaf_size": 20}, "times": {"mean_fit_time": [0.04396200180053711, 0.06639471054077148, 0.05801544189453125, 0.030674171447753907, 0.051997709274291995], "std_fit_time": [0.024993931966489046, 0.0067555263488311606, 0.02510409318232698, 0.007473542685500181, 0.01301410237904348], "mean_score_time": [0.010517263412475586, 0.010531902313232422, 0.015054988861083984, 0.009032583236694336, 0.010108327865600586], "std_score_time": [0.001122441273081424, 0.0020784999447008997, 0.0049292841889002565, 0.0005447749777321915, 0.001542159307843485]}, "score": 0.9916666666666668}, "ComplementNB": {"params": {"classification__alpha": 0.5}, "times": {"mean_fit_time": [0.006974554061889649, 0.0051387310028076175, 0.005858278274536133, 0.0072708606719970705, 0.007712888717651367], "std_fit_time": [0.000944788948929862, 0.0008094127341145978, 0.0003918348701560153, 0.00042046005398075514, 0.002230634779011071], "mean_score_time": [0.0020109176635742187, 0.0014824390411376954, 0.0016138076782226563, 0.0019937992095947266, 0.0018916606903076171], "std_score_time": [0.000591228325350477, 0.00023300965730579026, 0.0001733962711395399, 0.00018478104979327385, 0.0003720612915952968]}, "score": 0.9483333333333333}, "LogisticRegression": {"params": {"classification__solver": "newton-cg", "classification__C": 100}, "times": {"mean_fit_time": [0.06948051452636719, 0.09543523788452149, 0.5056495189666748, 0.15688891410827638, 0.14120831489562988], "std_fit_time": [0.004711785357270462, 0.014140023458129638, 0.11779804316014297, 0.045127070083711154, 0.021847445126907148], "mean_score_time": [0.0018411636352539062, 0.0017269134521484375, 0.00225067138671875, 0.0023242950439453123, 0.0019948482513427734], "std_score_time": [0.00039066510883997507, 0.00019582276864828707, 0.00042527472544532334, 0.00043032550765164816, 0.00023272135086292698]}, "score": 0.9916666666666668}}