{"[NN]NeuralNetwork": {"params": {"classification__epochs": 10, "classification__batch_size": 30}, "times": {"mean_fit_time": [3.9643517971038817, 3.213895082473755, 2.9776004791259765, 3.4777011394500734, 4.034502744674683, 3.4436156272888185, 3.0023505687713623, 4.082283067703247, 2.9217384815216065, 3.316075849533081], "std_fit_time": [0.8638598981976097, 0.3867492020176253, 0.504033473009509, 0.3067118299940293, 0.8684890270188189, 0.6550650154229405, 0.42283451986672316, 0.377165161137551, 0.3165319832754988, 0.27592714652119976], "mean_score_time": [0.3416339874267578, 0.4175769329071045, 0.5224966526031494, 0.4782716751098633, 0.48356289863586427, 0.24762992858886718, 0.2916605472564697, 0.3001300811767578, 0.3345141887664795, 0.31229424476623535], "std_score_time": [0.0603516529879418, 0.12956259666494843, 0.18325412603874774, 0.11428700641427705, 0.07057681655336537, 0.035384067357629057, 0.046206949252028603, 0.0621126720980686, 0.12747160060365606, 0.10789692329808952]}, "score": 0.9741666666666667}, "RandomForestClassifier": {"params": {"classification__n_estimators": 500, "classification__min_samples_split": 2, "classification__min_samples_leaf": 1, "classification__max_features": null, "classification__max_depth": 60, "classification__bootstrap": false}, "times": {"mean_fit_time": [4.999727010726929, 2.4264983177185058, 0.10058031082153321, 2.2569056034088133, 0.13280072212219238], "std_fit_time": [0.10423994877076768, 0.06717573781930125, 0.013227819771579845, 0.09087514291195353, 0.017112041902645102], "mean_score_time": [0.004608774185180664, 0.006065273284912109, 0.0013158321380615234, 0.004118013381958008, 0.0017046451568603516], "std_score_time": [0.0010768952033379578, 0.0018911659480764329, 0.0001577607648885535, 0.0016890010095709166, 0.000448964136653568]}, "score": 0.9916666666666668}, "KNeighborsClassifier": {"params": {"classification__weights": "uniform", "classification__n_neighbors": 9, "classification__metric": "minkowski", "classification__leaf_size": 16}, "times": {"mean_fit_time": [0.024847984313964844, 0.03153171539306641, 0.04527301788330078, 0.030375909805297852, 0.030463790893554686], "std_fit_time": [0.006077164764289841, 0.00932500341496767, 0.012437113428437611, 0.0012017344758304168, 0.0010836693892502225], "mean_score_time": [0.009153318405151368, 0.008647584915161132, 0.00891566276550293, 0.008074092864990234, 0.008756399154663086], "std_score_time": [0.000647533192620751, 0.00038375043362753495, 0.00043469263611961285, 0.001455346076648373, 0.0005053000640292536]}, "score": 0.9928571428571429}, "ComplementNB": {"params": {"classification__alpha": 1.0}, "times": {"mean_fit_time": [0.004653406143188476, 0.004015731811523438, 0.004075002670288086, 0.005744123458862304, 0.0074822425842285155], "std_fit_time": [0.0004661013195360616, 0.0001381083243079914, 0.00031163620881220267, 0.0009040108507878862, 0.0008306717815103658], "mean_score_time": [0.0012115001678466796, 0.0011170387268066406, 0.0011957168579101562, 0.0015816688537597656, 0.001979494094848633], "std_score_time": [0.00013652403277557642, 5.070494507724346e-05, 4.761652981614514e-05, 0.00020598697430770926, 0.00033541793388660375]}, "score": 0.9174999999999999}, "LogisticRegression": {"params": {"classification__solver": "lbfgs", "classification__C": 10}, "times": {"mean_fit_time": [0.0841947078704834, 0.05381808280944824, 0.35892162322998045, 0.10368223190307617, 0.7389846801757812], "std_fit_time": [0.019983374942821767, 0.020803277492341624, 0.033524846354687346, 0.033592935880192, 0.02721352276026411], "mean_score_time": [0.001972055435180664, 0.0016999244689941406, 0.0027609348297119142, 0.0053460121154785155, 0.0026457786560058595], "std_score_time": [0.0007263075778665862, 0.0002809494025510823, 0.0008202964702296674, 0.007218865306599267, 0.0005423011035688236]}, "score": 0.9761904761904763}}