{"[NN]NeuralNetwork": {"params": {"classification__epochs": 5, "classification__batch_size": 30}, "times": {"mean_fit_time": [4.078331089019775, 3.3287896633148195, 3.2725722789764404, 2.4400116920471193, 3.406711053848267, 2.6588927268981934, 2.3681745529174805, 2.2979806423187257, 2.433601427078247, 2.31884651184082], "std_fit_time": [0.638472258935811, 0.26456551608649476, 0.6384349801765664, 0.35503450170417433, 0.8521415376575998, 0.27503986387973667, 0.29692763393393873, 0.38875930018689436, 0.30980738241288586, 0.6228501949772922], "mean_score_time": [0.266351318359375, 0.3518831253051758, 0.3532995700836182, 0.29288420677185056, 0.2699411392211914, 0.28833708763122556, 0.2917636871337891, 0.2865766525268555, 0.23575329780578613, 0.2773693561553955], "std_score_time": [0.04529504891808574, 0.049908705999691334, 0.21059389474348977, 0.05419943325615386, 0.03866836896866487, 0.04332619149850908, 0.07370692006205022, 0.06797861798247436, 0.039287113755023945, 0.03335554430312379]}, "score": 0.9671626984126984}, "RandomForestClassifier": {"params": {"classification__n_estimators": 10, "classification__min_samples_split": 5, "classification__min_samples_leaf": 4, "classification__max_features": null, "classification__max_depth": 50, "classification__bootstrap": true}, "times": {"mean_fit_time": [0.8339108467102051, 0.04969587326049805, 0.0720987319946289, 0.06311941146850586, 0.8721452236175538], "std_fit_time": [0.06047450318583665, 0.003986009562530808, 0.012891323715879264, 0.004235557564696818, 0.10924588773903765], "mean_score_time": [0.0016736984252929688, 0.0016148090362548828, 0.0014525413513183593, 0.0017417430877685546, 0.001909160614013672], "std_score_time": [0.00034917232393475567, 0.00046361731988160383, 0.0002829091616782977, 0.00028639780518801785, 0.0002018530936682761]}, "score": 0.9733333333333334}, "KNeighborsClassifier": {"params": {"classification__weights": "uniform", "classification__n_neighbors": 1, "classification__metric": "minkowski", "classification__leaf_size": 10}, "times": {"mean_fit_time": [0.03427271842956543, 0.040889644622802736, 0.03283224105834961, 0.0465120792388916, 0.03971686363220215], "std_fit_time": [0.006875493186629348, 0.010681249271744917, 0.006837875541381371, 0.017724620235936864, 0.009920664666048046], "mean_score_time": [0.01011962890625, 0.009958887100219726, 0.011390876770019532, 0.010867643356323241, 0.01368088722229004], "std_score_time": [0.0014673356068466096, 0.0018278748535762077, 0.001967953198903724, 0.0019697089249020587, 0.005215570444851929]}, "score": 0.9149999999999998}, "ComplementNB": {"params": {"classification__alpha": 1.0}, "times": {"mean_fit_time": [0.004996299743652344, 0.005489158630371094, 0.0051367759704589845, 0.007813501358032226, 0.008392333984375], "std_fit_time": [0.0003587411717949345, 0.0010150317391997095, 0.0005545131788479123, 0.0009443271138448143, 0.00041219738509301704], "mean_score_time": [0.001332855224609375, 0.001647615432739258, 0.0014503002166748047, 0.0017131805419921876, 0.0017656326293945313], "std_score_time": [0.00018514811347048355, 9.658979012214324e-05, 0.00036743089383348826, 0.000181100317008065, 7.683739230712455e-06]}, "score": 0.8875}, "LogisticRegression": {"params": {"classification__solver": "sag", "classification__C": 1.0}, "times": {"mean_fit_time": [0.15753574371337892, 0.3892818927764893, 0.36342883110046387, 0.6349509239196778, 0.6422327518463135], "std_fit_time": [0.058499564352775625, 0.04258199997151626, 0.0042605302022854195, 0.0354511908104014, 0.039304911833509475], "mean_score_time": [0.0018814563751220702, 0.0020683765411376952, 0.0026839256286621095, 0.002387809753417969, 0.0026788711547851562], "std_score_time": [0.0002951821365156523, 0.0003848307660482783, 0.0007501992555688836, 0.000585238999178432, 0.0013469134726613746]}, "score": 0.8191666666666666}}