{"[NN]NeuralNetwork": {"params": {"classification__epochs": 20, "classification__batch_size": 20}, "times": {"mean_fit_time": [2.930482864379883, 3.2587438583374024, 3.619791030883789, 3.44023175239563, 2.775445508956909, 3.6438964366912843, 3.759074258804321, 3.644736623764038, 2.898858642578125, 4.397672986984253], "std_fit_time": [0.34527615154928676, 0.14536097124243957, 0.45412287689040753, 0.27295322934101374, 0.5683076471533932, 0.4222102556153667, 0.421728492310961, 0.45410424313256537, 0.4034534571613948, 1.006384958241202], "mean_score_time": [0.3931635856628418, 0.35287985801696775, 0.34667153358459474, 0.3736917018890381, 0.3861235618591309, 0.22620224952697754, 0.2730916976928711, 0.4256246566772461, 0.42379040718078614, 0.22065491676330568], "std_score_time": [0.0772149017778987, 0.16861265100480224, 0.04627394926187643, 0.12813832554231389, 0.2054784799708239, 0.05284878293642052, 0.025631912582866866, 0.1652725509446972, 0.07730417817957971, 0.04303954121050713]}, "score": 0.8323333333333334}, "RandomForestClassifier": {"params": {"classification__n_estimators": 200, "classification__min_samples_split": 5, "classification__min_samples_leaf": 1, "classification__max_features": "sqrt", "classification__max_depth": 20, "classification__bootstrap": true}, "times": {"mean_fit_time": [0.23436193466186522, 0.7321467876434327, 0.5829496860504151], "std_fit_time": [0.03230711947224724, 0.09053569847840678, 0.028742907164585843], "mean_score_time": [0.0014256954193115235, 0.001715850830078125, 0.0016674518585205079], "std_score_time": [0.00025941025662201326, 0.00017953102014629652, 0.00010203951980686852]}, "score": 0.972952380952381}, "KNeighborsClassifier": {"params": {"classification__weights": "distance", "classification__n_neighbors": 5, "classification__metric": "euclidean", "classification__leaf_size": 30}, "times": {"mean_fit_time": [0.03325324058532715, 0.04094691276550293, 0.03506145477294922], "std_fit_time": [0.004603417431308844, 0.00521247799189468, 0.00669989995104412], "mean_score_time": [0.009799623489379882, 0.010241985321044922, 0.008252763748168945], "std_score_time": [0.001218415848074734, 0.0010455077096459338, 0.0004722769259125258]}, "score": 0.23476190476190473}, "ComplementNB": {"params": {"classification__alpha": 0}, "times": {"mean_fit_time": [0.006304168701171875, 0.0048769950866699215, 0.008040618896484376], "std_fit_time": [0.0011351834059463014, 0.0002991683550756933, 0.001586266527947806], "mean_score_time": [0.001550769805908203, 0.0013002872467041016, 0.0015133380889892577], "std_score_time": [0.0002821228555074919, 3.985782517776573e-05, 0.0001909656677918949]}, "score": 0.763904761904762}, "LogisticRegression": {"params": {"classification__solver": "newton-cg", "classification__C": 0.01}, "times": {"mean_fit_time": [0.25220527648925783, 0.758176612854004, 0.7040577888488769], "std_fit_time": [0.06628840937040416, 0.04609313766288274, 0.3647868650403406], "mean_score_time": [0.0018626689910888673, 0.035155534744262695, 0.002906322479248047], "std_score_time": [0.00042092654226066943, 0.01033554760949486, 0.001749646259143124]}, "score": 0.8459047619047618}}