{"[NN]NeuralNetwork": {"params": {"classification__epochs": 20, "classification__batch_size": 25}, "times": {"mean_fit_time": [4.639511346817017, 4.42478380203247, 5.251291084289551, 4.209987831115723, 4.5166247367858885, 4.348078966140747, 4.9091239929199215, 5.5680173397064205, 5.325387382507325, 5.355989599227906], "std_fit_time": [0.5881110404581187, 0.520678142333884, 1.1203787897352075, 0.6861566311800037, 0.6868344032468578, 0.5144497999974028, 0.4244973104101775, 0.7948963198993244, 0.43375083016504246, 0.6737919003948769], "mean_score_time": [0.61843900680542, 0.5694020748138428, 0.4895512580871582, 0.6002315521240235, 0.6812668800354004, 0.6266013145446777, 0.43140015602111814, 0.4822227478027344, 0.5770521640777588, 0.5110697746276855], "std_score_time": [0.20269092416580436, 0.12493493885434626, 0.04074306069983379, 0.18639375096068853, 0.24676314920371592, 0.14977657482029202, 0.08919754954972564, 0.09698589909249863, 0.11562645418812857, 0.13567230644373435]}, "score": 0.9857142857142858}, "RandomForestClassifier": {"params": {"classification__n_estimators": 400, "classification__min_samples_split": 5, "classification__min_samples_leaf": 1, "classification__max_features": "log2", "classification__max_depth": 50, "classification__bootstrap": false}, "times": {"mean_fit_time": [1.3861329555511475, 1.203955602645874, 0.21286978721618652, 1.31535005569458, 0.29053583145141604], "std_fit_time": [0.19023830678547213, 0.2291987467784766, 0.030555815729546763, 0.06401468128616429, 0.041644434245797085], "mean_score_time": [0.0026474952697753905, 0.002215003967285156, 0.0016866683959960937, 0.0023506641387939452, 0.0016618728637695312], "std_score_time": [0.0006653911970191773, 0.00036617022402269593, 0.0003073768884034902, 0.0009706503517102344, 0.0004754177568566542]}, "score": 1.0}, "KNeighborsClassifier": {"params": {"classification__weights": "uniform", "classification__n_neighbors": 11, "classification__metric": "manhattan", "classification__leaf_size": 30}, "times": {"mean_fit_time": [0.04044351577758789, 0.045708084106445314, 0.03962917327880859, 0.03899540901184082, 0.030553817749023438], "std_fit_time": [0.012468233508182262, 0.005431883091384278, 0.004112483087957862, 0.01103749366229146, 0.006503843388876438], "mean_score_time": [0.009720897674560547, 0.013171625137329102, 0.012555742263793945, 0.011302423477172852, 0.010666465759277344], "std_score_time": [0.0008461987946657443, 0.003315575869633845, 0.004116977880829845, 0.002373813451494576, 0.0011673332871880602]}, "score": 0.9916666666666668}, "ComplementNB": {"params": {"classification__alpha": 1.0}, "times": {"mean_fit_time": [0.006270456314086914, 0.004909086227416992, 0.005810832977294922, 0.005692100524902344, 0.006595516204833984], "std_fit_time": [0.0005413760212615023, 0.0008279028965104983, 0.0009050399611395066, 0.0007692309280684056, 0.0009323090997687908], "mean_score_time": [0.001623678207397461, 0.0014177322387695312, 0.0016638278961181641, 0.001500844955444336, 0.0017019271850585937], "std_score_time": [0.000134109075327284, 0.0002690447172238561, 0.000239900020478073, 0.0002127647186169855, 0.0002064355001249506]}, "score": 0.9845238095238095}, "LogisticRegression": {"params": {"classification__solver": "newton-cg", "classification__C": 0.1}, "times": {"mean_fit_time": [0.522942066192627, 0.09221034049987793, 0.08933482170104981, 0.10002484321594238, 0.09570741653442383], "std_fit_time": [0.07237220474984594, 0.03671401588898843, 0.038220800188742465, 0.016346614115151602, 0.022138768119575956], "mean_score_time": [0.003867483139038086, 0.0018697261810302734, 0.0018702030181884765, 0.0016637802124023437, 0.0016954421997070312], "std_score_time": [0.0019829787957089165, 0.0003219033112604662, 0.00021621825371646473, 0.000223055462618534, 3.689203764249294e-05]}, "score": 1.0}}