{"[NN]NeuralNetwork": {"params": {"classification__epochs": 15, "classification__batch_size": 20}, "times": {"mean_fit_time": [4.026775741577149, 4.355128574371338, 4.573440456390381, 3.298849105834961, 3.9682568073272706, 3.645346927642822, 4.009063768386841, 3.464464616775513, 2.8482501983642576, 3.1743303298950196], "std_fit_time": [0.3464582887558311, 0.43385372108073755, 0.7478533531604689, 0.883116710689263, 0.4596741481264692, 0.29376414921577837, 0.43160867989742246, 0.6987206105364303, 0.9534814057110881, 0.5303208279917311], "mean_score_time": [0.2873242855072021, 0.22381043434143066, 0.16990046501159667, 0.2305927276611328, 0.20764055252075195, 0.31810965538024905, 0.2692631721496582, 0.24656085968017577, 0.24412808418273926, 0.22333149909973143], "std_score_time": [0.033746455295750794, 0.045416160387377315, 0.040891129367470275, 0.03272284943334144, 0.025833751244343766, 0.03195727697034613, 0.05534208859688276, 0.07183559396235213, 0.024224863327337465, 0.034176536237572844]}, "score": 0.9760515873015873}, "RandomForestClassifier": {"params": {"classification__n_estimators": 1000, "classification__min_samples_split": 2, "classification__min_samples_leaf": 2, "classification__max_features": "sqrt", "classification__max_depth": null, "classification__bootstrap": true}, "times": {"mean_fit_time": [4.7445716381073, 4.809579610824585, 3.1564725399017335, 4.0613445281982425, 2.567611026763916], "std_fit_time": [0.236626785495196, 0.42357715037441895, 0.2995057790727129, 0.06743189345533881, 0.05981435497043849], "mean_score_time": [0.0035994529724121095, 0.003862619400024414, 0.003964090347290039, 0.00347900390625, 0.004023313522338867], "std_score_time": [0.0006139545231178282, 0.000937301021897691, 0.0005590204161081721, 0.0008757695410648092, 0.0009198257624999866]}, "score": 0.975}, "KNeighborsClassifier": {"params": {"classification__weights": "uniform", "classification__n_neighbors": 11, "classification__metric": "manhattan", "classification__leaf_size": 30}, "times": {"mean_fit_time": [0.030890560150146483, 0.042673254013061525, 0.04105386734008789, 0.05697779655456543, 0.039500761032104495], "std_fit_time": [0.012064413685414095, 0.012852848528947696, 0.01323094826622565, 0.002990650831030305, 0.010669428071708361], "mean_score_time": [0.010546541213989258, 0.0110137939453125, 0.011766386032104493, 0.011142683029174805, 0.010238122940063477], "std_score_time": [0.0013005582798085696, 0.0017155650790029316, 0.00033762166664024374, 0.0019478049456482407, 0.0008687222063080353]}, "score": 0.9833333333333332}, "ComplementNB": {"params": {"classification__alpha": 0.5}, "times": {"mean_fit_time": [0.0063555240631103516, 0.005471181869506836, 0.00487222671508789, 0.007559680938720703, 0.00676569938659668], "std_fit_time": [0.0010072592712236617, 0.0004028133761446536, 0.0008054277400142574, 0.0011826869926826594, 0.0002931111301459741], "mean_score_time": [0.0018154144287109374, 0.0016887187957763672, 0.0015373706817626953, 0.001747465133666992, 0.0018211841583251954], "std_score_time": [0.0003942994861405932, 0.00019402708458918545, 0.00025351958638305703, 0.00021820943654784328, 5.676417419342641e-05]}, "score": 0.9291666666666668}, "LogisticRegression": {"params": {"classification__solver": "saga", "classification__C": 100}, "times": {"mean_fit_time": [0.5605147361755372, 0.576046371459961, 0.5558151721954345, 0.9120631217956543, 0.772894287109375], "std_fit_time": [0.09489409197196431, 0.09695290637389728, 0.1471399017395734, 0.07124203652289066, 0.09757297332839773], "mean_score_time": [0.003542661666870117, 0.0030295848846435547, 0.0041961193084716795, 0.004224157333374024, 0.0022823333740234373], "std_score_time": [0.0013125746708431947, 0.00062612252379022, 0.0015787727509901403, 0.0016677315127648239, 0.0003706822210911339]}, "score": 0.9625}}