{"[NN]NeuralNetwork": {"params": {"classification__epochs": 10, "classification__batch_size": 20}, "times": {"mean_fit_time": [2.848380184173584, 2.099760150909424, 2.01664342880249, 1.9608179092407227, 1.8612322330474853, 2.367542266845703, 2.213971567153931, 2.09037561416626, 1.6805001735687255, 1.9424030303955078], "std_fit_time": [0.32790545812133565, 0.22182415605001596, 0.285186886892495, 0.17971587631067337, 0.14696606117632297, 0.4204754334894746, 0.495104834262354, 0.16813244069212735, 0.05927528356422327, 0.18784942468154187], "mean_score_time": [0.2460993766784668, 0.23066239356994628, 0.23381104469299316, 0.2276144504547119, 0.2346583843231201, 0.21092734336853028, 0.21123952865600587, 0.19549331665039063, 0.200820255279541, 0.19588546752929686], "std_score_time": [0.01529938948709087, 0.0126844902095898, 0.028653525472630812, 0.016825377659028175, 0.015376738159235313, 0.03918453796153185, 0.03260196971072515, 0.019873515293957457, 0.04577532087098835, 0.038768496715339766]}, "score": 0.9666493506493508}, "RandomForestClassifier": {"params": {"classification__n_estimators": 1000, "classification__min_samples_split": 10, "classification__min_samples_leaf": 2, "classification__max_features": "sqrt", "classification__max_depth": 100, "classification__bootstrap": false}, "times": {"mean_fit_time": [0.413675594329834, 3.7416393756866455, 0.7590580940246582, 3.6002272605895995, 0.8781857013702392], "std_fit_time": [0.027509653806035306, 0.04484958303623051, 0.035607473549805715, 0.018553211324163457, 0.016378645097427844], "mean_score_time": [0.001733255386352539, 0.004930973052978516, 0.00160064697265625, 0.003937530517578125, 0.0021096229553222655], "std_score_time": [0.0003265795489195112, 0.0006043073400512399, 0.00011503043922141597, 0.0015120217068810501, 0.000961055368747452]}, "score": 0.99}, "KNeighborsClassifier": {"params": {"classification__weights": "uniform", "classification__n_neighbors": 15, "classification__metric": "minkowski", "classification__leaf_size": 33}, "times": {"mean_fit_time": [0.03848738670349121, 0.04600400924682617, 0.04685220718383789, 0.039531612396240236, 0.03378505706787109], "std_fit_time": [0.023658005700479053, 0.01257867740968561, 0.009153834151094744, 0.004545744499736336, 0.002920289605494276], "mean_score_time": [0.009229898452758789, 0.011455106735229491, 0.010404872894287109, 0.010843038558959961, 0.010005569458007813], "std_score_time": [0.0008223065848828044, 0.002153084519462622, 0.0011375249929888235, 0.0010020283657880768, 0.0015908604176900012]}, "score": 0.876}, "ComplementNB": {"params": {"classification__alpha": 1.0}, "times": {"mean_fit_time": [0.005014276504516602, 0.004110860824584961, 0.004484701156616211, 0.007293224334716797, 0.006901836395263672], "std_fit_time": [0.001408963431285832, 0.0003298322434162343, 0.0004572499492037351, 0.0007044225621941629, 0.000990395823738125], "mean_score_time": [0.0011774539947509766, 0.001143026351928711, 0.001184988021850586, 0.0015472888946533204, 0.0014681339263916016], "std_score_time": [0.00022932796907216673, 3.7825661726413984e-05, 5.774090435158315e-05, 0.000160919323131152, 0.0001672302925019645]}, "score": 0.9226666666666666}, "LogisticRegression": {"params": {"classification__solver": "lbfgs", "classification__C": 0.01}, "times": {"mean_fit_time": [0.41197981834411623, 0.8851755142211915, 0.6659597873687744, 0.5346761226654053, 0.37285699844360354], "std_fit_time": [0.03934994893195511, 0.510285459861661, 0.10325874922170329, 0.17102149865949806, 0.020963389366973787], "mean_score_time": [0.0023818016052246094, 0.00293731689453125, 0.002881288528442383, 0.0018997669219970703, 0.0017324447631835937], "std_score_time": [0.0006354838164616582, 0.0003716690092618057, 0.0007986127603995783, 0.00030619827726881634, 0.00019017964854431814]}, "score": 0.9640000000000001}}