{"[NN]NeuralNetwork": {"params": {"classification__epochs": 20, "classification__batch_size": 25}, "times": {"mean_fit_time": [3.740363597869873, 2.6493664741516114, 3.098030757904053, 3.0609270095825196, 3.1912386417388916, 3.7250298500061034, 3.269112396240234, 3.851885461807251, 3.127487230300903, 2.808356237411499], "std_fit_time": [0.38109963682411274, 0.192068911717618, 0.7315211164938339, 0.39628004793084937, 0.6900996337600842, 0.35988725421743256, 0.23514263328575394, 0.5311602762068279, 0.5072112161550086, 0.5036716584458876], "mean_score_time": [0.3208329677581787, 0.31089534759521487, 0.20813460350036622, 0.3177812099456787, 0.2828515529632568, 0.24624619483947754, 0.23868513107299805, 0.21016650199890136, 0.2713296413421631, 0.2973182201385498], "std_score_time": [0.04033187661503426, 0.04703419683570371, 0.05761465208965624, 0.04505119274335413, 0.10149120533684604, 0.05767747804802707, 0.040554505656632864, 0.02536126855814782, 0.078539349963482, 0.053999811606940396]}, "score": 0.9583531746031746}, "RandomForestClassifier": {"params": {"classification__n_estimators": 200, "classification__min_samples_split": 2, "classification__min_samples_leaf": 4, "classification__max_features": "sqrt", "classification__max_depth": 100, "classification__bootstrap": false}, "times": {"mean_fit_time": [0.11606078147888184, 0.6041592121124267, 0.049546337127685545, 0.649308729171753, 0.04270620346069336], "std_fit_time": [0.02144674211357582, 0.09086378185483843, 0.013324264441657806, 0.05550480719892837, 0.0032685045440646256], "mean_score_time": [0.0021426200866699217, 0.0015876293182373047, 0.00152130126953125, 0.001985311508178711, 0.001674652099609375], "std_score_time": [0.0002512989459743087, 0.00024659623378687725, 0.00043100968623415234, 0.0004600104932373227, 0.00048787071340529735]}, "score": 0.9691666666666666}, "KNeighborsClassifier": {"params": {"classification__weights": "uniform", "classification__n_neighbors": 1, "classification__metric": "euclidean", "classification__leaf_size": 16}, "times": {"mean_fit_time": [0.02682971954345703, 0.029687786102294923, 0.032442474365234376, 0.030487823486328124, 0.04328913688659668], "std_fit_time": [0.008026298914061805, 0.00961646599844021, 0.012320029612921883, 0.012570315063771032, 0.010217979133790944], "mean_score_time": [0.013056755065917969, 0.014755535125732421, 0.010267305374145507, 0.010226011276245117, 0.012104129791259766], "std_score_time": [0.005418434951726655, 0.0047950904081734995, 0.0017030945561237049, 0.0011941499604792133, 0.0031844014902156284]}, "score": 0.9416666666666668}, "ComplementNB": {"params": {"classification__alpha": 0.5}, "times": {"mean_fit_time": [0.005448436737060547, 0.0047150135040283205, 0.004923772811889648, 0.008660697937011718, 0.00822591781616211], "std_fit_time": [0.0007034630836280138, 0.0006882071683995369, 0.0006508474619890525, 0.000386386642619438, 0.00030749102122793837], "mean_score_time": [0.001623249053955078, 0.0015186309814453126, 0.0015838146209716797, 0.001958751678466797, 0.001943349838256836], "std_score_time": [0.0005901672442191923, 0.00020781904757631874, 0.0004688998749307218, 0.00011172250860749679, 0.00013380223991592735]}, "score": 0.8941666666666667}, "LogisticRegression": {"params": {"classification__solver": "lbfgs", "classification__C": 10}, "times": {"mean_fit_time": [0.5331045150756836, 0.1250924587249756, 0.5037909030914307, 0.816960334777832, 0.1709887981414795], "std_fit_time": [0.061900973419178704, 0.02830377361818303, 0.06073177339855835, 0.10376720687951914, 0.04529160335129426], "mean_score_time": [0.002698183059692383, 0.0016425609588623046, 0.0022001266479492188, 0.0022313594818115234, 0.001812124252319336], "std_score_time": [0.0008320360663535475, 0.0001335988118525249, 0.00068648174107843, 0.00039331831411413626, 0.00021661566419154413]}, "score": 0.8691666666666666}}