{"[NN]NeuralNetwork": {"params": {"classification__epochs": 20, "classification__batch_size": 20}, "times": {"mean_fit_time": [3.3334885597229005, 3.7840502738952635, 3.7566832065582276, 3.6992191314697265, 3.8501730442047117, 3.9941760063171388, 3.907595634460449, 2.802439069747925, 3.9306567192077635, 2.854765748977661], "std_fit_time": [0.3802605026537373, 0.5802179334982501, 0.7866024797645759, 0.544987765872385, 0.402559045073753, 0.38530576082720974, 0.47060042251025574, 0.3177070459820836, 0.1864028653199885, 0.642482087294674], "mean_score_time": [0.3240055561065674, 0.37729501724243164, 0.31896820068359377, 0.31859645843505857, 0.28820095062255857, 0.31645951271057127, 0.29485669136047366, 0.2779270648956299, 0.29424734115600587, 0.28081068992614744], "std_score_time": [0.11773004766679153, 0.10269094805343118, 0.13500400170793736, 0.12823623736668335, 0.0328025414018358, 0.1654348297021584, 0.03316675671504456, 0.09851408074262517, 0.07675420848347324, 0.051264287371102696]}, "score": 0.8548080808080808}, "RandomForestClassifier": {"params": {"classification__n_estimators": 300, "classification__min_samples_split": 2, "classification__min_samples_leaf": 4, "classification__max_features": "log2", "classification__max_depth": 40, "classification__bootstrap": true}, "times": {"mean_fit_time": [0.80545973777771, 0.06313223838806152, 0.879916763305664], "std_fit_time": [0.020181588519894, 0.012619733735562874, 0.03674043816944499], "mean_score_time": [0.0017012596130371095, 0.0017914772033691406, 0.002228450775146484], "std_score_time": [0.00010548491555520441, 0.0009319175913719342, 0.00029827840942409187]}, "score": 0.99}, "KNeighborsClassifier": {"params": {"classification__weights": "uniform", "classification__n_neighbors": 9, "classification__metric": "minkowski", "classification__leaf_size": 10}, "times": {"mean_fit_time": [0.023340702056884766, 0.031322288513183597, 0.03993468284606934], "std_fit_time": [0.005252682071731211, 0.009154498349848213, 0.010732040701688607], "mean_score_time": [0.00880570411682129, 0.008637762069702149, 0.009059715270996093], "std_score_time": [0.0008043803517905888, 0.0006262396563599941, 0.0003942258638444738]}, "score": 0.9739047619047619}, "ComplementNB": {"params": {"classification__alpha": 0}, "times": {"mean_fit_time": [0.0057982921600341795, 0.005522918701171875, 0.008688926696777344], "std_fit_time": [0.0010668906297471893, 0.0011906882250039901, 0.001484488725631426], "mean_score_time": [0.0016518115997314453, 0.001579141616821289, 0.0016668319702148437], "std_score_time": [0.00022630871371371667, 0.00029845056793815106, 0.00029780110283288754]}, "score": 0.676952380952381}, "LogisticRegression": {"params": {"classification__solver": "sag", "classification__C": 1.0}, "times": {"mean_fit_time": [1.244173288345337, 0.9851527214050293, 1.1042795181274414], "std_fit_time": [0.16293589699062394, 0.1384182722995467, 0.0505323729811586], "mean_score_time": [0.03746390342712402, 0.041970348358154295, 0.038146686553955075], "std_score_time": [0.00679547923357279, 0.005843772897552811, 0.0037317489724067567]}, "score": 0.7811428571428571}}