{"[NN]NeuralNetwork": {"params": {"classification__epochs": 15, "classification__batch_size": 25}, "times": {"mean_fit_time": [3.386547327041626, 3.491472673416138, 2.849103260040283, 3.2156503200531006, 3.117169904708862, 3.222409152984619, 3.1507616996765138, 3.975598955154419, 2.5679872035980225, 2.9903656005859376], "std_fit_time": [0.45171842019041186, 0.4337313588339179, 0.2728827480019272, 0.36532696732131914, 0.4233137456224814, 0.6422665226043952, 0.818650693889066, 0.6480741159885374, 0.23252523631608732, 0.31626979502721064], "mean_score_time": [0.29398188591003416, 0.4356078624725342, 0.33403873443603516, 0.3174280166625977, 0.32042851448059084, 0.3951231002807617, 0.2745982646942139, 0.24384846687316894, 0.27617759704589845, 0.2382382869720459], "std_score_time": [0.021037932686737367, 0.1782857462166097, 0.09312226524869391, 0.09903945623517439, 0.0790309215849799, 0.1159038287253746, 0.061035595102259844, 0.02598532416568975, 0.09903356214749999, 0.027290477486663835]}, "score": 0.9567777777777777}, "RandomForestClassifier": {"params": {"classification__n_estimators": 1000, "classification__min_samples_split": 5, "classification__min_samples_leaf": 1, "classification__max_features": "sqrt", "classification__max_depth": 20, "classification__bootstrap": false}, "times": {"mean_fit_time": [1.1078821182250977, 4.3935990810394285, 1.5512412071228028, 3.7974856376647947, 1.3655510425567627], "std_fit_time": [0.12489776973366642, 0.14986217925489612, 0.17766429306647177, 0.19140207254575464, 0.08571664192841005], "mean_score_time": [0.0018159866333007813, 0.004759311676025391, 0.0022543907165527345, 0.004148101806640625, 0.002093791961669922], "std_score_time": [0.00015127852546107087, 0.001529908581322734, 0.0007778442532538289, 0.0015836559934308359, 0.00013874953518480839]}, "score": 0.9866666666666667}, "KNeighborsClassifier": {"params": {"classification__weights": "uniform", "classification__n_neighbors": 13, "classification__metric": "euclidean", "classification__leaf_size": 20}, "times": {"mean_fit_time": [0.04160351753234863, 0.037771415710449216, 0.03999137878417969, 0.03434209823608399, 0.03905863761901855], "std_fit_time": [0.004907040683674097, 0.005495636197460052, 0.004498638850273729, 0.011757196007792917, 0.008836321168259581], "mean_score_time": [0.018817663192749023, 0.013581562042236327, 0.012880229949951172, 0.01022944450378418, 0.013393545150756836], "std_score_time": [0.013852013816529245, 0.0014139228241396087, 0.001097686570355321, 0.0009642686868013181, 0.005353821305186815]}, "score": 0.9066666666666668}, "ComplementNB": {"params": {"classification__alpha": 0.5}, "times": {"mean_fit_time": [0.004960775375366211, 0.004659175872802734, 0.004831647872924805, 0.008397674560546875, 0.007904624938964844], "std_fit_time": [0.000644679552690383, 0.0003682640570263896, 0.0008595573746713929, 0.0009990121588268114, 0.0016674034125305159], "mean_score_time": [0.001284170150756836, 0.0012659549713134766, 0.001311016082763672, 0.0020676612854003905, 0.0019199371337890625], "std_score_time": [0.00021514417003894583, 6.294745367998287e-05, 0.00022591704187508008, 0.0004321757651252417, 0.00016480732524518386]}, "score": 0.8400000000000001}, "LogisticRegression": {"params": {"classification__solver": "newton-cg", "classification__C": 100}, "times": {"mean_fit_time": [0.7256356716156006, 0.25775671005249023, 0.8591855525970459, 0.9791130065917969, 0.6005454540252686], "std_fit_time": [0.091006168510216, 0.15503433002546638, 0.15477875213523942, 0.06737849117646709, 0.3406920684203568], "mean_score_time": [0.0031456947326660156, 0.0022959232330322264, 0.004003477096557617, 0.003471660614013672, 0.002126646041870117], "std_score_time": [0.0009478843043847932, 0.0003153963823038422, 0.0011413463435648989, 0.0015539633440920088, 0.000886479013180438]}, "score": 0.9733333333333333}}