{"[NN]NeuralNetwork": {"params": {"classification__epochs": 10, "classification__batch_size": 30}, "times": {"mean_fit_time": [4.4287121295928955, 4.9249662399292, 5.381575965881348, 5.342759704589843, 5.4384424686431885, 5.283480072021485, 4.625809574127198, 5.452142143249512, 5.362894487380982, 4.724423170089722], "std_fit_time": [0.6929016653886234, 0.7581401027627593, 1.0297791164378902, 0.3818551976570428, 0.7107957516915518, 0.500460607789172, 0.5986560872018876, 0.7622948224659576, 1.0738968893645084, 0.6043081629322226], "mean_score_time": [0.7544472217559814, 0.6630398750305175, 0.4747976303100586, 0.3883100986480713, 0.37527642250061033, 0.2911403179168701, 0.36015095710754397, 0.3001534461975098, 0.2955406665802002, 0.3477627277374268], "std_score_time": [0.17292952516778673, 0.22618528395599788, 0.14794688959999489, 0.06826191501282668, 0.09511004920519683, 0.04003458556012113, 0.054470305782094386, 0.06274421248454037, 0.06011061618361818, 0.1285049031590593]}, "score": 0.9741666666666667}, "RandomForestClassifier": {"params": {"classification__n_estimators": 500, "classification__min_samples_split": 2, "classification__min_samples_leaf": 1, "classification__max_features": null, "classification__max_depth": 60, "classification__bootstrap": false}, "times": {"mean_fit_time": [5.542614984512329, 3.4356844425201416, 0.1276498794555664, 2.153074026107788, 0.11880297660827636], "std_fit_time": [0.6767855045836523, 0.3605735942519354, 0.014940748673856532, 0.059599679663997464, 0.00897970114886718], "mean_score_time": [0.00356292724609375, 0.003590106964111328, 0.001932811737060547, 0.002757358551025391, 0.0013419628143310548], "std_score_time": [0.0009732026668200656, 0.0009908761624398046, 0.0002781915304639973, 7.51865605580661e-05, 0.00023491810286893307]}, "score": 0.9916666666666668}, "KNeighborsClassifier": {"params": {"classification__weights": "uniform", "classification__n_neighbors": 9, "classification__metric": "minkowski", "classification__leaf_size": 16}, "times": {"mean_fit_time": [0.03777246475219727, 0.027073049545288087, 0.0272371768951416, 0.02739243507385254, 0.029505586624145506], "std_fit_time": [0.009190749431593535, 0.006554874468405817, 0.00992437562879563, 0.0028001324173868793, 0.001205255478161586], "mean_score_time": [0.009585952758789063, 0.00963587760925293, 0.008926200866699218, 0.009114646911621093, 0.011429309844970703], "std_score_time": [0.0017768335595715248, 0.0024917534274678183, 0.0006078277764207825, 0.001658656067515359, 0.0029753946065483343]}, "score": 0.9928571428571429}, "ComplementNB": {"params": {"classification__alpha": 1.0}, "times": {"mean_fit_time": [0.005754899978637695, 0.005303287506103515, 0.00541081428527832, 0.005984830856323242, 0.00704340934753418], "std_fit_time": [0.0008293304566975049, 0.0014888619340482348, 0.0009118515795627828, 0.0010206771759885002, 0.0013707491609877642], "mean_score_time": [0.0015087127685546875, 0.0014832496643066406, 0.0016216754913330079, 0.0015244483947753906, 0.0020284175872802733], "std_score_time": [0.00020101449195035606, 0.0003039817398607225, 0.0002693127724234315, 0.000238175554393261, 0.0006730537721943545]}, "score": 0.9174999999999999}, "LogisticRegression": {"params": {"classification__solver": "lbfgs", "classification__C": 10}, "times": {"mean_fit_time": [0.09214310646057129, 0.05719766616821289, 0.4220494270324707, 0.13512630462646485, 0.8168174743652343], "std_fit_time": [0.021689545551930672, 0.021974420133442227, 0.0554868535013612, 0.0442068270265574, 0.0653603293968296], "mean_score_time": [0.0016420841217041015, 0.0018382072448730469, 0.0027359485626220702, 0.002029132843017578, 0.0023235797882080076], "std_score_time": [8.926597922948457e-05, 0.00036058058909617136, 0.0008045071924898716, 0.00034009273017322484, 0.0007327199834634112]}, "score": 0.9833333333333332}}