{"[NN]NeuralNetwork": {"params": {"classification__epochs": 20, "classification__batch_size": 25}, "times": {"mean_fit_time": [3.7839009284973146, 2.8708965301513674, 3.469894599914551, 3.275898551940918, 3.3589455127716064, 3.342819356918335, 3.4857238292694093, 3.351774501800537, 3.069940614700317, 2.839335489273071], "std_fit_time": [0.33939104524072256, 0.35936705123476204, 0.5425367612047667, 0.49592357732817643, 0.28946976062745194, 0.5001854037683775, 0.15950003656456702, 0.31294572128684606, 0.19882790096030228, 0.2900102917912579], "mean_score_time": [0.3584226131439209, 0.4815981864929199, 0.36100120544433595, 0.5809968471527099, 0.41115427017211914, 0.523552417755127, 0.3535014629364014, 0.4299581050872803, 0.33138365745544435, 0.3073899269104004], "std_score_time": [0.10091125672990196, 0.09278550053487176, 0.08580978118775832, 0.18150167407715645, 0.042114431053529626, 0.2416171496995591, 0.06499952609949153, 0.19658010514191637, 0.09858152136121698, 0.05205578666936605]}, "score": 0.9583531746031746}, "RandomForestClassifier": {"params": {"classification__n_estimators": 200, "classification__min_samples_split": 2, "classification__min_samples_leaf": 4, "classification__max_features": "sqrt", "classification__max_depth": 100, "classification__bootstrap": false}, "times": {"mean_fit_time": [0.11779885292053223, 0.7361550807952881, 0.05874676704406738, 0.6024865627288818, 0.04381685256958008], "std_fit_time": [0.009149680775633544, 0.11435474439686003, 0.014606344375793421, 0.045552903290568346, 0.007996221061217852], "mean_score_time": [0.0017451763153076172, 0.0018430233001708984, 0.0015586376190185546, 0.0017354965209960937, 0.0012918949127197266], "std_score_time": [0.0002773277451270351, 0.00032058998012027013, 0.00023510192906951456, 0.0002721184538322075, 0.00020527723912390136]}, "score": 0.9691666666666666}, "KNeighborsClassifier": {"params": {"classification__weights": "uniform", "classification__n_neighbors": 1, "classification__metric": "euclidean", "classification__leaf_size": 16}, "times": {"mean_fit_time": [0.026109743118286132, 0.02817525863647461, 0.027697420120239256, 0.026356267929077148, 0.0348207950592041], "std_fit_time": [0.0035777667014406985, 0.008067326465839011, 0.00520240823250099, 0.007495938071240501, 0.009660598065913396], "mean_score_time": [0.00966176986694336, 0.010302352905273437, 0.008492422103881837, 0.008607721328735352, 0.008065891265869141], "std_score_time": [0.0016066192663823392, 0.001511966209136183, 0.0003387417207796784, 0.0009990075954663313, 0.0013349860506583838]}, "score": 0.9416666666666668}, "ComplementNB": {"params": {"classification__alpha": 0.5}, "times": {"mean_fit_time": [0.004977655410766601, 0.004004859924316406, 0.003985452651977539, 0.005938386917114258, 0.006512594223022461], "std_fit_time": [0.0008106008610741322, 0.0003094016462458079, 0.00011656005141702246, 0.00018269072191809437, 0.0012392150120445027], "mean_score_time": [0.0013113975524902343, 0.0012595176696777344, 0.0012706756591796876, 0.0014027595520019532, 0.0015437602996826172], "std_score_time": [0.00023933195633632306, 0.00022039661051185945, 0.00022325109382786553, 0.0002007957026835644, 0.000250811087259508]}, "score": 0.8941666666666667}, "LogisticRegression": {"params": {"classification__solver": "lbfgs", "classification__C": 10}, "times": {"mean_fit_time": [0.5332887172698975, 0.12133660316467285, 0.49036755561828616, 0.9066600799560547, 0.20309915542602539], "std_fit_time": [0.032921914450671004, 0.0233331676625091, 0.02764373185369818, 0.1166793433405086, 0.034097356764537894], "mean_score_time": [0.003458881378173828, 0.0016934394836425782, 0.0020014286041259766, 0.002921438217163086, 0.001768779754638672], "std_score_time": [0.0019746863253447336, 0.00020963485003035008, 0.0003411161053850439, 0.001205555425577159, 0.00018452029444936574]}, "score": 0.8891666666666665}}