{"[NN]NeuralNetwork": {"params": {"classification__epochs": 20, "classification__batch_size": 25}, "times": {"mean_fit_time": [6.83570351600647, 4.763611459732056, 4.710022020339966, 4.667248964309692, 4.07335205078125, 4.607671499252319, 4.1093549728393555, 4.834661149978638, 4.183438920974732, 5.154421472549439], "std_fit_time": [0.849916251870288, 0.7101785787937798, 0.6738594804035984, 1.500389143632776, 0.44783594922155295, 0.5071572021043028, 0.554114087207265, 1.31657128101405, 0.6797015382279924, 0.3125397062707463], "mean_score_time": [0.49163451194763186, 0.6595795631408692, 0.4312535285949707, 0.45349879264831544, 0.44173760414123536, 0.355511999130249, 0.4399718761444092, 0.4278101921081543, 0.4525305271148682, 0.6773064136505127], "std_score_time": [0.14363031906671722, 0.24312990664771947, 0.11516159681821, 0.08643625713947924, 0.1583888833157218, 0.07108980172309166, 0.11452296713868712, 0.13505535686840797, 0.1864949824885899, 0.1660241714918764]}, "score": 0.9583531746031746}, "RandomForestClassifier": {"params": {"classification__n_estimators": 200, "classification__min_samples_split": 2, "classification__min_samples_leaf": 4, "classification__max_features": "sqrt", "classification__max_depth": 100, "classification__bootstrap": false}, "times": {"mean_fit_time": [0.09890470504760743, 0.7861207485198974, 0.04945015907287598, 0.5698227882385254, 0.05347838401794434], "std_fit_time": [0.01475660234323802, 0.11680932161254436, 0.010320107507924656, 0.021162885152455038, 0.014882925343369732], "mean_score_time": [0.0016316890716552735, 0.0021184444427490234, 0.0012748241424560547, 0.0016107559204101562, 0.00138092041015625], "std_score_time": [0.00039236291091338524, 0.0003260978288819814, 9.996524545241964e-05, 0.00019321127443686637, 0.00024058766719870203]}, "score": 0.9691666666666666}, "KNeighborsClassifier": {"params": {"classification__weights": "uniform", "classification__n_neighbors": 1, "classification__metric": "euclidean", "classification__leaf_size": 16}, "times": {"mean_fit_time": [0.02695302963256836, 0.03709912300109863, 0.03695712089538574, 0.02322978973388672, 0.03538107872009277], "std_fit_time": [0.00998683677037411, 0.016520705630157898, 0.009514783808750404, 0.0042667851826037155, 0.013987995726848971], "mean_score_time": [0.009876155853271484, 0.01253805160522461, 0.008950233459472656, 0.010107183456420898, 0.008638381958007812], "std_score_time": [0.0011569811433521477, 0.0066748851349180925, 0.0006637941821596437, 0.0006396455913434425, 0.0010085931816280283]}, "score": 0.9416666666666668}, "ComplementNB": {"params": {"classification__alpha": 0.5}, "times": {"mean_fit_time": [0.004700469970703125, 0.003903102874755859, 0.004109525680541992, 0.0056308269500732425, 0.006592512130737305], "std_fit_time": [0.0010828870279834283, 0.00035085350832458775, 0.000323116293561817, 0.00012755341396045134, 0.0009799553166592407], "mean_score_time": [0.0013141632080078125, 0.0012073040008544922, 0.001311492919921875, 0.0013050556182861329, 0.0015478134155273438], "std_score_time": [0.000395169427021321, 0.00027623228020062866, 0.00026607006676609784, 3.1282262055669824e-05, 0.0002146747682998145]}, "score": 0.8941666666666667}, "LogisticRegression": {"params": {"classification__solver": "lbfgs", "classification__C": 10}, "times": {"mean_fit_time": [0.6184491157531739, 0.11762423515319824, 0.6176402568817139, 0.9172585487365723, 0.17085585594177247], "std_fit_time": [0.09775012626459612, 0.031938325697833427, 0.05116267951274343, 0.038023691251243684, 0.038769288611265995], "mean_score_time": [0.009630155563354493, 0.0016879558563232422, 0.0025168895721435548, 0.0024987220764160155, 0.0018096923828125], "std_score_time": [0.009419371752006269, 0.00024365452153452414, 0.0006533566051354698, 0.00030899403269807606, 0.00014303752516418129]}, "score": 0.8891666666666665}}