{"[NN]NeuralNetwork": {"params": {"classification__epochs": 15, "classification__batch_size": 20}, "times": {"mean_fit_time": [5.250356769561767, 4.940766000747681, 4.555885887145996, 3.7800295829772947, 5.19278917312622, 3.729973793029785, 5.39255952835083, 5.212453889846802, 5.388920688629151, 5.230720376968383], "std_fit_time": [0.8083077040603532, 0.7888499811825068, 0.9805851343427398, 0.4790355385313066, 0.9638347969282474, 0.37080659907642166, 0.6637216722172218, 0.5777793940245415, 1.1917112544922237, 0.9050568602103508], "mean_score_time": [0.580817174911499, 0.47588658332824707, 0.4373915195465088, 0.45674915313720704, 0.5966654777526855, 0.5473359584808349, 0.6290228843688965, 0.6374771595001221, 0.6251474857330322, 0.49737119674682617], "std_score_time": [0.1784925790342912, 0.08104790077220386, 0.10027754783039974, 0.10617034269032927, 0.2665552253756808, 0.09452751322702335, 0.23072778177624473, 0.19608153120645222, 0.2292152473707037, 0.20822653838727168]}, "score": 0.9760515873015873}, "RandomForestClassifier": {"params": {"classification__n_estimators": 1000, "classification__min_samples_split": 2, "classification__min_samples_leaf": 2, "classification__max_features": "sqrt", "classification__max_depth": null, "classification__bootstrap": true}, "times": {"mean_fit_time": [4.1672276020050045, 4.5060981750488285, 2.743191289901733, 4.488983869552612, 2.9184578895568847], "std_fit_time": [0.15365662800006272, 0.16061470944124442, 0.21164701888442894, 0.1257742235719446, 0.1985115078982428], "mean_score_time": [0.0042362213134765625, 0.004201221466064453, 0.00465850830078125, 0.003831911087036133, 0.003187227249145508], "std_score_time": [0.0002796367190313276, 0.0017385711880281976, 0.002005912083443544, 0.0013038851471537305, 0.000358476122364812]}, "score": 0.975}, "KNeighborsClassifier": {"params": {"classification__weights": "uniform", "classification__n_neighbors": 11, "classification__metric": "manhattan", "classification__leaf_size": 30}, "times": {"mean_fit_time": [0.03627777099609375, 0.03462090492248535, 0.023993206024169923, 0.031261253356933597, 0.042502737045288085], "std_fit_time": [0.004533799734130818, 0.009641976707683039, 0.008538436284894146, 0.010195161585883312, 0.007714792550961015], "mean_score_time": [0.009410858154296875, 0.00964651107788086, 0.008968877792358398, 0.008436155319213868, 0.008528566360473633], "std_score_time": [0.0013614790199776442, 0.0011778318304249296, 0.001032553893206648, 0.00020438713558232956, 0.0007251850997212167]}, "score": 0.9833333333333332}, "ComplementNB": {"params": {"classification__alpha": 0.5}, "times": {"mean_fit_time": [0.005674314498901367, 0.005567073822021484, 0.004376506805419922, 0.004730749130249024, 0.004807424545288086], "std_fit_time": [0.0014344616820234147, 0.0008879206732514778, 0.0009769415515577782, 0.00040690916147673753, 0.0002785456167282307], "mean_score_time": [0.0014990806579589845, 0.0015819549560546875, 0.0012753963470458984, 0.0011865615844726563, 0.0013057708740234375], "std_score_time": [0.0002778062696012089, 0.0001831776258231085, 0.0004303846077339649, 6.620165727897497e-05, 1.8900684549398722e-05]}, "score": 0.9291666666666668}, "LogisticRegression": {"params": {"classification__solver": "saga", "classification__C": 100}, "times": {"mean_fit_time": [0.38182430267333983, 0.4827920436859131, 0.37003393173217775, 0.8984910488128662, 0.7153700828552246], "std_fit_time": [0.054990226933899176, 0.09221365844634755, 0.0575296815159007, 0.070984345454512, 0.046517482155255], "mean_score_time": [0.0027589321136474608, 0.0027428627014160155, 0.002304744720458984, 0.0026228904724121095, 0.0020475864410400392], "std_score_time": [0.0003520736901306011, 0.0007941402218683319, 0.0005385190249726354, 0.00047930935862768937, 0.00012047462313057969]}, "score": 0.9625}}