{"[NN]NeuralNetwork": {"params": {"classification__epochs": 20, "classification__batch_size": 20}, "times": {"mean_fit_time": [4.6097509384155275, 3.8293456554412844, 3.485288953781128, 3.730691909790039, 3.115730857849121, 3.5643042087554933, 4.258113765716553, 3.7365417003631594, 3.6100751876831056, 3.7318344116210938], "std_fit_time": [0.6547271305264735, 1.027884827683488, 0.9027167266450918, 1.274516045556395, 0.784306447317431, 1.1402609062358702, 0.4242663281856617, 0.28790789721622634, 1.020358455695512, 0.8860526342908662], "mean_score_time": [0.3094446659088135, 0.33307638168334963, 0.46408233642578123, 0.2676831245422363, 0.30766472816467283, 0.21334028244018555, 0.23053569793701173, 0.2735356330871582, 0.24262657165527343, 0.27196149826049804], "std_score_time": [0.06465503795583578, 0.08246804715633697, 0.20119163949915517, 0.04550597330640014, 0.06703977800664822, 0.05334842315123055, 0.08292034599213609, 0.015101483670315524, 0.04044964942474119, 0.05154488191540369]}, "score": 0.9683333333333334}, "RandomForestClassifier": {"params": {"classification__n_estimators": 500, "classification__min_samples_split": 2, "classification__min_samples_leaf": 1, "classification__max_features": "log2", "classification__max_depth": 20, "classification__bootstrap": false}, "times": {"mean_fit_time": [1.5783678531646728, 1.1488839149475099, 0.09706840515136719, 1.424635410308838, 0.14400277137756348], "std_fit_time": [0.0527146318913264, 0.04186798152527453, 0.0075042712277587475, 0.04771135901701194, 0.01244426765034048], "mean_score_time": [0.0017330169677734375, 0.001923513412475586, 0.0015963077545166015, 0.002940940856933594, 0.001398611068725586], "std_score_time": [0.00019036724903999643, 0.0003487462384984715, 0.0002508569818655082, 0.0010420594676388715, 0.00011178617076437241]}, "score": 1.0}, "KNeighborsClassifier": {"params": {"classification__weights": "uniform", "classification__n_neighbors": 9, "classification__metric": "euclidean", "classification__leaf_size": 26}, "times": {"mean_fit_time": [0.02917160987854004, 0.04675445556640625, 0.03568191528320312, 0.03098187446594238, 0.038211488723754884], "std_fit_time": [0.009090591441670534, 0.02658976525639106, 0.008250871435629675, 0.006965939109112918, 0.010785659317271728], "mean_score_time": [0.015110349655151368, 0.01578969955444336, 0.012587881088256836, 0.010721683502197266, 0.010169076919555663], "std_score_time": [0.003921296486994012, 0.00739998359976358, 0.003734307827124864, 0.0009486913678034388, 0.0016520466449656645]}, "score": 0.8808333333333334}, "ComplementNB": {"params": {"classification__alpha": 0.5}, "times": {"mean_fit_time": [0.0067632198333740234, 0.004011964797973633, 0.004396200180053711, 0.007030916213989258, 0.008218765258789062], "std_fit_time": [0.003122024092983368, 0.00033410709469108065, 0.0005146005977210322, 0.0011273622792657312, 0.0006853173908772628], "mean_score_time": [0.0014389514923095702, 0.001292848587036133, 0.0013916969299316406, 0.0017958641052246093, 0.002022981643676758], "std_score_time": [0.0002350753315430134, 0.00025001753128539263, 0.00028592010101020774, 0.00032660239134619634, 5.1828711531870904e-05]}, "score": 0.8908333333333334}, "LogisticRegression": {"params": {"classification__solver": "lbfgs", "classification__C": 0.01}, "times": {"mean_fit_time": [0.458634090423584, 0.38248286247253416, 0.14539847373962403, 0.3127624034881592, 0.28215179443359373], "std_fit_time": [0.07545955993057556, 0.05972281131150071, 0.04423315614121045, 0.03193210371873737, 0.07492150973663919], "mean_score_time": [0.0035948753356933594, 0.0019999027252197267, 0.0025837898254394533, 0.002523946762084961, 0.0028258800506591798], "std_score_time": [0.0015673052611784903, 0.0003388747660406287, 0.000815043031935248, 0.0012110414158939345, 0.0008921865162303737]}, "score": 0.9483333333333333}}