{"[NN]NeuralNetwork": {"params": {"classification__epochs": 20, "classification__batch_size": 20}, "times": {"mean_fit_time": [3.250580310821533, 3.0177841186523438, 2.942978858947754, 2.721057081222534, 2.420658493041992, 2.0605538845062257, 2.4177531719207765, 2.4936256408691406, 3.8963274478912355, 2.28914098739624], "std_fit_time": [0.4237855912616757, 0.36623723942385056, 0.7777789799364628, 0.3349862286384827, 0.3875883709142827, 0.1649223367715518, 0.220230487883363, 0.2163089004374073, 0.6920492967802662, 0.2987454554202067], "mean_score_time": [0.28446455001831056, 0.3249660968780518, 0.24650874137878417, 0.3109097957611084, 0.3395270347595215, 0.23167695999145507, 0.2819855213165283, 0.3453190803527832, 0.2988931655883789, 0.21647067070007325], "std_score_time": [0.12697405469153128, 0.11826118609344667, 0.028067380307030303, 0.09496304377195898, 0.08665283768084102, 0.01902086871427292, 0.13223177736772254, 0.07696770339301456, 0.09714243366696075, 0.013701205533394618]}, "score": 0.98989898989899}, "RandomForestClassifier": {"params": {"classification__n_estimators": 300, "classification__min_samples_split": 10, "classification__min_samples_leaf": 4, "classification__max_features": "log2", "classification__max_depth": 60, "classification__bootstrap": true}, "times": {"mean_fit_time": [4.566784143447876, 0.9416061401367187, 0.061534881591796875, 0.7971897125244141, 0.061725425720214847], "std_fit_time": [0.12260024429873011, 0.0919066987848271, 0.017927365680435757, 0.06740629781491993, 0.00946981866814592], "mean_score_time": [0.006601810455322266, 0.0016490459442138673, 0.0016081809997558593, 0.0017446517944335938, 0.0014337062835693359], "std_score_time": [0.0011446715987855076, 0.00021058699948334496, 0.0003403869381129447, 0.0001616240655589452, 0.0003275253343118527]}, "score": 0.9916666666666668}, "KNeighborsClassifier": {"params": {"classification__weights": "uniform", "classification__n_neighbors": 17, "classification__metric": "euclidean", "classification__leaf_size": 20}, "times": {"mean_fit_time": [0.06823296546936035, 0.044914531707763675, 0.048828506469726564, 0.04589037895202637, 0.03676695823669433], "std_fit_time": [0.006328658563152481, 0.012506232799256648, 0.013478180024194342, 0.00879782105919538, 0.008833438815837858], "mean_score_time": [0.010437870025634765, 0.011702680587768554, 0.009993934631347656, 0.010979795455932617, 0.011390876770019532], "std_score_time": [0.0017155349414378646, 0.0009451665064027803, 0.0010558145391433092, 0.0012184675857579087, 0.0021926509258662664]}, "score": 0.9916666666666668}, "ComplementNB": {"params": {"classification__alpha": 0.5}, "times": {"mean_fit_time": [0.006158590316772461, 0.005819892883300782, 0.006582832336425782, 0.006979513168334961, 0.006293392181396485], "std_fit_time": [0.0011757220558377252, 0.0009357402094189912, 0.00044686533193899654, 0.0013716762324161498, 0.0010420604298847671], "mean_score_time": [0.0017536163330078125, 0.001546192169189453, 0.0018229484558105469, 0.0018736839294433594, 0.0016441822052001953], "std_score_time": [0.0005097387080107366, 0.00021405078222935683, 0.00018892418188411474, 0.00032675143707529866, 0.00028883713305650837]}, "score": 0.9483333333333333}, "LogisticRegression": {"params": {"classification__solver": "newton-cg", "classification__C": 100}, "times": {"mean_fit_time": [0.07423443794250488, 0.08986845016479492, 0.42816576957702634, 0.13593029975891113, 0.11995863914489746], "std_fit_time": [0.010015181646600846, 0.01201280399369689, 0.048832652905237806, 0.0406423745742808, 0.014197537925313777], "mean_score_time": [0.0018854618072509765, 0.001709890365600586, 0.0022500991821289063, 0.002077198028564453, 0.0017888069152832032], "std_score_time": [0.0003498560891282217, 0.00017317799982468, 0.00030976105196711283, 0.00026594079122911493, 0.00016869245194727912]}, "score": 0.9916666666666668}}