{"[NN]NeuralNetwork": {"params": {"classification__epochs": 20, "classification__batch_size": 20}, "times": {"mean_fit_time": [3.3921446323394777, 3.5496497631072996, 3.937358522415161, 3.6822890758514406, 3.3462124824523927, 3.358484172821045, 3.0655212879180906, 3.2148509502410887, 3.086730194091797, 3.1766419410705566], "std_fit_time": [0.6647540484978348, 0.3965555968205614, 0.8706747955078874, 0.6873521760959918, 0.9380971230366215, 0.7263113439711244, 0.6407066909707507, 0.5065716262701181, 0.3456424633075976, 0.37722882312170725], "mean_score_time": [0.38750500679016114, 0.28392820358276366, 0.27595205307006837, 0.252502965927124, 0.26976656913757324, 0.22671360969543458, 0.2911848545074463, 0.23974370956420898, 0.385896110534668, 0.23726043701171876], "std_score_time": [0.11975102371090017, 0.11049747427289838, 0.07150562905318007, 0.0933632846726522, 0.043547103430423964, 0.028406271591071137, 0.09827855637468495, 0.05660336489396558, 0.12590145520558624, 0.01646777561765669]}, "score": 0.8323333333333334}, "RandomForestClassifier": {"params": {"classification__n_estimators": 200, "classification__min_samples_split": 5, "classification__min_samples_leaf": 1, "classification__max_features": "sqrt", "classification__max_depth": 20, "classification__bootstrap": true}, "times": {"mean_fit_time": [0.20949268341064453, 0.6158464908599853, 0.5562996864318848], "std_fit_time": [0.011379040624542985, 0.03166019641654402, 0.029146070899318286], "mean_score_time": [0.0015309810638427734, 0.001695537567138672, 0.0017466545104980469], "std_score_time": [0.0002006320661343815, 8.163148549040632e-05, 0.00039307182570017787]}, "score": 0.972952380952381}, "KNeighborsClassifier": {"params": {"classification__weights": "distance", "classification__n_neighbors": 5, "classification__metric": "euclidean", "classification__leaf_size": 30}, "times": {"mean_fit_time": [0.030352258682250978, 0.03820290565490723, 0.03329758644104004], "std_fit_time": [0.001927711164127676, 0.013436831102280491, 0.002296054757351199], "mean_score_time": [0.010604238510131836, 0.009301853179931641, 0.009246063232421876], "std_score_time": [0.0014120322954498054, 0.0006184437389144298, 0.001993036729329902]}, "score": 0.23476190476190473}, "ComplementNB": {"params": {"classification__alpha": 0}, "times": {"mean_fit_time": [0.0058364391326904295, 0.005261278152465821, 0.007581567764282227], "std_fit_time": [0.0006992850887217411, 0.0007212889784357378, 0.0008530533946377897], "mean_score_time": [0.001412343978881836, 0.001398754119873047, 0.0014567375183105469], "std_score_time": [0.00015147904487756452, 0.00020910456048544115, 6.171256639916625e-05]}, "score": 0.763904761904762}, "LogisticRegression": {"params": {"classification__solver": "newton-cg", "classification__C": 0.01}, "times": {"mean_fit_time": [0.22082114219665527, 0.8177288055419922, 0.5625564098358155], "std_fit_time": [0.04543253828849965, 0.12316033337981253, 0.22726249662161246], "mean_score_time": [0.002126264572143555, 0.03403139114379883, 0.0024869441986083984], "std_score_time": [0.0005540635085168261, 0.010365987263796755, 0.0010322809194580722]}, "score": 0.8401904761904762}}