{"[NN]NeuralNetwork": {"params": {"classification__epochs": 15, "classification__batch_size": 25}, "times": {"mean_fit_time": [4.1548858165740965, 3.6287847995758056, 2.9613195419311524, 3.2379648685455322, 3.677729940414429, 3.381133222579956, 3.7252800464630127, 3.323130989074707, 2.7445527076721192, 3.851203727722168], "std_fit_time": [0.4512709799721638, 0.3669451041774411, 0.5524664134197962, 0.35090039022866787, 0.41981452878473813, 0.5032927823505413, 0.43143617225448655, 0.38638800381755556, 0.5099597701620818, 0.34310028598610887], "mean_score_time": [0.1996558666229248, 0.253719425201416, 0.33057498931884766, 0.3625209808349609, 0.36823692321777346, 0.37521843910217284, 0.24548096656799318, 0.25241646766662595, 0.29137296676635743, 0.24782862663269042], "std_score_time": [0.05360762127367033, 0.06614080070484542, 0.09154280090049843, 0.13410504016443034, 0.12487215014399583, 0.1593146096307813, 0.03771411121410035, 0.059019299397376025, 0.10128753993369422, 0.04536153585331788]}, "score": 0.9567777777777777}, "RandomForestClassifier": {"params": {"classification__n_estimators": 1000, "classification__min_samples_split": 5, "classification__min_samples_leaf": 1, "classification__max_features": "sqrt", "classification__max_depth": 20, "classification__bootstrap": false}, "times": {"mean_fit_time": [1.077342939376831, 4.0932300090789795, 1.680735445022583, 3.8407573223114015, 1.3596786499023437], "std_fit_time": [0.13155595474623635, 0.06754535893097766, 0.1438614035377902, 0.10278043972584348, 0.06670076005912114], "mean_score_time": [0.0018390655517578126, 0.004643821716308593, 0.002708244323730469, 0.00287013053894043, 0.004831933975219726], "std_score_time": [0.00021311583718615804, 0.0008075446209768258, 0.000892395249588598, 0.0001010765886187303, 0.0016349609340486659]}, "score": 0.9866666666666667}, "KNeighborsClassifier": {"params": {"classification__weights": "uniform", "classification__n_neighbors": 13, "classification__metric": "euclidean", "classification__leaf_size": 20}, "times": {"mean_fit_time": [0.026576805114746093, 0.04334654808044434, 0.03423886299133301, 0.03270573616027832, 0.032380533218383786], "std_fit_time": [0.006317000129869026, 0.00721874381823894, 0.01228129002084992, 0.016032241984567448, 0.007328597993206091], "mean_score_time": [0.010354232788085938, 0.010908699035644532, 0.011486196517944336, 0.010927391052246094, 0.011542606353759765], "std_score_time": [0.0013817303298433404, 0.0009812038643431757, 0.0010601186995860754, 0.001894724681920836, 0.0020483455147973046]}, "score": 0.9066666666666668}, "ComplementNB": {"params": {"classification__alpha": 0.5}, "times": {"mean_fit_time": [0.00536189079284668, 0.005859756469726562, 0.008061885833740234, 0.009021282196044922, 0.008751678466796874], "std_fit_time": [0.0003617746769926779, 0.0015214347837562107, 0.0021399389853034912, 0.00041727403706600546, 0.0007167350158546172], "mean_score_time": [0.0012781620025634766, 0.001506948471069336, 0.0017151355743408204, 0.0022217273712158204, 0.002103281021118164], "std_score_time": [2.7051001823942746e-05, 0.00032524798660203187, 0.00037523859047826027, 0.0003522525412908296, 0.00031578737998482056]}, "score": 0.8400000000000001}, "LogisticRegression": {"params": {"classification__solver": "newton-cg", "classification__C": 100}, "times": {"mean_fit_time": [0.695890998840332, 0.30672564506530764, 1.0876267433166504, 0.9932774066925049, 0.6223605155944825], "std_fit_time": [0.15237390451234742, 0.21172474747042958, 0.16346975601794148, 0.06421102769247491, 0.3354258888833063], "mean_score_time": [0.0045681953430175785, 0.0022907257080078125, 0.0043356895446777345, 0.002422618865966797, 0.0017598628997802734], "std_score_time": [0.0019837411331030843, 0.0007797658432288412, 0.0016388029428697688, 0.0005407931994382165, 0.00016305088069112125]}, "score": 0.9733333333333333}}