{"[NN]NeuralNetwork": {"params": {"classification__epochs": 20, "classification__batch_size": 20}, "times": {"mean_fit_time": [4.690013694763183, 4.8027417182922365, 4.7660667419433596, 6.248825025558472, 5.7337034225463865, 6.02705340385437, 5.026249980926513, 5.400693130493164, 5.423901796340942, 4.161000919342041], "std_fit_time": [0.6270510351444226, 1.1647573416321184, 0.8546128623978623, 0.7949000153707256, 0.8673581631067712, 0.45663181798951874, 0.6911892960728034, 0.7971531300723292, 1.0051074333958738, 0.8263684937611864], "mean_score_time": [0.5542141914367675, 0.4701541900634766, 0.6705502510070801, 0.6513962745666504, 0.44997258186340333, 0.43701701164245604, 0.4269247531890869, 0.5723954677581787, 0.7306416988372803, 0.6462557792663575], "std_score_time": [0.138017941030524, 0.0366038705605118, 0.22770931022312493, 0.22974801659615582, 0.2465084945027494, 0.06619655254066392, 0.17146045350059813, 0.17207454508123585, 0.05927158157394327, 0.13981863525900248]}, "score": 0.8548080808080808}, "RandomForestClassifier": {"params": {"classification__n_estimators": 300, "classification__min_samples_split": 2, "classification__min_samples_leaf": 4, "classification__max_features": "log2", "classification__max_depth": 40, "classification__bootstrap": true}, "times": {"mean_fit_time": [0.7423764705657959, 0.05639867782592774, 1.004435920715332], "std_fit_time": [0.050205916937323035, 0.013841204767997635, 0.22973217818962102], "mean_score_time": [0.0017220020294189454, 0.0017284393310546876, 0.0020885467529296875], "std_score_time": [0.00010717880165262774, 0.0003702199624725949, 0.0004078629914829483]}, "score": 0.99}, "KNeighborsClassifier": {"params": {"classification__weights": "uniform", "classification__n_neighbors": 9, "classification__metric": "minkowski", "classification__leaf_size": 10}, "times": {"mean_fit_time": [0.03679103851318359, 0.035789775848388675, 0.028742027282714844], "std_fit_time": [0.008312494462942768, 0.0032523700334370804, 0.007369627480328791], "mean_score_time": [0.009177446365356445, 0.010402154922485352, 0.008331871032714844], "std_score_time": [0.0008648752836755125, 0.003287476331490133, 0.00046762818888567386]}, "score": 0.9739047619047619}, "ComplementNB": {"params": {"classification__alpha": 0}, "times": {"mean_fit_time": [0.005186223983764648, 0.005756187438964844, 0.007172822952270508], "std_fit_time": [0.0010328009360236726, 0.002092312224981833, 0.001327207614755284], "mean_score_time": [0.0014128684997558594, 0.001394939422607422, 0.0015604496002197266], "std_score_time": [0.0002929971694821504, 0.00026393401478687123, 0.0002496318351446458]}, "score": 0.676952380952381}, "LogisticRegression": {"params": {"classification__solver": "sag", "classification__C": 1.0}, "times": {"mean_fit_time": [0.8019485473632812, 0.6091562271118164, 1.6471030235290527], "std_fit_time": [0.12909521835266008, 0.10400514125954259, 0.08959080428070411], "mean_score_time": [0.03756604194641113, 0.042414283752441405, 0.04593815803527832], "std_score_time": [0.01658043755707077, 0.004051903780736187, 0.007876878165469624]}, "score": 0.7811428571428571}}