{"[NN]NeuralNetwork": {"params": {"classification__epochs": 10, "classification__batch_size": 20}, "times": {"mean_fit_time": [4.6988973140716555, 3.7339597225189207, 3.6676763534545898, 3.819527578353882, 3.928514862060547, 4.081116151809693, 3.873386192321777, 4.257466125488281, 3.883576822280884, 3.743686056137085], "std_fit_time": [0.6227598978800278, 0.7286664219892333, 0.4877557580356858, 0.5100342290283577, 0.5818208655099153, 0.32665773211805593, 0.3104008224823983, 0.7904795494676112, 0.281327923889661, 0.4375766019541494], "mean_score_time": [0.25841946601867677, 0.29549131393432615, 0.27183008193969727, 0.32901806831359864, 0.28183326721191404, 0.25345644950866697, 0.27751970291137695, 0.23855161666870117, 0.28504514694213867, 0.26632132530212405], "std_score_time": [0.13570570842193574, 0.03841095010866943, 0.037787143238511275, 0.05653582152729474, 0.04264273784358706, 0.02384221455192851, 0.018896863576869382, 0.01952149317206886, 0.06512145031582345, 0.05235979879981635]}, "score": 0.9666493506493508}, "RandomForestClassifier": {"params": {"classification__n_estimators": 1000, "classification__min_samples_split": 10, "classification__min_samples_leaf": 2, "classification__max_features": "sqrt", "classification__max_depth": 100, "classification__bootstrap": false}, "times": {"mean_fit_time": [0.5336008548736573, 4.032730054855347, 0.8667389869689941, 3.7610633850097654, 1.0005502223968505], "std_fit_time": [0.08489208946819833, 0.2629806001213714, 0.11023079268087867, 0.34772807166631386, 0.03590188852482827], "mean_score_time": [0.0015932559967041016, 0.005002403259277343, 0.0018135547637939454, 0.002890920639038086, 0.002207517623901367], "std_score_time": [0.0002965772876224334, 0.0009576885449579683, 0.00033259351108211674, 0.0001442244887971126, 0.0005532510191730641]}, "score": 0.99}, "KNeighborsClassifier": {"params": {"classification__weights": "uniform", "classification__n_neighbors": 15, "classification__metric": "minkowski", "classification__leaf_size": 33}, "times": {"mean_fit_time": [0.0659411907196045, 0.04858188629150391, 0.05788545608520508, 0.036774826049804685, 0.048486328125], "std_fit_time": [0.02839941430765013, 0.018926697519016423, 0.019056507903508872, 0.014804654069395101, 0.010986446326376584], "mean_score_time": [0.012665414810180664, 0.012502717971801757, 0.013840293884277344, 0.010966300964355469, 0.010295867919921875], "std_score_time": [0.0021421565279694716, 0.001095410724079875, 0.003560777622357462, 0.0013014965775313232, 0.0008794338359364642]}, "score": 0.876}, "ComplementNB": {"params": {"classification__alpha": 1.0}, "times": {"mean_fit_time": [0.0065500736236572266, 0.006216812133789063, 0.005212020874023437, 0.008548164367675781, 0.009551286697387695], "std_fit_time": [0.001075632663574736, 0.0015531070202158268, 0.00160535813210739, 0.0016761128055245765, 0.0019486908292269385], "mean_score_time": [0.001510286331176758, 0.0016326427459716797, 0.0013697147369384766, 0.0017913818359375, 0.0021561622619628907], "std_score_time": [0.00026051637573379306, 0.00040516391756908565, 0.0003255378489281549, 0.00031210496791875763, 0.00021200968332603425]}, "score": 0.9226666666666666}, "LogisticRegression": {"params": {"classification__solver": "lbfgs", "classification__C": 0.01}, "times": {"mean_fit_time": [0.4299001693725586, 0.667379093170166, 0.6761460304260254, 0.34391283988952637, 0.682324743270874], "std_fit_time": [0.06695634835862516, 0.3129119702052431, 0.11370804494770226, 0.015311007027156239, 0.29841282182537204], "mean_score_time": [0.002515220642089844, 0.0031572818756103516, 0.002962017059326172, 0.0019656658172607423, 0.0017595767974853515], "std_score_time": [0.0008400440716801648, 0.0006384990674909955, 0.0006377322480088297, 0.00040256581644810765, 0.0003219104805470988]}, "score": 0.9640000000000001}}