{"[NN]NeuralNetwork": {"params": {"classification__epochs": 20, "classification__batch_size": 20}, "times": {"mean_fit_time": [4.90894660949707, 5.415862941741944, 5.814824390411377, 5.61634087562561, 5.692867279052734, 6.6139167785644535, 6.225537347793579, 5.351425886154175, 4.979183292388916, 4.325361585617065], "std_fit_time": [0.31853296512211193, 0.6538647835087018, 0.49863633519504014, 1.0034721322382607, 0.5603134650492502, 0.658215264031831, 0.9282475251400729, 1.0237286199138542, 0.633231165475523, 0.4094661827554418], "mean_score_time": [0.6387282371520996, 0.6140397548675537, 0.6704524993896485, 0.6694897651672364, 0.3645611763000488, 0.5785107135772705, 0.542513656616211, 0.44536614418029785, 0.7001362800598144, 0.5368326663970947], "std_score_time": [0.10252966005404605, 0.19586826147862174, 0.1687621037392657, 0.17691947129448407, 0.16345289108749916, 0.1172490013312281, 0.21826612901414272, 0.07855840626968572, 0.16154512418672223, 0.07634869976668886]}, "score": 0.8548080808080808}, "RandomForestClassifier": {"params": {"classification__n_estimators": 300, "classification__min_samples_split": 2, "classification__min_samples_leaf": 4, "classification__max_features": "log2", "classification__max_depth": 40, "classification__bootstrap": true}, "times": {"mean_fit_time": [0.7501293659210205, 0.038200902938842776, 0.8932554244995117], "std_fit_time": [0.09575870483991658, 0.0033402870394675993, 0.0978683257369328], "mean_score_time": [0.0017192840576171875, 0.0014760017395019532, 0.001944732666015625], "std_score_time": [7.425801461410571e-05, 0.0002952184839156138, 0.0003161677182604013]}, "score": 0.99}, "KNeighborsClassifier": {"params": {"classification__weights": "uniform", "classification__n_neighbors": 9, "classification__metric": "minkowski", "classification__leaf_size": 10}, "times": {"mean_fit_time": [0.03206720352172852, 0.03676681518554688, 0.03470978736877441], "std_fit_time": [0.010425979135798449, 0.008881715552187357, 0.002019068277727167], "mean_score_time": [0.010419225692749024, 0.00982213020324707, 0.008839130401611328], "std_score_time": [0.0016136153482650194, 0.0013651457520160496, 0.00020435863222389175]}, "score": 0.9739047619047619}, "ComplementNB": {"params": {"classification__alpha": 0}, "times": {"mean_fit_time": [0.005011987686157226, 0.005247354507446289, 0.007168912887573242], "std_fit_time": [0.0010012711805189873, 0.001366487528358105, 0.0011429050972519147], "mean_score_time": [0.0014005661010742187, 0.0015133380889892577, 0.0014624595642089844], "std_score_time": [0.0005179852134669478, 0.0005246489455183825, 0.00019052643116205614]}, "score": 0.676952380952381}, "LogisticRegression": {"params": {"classification__solver": "sag", "classification__C": 1.0}, "times": {"mean_fit_time": [0.7332974910736084, 0.5844234943389892, 1.3904039859771729], "std_fit_time": [0.0996500236671664, 0.0788442791777857, 0.046807276351543255], "mean_score_time": [0.03982419967651367, 0.036839771270751956, 0.0429140567779541], "std_score_time": [0.011814624101057878, 0.008669222755669921, 0.006485505597900664]}, "score": 0.7811428571428571}}