{"[NN]NeuralNetwork": {"params": {"classification__epochs": 10, "classification__batch_size": 20}, "times": {"mean_fit_time": [4.044467544555664, 3.742375040054321, 3.3763172149658205, 3.160690975189209, 3.7810596942901613, 3.8751714706420897, 4.1491211414337155, 3.7537007331848145, 3.447048711776733, 3.355141305923462], "std_fit_time": [0.4909970155776775, 0.6293015693965278, 0.8393350084925991, 0.3872792027793219, 0.490936681159325, 0.6086689882467424, 0.3467538983190332, 0.4755059102681233, 0.42647520016303947, 0.7506904379325725], "mean_score_time": [0.37816662788391114, 0.41834464073181155, 0.4884345054626465, 0.5156063556671142, 0.26818218231201174, 0.2968470096588135, 0.24271655082702637, 0.33097424507141116, 0.3014166831970215, 0.29216909408569336], "std_score_time": [0.12579985491441165, 0.12944127659503915, 0.237225056974735, 0.23162087337311427, 0.03579601496235063, 0.05838068258007999, 0.11473714797513641, 0.10643587865275562, 0.12691307748295105, 0.08002129985434177]}, "score": 0.9666493506493508}, "RandomForestClassifier": {"params": {"classification__n_estimators": 1000, "classification__min_samples_split": 10, "classification__min_samples_leaf": 2, "classification__max_features": "sqrt", "classification__max_depth": 100, "classification__bootstrap": false}, "times": {"mean_fit_time": [0.6636903762817383, 3.853860378265381, 1.1683066368103028, 4.000104236602783, 1.3479687213897704], "std_fit_time": [0.05212392305836571, 0.37606697235332776, 0.1784651655856899, 0.1948102423330833, 0.3256768631240686], "mean_score_time": [0.0021980762481689452, 0.004638051986694336, 0.002105712890625, 0.0034096240997314453, 0.0024998664855957033], "std_score_time": [0.0004246938739211554, 0.0007254712571680065, 0.0007260953962680651, 0.0010386316869980404, 0.0007070513243628247]}, "score": 0.99}, "KNeighborsClassifier": {"params": {"classification__weights": "uniform", "classification__n_neighbors": 15, "classification__metric": "minkowski", "classification__leaf_size": 33}, "times": {"mean_fit_time": [0.051176595687866214, 0.03646616935729981, 0.045245933532714847, 0.04113931655883789, 0.0539334774017334], "std_fit_time": [0.02454068660475501, 0.018166014246973373, 0.021205255849212606, 0.005919726010171342, 0.012443850978737816], "mean_score_time": [0.008469295501708985, 0.009509849548339843, 0.008914422988891602, 0.016745996475219727, 0.008969354629516601], "std_score_time": [0.00015660267336175572, 0.001902016024232389, 0.0009453856931441573, 0.005126233322663507, 0.0008256296720670324]}, "score": 0.876}, "ComplementNB": {"params": {"classification__alpha": 1.0}, "times": {"mean_fit_time": [0.007265615463256836, 0.005753040313720703, 0.004860687255859375, 0.008224391937255859, 0.008885335922241212], "std_fit_time": [0.0021187320877108042, 0.0011681916455333334, 0.0007587122245546724, 0.0012948061744314646, 0.0020366828178418], "mean_score_time": [0.0015918731689453125, 0.0014859676361083985, 0.0013003826141357421, 0.0017103195190429688, 0.0019373893737792969], "std_score_time": [0.0003425710249873972, 0.00022236019530935507, 8.53921229055048e-05, 0.00024862037931047454, 0.0004910861140615385]}, "score": 0.9226666666666666}, "LogisticRegression": {"params": {"classification__solver": "lbfgs", "classification__C": 0.01}, "times": {"mean_fit_time": [0.4251883506774902, 1.2148573398590088, 0.9100959300994873, 0.6381463527679443, 0.34690027236938475], "std_fit_time": [0.024975515942456384, 0.7607071633845911, 0.10818405846171808, 0.2629632545629957, 0.0206128535639426], "mean_score_time": [0.00221710205078125, 0.0032535552978515624, 0.003088235855102539, 0.0022370338439941405, 0.001815938949584961], "std_score_time": [0.00046821180335271785, 0.0010313396860199757, 0.0008187399815190604, 0.0005108051015843483, 0.0004469529420227282]}, "score": 0.954}}