{"[NN]NeuralNetwork": {"params": {"classification__epochs": 20, "classification__batch_size": 30}, "times": {"mean_fit_time": [3.8343253135681152, 4.580847930908203, 3.3819535255432127, 4.362917041778564, 3.9655235767364503, 3.967341995239258, 3.4269885540008547, 4.152388572692871, 3.673536777496338, 4.065749406814575], "std_fit_time": [0.5569608285889575, 0.646571921254119, 0.5271513174843484, 0.8072130583211724, 0.4664352475088743, 0.39731562985772007, 0.7131731537305535, 0.7619506075548202, 0.4220419717473148, 0.2632203938334358], "mean_score_time": [0.31668901443481445, 0.3288680076599121, 0.4467903137207031, 0.38893938064575195, 0.2635758399963379, 0.2717753887176514, 0.44270915985107423, 0.340733003616333, 0.3664431095123291, 0.3574859142303467], "std_score_time": [0.124640992918745, 0.11379931443743059, 0.23732572868974464, 0.1608599991508345, 0.07872915232210502, 0.07497923112705372, 0.15814041064286444, 0.10584863389274665, 0.2936698265772161, 0.12784082411516562]}, "score": 0.877968253968254}, "RandomForestClassifier": {"params": {"classification__n_estimators": 300, "classification__min_samples_split": 10, "classification__min_samples_leaf": 1, "classification__max_features": "log2", "classification__max_depth": 80, "classification__bootstrap": false}, "times": {"mean_fit_time": [0.7981609344482422, 1.1993254184722901, 0.778795576095581], "std_fit_time": [0.10110484662371184, 0.2020695627249717, 0.02332167600444263], "mean_score_time": [0.0016350269317626954, 0.0019747734069824217, 0.0017497539520263672], "std_score_time": [6.572995703265024e-05, 0.0002932463776519179, 9.62773072402147e-05]}, "score": 0.9885714285714287}, "KNeighborsClassifier": {"params": {"classification__weights": "distance", "classification__n_neighbors": 15, "classification__metric": "minkowski", "classification__leaf_size": 20}, "times": {"mean_fit_time": [0.03565993309020996, 0.03094010353088379, 0.04318242073059082], "std_fit_time": [0.006599087140708092, 0.0070995837420997345, 0.006975746824610105], "mean_score_time": [0.01002497673034668, 0.009281635284423828, 0.009108829498291015], "std_score_time": [0.0010605043792990838, 0.0022454960974797955, 0.0002724415435760288]}, "score": 0.2826666666666667}, "ComplementNB": {"params": {"classification__alpha": 0}, "times": {"mean_fit_time": [0.006243562698364258, 0.0060976982116699215, 0.007643699645996094], "std_fit_time": [0.0007889076831724237, 0.0006404787106139975, 0.0022256144623063637], "mean_score_time": [0.001722574234008789, 0.0016636848449707031, 0.0016696929931640625], "std_score_time": [0.0005307228203108436, 0.0005221050940931476, 0.00031042697420226534]}, "score": 0.6885714285714285}, "LogisticRegression": {"params": {"classification__solver": "lbfgs", "classification__C": 0.01}, "times": {"mean_fit_time": [1.0538702964782716, 0.5377529621124267, 0.39524064064025877], "std_fit_time": [0.1347176372521817, 0.04522336747183793, 0.021428998478701], "mean_score_time": [0.040896129608154294, 0.002706098556518555, 0.001969766616821289], "std_score_time": [0.0051603245162314265, 0.0006392528170089198, 0.0003458796234300868]}, "score": 0.8104761904761905}}