{"[NN]NeuralNetwork": {"params": {"classification__epochs": 5, "classification__batch_size": 30}, "times": {"mean_fit_time": [4.895507764816284, 4.652640771865845, 4.689587640762329, 3.5210241317749023, 3.3208375453948973, 3.270964479446411, 3.729617977142334, 3.9493223667144775, 3.3973873138427733, 3.798796844482422], "std_fit_time": [0.49939989085091663, 0.4872387249770674, 1.298351776541987, 0.21181911480524318, 0.44273775355059025, 0.29172654230669726, 0.48708835514268195, 0.7310465090488616, 0.4682922843173971, 0.4624284727832222], "mean_score_time": [0.316318941116333, 0.333920955657959, 0.2937143325805664, 0.23150324821472168, 0.2621287822723389, 0.4357330799102783, 0.30980429649353025, 0.2981125831604004, 0.22237648963928222, 0.2472515106201172], "std_score_time": [0.15303509693451128, 0.046180457502256585, 0.15953796516890228, 0.042197546351905674, 0.12698114818970188, 0.09693871835003928, 0.07199867906524737, 0.04077488194981301, 0.02870315920841179, 0.08326844864637117]}, "score": 0.9671626984126984}, "RandomForestClassifier": {"params": {"classification__n_estimators": 10, "classification__min_samples_split": 5, "classification__min_samples_leaf": 4, "classification__max_features": null, "classification__max_depth": 50, "classification__bootstrap": true}, "times": {"mean_fit_time": [0.8296241760253906, 0.061229515075683597, 0.07255120277404785, 0.07081961631774902, 0.9995627403259277], "std_fit_time": [0.04116760532885078, 0.012482057265381782, 0.006782774543076935, 0.02042265079993696, 0.0754072844236034], "mean_score_time": [0.0017820358276367187, 0.0017572402954101562, 0.001280498504638672, 0.0014646053314208984, 0.0022228240966796877], "std_score_time": [0.0003397251624399336, 0.00024145908427422596, 0.00028556835100414756, 0.00021174710917079936, 0.0003868765734252609]}, "score": 0.9733333333333334}, "KNeighborsClassifier": {"params": {"classification__weights": "uniform", "classification__n_neighbors": 1, "classification__metric": "minkowski", "classification__leaf_size": 10}, "times": {"mean_fit_time": [0.03280339241027832, 0.036856985092163085, 0.03233890533447266, 0.05081605911254883, 0.05420627593994141], "std_fit_time": [0.010132037743666694, 0.013298520146803836, 0.008677355369388021, 0.02261352933661704, 0.012973131216874767], "mean_score_time": [0.018930625915527344, 0.019708251953125, 0.015154695510864258, 0.010944747924804687, 0.012550067901611329], "std_score_time": [0.006172783028902791, 0.006377073788007901, 0.0029313118839330897, 0.0015037272540864995, 0.0028075731291177628]}, "score": 0.9149999999999998}, "ComplementNB": {"params": {"classification__alpha": 1.0}, "times": {"mean_fit_time": [0.00461111068725586, 0.004962778091430664, 0.005319452285766602, 0.007702922821044922, 0.008996295928955077], "std_fit_time": [0.0001382938413467761, 0.0006601922749604084, 0.0007477760953481127, 0.0006535277159263749, 0.0003404064427424245], "mean_score_time": [0.0013830184936523438, 0.0016325950622558595, 0.001733875274658203, 0.0017375946044921875, 0.003548288345336914], "std_score_time": [0.0002359898554079104, 0.00022497541975270333, 0.00046910030793778374, 0.00012529625630952916, 0.0020110146139047038]}, "score": 0.8875}, "LogisticRegression": {"params": {"classification__solver": "sag", "classification__C": 1.0}, "times": {"mean_fit_time": [0.1237666130065918, 0.3895604610443115, 0.3946835041046143, 0.6376110553741455, 0.6769856929779052], "std_fit_time": [0.03917515772097974, 0.06143846937429529, 0.05065911897030353, 0.02692299789601683, 0.05935405922199163], "mean_score_time": [0.0016253471374511718, 0.0030208587646484374, 0.002854061126708984, 0.0024863243103027343, 0.0024582386016845704], "std_score_time": [0.0002736106156516293, 0.001255415812410496, 0.0008289293106056846, 0.0007227234514899358, 0.0006321520972681116]}, "score": 0.8191666666666666}}