{"[NN]NeuralNetwork": {"params": {"classification__epochs": 20, "classification__batch_size": 30}, "times": {"mean_fit_time": [5.940641117095947, 4.100543403625489, 5.540975952148438, 4.179572296142578, 5.715188503265381, 4.293657827377319, 4.7717430114746096, 6.5252673625946045, 5.884121656417847, 4.126458215713501], "std_fit_time": [1.2130082810951832, 0.6551453728629707, 1.0238876927174305, 1.0342557289760403, 1.3393995028552659, 0.6754658328070927, 0.8940305887446653, 1.0091610915011704, 0.6746761310932017, 0.571825544353839], "mean_score_time": [0.38276357650756837, 0.32587337493896484, 0.5066173076629639, 0.48243274688720705, 0.5023557186126709, 0.5182880401611328, 0.5246309757232666, 0.56740403175354, 0.5291511535644531, 0.3886148929595947], "std_score_time": [0.08021584428078739, 0.0660494298607873, 0.15952002385501102, 0.20996066101595184, 0.21686045801062562, 0.16634502921324004, 0.2617436907621962, 0.19038151923342111, 0.2209852125903578, 0.06682235661478218]}, "score": 0.9367424242424243}, "RandomForestClassifier": {"params": {"classification__n_estimators": 400, "classification__min_samples_split": 10, "classification__min_samples_leaf": 4, "classification__max_features": "sqrt", "classification__max_depth": 30, "classification__bootstrap": true}, "times": {"mean_fit_time": [2.6926156520843505, 0.8729044437408447, 1.4177271366119384, 1.4626910209655761, 2.594845914840698], "std_fit_time": [0.21643404102518388, 0.11622274513384112, 0.2347679101230612, 0.09039646818960376, 0.11787359908054061], "mean_score_time": [0.004649591445922851, 0.001928424835205078, 0.0023973941802978515, 0.003145456314086914, 0.004872560501098633], "std_score_time": [0.0017183180097845186, 0.00019664538934415906, 0.0007292415599621085, 0.001482485658909662, 0.002091079633769219]}, "score": 0.98375}, "KNeighborsClassifier": {"params": {"classification__weights": "uniform", "classification__n_neighbors": 3, "classification__metric": "manhattan", "classification__leaf_size": 30}, "times": {"mean_fit_time": [0.0518068790435791, 0.042141962051391604, 0.036028051376342775, 0.03172688484191895, 0.04133167266845703], "std_fit_time": [0.001329843792506358, 0.011557822574897082, 0.010657968531311396, 0.010874484567992827, 0.012653022129283533], "mean_score_time": [0.009200000762939453, 0.009053754806518554, 0.011788749694824218, 0.008980274200439453, 0.00925760269165039], "std_score_time": [0.0006005047308275344, 0.0007188077688476985, 0.0025561992941807274, 0.0008124251392471797, 0.0004291146154853561]}, "score": 0.9529166666666666}, "ComplementNB": {"params": {"classification__alpha": 0.5}, "times": {"mean_fit_time": [0.004287195205688476, 0.005956411361694336, 0.004497003555297851, 0.005123662948608399, 0.005678987503051758], "std_fit_time": [0.0003760921828130262, 0.0036891292655978833, 0.000789746497028902, 0.00028178257647967, 0.0008235003206824368], "mean_score_time": [0.0011616230010986328, 0.0013200759887695313, 0.0012825489044189452, 0.001299142837524414, 0.0015059947967529298], "std_score_time": [0.0001400792565804271, 0.0002896752337667449, 0.00019481833208618145, 7.357444378393049e-05, 0.00022072722520799078]}, "score": 0.8510119047619048}, "LogisticRegression": {"params": {"classification__solver": "sag", "classification__C": 10}, "times": {"mean_fit_time": [0.5357660770416259, 0.3843688011169434, 0.5242531776428223, 1.0806089401245118, 0.8230165958404541], "std_fit_time": [0.03781941119851087, 0.03813312972985879, 0.044939266666472855, 0.1524540247820209, 0.09616039261732358], "mean_score_time": [0.003808736801147461, 0.0032263278961181642, 0.0036777496337890626, 0.003292417526245117, 0.003324604034423828], "std_score_time": [0.0012559888031596453, 0.0005034035485047812, 0.0018584907786570713, 0.0005472344650076238, 0.0009099964949599279]}, "score": 0.768452380952381}}