{"[NN]NeuralNetwork": {"params": {"classification__epochs": 20, "classification__batch_size": 30}, "times": {"mean_fit_time": [3.2756714820861816, 3.677655744552612, 3.224072074890137, 3.165800857543945, 2.7690146923065186, 2.6490238666534425, 2.5659770488739015, 2.627933645248413, 2.6616703987121584, 2.2920934677124025], "std_fit_time": [0.3716926585943501, 0.6766573584333079, 0.18158773192951025, 0.49459843682976945, 0.6979611311037537, 0.29275255391101523, 0.33380377805228795, 0.32390352380192944, 0.5610795920061507, 0.19088284696993973], "mean_score_time": [0.26566224098205565, 0.29038329124450685, 0.3096303462982178, 0.22705726623535155, 0.23704004287719727, 0.24739246368408202, 0.28095555305480957, 0.20222811698913573, 0.16083321571350098, 0.2043891429901123], "std_score_time": [0.041587008536067394, 0.053275929931400824, 0.04486956688817221, 0.051251852218857155, 0.06716140527914169, 0.03073626468661972, 0.031623671591478796, 0.03339892779614036, 0.027522206117672775, 0.03873884242400417]}, "score": 0.877968253968254}, "RandomForestClassifier": {"params": {"classification__n_estimators": 300, "classification__min_samples_split": 10, "classification__min_samples_leaf": 1, "classification__max_features": "log2", "classification__max_depth": 80, "classification__bootstrap": false}, "times": {"mean_fit_time": [0.6915869235992431, 0.9269808292388916, 0.8257109165191651], "std_fit_time": [0.034784562646354496, 0.04618496781346435, 0.07176794943792335], "mean_score_time": [0.0018021583557128907, 0.0017222881317138672, 0.002141427993774414], "std_score_time": [0.00027996556438442366, 6.335628213908032e-05, 0.0004997458253549903]}, "score": 0.9885714285714287}, "KNeighborsClassifier": {"params": {"classification__weights": "distance", "classification__n_neighbors": 15, "classification__metric": "minkowski", "classification__leaf_size": 20}, "times": {"mean_fit_time": [0.03116598129272461, 0.030414485931396486, 0.03564200401306152], "std_fit_time": [0.013445044301768985, 0.010464217064261806, 0.0184310360902036], "mean_score_time": [0.01066575050354004, 0.010753297805786132, 0.008475160598754883], "std_score_time": [0.00138400418784439, 0.001661615347374139, 0.0004957304819835644]}, "score": 0.2826666666666667}, "ComplementNB": {"params": {"classification__alpha": 0}, "times": {"mean_fit_time": [0.004601192474365234, 0.004298162460327148, 0.007623195648193359], "std_fit_time": [0.00017885083135766306, 5.9717719587249e-05, 0.0009810040864048919], "mean_score_time": [0.0012337684631347657, 0.001277589797973633, 0.0014642715454101563], "std_score_time": [0.0001873399317567388, 0.0002700026818762433, 4.4153575993778155e-05]}, "score": 0.6885714285714285}, "LogisticRegression": {"params": {"classification__solver": "lbfgs", "classification__C": 0.01}, "times": {"mean_fit_time": [0.8398123264312745, 0.35454535484313965, 0.3353524684906006], "std_fit_time": [0.04617111647685358, 0.019627245048667967, 0.01966313019868621], "mean_score_time": [0.04528346061706543, 0.0023890972137451173, 0.00191497802734375], "std_score_time": [0.014332692162866796, 0.001125015556737063, 0.00016906496633255615]}, "score": 0.8038095238095238}}