{"[NN]NeuralNetwork": {"params": {"classification__epochs": 20, "classification__batch_size": 20}, "times": {"mean_fit_time": [4.001395750045776, 3.9896101474761965, 3.2367218494415284, 3.4395512104034425, 3.721498966217041, 4.051671552658081, 3.79877610206604, 3.6678558349609376, 4.131213140487671, 4.019619703292847], "std_fit_time": [0.5382993623763347, 0.3256570808719345, 0.6004952358807275, 0.592053785083435, 0.387915459388759, 0.4461283816022704, 0.8654533719849371, 0.12212835563311167, 0.1602478473027317, 0.20525939816075334], "mean_score_time": [0.33102917671203613, 0.34033823013305664, 0.42560315132141113, 0.3307063102722168, 0.3428290843963623, 0.32672462463378904, 0.29486770629882814, 0.24473943710327148, 0.24974756240844725, 0.27535576820373536], "std_score_time": [0.08217432836501551, 0.040646944888310596, 0.09071856447577875, 0.06877391833622097, 0.08994138746430656, 0.10386328482365594, 0.08000074836749953, 0.04885798548801651, 0.06963485886377656, 0.04134948399602779]}, "score": 0.9419642857142858}, "RandomForestClassifier": {"params": {"classification__n_estimators": 500, "classification__min_samples_split": 2, "classification__min_samples_leaf": 1, "classification__max_features": "log2", "classification__max_depth": 10, "classification__bootstrap": false}, "times": {"mean_fit_time": [0.6023488998413086, 1.63772292137146, 1.9649880886077882, 1.8178274631500244, 1.444537878036499], "std_fit_time": [0.10388420305832778, 0.07947129005954073, 0.24791743422748913, 0.0836215646141339, 0.06520694692347334], "mean_score_time": [0.0019320011138916015, 0.004684162139892578, 0.003861522674560547, 0.003468179702758789, 0.0026779651641845705], "std_score_time": [0.00039392246366122806, 0.001869364412676489, 0.0023702273777239497, 0.001396081911603367, 0.0005209940203826645]}, "score": 1.0}, "KNeighborsClassifier": {"params": {"classification__weights": "uniform", "classification__n_neighbors": 9, "classification__metric": "manhattan", "classification__leaf_size": 23}, "times": {"mean_fit_time": [0.06766414642333984, 0.08382129669189453, 0.04437222480773926, 0.025038766860961913, 0.03581538200378418], "std_fit_time": [0.03407810547243153, 0.037940634481682195, 0.028242768025581132, 0.003646242148203415, 0.013224200025259918], "mean_score_time": [0.010189199447631836, 0.012011098861694335, 0.016586828231811523, 0.011596393585205079, 0.009792375564575195], "std_score_time": [0.0010518244509275716, 0.0015136039079559863, 0.01245216083583695, 0.0010922816826918777, 0.0005712796802634214]}, "score": 0.9523809523809523}, "ComplementNB": {"params": {"classification__alpha": 0.5}, "times": {"mean_fit_time": [0.004169273376464844, 0.004053783416748047, 0.004599618911743164, 0.006585884094238281, 0.009424734115600585], "std_fit_time": [0.0001531914902097739, 0.0005528966924925959, 0.0006874495573643052, 0.0011137384193401578, 0.0014789073628269384], "mean_score_time": [0.0012209892272949218, 0.001318979263305664, 0.0015110492706298829, 0.001639556884765625, 0.001955080032348633], "std_score_time": [0.00020753799252927683, 0.00022800657687158528, 0.0003181997774756393, 0.0003409423494462749, 0.0003433690900793387]}, "score": 0.8603571428571428}, "LogisticRegression": {"params": {"classification__solver": "newton-cg", "classification__C": 10}, "times": {"mean_fit_time": [0.49555191993713377, 0.09181795120239258, 0.39209675788879395, 0.6820114135742188, 0.18168354034423828], "std_fit_time": [0.03639529351885364, 0.019838646094836543, 0.0709663376172551, 0.06998813616912754, 0.041497021284394], "mean_score_time": [0.001763772964477539, 0.0016633033752441405, 0.0018796443939208985, 0.002517843246459961, 0.0019387245178222657], "std_score_time": [0.0004322717123880723, 0.00015102988802236412, 0.00038296927522108424, 0.0004465892631107792, 0.00036807148270218186]}, "score": 0.9553571428571429}}