{"[NN]NeuralNetwork": {"params": {"classification__epochs": 15, "classification__batch_size": 20}, "times": {"mean_fit_time": [3.588280963897705, 3.9262344360351564, 3.721374177932739, 2.633117151260376, 3.6151434898376467, 2.4988259792327883, 3.0484011650085447, 2.9862104415893556, 2.719556188583374, 2.5349408626556396], "std_fit_time": [0.4105854288636017, 0.3654741612517942, 0.2993155469950094, 0.5659315126022322, 0.7324580213302498, 0.20270555720982636, 0.6054556928449085, 0.5648956294118124, 0.4728243961431034, 0.4210565198750138], "mean_score_time": [0.2569852352142334, 0.2565463542938232, 0.33454461097717286, 0.3535165786743164, 0.28896679878234866, 0.27674036026000975, 0.31854567527770994, 0.3207065582275391, 0.31923494338989256, 0.2058098793029785], "std_score_time": [0.014548319657007393, 0.09225343626326662, 0.08912607479575396, 0.07914621602756804, 0.05366732681180684, 0.06766613048980141, 0.03481358817231762, 0.09414897049450671, 0.12592799327943038, 0.03395248735956224]}, "score": 0.9760515873015873}, "RandomForestClassifier": {"params": {"classification__n_estimators": 1000, "classification__min_samples_split": 2, "classification__min_samples_leaf": 2, "classification__max_features": "sqrt", "classification__max_depth": null, "classification__bootstrap": true}, "times": {"mean_fit_time": [4.6940545558929445, 5.227891683578491, 3.107954406738281, 4.140133953094482, 2.501902770996094], "std_fit_time": [0.3609240586607694, 0.1900814566376559, 0.31420821614139566, 0.2544933123004865, 0.09111391068111487], "mean_score_time": [0.004048061370849609, 0.003847026824951172, 0.003606748580932617, 0.003267335891723633, 0.004666519165039062], "std_score_time": [0.001003824368827831, 0.001048398358109426, 0.0010584758094440707, 0.000972470068551871, 0.001079345174718437]}, "score": 0.975}, "KNeighborsClassifier": {"params": {"classification__weights": "uniform", "classification__n_neighbors": 11, "classification__metric": "manhattan", "classification__leaf_size": 30}, "times": {"mean_fit_time": [0.021276569366455077, 0.021685981750488283, 0.02726883888244629, 0.03032393455505371, 0.03693685531616211], "std_fit_time": [0.0019238723071447307, 0.004491275443186686, 0.004491882329645085, 0.0059555177253385605, 0.009396277648626742], "mean_score_time": [0.00870828628540039, 0.00878901481628418, 0.009130716323852539, 0.01066584587097168, 0.013103103637695313], "std_score_time": [0.0005319810712837343, 0.0006839742689769666, 0.0014554977838778425, 0.0008469983075161005, 0.003284589023132779]}, "score": 0.9833333333333332}, "ComplementNB": {"params": {"classification__alpha": 0.5}, "times": {"mean_fit_time": [0.005823183059692383, 0.00554351806640625, 0.004474020004272461, 0.006232833862304688, 0.007158660888671875], "std_fit_time": [0.0005990509488517893, 0.001612146683682174, 0.0002906756685475, 0.0005272147317260389, 0.0021642595122270247], "mean_score_time": [0.0016426563262939454, 0.0016287803649902345, 0.0013443946838378907, 0.00177459716796875, 0.001848459243774414], "std_score_time": [0.00031989438784363154, 0.0003272363778383366, 0.00020219044832634538, 0.0003160884933832428, 0.0002962809561706786]}, "score": 0.9291666666666668}, "LogisticRegression": {"params": {"classification__solver": "saga", "classification__C": 100}, "times": {"mean_fit_time": [0.466672420501709, 0.5270427227020263, 0.514824914932251, 0.9880157470703125, 0.7341910362243652], "std_fit_time": [0.09996881991647763, 0.07496525200685537, 0.12480857126921005, 0.07552921947449308, 0.04595101539656228], "mean_score_time": [0.0034163951873779296, 0.002526664733886719, 0.0024204254150390625, 0.0022493839263916016, 0.0038630008697509766], "std_score_time": [0.0019529176451557697, 0.0006429395871996941, 0.0003381150040635933, 0.00022418156055990638, 0.0014657703836462258]}, "score": 0.9625}}