{"[NN]NeuralNetwork": {"params": {"classification__epochs": 20, "classification__batch_size": 20}, "times": {"mean_fit_time": [5.179015731811523, 4.233163976669312, 3.6566025733947756, 4.529599046707153, 3.884132719039917, 4.333532667160034, 4.103027486801148, 3.9549108505249024, 3.7751100063323975, 3.3059484004974364], "std_fit_time": [0.7837522286949389, 0.453967245138803, 0.3544596275778931, 0.5146397955872722, 0.5347793601164208, 0.7209882010010875, 0.7625937663519355, 0.5112865820312102, 0.6421332810032107, 0.4980453863374089], "mean_score_time": [0.4303258419036865, 0.5510129451751709, 0.3763772964477539, 0.3379096984863281, 0.6503810405731201, 0.3610706329345703, 0.2929054260253906, 0.5223850727081298, 0.3347652435302734, 0.31746573448181153], "std_score_time": [0.0754120896604778, 0.3429249476476093, 0.05270367505887093, 0.16821482959234857, 0.15394747450224872, 0.08650012162195167, 0.0633317602355224, 0.13601392918691577, 0.09358031717570166, 0.05001956590381187]}, "score": 0.9683333333333334}, "RandomForestClassifier": {"params": {"classification__n_estimators": 500, "classification__min_samples_split": 2, "classification__min_samples_leaf": 1, "classification__max_features": "log2", "classification__max_depth": 20, "classification__bootstrap": false}, "times": {"mean_fit_time": [1.6447288513183593, 1.198890256881714, 0.1000290870666504, 1.5343063831329347, 0.14581770896911622], "std_fit_time": [0.1667548841623218, 0.06267692882779953, 0.01301655509310227, 0.006357556613302289, 0.01864320932561456], "mean_score_time": [0.0022142410278320314, 0.0019061565399169922, 0.0015511512756347656, 0.002519512176513672, 0.0013596057891845704], "std_score_time": [0.0007988295866377159, 0.0003245955959781202, 0.0002656827360946741, 0.00016164375964049658, 0.0001413254438918723]}, "score": 1.0}, "KNeighborsClassifier": {"params": {"classification__weights": "uniform", "classification__n_neighbors": 9, "classification__metric": "euclidean", "classification__leaf_size": 26}, "times": {"mean_fit_time": [0.037227964401245116, 0.03321752548217773, 0.029773902893066407, 0.037227821350097653, 0.03274569511413574], "std_fit_time": [0.004735126317251101, 0.004181604863014591, 0.008480844088228948, 0.006579437958317473, 0.007194095407075464], "mean_score_time": [0.00942988395690918, 0.009678268432617187, 0.010071945190429688, 0.0094268798828125, 0.009051799774169922], "std_score_time": [0.0015006590562181125, 0.0015100149606643873, 0.0018570134162736091, 0.0009638059945769497, 0.0003152626099647957]}, "score": 0.8808333333333334}, "ComplementNB": {"params": {"classification__alpha": 0.5}, "times": {"mean_fit_time": [0.0047032833099365234, 0.003922557830810547, 0.005231046676635742, 0.007964563369750977, 0.007513618469238282], "std_fit_time": [0.0008501876155048328, 0.00012159446641106713, 0.0006977399063539053, 0.0005875295285967862, 0.0006676029232229895], "mean_score_time": [0.0013921737670898437, 0.0013225078582763672, 0.00156707763671875, 0.0018263816833496093, 0.0019016742706298828], "std_score_time": [0.0002954462561096235, 0.00021805336245442081, 0.0004980346100611228, 0.00011853970351775467, 0.00017259314434918223]}, "score": 0.8908333333333334}, "LogisticRegression": {"params": {"classification__solver": "lbfgs", "classification__C": 0.01}, "times": {"mean_fit_time": [0.4988856792449951, 0.3795326709747314, 0.1100231647491455, 0.36139640808105467, 0.19580864906311035], "std_fit_time": [0.07433844547959739, 0.040962423702185044, 0.04190420666552896, 0.053292999914738744, 0.045173194682602294], "mean_score_time": [0.00574336051940918, 0.0022562503814697265, 0.0016107559204101562, 0.0018836498260498048, 0.0017139911651611328], "std_score_time": [0.003604720948736437, 0.00022881693714662111, 8.127381278924555e-05, 0.00016892252288842362, 0.00019693103308113239]}, "score": 0.9483333333333333}}