{"[NN]NeuralNetwork": {"params": {"classification__epochs": 5, "classification__batch_size": 30}, "times": {"mean_fit_time": [3.7228713035583496, 3.197630786895752, 3.6528106689453126, 3.05523796081543, 3.504601001739502, 2.732366609573364, 2.750707674026489, 3.0067539691925047, 2.8056714057922365, 2.6803351402282716], "std_fit_time": [0.22973218345972518, 0.07788598193914378, 0.6428424639259624, 0.510767389654146, 0.6043346753030165, 0.22471709007364, 0.20739130044797088, 0.41135406082302894, 0.3005900356483833, 0.17818189412615845], "mean_score_time": [0.3158267974853516, 0.5080356121063232, 0.3160120487213135, 0.32582550048828124, 0.28691897392272947, 0.3648261070251465, 0.2502895355224609, 0.32187323570251464, 0.2670403480529785, 0.2946033000946045], "std_score_time": [0.07075434797998732, 0.1323915487380895, 0.04666183895325173, 0.09315911625056547, 0.07573381770015968, 0.11973330280015185, 0.030952016548743196, 0.08086527644346872, 0.08646184543751205, 0.06488937517502799]}, "score": 0.9671626984126984}, "RandomForestClassifier": {"params": {"classification__n_estimators": 10, "classification__min_samples_split": 5, "classification__min_samples_leaf": 4, "classification__max_features": null, "classification__max_depth": 50, "classification__bootstrap": true}, "times": {"mean_fit_time": [1.0151859760284423, 0.04538636207580567, 0.08252367973327637, 0.05430030822753906, 0.8514338493347168], "std_fit_time": [0.2533979489626662, 0.0038421653252535258, 0.017240251065010547, 0.007084481389669971, 0.039194415075675844], "mean_score_time": [0.0018756389617919922, 0.0020571231842041017, 0.0015138149261474609, 0.001523733139038086, 0.0019341468811035155], "std_score_time": [0.0003811752553674402, 0.00027783502884202657, 0.0003541068184930055, 0.00030402944257882573, 0.00024485119589509044]}, "score": 0.9733333333333334}, "KNeighborsClassifier": {"params": {"classification__weights": "uniform", "classification__n_neighbors": 1, "classification__metric": "minkowski", "classification__leaf_size": 10}, "times": {"mean_fit_time": [0.025185298919677735, 0.037509822845458986, 0.03916287422180176, 0.03351593017578125, 0.0312164306640625], "std_fit_time": [0.00608167712620511, 0.014660720487737252, 0.01017849469108533, 0.00724823646283172, 0.004561291698596992], "mean_score_time": [0.011107587814331054, 0.009968948364257813, 0.008499431610107421, 0.012451648712158203, 0.01025528907775879], "std_score_time": [0.0012336161824600274, 0.0017587448804426988, 0.0011902924999299474, 0.0033432038107278042, 0.0006611840851818904]}, "score": 0.9149999999999998}, "ComplementNB": {"params": {"classification__alpha": 1.0}, "times": {"mean_fit_time": [0.005345392227172852, 0.004789113998413086, 0.004733896255493164, 0.0077530860900878905, 0.01401219367980957], "std_fit_time": [0.0009503876006723853, 0.0007694008178896207, 0.0009519470857614054, 0.0008554506248588178, 0.005065849866394944], "mean_score_time": [0.0016136646270751953, 0.0015984058380126953, 0.0015110015869140626, 0.0018674850463867188, 0.0018929481506347657], "std_score_time": [0.0004821235731570888, 0.0004978924911120584, 0.0003695916981560443, 7.739661999468453e-05, 0.00020935000943988688]}, "score": 0.8875}, "LogisticRegression": {"params": {"classification__solver": "sag", "classification__C": 1.0}, "times": {"mean_fit_time": [0.11647849082946778, 0.35932188034057616, 0.3661491870880127, 0.709328556060791, 0.6490605354309082], "std_fit_time": [0.03379495975145107, 0.005504857826006626, 0.024130899359618752, 0.04888470742595884, 0.03690849776843284], "mean_score_time": [0.001833486557006836, 0.0029445171356201174, 0.0026867866516113283, 0.0028992652893066405, 0.002212858200073242], "std_score_time": [0.00031815079043535796, 0.0014983055554820687, 0.0007958453654277694, 0.0014465747308705407, 0.0003695513386792834]}, "score": 0.8191666666666666}}