{"[NN]NeuralNetwork": {"params": {"classification__epochs": 5, "classification__batch_size": 30}, "times": {"mean_fit_time": [6.466098976135254, 5.186436128616333, 4.988355112075806, 4.778101015090942, 5.283334541320801, 4.507508659362793, 6.017155885696411, 4.346878385543823, 4.706110143661499, 4.642979574203491], "std_fit_time": [0.6995298237476931, 0.4805539194621848, 0.49591338157589443, 0.7961253253871328, 0.6832987179006524, 0.9577693784908603, 1.0012204441831467, 0.805894850415874, 0.5209956537586748, 0.7587592037313254], "mean_score_time": [0.5650584697723389, 0.5086510658264161, 0.4577630519866943, 0.5729154586791992, 0.44571881294250487, 0.4623291015625, 0.7322062015533447, 0.6468162536621094, 0.3809462547302246, 0.5065433502197265], "std_score_time": [0.16973275299880697, 0.17791098591364124, 0.09324843840713488, 0.2461118639029186, 0.13420583549788434, 0.08671407086009045, 0.1279031221407185, 0.24998798889614987, 0.05045338234109009, 0.18556484164881404]}, "score": 0.9671626984126984}, "RandomForestClassifier": {"params": {"classification__n_estimators": 10, "classification__min_samples_split": 5, "classification__min_samples_leaf": 4, "classification__max_features": null, "classification__max_depth": 50, "classification__bootstrap": true}, "times": {"mean_fit_time": [1.0697823524475099, 0.04998669624328613, 0.0691497802734375, 0.05033583641052246, 0.8390744209289551], "std_fit_time": [0.15392720417078323, 0.01127841390531388, 0.011911429758867897, 0.008521883934621053, 0.044441976403076136], "mean_score_time": [0.0029287338256835938, 0.001526021957397461, 0.0016903877258300781, 0.0015011310577392578, 0.001895570755004883], "std_score_time": [0.0013381521704215146, 0.0002693828042593375, 0.0002354889163502532, 0.00026464519844336237, 0.0003809505326904562]}, "score": 0.9733333333333334}, "KNeighborsClassifier": {"params": {"classification__weights": "uniform", "classification__n_neighbors": 1, "classification__metric": "minkowski", "classification__leaf_size": 10}, "times": {"mean_fit_time": [0.05227560997009277, 0.06688652038574219, 0.05831513404846191, 0.03678297996520996, 0.025542020797729492], "std_fit_time": [0.021051737046216448, 0.024439364504852467, 0.013274942872661857, 0.02244218940272425, 0.007244565163135645], "mean_score_time": [0.01019430160522461, 0.009686946868896484, 0.00981278419494629, 0.008856725692749024, 0.008664321899414063], "std_score_time": [0.00032181481569344667, 0.0011356988670635107, 0.0007687302320859272, 0.0005570425968449002, 0.00027149318961736617]}, "score": 0.9149999999999998}, "ComplementNB": {"params": {"classification__alpha": 1.0}, "times": {"mean_fit_time": [0.004370307922363282, 0.004773330688476562, 0.004488754272460938, 0.006275177001953125, 0.007303428649902344], "std_fit_time": [0.0009332642997662797, 0.0020922813350202065, 0.0005674559806139209, 0.0008836891797647288, 0.0012308424150512323], "mean_score_time": [0.0012498855590820312, 0.001299905776977539, 0.0014389514923095702, 0.0013732433319091797, 0.0015452384948730468], "std_score_time": [0.0004806525319336869, 0.00021937475833142306, 0.0002317384240624839, 0.00020004113878309703, 0.0002752526294781177]}, "score": 0.8875}, "LogisticRegression": {"params": {"classification__solver": "lbfgs", "classification__C": 100}, "times": {"mean_fit_time": [0.1499887466430664, 0.4529577732086182, 0.5289255142211914, 0.8966926097869873, 0.21337342262268066], "std_fit_time": [0.04612074818646322, 0.05944150825183454, 0.05566615067284013, 0.09058306167500592, 0.06697527805253861], "mean_score_time": [0.003369760513305664, 0.007737112045288086, 0.0030004501342773436, 0.0029264450073242187, 0.0019920825958251952], "std_score_time": [0.0024682170083026034, 0.010073000578236662, 0.0005901945938957043, 0.0008184863025654856, 0.00031913776617707783]}, "score": 0.9049999999999999}}