{"[NN]NeuralNetwork": {"params": {"classification__epochs": 20, "classification__batch_size": 25}, "times": {"mean_fit_time": [4.16020245552063, 3.4613842487335207, 3.6559985160827635, 3.739634466171265, 3.728085517883301, 3.1147022247314453, 2.9127899169921876, 3.454349231719971, 3.785039472579956, 3.286835765838623], "std_fit_time": [0.8037300591625454, 0.7226096236885485, 0.7151717653605223, 0.7082333652088922, 0.6496749010643557, 0.8801483746902091, 0.6214226321036519, 0.702589963835584, 0.5537903229998151, 0.5891748796834154], "mean_score_time": [0.30982723236083987, 0.35546255111694336, 0.2723826885223389, 0.2859459400177002, 0.2951174259185791, 0.3175133228302002, 0.37691221237182615, 0.32950773239135744, 0.28400535583496095, 0.3884556293487549], "std_score_time": [0.05468581914638621, 0.062437786464498324, 0.06855938073677935, 0.09634983878563043, 0.10938355813592834, 0.07923377632988717, 0.03352224377894282, 0.06635408199452679, 0.06363335238029941, 0.1457514059728184]}, "score": 0.9670634920634921}, "RandomForestClassifier": {"params": {"classification__n_estimators": 500, "classification__min_samples_split": 10, "classification__min_samples_leaf": 1, "classification__max_features": "log2", "classification__max_depth": null, "classification__bootstrap": true}, "times": {"mean_fit_time": [0.6032902240753174, 1.6235361576080323, 4.852841806411743, 1.7922452926635741, 4.900363540649414], "std_fit_time": [0.13167355894263327, 0.05712292648560632, 0.1957961976215435, 0.072724932699456, 0.09014427313031873], "mean_score_time": [0.00198211669921875, 0.0018270492553710937, 0.004708337783813477, 0.004020214080810547, 0.0033074378967285155], "std_score_time": [0.00019135211963682914, 0.0002804043898926704, 0.0012782593310969325, 0.0011638952035892753, 0.0003581262802959892]}, "score": 0.9666666666666666}, "KNeighborsClassifier": {"params": {"classification__weights": "uniform", "classification__n_neighbors": 7, "classification__metric": "manhattan", "classification__leaf_size": 20}, "times": {"mean_fit_time": [0.09764533042907715, 0.06334609985351562, 0.07025589942932128, 0.02953047752380371, 0.029824113845825194], "std_fit_time": [0.04126505307523468, 0.04480990249843697, 0.05353911424822334, 0.007077223576392525, 0.010948203555567677], "mean_score_time": [0.012472295761108398, 0.009802722930908203, 0.01065969467163086, 0.010544204711914062, 0.012061214447021485], "std_score_time": [0.0014120281490285385, 0.0011452803137336706, 0.0008358976464209601, 0.0019395319118601828, 0.0027492690792144535]}, "score": 0.9506666666666668}, "ComplementNB": {"params": {"classification__alpha": 0.5}, "times": {"mean_fit_time": [0.006275177001953125, 0.005940961837768555, 0.006297969818115234, 0.00838937759399414, 0.007775402069091797], "std_fit_time": [0.0008555483730053205, 0.001220305789788926, 0.000834729869231427, 0.0010628701283184017, 0.00225164632573118], "mean_score_time": [0.0016757488250732423, 0.0015604019165039063, 0.001857614517211914, 0.001765298843383789, 0.0016737937927246093], "std_score_time": [0.0001853755340000355, 0.00023151509155379797, 0.0005076637707206175, 0.00019110854022571773, 0.0003912611050821919]}, "score": 0.8766666666666666}, "LogisticRegression": {"params": {"classification__solver": "newton-cg", "classification__C": 10}, "times": {"mean_fit_time": [0.8047271728515625, 0.7328361988067627, 0.7238171577453614, 0.8546594142913818, 0.7343671798706055], "std_fit_time": [0.1832202073171405, 0.4131860941758715, 0.2676942451020102, 0.2635539781405984, 0.21363814913206952], "mean_score_time": [0.002773904800415039, 0.0027692317962646484, 0.002934169769287109, 0.0036385059356689453, 0.002738618850708008], "std_score_time": [0.0007546230072849206, 0.0010192031798136323, 0.0005004645614920094, 0.0016103967632662291, 0.0013212686452513684]}, "score": 0.9506666666666665}}