{"[NN]NeuralNetwork": {"params": {"classification__epochs": 10, "classification__batch_size": 20}, "times": {"mean_fit_time": [3.6301958560943604, 3.036543035507202, 3.186388111114502, 3.680212450027466, 3.8219720840454103, 3.676327180862427, 3.6500972270965577, 2.885705041885376, 3.5820705890655518, 3.22473349571228], "std_fit_time": [0.6654852400664183, 0.6160438648503082, 0.3670772071749111, 0.32278878085607166, 0.9025274532269831, 0.46034652108734925, 0.2850856650268039, 0.5509523128282865, 0.37814923505519976, 0.39121450749701553], "mean_score_time": [0.49552092552185056, 0.3499643325805664, 0.3989847660064697, 0.3103790760040283, 0.33085012435913086, 0.272905158996582, 0.3292979717254639, 0.4387270450592041, 0.3200416564941406, 0.3043631076812744], "std_score_time": [0.32677152644169205, 0.03617272965032837, 0.08239490889304742, 0.02993644176652964, 0.12800447955088065, 0.03652143832309297, 0.09702359058653501, 0.09517120911568025, 0.05639407245054199, 0.07337077280438987]}, "score": 0.9508333333333333}, "RandomForestClassifier": {"params": {"classification__n_estimators": 50, "classification__min_samples_split": 5, "classification__min_samples_leaf": 1, "classification__max_features": "log2", "classification__max_depth": 50, "classification__bootstrap": false}, "times": {"mean_fit_time": [0.1290412425994873, 0.15148892402648925, 1.5730554103851317, 0.07376093864440918, 0.7656433582305908], "std_fit_time": [0.037711686020110845, 0.06390107429681267, 0.4194070462051103, 0.00469919945819544, 0.03231595340988072], "mean_score_time": [0.0031447410583496094, 0.0022196292877197264, 0.0021749019622802736, 0.001497793197631836, 0.0016572952270507812], "std_score_time": [0.002094025648789922, 0.00022324965778601692, 0.0006805617877247233, 0.0001872880997787545, 0.00021120997978465547]}, "score": 1.0}, "KNeighborsClassifier": {"params": {"classification__weights": "uniform", "classification__n_neighbors": 17, "classification__metric": "euclidean", "classification__leaf_size": 23}, "times": {"mean_fit_time": [0.03386640548706055, 0.028067684173583983, 0.026769447326660156, 0.031300020217895505, 0.06176624298095703], "std_fit_time": [0.012401200005090582, 0.0028098741731088636, 0.0038622699633290435, 0.015575880814853255, 0.013775486319351722], "mean_score_time": [0.009679841995239257, 0.010581779479980468, 0.009683799743652344, 0.010462474822998048, 0.010668563842773437], "std_score_time": [0.001344550895842966, 0.0005199305509375548, 0.0015760375586853774, 0.0007568487806297598, 0.0007973335752044304]}, "score": 0.7383333333333333}, "ComplementNB": {"params": {"classification__alpha": 0.5}, "times": {"mean_fit_time": [0.005188894271850586, 0.004145336151123047, 0.00584864616394043, 0.007927608489990235, 0.008543920516967774], "std_fit_time": [0.001819779845029833, 0.00010152269599842553, 0.0012014059112053325, 0.0012004189826037674, 0.0007149710788129618], "mean_score_time": [0.0012970924377441405, 0.0013130664825439452, 0.00162200927734375, 0.0017909526824951172, 0.002062559127807617], "std_score_time": [0.000246210866797538, 0.00017201728482883432, 0.00026730699183818936, 0.0002709801171534567, 0.0001571598416522174]}, "score": 0.9033333333333333}, "LogisticRegression": {"params": {"classification__solver": "newton-cg", "classification__C": 100}, "times": {"mean_fit_time": [0.4673563003540039, 0.5161122798919677, 0.09092864990234376, 0.6707105159759521, 0.13860769271850587], "std_fit_time": [0.05506316439980794, 0.08922636370516265, 0.012228322719300563, 0.04602169497838179, 0.03005506421973304], "mean_score_time": [0.00690164566040039, 0.003040647506713867, 0.0017854690551757813, 0.0022510528564453126, 0.0017388343811035156], "std_score_time": [0.0074913526401604955, 0.0008402477252254433, 0.00027628178672868477, 0.0003522405673435254, 0.00015389563034094817]}, "score": 0.9666666666666666}}