{"[NN]NeuralNetwork": {"params": {"classification__epochs": 20, "classification__batch_size": 25}, "times": {"mean_fit_time": [3.872267246246338, 3.1618454456329346, 3.8117923736572266, 3.3769809722900392, 4.172729444503784, 3.536418342590332, 3.1352680683135987, 3.892316436767578, 3.400945806503296, 3.0027626037597654], "std_fit_time": [0.9104518616188426, 0.6034890893204299, 0.3467516909781791, 0.6900729132533964, 0.3636501843983584, 0.8273438787497157, 0.7188840705351854, 0.6278248268650014, 0.9575085446361512, 0.5522868949189037], "mean_score_time": [0.5036510944366455, 0.581754207611084, 0.4576896667480469, 0.47939300537109375, 0.3901206493377686, 0.6206337451934815, 0.5153034210205079, 0.47153382301330565, 0.546156930923462, 0.44820380210876465], "std_score_time": [0.15355320914696446, 0.21630250164821258, 0.0641922941564643, 0.1080924040363559, 0.06839155272264197, 0.09300284098862917, 0.1839199621034309, 0.07620829021449502, 0.16987628855313877, 0.16306100444880994]}, "score": 0.9583531746031746}, "RandomForestClassifier": {"params": {"classification__n_estimators": 200, "classification__min_samples_split": 2, "classification__min_samples_leaf": 4, "classification__max_features": "sqrt", "classification__max_depth": 100, "classification__bootstrap": false}, "times": {"mean_fit_time": [0.21216096878051757, 0.8673017024993896, 0.10902872085571289, 0.5957262516021729, 0.04138789176940918], "std_fit_time": [0.05283289952561765, 0.1294241227010415, 0.01601914108520445, 0.024358565348702888, 0.008783485718156486], "mean_score_time": [0.002297830581665039, 0.002126598358154297, 0.0022658824920654295, 0.001588726043701172, 0.0016298770904541015], "std_score_time": [0.00011638865395274184, 0.00018543501247692226, 0.0005804381156486806, 0.000148087735026385, 0.00034893193661099625]}, "score": 0.9691666666666666}, "KNeighborsClassifier": {"params": {"classification__weights": "uniform", "classification__n_neighbors": 1, "classification__metric": "euclidean", "classification__leaf_size": 16}, "times": {"mean_fit_time": [0.029255008697509764, 0.043172788619995114, 0.04802408218383789, 0.043802070617675784, 0.058409595489501955], "std_fit_time": [0.011035573578674771, 0.011369734754901531, 0.02138579114280538, 0.011043963201551876, 0.017050849417992914], "mean_score_time": [0.010314607620239257, 0.00979609489440918, 0.009266901016235351, 0.009494543075561523, 0.01128559112548828], "std_score_time": [0.0018529156119558277, 0.0013378566230004228, 0.0016750185629068862, 0.0010048817556356727, 0.0036269458530164118]}, "score": 0.9416666666666668}, "ComplementNB": {"params": {"classification__alpha": 0.5}, "times": {"mean_fit_time": [0.006071710586547851, 0.004591560363769532, 0.007294511795043946, 0.007623720169067383, 0.007952213287353516], "std_fit_time": [0.0009574316466384356, 0.00011954276172732168, 0.0027109905463909858, 0.0009188895081263826, 0.0006335905443435301], "mean_score_time": [0.0016854763031005859, 0.0014646530151367187, 0.0017775535583496095, 0.0017685890197753906, 0.0018333911895751954], "std_score_time": [0.00030574933186816025, 0.00024342611183852795, 0.00035718132114695444, 0.00020356641265079165, 0.00024820344687913164]}, "score": 0.8941666666666667}, "LogisticRegression": {"params": {"classification__solver": "lbfgs", "classification__C": 10}, "times": {"mean_fit_time": [0.5675039768218995, 0.11201286315917969, 0.5287106990814209, 0.849855613708496, 0.24484028816223144], "std_fit_time": [0.05472732018220192, 0.021806684125678585, 0.03918683128743956, 0.06361771631663934, 0.03696214583354321], "mean_score_time": [0.0046328544616699215, 0.002010345458984375, 0.002589893341064453, 0.0024950504302978516, 0.0018020153045654296], "std_score_time": [0.0035866451146908595, 0.0003706900601637446, 0.0016889247522298516, 0.0005574705031560013, 0.0002883732549875269]}, "score": 0.8816666666666666}}