{"[NN]NeuralNetwork": {"params": {"classification__epochs": 20, "classification__batch_size": 25}, "times": {"mean_fit_time": [5.0434887409210205, 3.868307113647461, 3.558491277694702, 3.2397619247436524, 4.411317682266235, 4.271418571472168, 3.474150466918945, 3.7076766967773436, 2.9097198009490968, 3.8466764450073243], "std_fit_time": [0.9422380704475762, 0.8681431388142676, 0.9636451965268269, 0.651346516152075, 0.3300518746427345, 0.9963767421067872, 0.7840859674913075, 0.8277017599831085, 0.5490148098030678, 0.9149944437950258], "mean_score_time": [0.27604308128356936, 0.39104266166687013, 0.39570164680480957, 0.3874248504638672, 0.45196919441223143, 0.43073186874389646, 0.5359360218048096, 0.4365381240844727, 0.3413225650787354, 0.47798943519592285], "std_score_time": [0.0776166873189012, 0.11784671084095953, 0.10143544965154122, 0.1405596479321401, 0.20309579611711817, 0.16981085788977893, 0.09742568300582814, 0.10161582511905028, 0.09771610021293901, 0.17773057328037845]}, "score": 0.9629166666666666}, "RandomForestClassifier": {"params": {"classification__n_estimators": 50, "classification__min_samples_split": 10, "classification__min_samples_leaf": 1, "classification__max_features": "log2", "classification__max_depth": 100, "classification__bootstrap": true}, "times": {"mean_fit_time": [0.750359582901001, 1.0637319087982178, 0.06585211753845215, 0.9342793464660645, 0.06464672088623047], "std_fit_time": [0.10026605664081784, 0.06440699988997763, 0.007745901960725784, 0.019974032409376785, 0.006297216820013227], "mean_score_time": [0.0018413543701171875, 0.0017366886138916015, 0.0018774509429931641, 0.0019093990325927735, 0.0014290332794189454], "std_score_time": [0.00022655096932292813, 0.00024452897566518074, 0.0003137727853179129, 0.00035219011737556874, 0.00041563505902933104]}, "score": 0.9625}, "KNeighborsClassifier": {"params": {"classification__weights": "uniform", "classification__n_neighbors": 1, "classification__metric": "minkowski", "classification__leaf_size": 26}, "times": {"mean_fit_time": [0.027541446685791015, 0.03106698989868164, 0.03432612419128418, 0.0465303897857666, 0.042197132110595705], "std_fit_time": [0.00832793066552757, 0.0030339064309934686, 0.014898527659891844, 0.00698133386739546, 0.014712392101139702], "mean_score_time": [0.009586191177368164, 0.009652805328369141, 0.010377883911132812, 0.010694742202758789, 0.010714864730834961], "std_score_time": [0.001653994972121755, 0.001369774719166603, 0.0012380379534692215, 0.00255987595776389, 0.0013167097830178622]}, "score": 0.8941666666666667}, "ComplementNB": {"params": {"classification__alpha": 0.5}, "times": {"mean_fit_time": [0.005700540542602539, 0.006322526931762695, 0.006430625915527344, 0.007913351058959961, 0.0073012828826904295], "std_fit_time": [0.0010013767354217621, 0.00036436651470312504, 0.00041726692602749266, 0.0008854782574516634, 0.001011334802568297], "mean_score_time": [0.0014963626861572265, 0.0017755985260009765, 0.0015572547912597657, 0.001916790008544922, 0.0017285346984863281], "std_score_time": [0.0002430559908976531, 5.366983859709309e-05, 0.00022382868265380845, 0.00010777802517596947, 0.00030897524584204406]}, "score": 0.8800000000000001}, "LogisticRegression": {"params": {"classification__solver": "sag", "classification__C": 10}, "times": {"mean_fit_time": [0.5383152484893798, 0.6535193443298339, 0.48611016273498536, 0.8438995838165283, 0.702988576889038], "std_fit_time": [0.05773193940210066, 0.12143288842802107, 0.04063749280382157, 0.09254222292293626, 0.1013119476063389], "mean_score_time": [0.0031590938568115236, 0.002960681915283203, 0.0027080059051513674, 0.0019777774810791015, 0.002308940887451172], "std_score_time": [0.000980991644564469, 0.0008944965614982827, 0.0007376191118074446, 0.00013576221315667993, 0.0004969599424957043]}, "score": 0.8175000000000001}}