{"[NN]NeuralNetwork": {"params": {"classification__epochs": 10, "classification__batch_size": 20}, "times": {"mean_fit_time": [4.749446249008178, 5.150735092163086, 4.9165722846984865, 5.150783109664917, 4.24475245475769, 4.397966766357422, 4.317648410797119, 5.423284959793091, 4.743457078933716, 6.272721815109253], "std_fit_time": [0.3252266851716346, 0.7127496511868623, 0.8301722472498324, 1.1779454673077034, 0.5939590255457781, 0.6220763341512533, 1.0286781730462007, 1.2942679315526242, 0.7800407773250084, 0.21635854895522863], "mean_score_time": [0.3888282775878906, 0.49972925186157224, 0.7893506050109863, 0.6506112098693848, 0.4048784255981445, 0.3198393821716309, 0.4124650478363037, 0.4104114532470703, 0.48610677719116213, 0.5712493896484375], "std_score_time": [0.08773602913989624, 0.23409248652702122, 0.31245242049369004, 0.19634173145911218, 0.09749001591434801, 0.045305769054423205, 0.16663379977076384, 0.11913378887333438, 0.20812438974930134, 0.1320014782130848]}, "score": 0.9666493506493508}, "RandomForestClassifier": {"params": {"classification__n_estimators": 1000, "classification__min_samples_split": 10, "classification__min_samples_leaf": 2, "classification__max_features": "sqrt", "classification__max_depth": 100, "classification__bootstrap": false}, "times": {"mean_fit_time": [0.44200963973999025, 4.025247287750244, 0.996182918548584, 4.23894157409668, 1.0202692985534667], "std_fit_time": [0.05807193586837271, 0.29523106484064743, 0.14629812037736525, 0.27483838594247556, 0.13942772938627623], "mean_score_time": [0.0016490936279296875, 0.005440664291381836, 0.003896665573120117, 0.0035633087158203126, 0.0019419670104980468], "std_score_time": [0.00034384206067751387, 0.001633466368803459, 0.003711055934769515, 0.0007647303869593309, 0.00040162537482808374]}, "score": 0.99}, "KNeighborsClassifier": {"params": {"classification__weights": "uniform", "classification__n_neighbors": 15, "classification__metric": "minkowski", "classification__leaf_size": 33}, "times": {"mean_fit_time": [0.03476848602294922, 0.03930444717407226, 0.042708730697631835, 0.02768220901489258, 0.029593276977539062], "std_fit_time": [0.0068940150244525865, 0.008351355247744703, 0.008786984201461292, 0.005906021593641738, 0.005740550853850257], "mean_score_time": [0.009549903869628906, 0.009245586395263673, 0.009384918212890624, 0.010572671890258789, 0.010051202774047852], "std_score_time": [0.0011011804138908526, 0.0007998746323753324, 0.001484577003478582, 0.0009886213869727128, 0.0016415924815711823]}, "score": 0.876}, "ComplementNB": {"params": {"classification__alpha": 1.0}, "times": {"mean_fit_time": [0.004282426834106445, 0.0043964385986328125, 0.005565643310546875, 0.00766143798828125, 0.008384084701538086], "std_fit_time": [0.00018369766425639484, 0.0002005956503241455, 0.0011728633315449405, 0.0007634143781667825, 0.0021343674188521724], "mean_score_time": [0.0011568069458007812, 0.0012347698211669922, 0.0014425277709960937, 0.001603984832763672, 0.0017332077026367188], "std_score_time": [5.5126170255459295e-05, 1.8694814161253166e-05, 0.00033975993012672615, 0.00018355119119504182, 0.0003126138226873628]}, "score": 0.9226666666666666}, "LogisticRegression": {"params": {"classification__solver": "lbfgs", "classification__C": 0.01}, "times": {"mean_fit_time": [0.34026241302490234, 0.8001782894134521, 0.5388723850250244, 0.4999189853668213, 1.1569680213928222], "std_fit_time": [0.015550085657486832, 0.6561367257182547, 0.027059129786794752, 0.06994696651454001, 0.666550770566981], "mean_score_time": [0.002441072463989258, 0.002446603775024414, 0.00481572151184082, 0.003048133850097656, 0.002591705322265625], "std_score_time": [0.0005356306640458151, 0.0006296522171274986, 0.003937125896048153, 0.0010919217703657723, 0.0005414915739676883]}, "score": 0.9640000000000001}}