{"[NN]NeuralNetwork": {"params": {"classification__epochs": 20, "classification__batch_size": 20}, "times": {"mean_fit_time": [4.953831624984741, 4.896169805526734, 5.009564542770386, 4.571986675262451, 6.3328407287597654, 5.886210250854492, 5.246515893936158, 5.89690203666687, 4.699179029464721, 4.843014764785766], "std_fit_time": [0.845614517268534, 0.8660287341717556, 0.7835987156960272, 0.6625568778752686, 1.7619925254686615, 0.5014682312469417, 1.1657117056428308, 1.4485309656977996, 0.9162513500563391, 0.96741143653678], "mean_score_time": [0.425660228729248, 0.43855934143066405, 0.7329533576965332, 0.7609583854675293, 0.7502215385437012, 0.6027392864227294, 0.7152192115783691, 0.4138172149658203, 0.5929265499114991, 0.544441032409668], "std_score_time": [0.10315088994909057, 0.08056336328008461, 0.28599859915811826, 0.2578990006715059, 0.3184738255732342, 0.16284267166397257, 0.11914589294015719, 0.0729874214979869, 0.20335166253868928, 0.15554764529473278]}, "score": 0.884968253968254}, "RandomForestClassifier": {"params": {"classification__n_estimators": 50, "classification__min_samples_split": 5, "classification__min_samples_leaf": 1, "classification__max_features": "sqrt", "classification__max_depth": null, "classification__bootstrap": true}, "times": {"mean_fit_time": [0.07282757759094238, 1.7013872623443604, 0.09217801094055175], "std_fit_time": [0.0031235469204616687, 0.18655318330013596, 0.004959430057255487], "mean_score_time": [0.001227092742919922, 0.005817270278930664, 0.0013003349304199219], "std_score_time": [9.792654156868326e-05, 0.0008911876589250989, 5.9234806890352266e-05]}, "score": 0.9800000000000001}, "KNeighborsClassifier": {"params": {"classification__weights": "uniform", "classification__n_neighbors": 19, "classification__metric": "minkowski", "classification__leaf_size": 20}, "times": {"mean_fit_time": [0.034757137298583984, 0.027719926834106446, 0.033326578140258786], "std_fit_time": [0.005642911381271022, 0.012707426317953937, 0.004101448311056159], "mean_score_time": [0.009491586685180664, 0.009852266311645508, 0.008472394943237305], "std_score_time": [0.0018353252702063708, 0.001072630180521846, 0.000476674562389157]}, "score": 0.9246666666666666}, "ComplementNB": {"params": {"classification__alpha": 0}, "times": {"mean_fit_time": [0.005280923843383789, 0.006917572021484375, 0.010935688018798828], "std_fit_time": [0.001123423025834295, 0.0008495431177002899, 0.007306167779978328], "mean_score_time": [0.0015943527221679687, 0.0020357608795166016, 0.0015452384948730468], "std_score_time": [0.00020009949645640368, 0.00041650647890220454, 0.0005966425661321363]}, "score": 0.8033333333333333}, "LogisticRegression": {"params": {"classification__solver": "newton-cg", "classification__C": 0.01}, "times": {"mean_fit_time": [0.7410519123077393, 0.40876007080078125, 1.3127640247344972], "std_fit_time": [0.11691199948450579, 0.23105825313231562, 0.29434729368607554], "mean_score_time": [0.03728442192077637, 0.0017184734344482422, 0.0026843070983886717], "std_score_time": [0.011354325184070002, 0.00014019315742274074, 0.000572371843848522]}, "score": 0.8926666666666666}}