{"[NN]NeuralNetwork": {"params": {"classification__epochs": 20, "classification__batch_size": 25}, "times": {"mean_fit_time": [3.66656608581543, 3.4360861778259277, 3.8969113349914553, 2.8024590492248533, 3.228030490875244, 3.281211996078491, 3.117482614517212, 3.3081076622009276, 3.3243609428405763, 3.4067776679992674], "std_fit_time": [0.7078440168056156, 0.6093370906359744, 0.809883167996167, 0.8799800014000561, 0.30649143201392237, 0.20291726860366194, 0.6098539833599127, 0.6001730605392114, 0.7050889926193484, 0.5667816060001523], "mean_score_time": [0.34331889152526857, 0.3291839599609375, 0.3011919975280762, 0.33630781173706054, 0.24759149551391602, 0.3006125450134277, 0.4196769237518311, 0.30454015731811523, 0.25484046936035154, 0.29302153587341306], "std_score_time": [0.08139328108412071, 0.09523597781555743, 0.061530511894519656, 0.08823628514697383, 0.04221767858003238, 0.0861493990553526, 0.14529754205510534, 0.1137162109498327, 0.028443730492113208, 0.06498628499526725]}, "score": 0.9670634920634921}, "RandomForestClassifier": {"params": {"classification__n_estimators": 500, "classification__min_samples_split": 10, "classification__min_samples_leaf": 1, "classification__max_features": "log2", "classification__max_depth": null, "classification__bootstrap": true}, "times": {"mean_fit_time": [0.43526592254638674, 1.5876867771148682, 5.155563545227051, 1.7595509529113769, 5.163248682022095], "std_fit_time": [0.04917162930696078, 0.07987685598623874, 0.15534892767915026, 0.01780613233566968, 0.03156461634594764], "mean_score_time": [0.0017059326171875, 0.0030450344085693358, 0.0037668704986572265, 0.0024180889129638674, 0.0031767845153808593], "std_score_time": [9.990408745176885e-05, 0.001606123503958202, 0.001021625381922217, 0.0001877574027326148, 0.0007563821301857968]}, "score": 0.9666666666666666}, "KNeighborsClassifier": {"params": {"classification__weights": "uniform", "classification__n_neighbors": 7, "classification__metric": "manhattan", "classification__leaf_size": 20}, "times": {"mean_fit_time": [0.031283330917358396, 0.03176655769348145, 0.03973488807678223, 0.03813180923461914, 0.0342710018157959], "std_fit_time": [0.004655411316674782, 0.0033154138007447454, 0.014568775795191204, 0.008834757393747904, 0.008199806340411698], "mean_score_time": [0.009126949310302734, 0.008853769302368164, 0.009340381622314453, 0.010783815383911132, 0.012193727493286132], "std_score_time": [0.00035827033508574447, 0.0007332565567005118, 0.0014166064500002252, 0.001406534839897675, 0.0022652563494415016]}, "score": 0.9506666666666668}, "ComplementNB": {"params": {"classification__alpha": 0.5}, "times": {"mean_fit_time": [0.004353952407836914, 0.004420137405395508, 0.004372262954711914, 0.0069388866424560545, 0.008126497268676758], "std_fit_time": [0.0006783957138510057, 0.0007878634582433218, 0.0003412691794164234, 0.0007436776595309627, 0.000617408008533745], "mean_score_time": [0.0012143611907958984, 0.0013373374938964843, 0.001283550262451172, 0.0015286445617675782, 0.0016931056976318359], "std_score_time": [0.00021270521785593595, 0.0002674551693489468, 0.00025647570329825816, 0.0001679704897665354, 0.0002334793400258199]}, "score": 0.8766666666666666}, "LogisticRegression": {"params": {"classification__solver": "newton-cg", "classification__C": 10}, "times": {"mean_fit_time": [0.5575844764709472, 0.5677788734436036, 0.49044065475463866, 1.1474581718444825, 0.8935188770294189], "std_fit_time": [0.08554836576401302, 0.21512472322536907, 0.08940073880974997, 0.46511754153931895, 0.2541504941979529], "mean_score_time": [0.002170562744140625, 0.0022937297821044923, 0.0016949176788330078, 0.0025154590606689454, 0.002733469009399414], "std_score_time": [0.0005270764559750436, 0.00017452699884494153, 0.00018077380290363094, 0.0007835675203430026, 0.0005942215257661118]}, "score": 0.9506666666666665}}