{"[NN]NeuralNetwork": {"params": {"classification__epochs": 20, "classification__batch_size": 20}, "times": {"mean_fit_time": [3.8743077754974364, 3.2184717655181885, 3.9072203159332277, 3.32273416519165, 3.304283332824707, 3.012335109710693, 3.5762108325958253, 2.6743417263031004, 3.1906116008758545, 2.829579257965088], "std_fit_time": [0.48214881868428866, 0.5011858913388979, 0.2416781191014915, 0.3568908975101751, 0.19517413204145637, 0.7963581096516028, 0.8133021378139227, 0.5700752294844641, 0.5907944958492514, 0.6931319583958524], "mean_score_time": [0.2564683437347412, 0.39896430969238283, 0.29664111137390137, 0.2737734317779541, 0.29355530738830565, 0.3381644725799561, 0.28600478172302246, 0.2889108180999756, 0.22795839309692384, 0.19820637702941896], "std_score_time": [0.054534204399564926, 0.15461434729995588, 0.03857388238281811, 0.023471349882090285, 0.05416549984725997, 0.11054214876321541, 0.18285576560223504, 0.09483443479057865, 0.03605670387893773, 0.04503987864983959]}, "score": 0.98989898989899}, "RandomForestClassifier": {"params": {"classification__n_estimators": 300, "classification__min_samples_split": 10, "classification__min_samples_leaf": 4, "classification__max_features": "log2", "classification__max_depth": 60, "classification__bootstrap": true}, "times": {"mean_fit_time": [4.41572527885437, 0.9015170574188233, 0.06379008293151855, 0.8289949417114257, 0.0669985294342041], "std_fit_time": [0.1969753462331318, 0.09306674536501583, 0.011283366120805393, 0.06710981646853215, 0.010290684217931428], "mean_score_time": [0.004553604125976563, 0.0016890525817871093, 0.0019016742706298828, 0.002172422409057617, 0.0015408992767333984], "std_score_time": [0.0004050049856329245, 0.00012156426321939897, 0.0003945759458618169, 0.0005554283344174042, 0.00023503694842550712]}, "score": 0.9916666666666668}, "KNeighborsClassifier": {"params": {"classification__weights": "uniform", "classification__n_neighbors": 17, "classification__metric": "euclidean", "classification__leaf_size": 20}, "times": {"mean_fit_time": [0.035560894012451175, 0.04673323631286621, 0.04137334823608398, 0.04652614593505859, 0.03936362266540527], "std_fit_time": [0.01132650493885936, 0.01519473734449654, 0.01268035804566076, 0.018103948446070862, 0.015969321793895857], "mean_score_time": [0.008008527755737304, 0.009066009521484375, 0.009588527679443359, 0.00937042236328125, 0.016371774673461913], "std_score_time": [0.000497752113112015, 0.0012086866329723293, 0.0014555350755515698, 0.0007167487393239823, 0.010530205862360979]}, "score": 0.9916666666666668}, "ComplementNB": {"params": {"classification__alpha": 0.5}, "times": {"mean_fit_time": [0.006781911849975586, 0.005226993560791015, 0.005083465576171875, 0.006287908554077149, 0.0055941581726074215], "std_fit_time": [0.0007529044706939932, 0.0007559897213812695, 0.0007054224164349243, 0.0007882837140436353, 0.000754581003831281], "mean_score_time": [0.001914644241333008, 0.0014605522155761719, 0.001401233673095703, 0.0017112255096435546, 0.001497650146484375], "std_score_time": [0.0004858873214718248, 0.00014140670043318854, 0.00023795575996953244, 0.00024899852903638014, 0.00020495604859923513]}, "score": 0.9483333333333333}, "LogisticRegression": {"params": {"classification__solver": "newton-cg", "classification__C": 100}, "times": {"mean_fit_time": [0.08141059875488281, 0.08482480049133301, 0.5523134708404541, 0.1302097797393799, 0.13762998580932617], "std_fit_time": [0.01569876239481389, 0.0028897171983999323, 0.10935703556972097, 0.04084428742428837, 0.02340648115708452], "mean_score_time": [0.0021427154541015627, 0.0021515846252441405, 0.002598094940185547, 0.0021881103515625, 0.0019043922424316407], "std_score_time": [0.0006039369238521598, 0.00037892519960743877, 0.000593981511477962, 0.0003278716696457409, 0.00015245898583539052]}, "score": 0.9916666666666668}}