{"[NN]NeuralNetwork": {"params": {"classification__epochs": 20, "classification__batch_size": 20}, "times": {"mean_fit_time": [3.261788034439087, 3.2241709232330322, 2.523488664627075, 2.2141536235809327, 2.1790279388427733, 2.1350558280944822, 2.3121358871459963, 2.2594902992248533, 1.9216009616851806, 1.9021923542022705], "std_fit_time": [0.4075634955573524, 0.6789561123604598, 0.37642135460938064, 0.2244510909562247, 0.27408701320279033, 0.4146216679017582, 0.3086020032457701, 0.6099773137337972, 0.20092830828596484, 0.2012610427126856], "mean_score_time": [0.23364605903625488, 0.2608618259429932, 0.22617712020874023, 0.22113170623779296, 0.2337344169616699, 0.2196061134338379, 0.17787442207336426, 0.19155683517456054, 0.17537932395935057, 0.1598050117492676], "std_score_time": [0.028342571420666738, 0.05466942775843198, 0.04314240466475734, 0.0396141912232978, 0.03340284172163127, 0.055110091223974395, 0.02697214464146181, 0.033469628683274036, 0.02767647424537567, 0.022845281647129068]}, "score": 0.98989898989899}, "RandomForestClassifier": {"params": {"classification__n_estimators": 300, "classification__min_samples_split": 10, "classification__min_samples_leaf": 4, "classification__max_features": "log2", "classification__max_depth": 60, "classification__bootstrap": true}, "times": {"mean_fit_time": [4.67733941078186, 0.8834646701812744, 0.062260770797729494, 0.87456374168396, 0.06261019706726074], "std_fit_time": [0.06285890933684156, 0.059851318412854425, 0.014174154823281196, 0.03743479879150762, 0.010191280194125591], "mean_score_time": [0.004844522476196289, 0.0016777515411376953, 0.0013966560363769531, 0.0023955821990966795, 0.00121917724609375], "std_score_time": [0.0007007864935096279, 9.339839008506641e-05, 0.00036782304753931025, 0.00030637477243576074, 9.097105752670926e-05]}, "score": 0.9916666666666668}, "KNeighborsClassifier": {"params": {"classification__weights": "uniform", "classification__n_neighbors": 17, "classification__metric": "euclidean", "classification__leaf_size": 20}, "times": {"mean_fit_time": [0.040804052352905275, 0.039645719528198245, 0.06245012283325195, 0.025277376174926758, 0.02935819625854492], "std_fit_time": [0.022284997609482507, 0.016383731393371893, 0.013423421495782527, 0.0043270031038282735, 0.004524234920788649], "mean_score_time": [0.009547042846679687, 0.015719032287597655, 0.012905740737915039, 0.009971809387207032, 0.01186542510986328], "std_score_time": [0.0016470289558286376, 0.008341879877426942, 0.0023593512027271024, 0.0014367805473940256, 0.002684762762179439]}, "score": 0.9916666666666668}, "ComplementNB": {"params": {"classification__alpha": 0.5}, "times": {"mean_fit_time": [0.005594491958618164, 0.004190206527709961, 0.00517420768737793, 0.00580902099609375, 0.005342960357666016], "std_fit_time": [0.0015519508455246035, 0.00032167121558838134, 0.0010944631857693838, 0.0012323085576678755, 0.0013338146062309081], "mean_score_time": [0.0014870643615722656, 0.0011772632598876954, 0.0014860153198242188, 0.0016485691070556641, 0.0013322830200195312], "std_score_time": [0.00035023701929410824, 8.743344697040462e-05, 0.00031866130034221576, 0.00040300124806461556, 0.00027342663424320137]}, "score": 0.9483333333333333}, "LogisticRegression": {"params": {"classification__solver": "newton-cg", "classification__C": 100}, "times": {"mean_fit_time": [0.062212133407592775, 0.07728614807128906, 0.39570159912109376, 0.09595489501953125, 0.11382155418395996], "std_fit_time": [0.005291551328985059, 0.012053129365233098, 0.04231516062014472, 0.0260856099898859, 0.030544819550478913], "mean_score_time": [0.0019524097442626953, 0.0017503738403320313, 0.0022527694702148436, 0.0017919063568115235, 0.0017515659332275391], "std_score_time": [0.0005751175050428881, 0.00025969904361085354, 0.0004608881238573575, 0.00028252601221140925, 0.00022080982470343153]}, "score": 0.9916666666666668}}