{"[NN]NeuralNetwork": {"params": {"classification__epochs": 20, "classification__batch_size": 25}, "times": {"mean_fit_time": [5.1218366622924805, 4.467643451690674, 4.205021858215332, 4.7226848125457765, 3.9495606899261473, 4.714868545532227, 4.9561151504516605, 5.146715831756592, 5.034799003601075, 5.134059286117553], "std_fit_time": [0.8468473618314794, 0.9316092351092182, 0.8820192759892622, 0.8197516126744855, 0.5818715483985284, 0.6984228171294137, 1.1004734880180465, 1.011190737063871, 0.6714914892077393, 0.4773478306915963], "mean_score_time": [0.4310751914978027, 0.5644565105438233, 0.4648463249206543, 0.44733877182006837, 0.47258424758911133, 0.624903392791748, 0.5362533092498779, 0.5598580837249756, 0.6064907073974609, 0.5209273815155029], "std_score_time": [0.07118252280142885, 0.14937484629875153, 0.11949210721924174, 0.04784813444285982, 0.0677373416435269, 0.09403027661305417, 0.1745557515458146, 0.16302469423259686, 0.12553172517442748, 0.132780847105427]}, "score": 0.9857142857142858}, "RandomForestClassifier": {"params": {"classification__n_estimators": 400, "classification__min_samples_split": 5, "classification__min_samples_leaf": 1, "classification__max_features": "log2", "classification__max_depth": 50, "classification__bootstrap": false}, "times": {"mean_fit_time": [1.6995856761932373, 1.3433892250061035, 0.22202534675598146, 1.6775932788848877, 0.35047688484191897], "std_fit_time": [0.24465895491153383, 0.33249098119244797, 0.04524032904589348, 0.3321247562100489, 0.10207297987511305], "mean_score_time": [0.0029906749725341795, 0.002227926254272461, 0.001466655731201172, 0.0022468090057373045, 0.0017537117004394532], "std_score_time": [0.0017464050116854752, 0.0004989626074055592, 0.0002555064448026337, 0.0005063230064638501, 0.0003493087713639564]}, "score": 1.0}, "KNeighborsClassifier": {"params": {"classification__weights": "uniform", "classification__n_neighbors": 11, "classification__metric": "manhattan", "classification__leaf_size": 30}, "times": {"mean_fit_time": [0.04437479972839355, 0.055557537078857425, 0.04159421920776367, 0.0406700611114502, 0.029808187484741212], "std_fit_time": [0.008637369439090036, 0.007414768247040081, 0.006703370716104719, 0.010603183085713914, 0.0069273728975681225], "mean_score_time": [0.011119461059570313, 0.010948944091796874, 0.009765338897705079, 0.013577508926391601, 0.008896875381469726], "std_score_time": [0.0014729978853699557, 0.0017462070906373226, 0.0006659346220320978, 0.007433348103351334, 0.0012007664937226444]}, "score": 0.9916666666666668}, "ComplementNB": {"params": {"classification__alpha": 1.0}, "times": {"mean_fit_time": [0.004390335083007813, 0.004469776153564453, 0.005151891708374023, 0.005559396743774414, 0.007040262222290039], "std_fit_time": [0.0003055602721209002, 0.0007863455866330409, 0.0008217283239442815, 0.0008476769098605881, 0.00038938698685298353], "mean_score_time": [0.0011318683624267577, 0.0012924671173095703, 0.0014188766479492187, 0.0014966487884521484, 0.001760387420654297], "std_score_time": [2.2197576379100726e-05, 0.00020121042142485658, 0.00022103114612175088, 0.0002084213490745896, 4.9797554373076434e-05]}, "score": 0.9845238095238095}, "LogisticRegression": {"params": {"classification__solver": "newton-cg", "classification__C": 0.1}, "times": {"mean_fit_time": [0.43466711044311523, 0.0763624668121338, 0.07192602157592773, 0.0958641529083252, 0.09341893196105958], "std_fit_time": [0.034037089995139845, 0.02598612161565517, 0.04119165246885767, 0.024588446593804627, 0.02104720657211057], "mean_score_time": [0.002584075927734375, 0.0018892765045166015, 0.0015789031982421874, 0.0017578601837158203, 0.0017526626586914062], "std_score_time": [0.001340933200491554, 0.00039981680805036603, 0.00020604908824198366, 0.0003066292438252405, 0.00033308518951201833]}, "score": 1.0}}