{"[NN]NeuralNetwork": {"params": {"classification__epochs": 20, "classification__batch_size": 30}, "times": {"mean_fit_time": [5.035995674133301, 5.249216079711914, 4.386654329299927, 5.043882083892822, 4.6930571556091305, 4.847979593276977, 4.417698955535888, 6.3423583030700685, 4.919715166091919, 5.325054121017456], "std_fit_time": [0.3464221891659305, 0.4586342749180517, 0.9558083249240583, 0.7426525112617512, 0.9485340004160395, 0.7023951940946992, 0.4635918005430174, 0.9196026206215102, 0.8139717652121633, 0.5560191149802991], "mean_score_time": [0.6370547771453857, 0.5294476509094238, 0.690007495880127, 0.5858469009399414, 0.5781307697296143, 0.5012219905853271, 0.6345324516296387, 0.6485837936401367, 0.7133162975311279, 0.5441243648529053], "std_score_time": [0.13100428711092552, 0.14734723782892087, 0.08881874872289289, 0.1770679750680592, 0.08174382463945401, 0.0770850600185567, 0.09375517636127138, 0.15491558583419232, 0.10599288736629141, 0.1284857144041757]}, "score": 0.877968253968254}, "RandomForestClassifier": {"params": {"classification__n_estimators": 300, "classification__min_samples_split": 10, "classification__min_samples_leaf": 1, "classification__max_features": "log2", "classification__max_depth": 80, "classification__bootstrap": false}, "times": {"mean_fit_time": [1.0195680141448975, 1.3048457145690917, 0.8356201648712158], "std_fit_time": [0.0454300144694187, 0.05524121753350762, 0.07091932154681498], "mean_score_time": [0.002095746994018555, 0.0018297672271728516, 0.0018167495727539062], "std_score_time": [0.00017854106428145296, 6.284536466283378e-05, 0.0002051569915268297]}, "score": 0.9885714285714287}, "KNeighborsClassifier": {"params": {"classification__weights": "distance", "classification__n_neighbors": 15, "classification__metric": "minkowski", "classification__leaf_size": 20}, "times": {"mean_fit_time": [0.03727421760559082, 0.030167436599731444, 0.03284707069396973], "std_fit_time": [0.007369631051848567, 0.00956072478370585, 0.014312364516276802], "mean_score_time": [0.010006380081176759, 0.011646032333374023, 0.00964198112487793], "std_score_time": [0.0014532337757373252, 0.001447466938926007, 0.001510169994417884]}, "score": 0.2826666666666667}, "ComplementNB": {"params": {"classification__alpha": 0}, "times": {"mean_fit_time": [0.0053783893585205075, 0.004945898056030273, 0.006894588470458984], "std_fit_time": [0.0011362727685875391, 0.0009542055152646805, 0.0010893186506279382], "mean_score_time": [0.001526784896850586, 0.0014209747314453125, 0.0015055179595947266], "std_score_time": [0.00045969558883636496, 0.0002382784908721942, 0.00021332303548804628]}, "score": 0.6885714285714285}, "LogisticRegression": {"params": {"classification__solver": "lbfgs", "classification__C": 0.01}, "times": {"mean_fit_time": [0.8269043922424316, 0.37214069366455077, 0.36687483787536623], "std_fit_time": [0.04655911787145768, 0.019176015480022242, 0.007477513117828097], "mean_score_time": [0.04008007049560547, 0.0023759841918945313, 0.001904439926147461], "std_score_time": [0.013039764243079887, 0.0009110102331878113, 0.00022404839200002667]}, "score": 0.8152380952380952}}