{"[NN]NeuralNetwork": {"params": {"classification__epochs": 15, "classification__batch_size": 20}, "times": {"mean_fit_time": [5.130638217926025, 5.940689611434936, 4.169654655456543, 6.508594942092896, 6.486744451522827, 5.932887029647827, 5.239971494674682, 5.034815835952759, 5.662999105453491, 5.652716779708863], "std_fit_time": [0.7600878320136208, 1.3604794352157152, 0.5982241023026214, 1.4105171115667807, 0.47702362985029106, 1.08560625647412, 1.0560693447142295, 1.3393428044234557, 1.2056458590936445, 1.1030722773047745], "mean_score_time": [0.5999810695648193, 0.5821521759033204, 0.657858419418335, 0.4277649402618408, 0.5395300388336182, 0.4492980480194092, 0.6439423084259033, 0.5720540046691894, 0.5626509666442872, 0.6050695419311524], "std_score_time": [0.12318028611817755, 0.05552263553260353, 0.15734152068498614, 0.07309801479267392, 0.11291843018894625, 0.08096765204900988, 0.2967119949199499, 0.16061897643951004, 0.21350123179060146, 0.20716195283985328]}, "score": 0.8761529581529583}, "RandomForestClassifier": {"params": {"classification__n_estimators": 1000, "classification__min_samples_split": 2, "classification__min_samples_leaf": 2, "classification__max_features": "log2", "classification__max_depth": 70, "classification__bootstrap": false}, "times": {"mean_fit_time": [0.06908020973205567, 3.294261169433594, 3.374785804748535], "std_fit_time": [0.008768221607900488, 0.19667125841823108, 0.12669903287496373], "mean_score_time": [0.0013232231140136719, 0.004086685180664062, 0.004361534118652343], "std_score_time": [0.0001433008716331404, 0.0005202409522686183, 0.0014212614256670672]}, "score": 0.9486666666666667}, "KNeighborsClassifier": {"params": {"classification__weights": "uniform", "classification__n_neighbors": 1, "classification__metric": "manhattan", "classification__leaf_size": 13}, "times": {"mean_fit_time": [0.02338414192199707, 0.023894643783569335, 0.03336963653564453], "std_fit_time": [0.005054936683357514, 0.004742438043613205, 0.004633694580932276], "mean_score_time": [0.00887613296508789, 0.009376335144042968, 0.008916997909545898], "std_score_time": [0.0007971435311479458, 0.0009552537284953419, 0.00037069976983370936]}, "score": 0.9406666666666667}, "ComplementNB": {"params": {"classification__alpha": 0}, "times": {"mean_fit_time": [0.005461788177490235, 0.004271125793457032, 0.007206058502197266], "std_fit_time": [0.002170779303514506, 0.0005988062595386664, 0.0008781392583538126], "mean_score_time": [0.001298809051513672, 0.0013902664184570312, 0.0014173030853271485], "std_score_time": [0.00025774813211381216, 0.0005245003782949645, 0.00019878915067093303]}, "score": 0.7346666666666668}, "LogisticRegression": {"params": {"classification__solver": "newton-cg", "classification__C": 10}, "times": {"mean_fit_time": [0.9537006378173828, 0.1750133991241455, 0.35100998878479006], "std_fit_time": [0.15668558657306922, 0.05160183284725721, 0.08024695329024163], "mean_score_time": [0.03852100372314453, 0.0018712520599365235, 0.0019768714904785157], "std_score_time": [0.00255361909771992, 0.0002719065212029448, 0.0005058646189445909]}, "score": 0.7913333333333332}}