{"[NN]NeuralNetwork": {"params": {"classification__epochs": 20, "classification__batch_size": 20}, "times": {"mean_fit_time": [4.406467056274414, 3.8102609157562255, 3.5448300361633303, 3.0376302719116213, 3.4568267345428465, 3.87040753364563, 2.918144941329956, 3.7543188095092774, 3.4909738063812257, 3.3534598350524902], "std_fit_time": [0.5333557395752856, 0.6671712724018353, 0.6550116562621247, 0.5040103515093818, 0.45758632316224085, 0.45716968763466737, 0.30756459876516967, 0.4591426481922367, 0.5145375350160182, 0.36035646603571775], "mean_score_time": [0.4310897350311279, 0.30396323204040526, 0.3603517055511475, 0.3966170310974121, 0.3618493556976318, 0.3393911361694336, 0.43439908027648927, 0.26573853492736815, 0.33222332000732424, 0.3220658302307129], "std_score_time": [0.15181597770092722, 0.05207534413741645, 0.10162033545097464, 0.0605259964281757, 0.20768889102282095, 0.2172817384165868, 0.1562488175871048, 0.06411569305924976, 0.07766603467361594, 0.07470254630443034]}, "score": 0.884968253968254}, "RandomForestClassifier": {"params": {"classification__n_estimators": 50, "classification__min_samples_split": 5, "classification__min_samples_leaf": 1, "classification__max_features": "sqrt", "classification__max_depth": null, "classification__bootstrap": true}, "times": {"mean_fit_time": [0.07093267440795899, 1.82501220703125, 0.09243721961975097], "std_fit_time": [0.004859015151522861, 0.033696680765518315, 0.015356034754405855], "mean_score_time": [0.001327180862426758, 0.002627706527709961, 0.0012012004852294921], "std_score_time": [0.00021771449955824984, 0.001440980981792463, 7.584640248883602e-05]}, "score": 0.9800000000000001}, "KNeighborsClassifier": {"params": {"classification__weights": "uniform", "classification__n_neighbors": 19, "classification__metric": "minkowski", "classification__leaf_size": 20}, "times": {"mean_fit_time": [0.042828369140625, 0.044985294342041016, 0.032242345809936526], "std_fit_time": [0.009675518702286692, 0.015664558660874392, 0.013420573415497768], "mean_score_time": [0.013846492767333985, 0.009686422348022462, 0.008313512802124024], "std_score_time": [0.0040118935347338664, 0.0014005961425320008, 0.0007205599344772984]}, "score": 0.9246666666666666}, "ComplementNB": {"params": {"classification__alpha": 0}, "times": {"mean_fit_time": [0.004515361785888672, 0.005765676498413086, 0.007696819305419922], "std_fit_time": [0.001355614062972652, 0.0014926919951144602, 0.001413995894555274], "mean_score_time": [0.0014032363891601563, 0.001799154281616211, 0.0016136646270751953], "std_score_time": [0.00021731549934154675, 0.0007951007950559072, 0.0003475516332143453]}, "score": 0.8033333333333333}, "LogisticRegression": {"params": {"classification__solver": "newton-cg", "classification__C": 0.01}, "times": {"mean_fit_time": [0.8373385429382324, 0.44374904632568357, 1.3171210289001465], "std_fit_time": [0.12777963114029506, 0.24797737883358953, 0.2502655603085003], "mean_score_time": [0.038883399963378903, 0.002245187759399414, 0.003423643112182617], "std_score_time": [0.003059297283704906, 0.0007462847796075424, 0.0010390992356951797]}, "score": 0.9006666666666666}}