{"[NN]NeuralNetwork": {"params": {"classification__epochs": 15, "classification__batch_size": 20}, "times": {"mean_fit_time": [3.5669167041778564, 4.708787155151367, 3.395046758651733, 3.878285121917725, 3.691869688034058, 3.837533950805664, 3.106131887435913, 3.8138092041015623, 3.8556650638580323, 3.820971727371216], "std_fit_time": [0.22555433322546434, 0.8549881170547634, 0.4739364558761082, 0.37965758107272723, 1.092907989656647, 0.37608263831078836, 0.4025732510604526, 0.8408305161415506, 1.0648454857359608, 0.47204599649689405], "mean_score_time": [0.4285441398620605, 0.2898860454559326, 0.39741878509521483, 0.34890027046203614, 0.2765812873840332, 0.3279013156890869, 0.3556812286376953, 0.32344679832458495, 0.20305294990539552, 0.2887720108032227], "std_score_time": [0.1385878621957048, 0.09618561041049958, 0.07736779421678772, 0.03209253492288534, 0.19732543136530387, 0.10656241720930247, 0.07881335833071101, 0.13701152323051832, 0.03624016769572316, 0.07611160354483362]}, "score": 0.8761529581529583}, "RandomForestClassifier": {"params": {"classification__n_estimators": 1000, "classification__min_samples_split": 2, "classification__min_samples_leaf": 2, "classification__max_features": "log2", "classification__max_depth": 70, "classification__bootstrap": false}, "times": {"mean_fit_time": [0.07845325469970703, 3.381772756576538, 3.4267311096191406], "std_fit_time": [0.007755712100060029, 0.10952154306414685, 0.12601733460661654], "mean_score_time": [0.0014986038208007813, 0.004971599578857422, 0.003572511672973633], "std_score_time": [0.00019420861540781167, 0.0006687809454148006, 0.001080846581391919]}, "score": 0.9486666666666667}, "KNeighborsClassifier": {"params": {"classification__weights": "uniform", "classification__n_neighbors": 1, "classification__metric": "manhattan", "classification__leaf_size": 13}, "times": {"mean_fit_time": [0.06257281303405762, 0.09410333633422852, 0.05717935562133789], "std_fit_time": [0.013218751687007348, 0.027248787500181625, 0.01702461087764332], "mean_score_time": [0.04475860595703125, 0.0724207878112793, 0.023113489151000977], "std_score_time": [0.026549150152436033, 0.031484313458661206, 0.006979411179311141]}, "score": 0.9406666666666667}, "ComplementNB": {"params": {"classification__alpha": 0}, "times": {"mean_fit_time": [0.00969228744506836, 0.020204877853393553, 0.012793922424316406], "std_fit_time": [0.0016024063329077138, 0.010938895455242523, 0.0041239033121301975], "mean_score_time": [0.002703094482421875, 0.0024935722351074217, 0.002850770950317383], "std_score_time": [0.0007690007505910384, 0.00026459536222839437, 0.0016326088751273142]}, "score": 0.7346666666666668}, "LogisticRegression": {"params": {"classification__solver": "newton-cg", "classification__C": 10}, "times": {"mean_fit_time": [3.2337212562561035, 0.591439962387085, 1.22922043800354], "std_fit_time": [0.8513989836180961, 0.10327596574695382, 0.1733064721838251], "mean_score_time": [0.08285861015319824, 0.01008610725402832, 0.003799629211425781], "std_score_time": [0.02535329379849025, 0.005302008404604099, 0.001827298401852629]}, "score": 0.7913333333333332}}