{"name": "RandomForestClassifier-doh_8.8.4.4-padding_random_block_both-2", "balanced_accuracy": 0.7822330447330448, "classification_report": {"alexa_swan_kettle": {"precision": 1.0, "recall": 1.0, "f1-score": 1.0, "support": 5}, "aqara_hubM2": {"precision": 0.0, "recall": 0.0, "f1-score": 0.0, "support": 6}, "arlo_camera_pro4": {"precision": 1.0, "recall": 1.0, "f1-score": 1.0, "support": 6}, "boifun_baby": {"precision": 0.9090909090909091, "recall": 1.0, "f1-score": 0.9523809523809523, "support": 10}, "bose_speaker": {"precision": 0.8333333333333334, "recall": 0.9090909090909091, "f1-score": 0.8695652173913043, "support": 11}, "cosori_air_fryer": {"precision": 0.45454545454545453, "recall": 0.625, "f1-score": 0.5263157894736842, "support": 8}, "echodot5": {"precision": 0.875, "recall": 0.7, "f1-score": 0.7777777777777777, "support": 10}, "google_nest_doorbell": {"precision": 0.8, "recall": 0.5714285714285714, "f1-score": 0.6666666666666666, "support": 7}, "google_nest_hub": {"precision": 0.8, "recall": 0.8, "f1-score": 0.8000000000000002, "support": 10}, "govee_strip_light": {"precision": 0.9230769230769231, "recall": 1.0, "f1-score": 0.9600000000000001, "support": 12}, "iROBOT_roomba": {"precision": 1.0, "recall": 0.09090909090909091, "f1-score": 0.16666666666666669, "support": 11}, "nest_cam": {"precision": 0.7777777777777778, "recall": 1.0, "f1-score": 0.8750000000000001, "support": 7}, "netatmo_weather_station": {"precision": 0.2, "recall": 1.0, "f1-score": 0.33333333333333337, "support": 4}, "petsafe_feeder": {"precision": 0.6, "recall": 0.42857142857142855, "f1-score": 0.5, "support": 7}, "ring_chime_pro": {"precision": 0.8666666666666667, "recall": 0.9285714285714286, "f1-score": 0.896551724137931, "support": 14}, "simplicam": {"precision": 0.9090909090909091, "recall": 1.0, "f1-score": 0.9523809523809523, "support": 10}, "sonos_speaker": {"precision": 1.0, "recall": 0.875, "f1-score": 0.9333333333333333, "support": 8}, "switchbot_hub_mini_1": {"precision": 0.8, "recall": 1.0, "f1-score": 0.888888888888889, "support": 8}, "vtech_baby_monitor": {"precision": 1.0, "recall": 0.9166666666666666, "f1-score": 0.9565217391304348, "support": 12}, "withings_sleep_analyser": {"precision": 0.8888888888888888, "recall": 0.8888888888888888, "f1-score": 0.8888888888888888, "support": 9}, "wiz_smart_bulb": {"precision": 0.8571428571428571, "recall": 0.6, "f1-score": 0.7058823529411764, "support": 10}, "wyze_cam_pan_v2": {"precision": 1.0, "recall": 0.875, "f1-score": 0.9333333333333333, "support": 8}, "accuracy": 0.7875647668393783, "macro avg": {"precision": 0.7952097145278963, "recall": 0.7822330447330448, "f1-score": 0.753794891669333, "support": 193}, "weighted avg": {"precision": 0.8288133570516991, "recall": 0.7875647668393783, "f1-score": 0.775713610607132, "support": 193}}}
