{"name": "RandomForestClassifier-doh_8.8.4.4-padding_128_bytes_both-0", "balanced_accuracy": 0.7953262015762017, "classification_report": {"alexa_swan_kettle": {"precision": 0.9090909090909091, "recall": 1.0, "f1-score": 0.9523809523809523, "support": 10}, "aqara_hubM2": {"precision": 0.0, "recall": 0.0, "f1-score": 0.0, "support": 4}, "arlo_camera_pro4": {"precision": 1.0, "recall": 1.0, "f1-score": 1.0, "support": 5}, "boifun_baby": {"precision": 0.875, "recall": 1.0, "f1-score": 0.9333333333333333, "support": 7}, "bose_speaker": {"precision": 1.0, "recall": 0.75, "f1-score": 0.8571428571428571, "support": 4}, "cosori_air_fryer": {"precision": 0.5454545454545454, "recall": 0.6, "f1-score": 0.5714285714285713, "support": 10}, "echodot5": {"precision": 0.7142857142857143, "recall": 0.7142857142857143, "f1-score": 0.7142857142857143, "support": 7}, "google_nest_doorbell": {"precision": 1.0, "recall": 0.8125, "f1-score": 0.896551724137931, "support": 16}, "google_nest_hub": {"precision": 0.9166666666666666, "recall": 0.9166666666666666, "f1-score": 0.9166666666666666, "support": 12}, "govee_strip_light": {"precision": 0.9090909090909091, "recall": 1.0, "f1-score": 0.9523809523809523, "support": 10}, "iROBOT_roomba": {"precision": 1.0, "recall": 0.25, "f1-score": 0.4, "support": 8}, "nest_cam": {"precision": 0.9090909090909091, "recall": 0.7692307692307693, "f1-score": 0.8333333333333333, "support": 13}, "netatmo_weather_station": {"precision": 0.2857142857142857, "recall": 1.0, "f1-score": 0.4444444444444445, "support": 4}, "petsafe_feeder": {"precision": 0.875, "recall": 0.5384615384615384, "f1-score": 0.6666666666666667, "support": 13}, "ring_chime_pro": {"precision": 0.7777777777777778, "recall": 1.0, "f1-score": 0.8750000000000001, "support": 7}, "simplicam": {"precision": 1.0, "recall": 1.0, "f1-score": 1.0, "support": 10}, "sonos_speaker": {"precision": 0.6666666666666666, "recall": 0.8, "f1-score": 0.7272727272727272, "support": 5}, "switchbot_hub_mini_1": {"precision": 0.6, "recall": 0.8571428571428571, "f1-score": 0.7058823529411764, "support": 7}, "vtech_baby_monitor": {"precision": 1.0, "recall": 1.0, "f1-score": 1.0, "support": 9}, "withings_sleep_analyser": {"precision": 1.0, "recall": 0.8888888888888888, "f1-score": 0.9411764705882353, "support": 9}, "wiz_smart_bulb": {"precision": 0.6, "recall": 0.6, "f1-score": 0.6, "support": 10}, "wyze_cam_pan_v2": {"precision": 0.8666666666666667, "recall": 1.0, "f1-score": 0.9285714285714286, "support": 13}, "accuracy": 0.8082901554404145, "macro avg": {"precision": 0.7932047750229568, "recall": 0.7953262015762017, "f1-score": 0.7689326452534085, "support": 193}, "weighted avg": {"precision": 0.8359681193878086, "recall": 0.8082901554404145, "f1-score": 0.8020257606293719, "support": 193}}}
