{"name": "RandomForestClassifier-dot_8.8.8.8-padding_random_block_up-4", "balanced_accuracy": 0.8079704386522568, "classification_report": {"alexa_swan_kettle": {"precision": 0.8, "recall": 1.0, "f1-score": 0.888888888888889, "support": 4}, "aqara_hubM2": {"precision": 0.0, "recall": 0.0, "f1-score": 0.0, "support": 10}, "arlo_camera_pro4": {"precision": 1.0, "recall": 1.0, "f1-score": 1.0, "support": 9}, "boifun_baby": {"precision": 0.8461538461538461, "recall": 1.0, "f1-score": 0.9166666666666666, "support": 11}, "bose_speaker": {"precision": 1.0, "recall": 1.0, "f1-score": 1.0, "support": 5}, "cosori_air_fryer": {"precision": 0.5555555555555556, "recall": 0.625, "f1-score": 0.5882352941176471, "support": 8}, "echodot5": {"precision": 0.8888888888888888, "recall": 0.7272727272727273, "f1-score": 0.7999999999999999, "support": 11}, "google_nest_doorbell": {"precision": 0.9, "recall": 0.9, "f1-score": 0.9, "support": 10}, "google_nest_hub": {"precision": 0.8181818181818182, "recall": 1.0, "f1-score": 0.9, "support": 9}, "govee_strip_light": {"precision": 1.0, "recall": 1.0, "f1-score": 1.0, "support": 14}, "iROBOT_roomba": {"precision": 0.0, "recall": 0.0, "f1-score": 0.0, "support": 10}, "nest_cam": {"precision": 1.0, "recall": 0.875, "f1-score": 0.9333333333333333, "support": 8}, "netatmo_weather_station": {"precision": 0.17391304347826086, "recall": 1.0, "f1-score": 0.29629629629629634, "support": 4}, "petsafe_feeder": {"precision": 1.0, "recall": 0.2, "f1-score": 0.33333333333333337, "support": 10}, "ring_chime_pro": {"precision": 1.0, "recall": 1.0, "f1-score": 1.0, "support": 9}, "simplicam": {"precision": 0.75, "recall": 1.0, "f1-score": 0.8571428571428571, "support": 3}, "sonos_speaker": {"precision": 1.0, "recall": 0.9230769230769231, "f1-score": 0.9600000000000001, "support": 13}, "switchbot_hub_mini_1": {"precision": 0.631578947368421, "recall": 1.0, "f1-score": 0.7741935483870968, "support": 12}, "vtech_baby_monitor": {"precision": 1.0, "recall": 1.0, "f1-score": 1.0, "support": 8}, "withings_sleep_analyser": {"precision": 0.875, "recall": 1.0, "f1-score": 0.9333333333333333, "support": 7}, "wiz_smart_bulb": {"precision": 0.7142857142857143, "recall": 0.625, "f1-score": 0.6666666666666666, "support": 8}, "wyze_cam_pan_v2": {"precision": 1.0, "recall": 0.9, "f1-score": 0.9473684210526316, "support": 10}, "accuracy": 0.7875647668393783, "macro avg": {"precision": 0.7706162642687502, "recall": 0.8079704386522568, "f1-score": 0.7588844836008523, "support": 193}, "weighted avg": {"precision": 0.7847535551822318, "recall": 0.7875647668393783, "f1-score": 0.7612023754211502, "support": 193}}}
