{"name": "RandomForestClassifier-doh_8.8.4.4-iat_only-8", "balanced_accuracy": 0.6820510297783025, "classification_report": {"alexa_swan_kettle": {"precision": 0.8888888888888888, "recall": 0.8888888888888888, "f1-score": 0.8888888888888888, "support": 9}, "aqara_hubM2": {"precision": 0.0, "recall": 0.0, "f1-score": 0.0, "support": 7}, "arlo_camera_pro4": {"precision": 1.0, "recall": 0.75, "f1-score": 0.8571428571428571, "support": 12}, "boifun_baby": {"precision": 0.5454545454545454, "recall": 0.8571428571428571, "f1-score": 0.6666666666666665, "support": 7}, "bose_speaker": {"precision": 0.375, "recall": 0.3333333333333333, "f1-score": 0.35294117647058826, "support": 9}, "cosori_air_fryer": {"precision": 0.4, "recall": 1.0, "f1-score": 0.5714285714285715, "support": 6}, "echodot5": {"precision": 0.2222222222222222, "recall": 0.8, "f1-score": 0.3478260869565218, "support": 5}, "google_nest_doorbell": {"precision": 0.8461538461538461, "recall": 0.9166666666666666, "f1-score": 0.8799999999999999, "support": 12}, "google_nest_hub": {"precision": 1.0, "recall": 0.5, "f1-score": 0.6666666666666666, "support": 8}, "govee_strip_light": {"precision": 1.0, "recall": 1.0, "f1-score": 1.0, "support": 15}, "iROBOT_roomba": {"precision": 0.0, "recall": 0.0, "f1-score": 0.0, "support": 6}, "nest_cam": {"precision": 0.6, "recall": 0.25, "f1-score": 0.35294117647058826, "support": 12}, "netatmo_weather_station": {"precision": 0.3076923076923077, "recall": 1.0, "f1-score": 0.47058823529411764, "support": 4}, "petsafe_feeder": {"precision": 1.0, "recall": 0.16666666666666666, "f1-score": 0.2857142857142857, "support": 12}, "ring_chime_pro": {"precision": 1.0, "recall": 0.3, "f1-score": 0.4615384615384615, "support": 10}, "simplicam": {"precision": 0.8333333333333334, "recall": 1.0, "f1-score": 0.9090909090909091, "support": 5}, "sonos_speaker": {"precision": 0.875, "recall": 0.7777777777777778, "f1-score": 0.823529411764706, "support": 9}, "switchbot_hub_mini_1": {"precision": 0.6666666666666666, "recall": 1.0, "f1-score": 0.8, "support": 8}, "vtech_baby_monitor": {"precision": 0.9090909090909091, "recall": 1.0, "f1-score": 0.9523809523809523, "support": 10}, "withings_sleep_analyser": {"precision": 0.6363636363636364, "recall": 1.0, "f1-score": 0.7777777777777778, "support": 7}, "wiz_smart_bulb": {"precision": 0.8333333333333334, "recall": 0.5555555555555556, "f1-score": 0.6666666666666667, "support": 9}, "wyze_cam_pan_v2": {"precision": 0.7142857142857143, "recall": 0.9090909090909091, "f1-score": 0.8, "support": 11}, "accuracy": 0.6735751295336787, "macro avg": {"precision": 0.6660675183402455, "recall": 0.6820510297783025, "f1-score": 0.6150813086781467, "support": 193}, "weighted avg": {"precision": 0.7283238638160917, "recall": 0.6735751295336787, "f1-score": 0.6449583578221453, "support": 193}}}
