{"name": "RandomForestClassifier-doh_1.1.1.1-iat_only-0", "balanced_accuracy": 0.6885808635808637, "classification_report": {"alexa_swan_kettle": {"precision": 1.0, "recall": 1.0, "f1-score": 1.0, "support": 10}, "aqara_hubM2": {"precision": 0.0, "recall": 0.0, "f1-score": 0.0, "support": 4}, "arlo_camera_pro4": {"precision": 1.0, "recall": 1.0, "f1-score": 1.0, "support": 5}, "boifun_baby": {"precision": 0.42857142857142855, "recall": 0.8571428571428571, "f1-score": 0.5714285714285714, "support": 7}, "bose_speaker": {"precision": 0.375, "recall": 0.75, "f1-score": 0.5, "support": 4}, "cosori_air_fryer": {"precision": 0.42857142857142855, "recall": 0.6, "f1-score": 0.5, "support": 10}, "echodot5": {"precision": 0.5, "recall": 0.14285714285714285, "f1-score": 0.22222222222222224, "support": 7}, "google_nest_doorbell": {"precision": 0.8571428571428571, "recall": 0.75, "f1-score": 0.7999999999999999, "support": 16}, "google_nest_hub": {"precision": 1.0, "recall": 0.75, "f1-score": 0.8571428571428571, "support": 12}, "govee_strip_light": {"precision": 1.0, "recall": 1.0, "f1-score": 1.0, "support": 10}, "iROBOT_roomba": {"precision": 0.0, "recall": 0.0, "f1-score": 0.0, "support": 8}, "nest_cam": {"precision": 0.75, "recall": 0.23076923076923078, "f1-score": 0.3529411764705882, "support": 13}, "netatmo_weather_station": {"precision": 0.25, "recall": 1.0, "f1-score": 0.4, "support": 4}, "petsafe_feeder": {"precision": 0.8571428571428571, "recall": 0.46153846153846156, "f1-score": 0.6, "support": 13}, "ring_chime_pro": {"precision": 0.35714285714285715, "recall": 0.7142857142857143, "f1-score": 0.4761904761904762, "support": 7}, "simplicam": {"precision": 1.0, "recall": 1.0, "f1-score": 1.0, "support": 10}, "sonos_speaker": {"precision": 0.8, "recall": 0.8, "f1-score": 0.8000000000000002, "support": 5}, "switchbot_hub_mini_1": {"precision": 0.5454545454545454, "recall": 0.8571428571428571, "f1-score": 0.6666666666666665, "support": 7}, "vtech_baby_monitor": {"precision": 1.0, "recall": 0.8888888888888888, "f1-score": 0.9411764705882353, "support": 9}, "withings_sleep_analyser": {"precision": 1.0, "recall": 1.0, "f1-score": 1.0, "support": 9}, "wiz_smart_bulb": {"precision": 0.625, "recall": 0.5, "f1-score": 0.5555555555555556, "support": 10}, "wyze_cam_pan_v2": {"precision": 0.7333333333333333, "recall": 0.8461538461538461, "f1-score": 0.7857142857142856, "support": 13}, "accuracy": 0.689119170984456, "macro avg": {"precision": 0.6594254230617866, "recall": 0.6885808635808637, "f1-score": 0.6376835582717935, "support": 193}, "weighted avg": {"precision": 0.7201780947894937, "recall": 0.689119170984456, "f1-score": 0.6729012157540045, "support": 193}}}
