{"name": "RandomForestClassifier-doh_1.1.1.1-padding_random_block_down-4", "balanced_accuracy": 0.8135232192050375, "classification_report": {"alexa_swan_kettle": {"precision": 0.8, "recall": 1.0, "f1-score": 0.888888888888889, "support": 4}, "aqara_hubM2": {"precision": 0.0, "recall": 0.0, "f1-score": 0.0, "support": 10}, "arlo_camera_pro4": {"precision": 1.0, "recall": 1.0, "f1-score": 1.0, "support": 9}, "boifun_baby": {"precision": 1.0, "recall": 1.0, "f1-score": 1.0, "support": 11}, "bose_speaker": {"precision": 1.0, "recall": 1.0, "f1-score": 1.0, "support": 5}, "cosori_air_fryer": {"precision": 0.6, "recall": 0.75, "f1-score": 0.6666666666666665, "support": 8}, "echodot5": {"precision": 1.0, "recall": 0.7272727272727273, "f1-score": 0.8421052631578948, "support": 11}, "google_nest_doorbell": {"precision": 1.0, "recall": 1.0, "f1-score": 1.0, "support": 10}, "google_nest_hub": {"precision": 1.0, "recall": 1.0, "f1-score": 1.0, "support": 9}, "govee_strip_light": {"precision": 1.0, "recall": 0.9285714285714286, "f1-score": 0.962962962962963, "support": 14}, "iROBOT_roomba": {"precision": 0.43478260869565216, "recall": 1.0, "f1-score": 0.6060606060606061, "support": 10}, "nest_cam": {"precision": 1.0, "recall": 1.0, "f1-score": 1.0, "support": 8}, "netatmo_weather_station": {"precision": 0.0, "recall": 0.0, "f1-score": 0.0, "support": 4}, "petsafe_feeder": {"precision": 1.0, "recall": 0.2, "f1-score": 0.33333333333333337, "support": 10}, "ring_chime_pro": {"precision": 1.0, "recall": 1.0, "f1-score": 1.0, "support": 9}, "simplicam": {"precision": 0.6666666666666666, "recall": 0.6666666666666666, "f1-score": 0.6666666666666666, "support": 3}, "sonos_speaker": {"precision": 0.8125, "recall": 1.0, "f1-score": 0.896551724137931, "support": 13}, "switchbot_hub_mini_1": {"precision": 0.631578947368421, "recall": 1.0, "f1-score": 0.7741935483870968, "support": 12}, "vtech_baby_monitor": {"precision": 1.0, "recall": 1.0, "f1-score": 1.0, "support": 8}, "withings_sleep_analyser": {"precision": 0.875, "recall": 1.0, "f1-score": 0.9333333333333333, "support": 7}, "wiz_smart_bulb": {"precision": 0.7142857142857143, "recall": 0.625, "f1-score": 0.6666666666666666, "support": 8}, "wyze_cam_pan_v2": {"precision": 1.0, "recall": 1.0, "f1-score": 1.0, "support": 10}, "accuracy": 0.8341968911917098, "macro avg": {"precision": 0.7970369971371116, "recall": 0.8135232192050375, "f1-score": 0.7835195300119113, "support": 193}, "weighted avg": {"precision": 0.820355228858359, "recall": 0.8341968911917098, "f1-score": 0.8022778721251376, "support": 193}}}
