{"name": "RandomForestClassifier-doh_8.8.4.4-padding_random_block_both-0", "balanced_accuracy": 0.7890484515484516, "classification_report": {"alexa_swan_kettle": {"precision": 1.0, "recall": 1.0, "f1-score": 1.0, "support": 10}, "aqara_hubM2": {"precision": 0.5, "recall": 0.25, "f1-score": 0.3333333333333333, "support": 4}, "arlo_camera_pro4": {"precision": 1.0, "recall": 1.0, "f1-score": 1.0, "support": 5}, "boifun_baby": {"precision": 0.875, "recall": 1.0, "f1-score": 0.9333333333333333, "support": 7}, "bose_speaker": {"precision": 1.0, "recall": 0.75, "f1-score": 0.8571428571428571, "support": 4}, "cosori_air_fryer": {"precision": 0.4166666666666667, "recall": 0.5, "f1-score": 0.45454545454545453, "support": 10}, "echodot5": {"precision": 0.6666666666666666, "recall": 0.8571428571428571, "f1-score": 0.75, "support": 7}, "google_nest_doorbell": {"precision": 0.875, "recall": 0.875, "f1-score": 0.875, "support": 16}, "google_nest_hub": {"precision": 0.8571428571428571, "recall": 1.0, "f1-score": 0.923076923076923, "support": 12}, "govee_strip_light": {"precision": 1.0, "recall": 1.0, "f1-score": 1.0, "support": 10}, "iROBOT_roomba": {"precision": 0.0, "recall": 0.0, "f1-score": 0.0, "support": 8}, "nest_cam": {"precision": 0.9, "recall": 0.6923076923076923, "f1-score": 0.7826086956521738, "support": 13}, "netatmo_weather_station": {"precision": 0.21428571428571427, "recall": 0.75, "f1-score": 0.3333333333333333, "support": 4}, "petsafe_feeder": {"precision": 0.75, "recall": 0.46153846153846156, "f1-score": 0.5714285714285714, "support": 13}, "ring_chime_pro": {"precision": 1.0, "recall": 1.0, "f1-score": 1.0, "support": 7}, "simplicam": {"precision": 1.0, "recall": 1.0, "f1-score": 1.0, "support": 10}, "sonos_speaker": {"precision": 1.0, "recall": 0.8, "f1-score": 0.888888888888889, "support": 5}, "switchbot_hub_mini_1": {"precision": 0.6363636363636364, "recall": 1.0, "f1-score": 0.7777777777777778, "support": 7}, "vtech_baby_monitor": {"precision": 1.0, "recall": 1.0, "f1-score": 1.0, "support": 9}, "withings_sleep_analyser": {"precision": 0.9, "recall": 1.0, "f1-score": 0.9473684210526316, "support": 9}, "wiz_smart_bulb": {"precision": 0.5555555555555556, "recall": 0.5, "f1-score": 0.5263157894736842, "support": 10}, "wyze_cam_pan_v2": {"precision": 1.0, "recall": 0.9230769230769231, "f1-score": 0.9600000000000001, "support": 13}, "accuracy": 0.7979274611398963, "macro avg": {"precision": 0.7793945953036862, "recall": 0.7890484515484516, "f1-score": 0.7688251535926802, "support": 193}, "weighted avg": {"precision": 0.8013538418978832, "recall": 0.7979274611398963, "f1-score": 0.7889212232958454, "support": 193}}}
