{"name": "RandomForestClassifier-doh_8.8.4.4-padding_128_bytes_down-7", "balanced_accuracy": 0.7697631913541005, "classification_report": {"alexa_swan_kettle": {"precision": 0.8888888888888888, "recall": 1.0, "f1-score": 0.9411764705882353, "support": 8}, "aqara_hubM2": {"precision": 0.0, "recall": 0.0, "f1-score": 0.0, "support": 6}, "arlo_camera_pro4": {"precision": 1.0, "recall": 1.0, "f1-score": 1.0, "support": 11}, "boifun_baby": {"precision": 1.0, "recall": 1.0, "f1-score": 1.0, "support": 9}, "bose_speaker": {"precision": 1.0, "recall": 0.4, "f1-score": 0.5714285714285715, "support": 5}, "cosori_air_fryer": {"precision": 0.5833333333333334, "recall": 0.7, "f1-score": 0.6363636363636365, "support": 10}, "echodot5": {"precision": 0.8333333333333334, "recall": 1.0, "f1-score": 0.9090909090909091, "support": 5}, "google_nest_doorbell": {"precision": 1.0, "recall": 0.5, "f1-score": 0.6666666666666666, "support": 10}, "google_nest_hub": {"precision": 0.625, "recall": 0.8333333333333334, "f1-score": 0.7142857142857143, "support": 6}, "govee_strip_light": {"precision": 1.0, "recall": 1.0, "f1-score": 1.0, "support": 8}, "iROBOT_roomba": {"precision": 1.0, "recall": 0.16666666666666666, "f1-score": 0.2857142857142857, "support": 12}, "nest_cam": {"precision": 1.0, "recall": 0.8461538461538461, "f1-score": 0.9166666666666666, "support": 13}, "netatmo_weather_station": {"precision": 0.2, "recall": 1.0, "f1-score": 0.33333333333333337, "support": 4}, "petsafe_feeder": {"precision": 0.5714285714285714, "recall": 0.36363636363636365, "f1-score": 0.4444444444444444, "support": 11}, "ring_chime_pro": {"precision": 0.6363636363636364, "recall": 1.0, "f1-score": 0.7777777777777778, "support": 7}, "simplicam": {"precision": 1.0, "recall": 1.0, "f1-score": 1.0, "support": 8}, "sonos_speaker": {"precision": 0.8888888888888888, "recall": 1.0, "f1-score": 0.9411764705882353, "support": 8}, "switchbot_hub_mini_1": {"precision": 0.6666666666666666, "recall": 0.8333333333333334, "f1-score": 0.7407407407407408, "support": 12}, "vtech_baby_monitor": {"precision": 1.0, "recall": 1.0, "f1-score": 1.0, "support": 8}, "withings_sleep_analyser": {"precision": 1.0, "recall": 1.0, "f1-score": 1.0, "support": 12}, "wiz_smart_bulb": {"precision": 0.5, "recall": 0.375, "f1-score": 0.42857142857142855, "support": 8}, "wyze_cam_pan_v2": {"precision": 0.7857142857142857, "recall": 0.9166666666666666, "f1-score": 0.8461538461538461, "support": 12}, "accuracy": 0.7668393782383419, "macro avg": {"precision": 0.7808917093008002, "recall": 0.7697631913541005, "f1-score": 0.7342541346552042, "support": 193}, "weighted avg": {"precision": 0.8131660797463905, "recall": 0.7668393782383419, "f1-score": 0.7526458522343922, "support": 193}}}
