{"name": "RandomForestClassifier-doh_8.8.4.4-padding_128_bytes_down-8", "balanced_accuracy": 0.7840187590187591, "classification_report": {"alexa_swan_kettle": {"precision": 0.8888888888888888, "recall": 0.8888888888888888, "f1-score": 0.8888888888888888, "support": 9}, "aqara_hubM2": {"precision": 0.3333333333333333, "recall": 0.14285714285714285, "f1-score": 0.2, "support": 7}, "arlo_camera_pro4": {"precision": 1.0, "recall": 0.75, "f1-score": 0.8571428571428571, "support": 12}, "boifun_baby": {"precision": 0.7, "recall": 1.0, "f1-score": 0.8235294117647058, "support": 7}, "bose_speaker": {"precision": 1.0, "recall": 0.6666666666666666, "f1-score": 0.8, "support": 9}, "cosori_air_fryer": {"precision": 0.35714285714285715, "recall": 0.8333333333333334, "f1-score": 0.5, "support": 6}, "echodot5": {"precision": 0.8, "recall": 0.8, "f1-score": 0.8000000000000002, "support": 5}, "google_nest_doorbell": {"precision": 0.9, "recall": 0.75, "f1-score": 0.8181818181818182, "support": 12}, "google_nest_hub": {"precision": 0.8888888888888888, "recall": 1.0, "f1-score": 0.9411764705882353, "support": 8}, "govee_strip_light": {"precision": 1.0, "recall": 1.0, "f1-score": 1.0, "support": 15}, "iROBOT_roomba": {"precision": 0.0, "recall": 0.0, "f1-score": 0.0, "support": 6}, "nest_cam": {"precision": 1.0, "recall": 0.8333333333333334, "f1-score": 0.9090909090909091, "support": 12}, "netatmo_weather_station": {"precision": 0.4, "recall": 1.0, "f1-score": 0.5714285714285715, "support": 4}, "petsafe_feeder": {"precision": 1.0, "recall": 0.25, "f1-score": 0.4, "support": 12}, "ring_chime_pro": {"precision": 0.7692307692307693, "recall": 1.0, "f1-score": 0.8695652173913044, "support": 10}, "simplicam": {"precision": 0.8333333333333334, "recall": 1.0, "f1-score": 0.9090909090909091, "support": 5}, "sonos_speaker": {"precision": 0.875, "recall": 0.7777777777777778, "f1-score": 0.823529411764706, "support": 9}, "switchbot_hub_mini_1": {"precision": 0.7272727272727273, "recall": 1.0, "f1-score": 0.8421052631578948, "support": 8}, "vtech_baby_monitor": {"precision": 0.9090909090909091, "recall": 1.0, "f1-score": 0.9523809523809523, "support": 10}, "withings_sleep_analyser": {"precision": 0.6363636363636364, "recall": 1.0, "f1-score": 0.7777777777777778, "support": 7}, "wiz_smart_bulb": {"precision": 0.7142857142857143, "recall": 0.5555555555555556, "f1-score": 0.6250000000000001, "support": 9}, "wyze_cam_pan_v2": {"precision": 0.8461538461538461, "recall": 1.0, "f1-score": 0.9166666666666666, "support": 11}, "accuracy": 0.7875647668393783, "macro avg": {"precision": 0.7535902229084047, "recall": 0.7840187590187591, "f1-score": 0.7375252329689181, "support": 193}, "weighted avg": {"precision": 0.8068454717418448, "recall": 0.7875647668393783, "f1-score": 0.7671456983308835, "support": 193}}}
