{"name": "RandomForestClassifier-doh_8.8.4.4-padding_128_bytes_down-9", "balanced_accuracy": 0.7984572245935884, "classification_report": {"alexa_swan_kettle": {"precision": 1.0, "recall": 1.0, "f1-score": 1.0, "support": 14}, "aqara_hubM2": {"precision": 0.0, "recall": 0.0, "f1-score": 0.0, "support": 8}, "arlo_camera_pro4": {"precision": 1.0, "recall": 0.9090909090909091, "f1-score": 0.9523809523809523, "support": 11}, "boifun_baby": {"precision": 0.75, "recall": 1.0, "f1-score": 0.8571428571428571, "support": 6}, "bose_speaker": {"precision": 1.0, "recall": 0.5, "f1-score": 0.6666666666666666, "support": 2}, "cosori_air_fryer": {"precision": 0.5, "recall": 0.8333333333333334, "f1-score": 0.625, "support": 6}, "echodot5": {"precision": 0.8333333333333334, "recall": 0.7142857142857143, "f1-score": 0.7692307692307692, "support": 7}, "google_nest_doorbell": {"precision": 1.0, "recall": 0.7777777777777778, "f1-score": 0.8750000000000001, "support": 9}, "google_nest_hub": {"precision": 0.8181818181818182, "recall": 0.8181818181818182, "f1-score": 0.8181818181818182, "support": 11}, "govee_strip_light": {"precision": 1.0, "recall": 1.0, "f1-score": 1.0, "support": 8}, "iROBOT_roomba": {"precision": 1.0, "recall": 0.2857142857142857, "f1-score": 0.4444444444444445, "support": 7}, "nest_cam": {"precision": 1.0, "recall": 0.8888888888888888, "f1-score": 0.9411764705882353, "support": 9}, "netatmo_weather_station": {"precision": 0.23529411764705882, "recall": 1.0, "f1-score": 0.38095238095238093, "support": 4}, "petsafe_feeder": {"precision": 0.7777777777777778, "recall": 0.5384615384615384, "f1-score": 0.6363636363636364, "support": 13}, "ring_chime_pro": {"precision": 0.7, "recall": 1.0, "f1-score": 0.8235294117647058, "support": 7}, "simplicam": {"precision": 1.0, "recall": 1.0, "f1-score": 1.0, "support": 13}, "sonos_speaker": {"precision": 1.0, "recall": 1.0, "f1-score": 1.0, "support": 11}, "switchbot_hub_mini_1": {"precision": 0.6923076923076923, "recall": 0.8181818181818182, "f1-score": 0.7500000000000001, "support": 11}, "vtech_baby_monitor": {"precision": 1.0, "recall": 1.0, "f1-score": 1.0, "support": 14}, "withings_sleep_analyser": {"precision": 1.0, "recall": 1.0, "f1-score": 1.0, "support": 7}, "wiz_smart_bulb": {"precision": 0.8333333333333334, "recall": 0.625, "f1-score": 0.7142857142857143, "support": 8}, "wyze_cam_pan_v2": {"precision": 0.75, "recall": 0.8571428571428571, "f1-score": 0.7999999999999999, "support": 7}, "accuracy": 0.8186528497409327, "macro avg": {"precision": 0.8131921851173188, "recall": 0.7984572245935884, "f1-score": 0.7751979600910083, "support": 193}, "weighted avg": {"precision": 0.843614881850176, "recall": 0.8186528497409327, "f1-score": 0.8117576377024717, "support": 193}}}
