{"name": "RandomForestClassifier-doh_8.8.4.4-padding_128_bytes_up-8", "balanced_accuracy": 0.7926767676767678, "classification_report": {"alexa_swan_kettle": {"precision": 0.8888888888888888, "recall": 0.8888888888888888, "f1-score": 0.8888888888888888, "support": 9}, "aqara_hubM2": {"precision": 0.0, "recall": 0.0, "f1-score": 0.0, "support": 7}, "arlo_camera_pro4": {"precision": 0.9, "recall": 0.75, "f1-score": 0.8181818181818182, "support": 12}, "boifun_baby": {"precision": 0.7777777777777778, "recall": 1.0, "f1-score": 0.8750000000000001, "support": 7}, "bose_speaker": {"precision": 1.0, "recall": 0.6666666666666666, "f1-score": 0.8, "support": 9}, "cosori_air_fryer": {"precision": 0.4, "recall": 1.0, "f1-score": 0.5714285714285715, "support": 6}, "echodot5": {"precision": 0.8333333333333334, "recall": 1.0, "f1-score": 0.9090909090909091, "support": 5}, "google_nest_doorbell": {"precision": 1.0, "recall": 1.0, "f1-score": 1.0, "support": 12}, "google_nest_hub": {"precision": 0.8, "recall": 1.0, "f1-score": 0.888888888888889, "support": 8}, "govee_strip_light": {"precision": 1.0, "recall": 1.0, "f1-score": 1.0, "support": 15}, "iROBOT_roomba": {"precision": 0.0, "recall": 0.0, "f1-score": 0.0, "support": 6}, "nest_cam": {"precision": 1.0, "recall": 0.8333333333333334, "f1-score": 0.9090909090909091, "support": 12}, "netatmo_weather_station": {"precision": 0.3076923076923077, "recall": 1.0, "f1-score": 0.47058823529411764, "support": 4}, "petsafe_feeder": {"precision": 1.0, "recall": 0.16666666666666666, "f1-score": 0.2857142857142857, "support": 12}, "ring_chime_pro": {"precision": 0.9090909090909091, "recall": 1.0, "f1-score": 0.9523809523809523, "support": 10}, "simplicam": {"precision": 0.6666666666666666, "recall": 0.8, "f1-score": 0.7272727272727272, "support": 5}, "sonos_speaker": {"precision": 1.0, "recall": 0.7777777777777778, "f1-score": 0.8750000000000001, "support": 9}, "switchbot_hub_mini_1": {"precision": 0.6666666666666666, "recall": 1.0, "f1-score": 0.8, "support": 8}, "vtech_baby_monitor": {"precision": 0.9090909090909091, "recall": 1.0, "f1-score": 0.9523809523809523, "support": 10}, "withings_sleep_analyser": {"precision": 0.6363636363636364, "recall": 1.0, "f1-score": 0.7777777777777778, "support": 7}, "wiz_smart_bulb": {"precision": 0.8333333333333334, "recall": 0.5555555555555556, "f1-score": 0.6666666666666667, "support": 9}, "wyze_cam_pan_v2": {"precision": 0.9166666666666666, "recall": 1.0, "f1-score": 0.9565217391304348, "support": 11}, "accuracy": 0.7979274611398963, "macro avg": {"precision": 0.7475259588895953, "recall": 0.7926767676767678, "f1-score": 0.7329487873721774, "support": 193}, "weighted avg": {"precision": 0.8099909014416787, "recall": 0.7979274611398963, "f1-score": 0.7687746136840394, "support": 193}}}
