{"name": "RandomForestClassifier-dot_8.8.8.8-iat_only-2", "balanced_accuracy": 0.6444674012855831, "classification_report": {"alexa_swan_kettle": {"precision": 1.0, "recall": 1.0, "f1-score": 1.0, "support": 5}, "aqara_hubM2": {"precision": 0.0, "recall": 0.0, "f1-score": 0.0, "support": 6}, "arlo_camera_pro4": {"precision": 1.0, "recall": 1.0, "f1-score": 1.0, "support": 6}, "boifun_baby": {"precision": 0.6363636363636364, "recall": 0.7, "f1-score": 0.6666666666666666, "support": 10}, "bose_speaker": {"precision": 0.6, "recall": 0.2727272727272727, "f1-score": 0.37499999999999994, "support": 11}, "cosori_air_fryer": {"precision": 0.5, "recall": 1.0, "f1-score": 0.6666666666666666, "support": 8}, "echodot5": {"precision": 0.30434782608695654, "recall": 0.7, "f1-score": 0.42424242424242425, "support": 10}, "google_nest_doorbell": {"precision": 1.0, "recall": 0.42857142857142855, "f1-score": 0.6, "support": 7}, "google_nest_hub": {"precision": 0.6666666666666666, "recall": 0.6, "f1-score": 0.631578947368421, "support": 10}, "govee_strip_light": {"precision": 0.9230769230769231, "recall": 1.0, "f1-score": 0.9600000000000001, "support": 12}, "iROBOT_roomba": {"precision": 0.5238095238095238, "recall": 1.0, "f1-score": 0.6875000000000001, "support": 11}, "nest_cam": {"precision": 0.3333333333333333, "recall": 0.14285714285714285, "f1-score": 0.2, "support": 7}, "netatmo_weather_station": {"precision": 0.0, "recall": 0.0, "f1-score": 0.0, "support": 4}, "petsafe_feeder": {"precision": 0.0, "recall": 0.0, "f1-score": 0.0, "support": 7}, "ring_chime_pro": {"precision": 0.5454545454545454, "recall": 0.42857142857142855, "f1-score": 0.4799999999999999, "support": 14}, "simplicam": {"precision": 0.9090909090909091, "recall": 1.0, "f1-score": 0.9523809523809523, "support": 10}, "sonos_speaker": {"precision": 1.0, "recall": 0.75, "f1-score": 0.8571428571428571, "support": 8}, "switchbot_hub_mini_1": {"precision": 0.7272727272727273, "recall": 1.0, "f1-score": 0.8421052631578948, "support": 8}, "vtech_baby_monitor": {"precision": 1.0, "recall": 0.9166666666666666, "f1-score": 0.9565217391304348, "support": 12}, "withings_sleep_analyser": {"precision": 0.8888888888888888, "recall": 0.8888888888888888, "f1-score": 0.8888888888888888, "support": 9}, "wiz_smart_bulb": {"precision": 1.0, "recall": 0.6, "f1-score": 0.7499999999999999, "support": 10}, "wyze_cam_pan_v2": {"precision": 0.46153846153846156, "recall": 0.75, "f1-score": 0.5714285714285714, "support": 8}, "accuracy": 0.6735751295336787, "macro avg": {"precision": 0.637265610981026, "recall": 0.6444674012855831, "f1-score": 0.6140964989578991, "support": 193}, "weighted avg": {"precision": 0.6636461383476476, "recall": 0.6735751295336787, "f1-score": 0.6412082779446517, "support": 193}}}
