{"name": "RandomForestClassifier-doh_1.1.1.1-padding_random_block_both-5", "balanced_accuracy": 0.7923187923187924, "classification_report": {"alexa_swan_kettle": {"precision": 0.8888888888888888, "recall": 1.0, "f1-score": 0.9411764705882353, "support": 8}, "aqara_hubM2": {"precision": 0.0, "recall": 0.0, "f1-score": 0.0, "support": 4}, "arlo_camera_pro4": {"precision": 1.0, "recall": 1.0, "f1-score": 1.0, "support": 6}, "boifun_baby": {"precision": 0.9, "recall": 1.0, "f1-score": 0.9473684210526316, "support": 9}, "bose_speaker": {"precision": 0.8571428571428571, "recall": 0.6666666666666666, "f1-score": 0.75, "support": 9}, "cosori_air_fryer": {"precision": 0.5, "recall": 0.1111111111111111, "f1-score": 0.1818181818181818, "support": 9}, "echodot5": {"precision": 1.0, "recall": 0.8333333333333334, "f1-score": 0.9090909090909091, "support": 6}, "google_nest_doorbell": {"precision": 0.8333333333333334, "recall": 0.8333333333333334, "f1-score": 0.8333333333333334, "support": 12}, "google_nest_hub": {"precision": 0.8888888888888888, "recall": 0.8888888888888888, "f1-score": 0.8888888888888888, "support": 9}, "govee_strip_light": {"precision": 1.0, "recall": 1.0, "f1-score": 1.0, "support": 10}, "iROBOT_roomba": {"precision": 0.7222222222222222, "recall": 1.0, "f1-score": 0.8387096774193548, "support": 13}, "nest_cam": {"precision": 0.8571428571428571, "recall": 0.9230769230769231, "f1-score": 0.888888888888889, "support": 13}, "netatmo_weather_station": {"precision": 0.0, "recall": 0.0, "f1-score": 0.0, "support": 1}, "petsafe_feeder": {"precision": 1.0, "recall": 0.2857142857142857, "f1-score": 0.4444444444444445, "support": 14}, "ring_chime_pro": {"precision": 0.875, "recall": 1.0, "f1-score": 0.9333333333333333, "support": 7}, "simplicam": {"precision": 1.0, "recall": 1.0, "f1-score": 1.0, "support": 8}, "sonos_speaker": {"precision": 1.0, "recall": 1.0, "f1-score": 1.0, "support": 11}, "switchbot_hub_mini_1": {"precision": 0.47058823529411764, "recall": 1.0, "f1-score": 0.6399999999999999, "support": 8}, "vtech_baby_monitor": {"precision": 0.9333333333333333, "recall": 1.0, "f1-score": 0.9655172413793104, "support": 14}, "withings_sleep_analyser": {"precision": 1.0, "recall": 1.0, "f1-score": 1.0, "support": 4}, "wiz_smart_bulb": {"precision": 0.5625, "recall": 1.0, "f1-score": 0.72, "support": 9}, "wyze_cam_pan_v2": {"precision": 1.0, "recall": 0.8888888888888888, "f1-score": 0.9411764705882353, "support": 9}, "accuracy": 0.8341968911917098, "macro avg": {"precision": 0.785865482556659, "recall": 0.7923187923187924, "f1-score": 0.764715739128443, "support": 193}, "weighted avg": {"precision": 0.8392539658350385, "recall": 0.8341968911917098, "f1-score": 0.806729550141222, "support": 193}}}
