{"name": "RandomForestClassifier-doh_1.1.1.1-padding_128_bytes_up-1", "balanced_accuracy": 0.7900826446280992, "classification_report": {"alexa_swan_kettle": {"precision": 0.9166666666666666, "recall": 1.0, "f1-score": 0.9565217391304348, "support": 11}, "aqara_hubM2": {"precision": 0.0, "recall": 0.0, "f1-score": 0.0, "support": 7}, "arlo_camera_pro4": {"precision": 1.0, "recall": 0.9090909090909091, "f1-score": 0.9523809523809523, "support": 11}, "boifun_baby": {"precision": 1.0, "recall": 1.0, "f1-score": 1.0, "support": 4}, "bose_speaker": {"precision": 1.0, "recall": 0.9090909090909091, "f1-score": 0.9523809523809523, "support": 11}, "cosori_air_fryer": {"precision": 0.5294117647058824, "recall": 0.8181818181818182, "f1-score": 0.6428571428571428, "support": 11}, "echodot5": {"precision": 0.6666666666666666, "recall": 0.8, "f1-score": 0.7272727272727272, "support": 5}, "google_nest_doorbell": {"precision": 1.0, "recall": 0.9, "f1-score": 0.9473684210526316, "support": 10}, "google_nest_hub": {"precision": 0.8333333333333334, "recall": 0.8333333333333334, "f1-score": 0.8333333333333334, "support": 12}, "govee_strip_light": {"precision": 1.0, "recall": 0.9166666666666666, "f1-score": 0.9565217391304348, "support": 12}, "iROBOT_roomba": {"precision": 0.5, "recall": 1.0, "f1-score": 0.6666666666666666, "support": 10}, "nest_cam": {"precision": 0.9, "recall": 0.8181818181818182, "f1-score": 0.8571428571428572, "support": 11}, "netatmo_weather_station": {"precision": 0.0, "recall": 0.0, "f1-score": 0.0, "support": 4}, "petsafe_feeder": {"precision": 1.0, "recall": 0.6, "f1-score": 0.7499999999999999, "support": 5}, "ring_chime_pro": {"precision": 1.0, "recall": 1.0, "f1-score": 1.0, "support": 9}, "simplicam": {"precision": 0.9, "recall": 1.0, "f1-score": 0.9473684210526316, "support": 9}, "sonos_speaker": {"precision": 1.0, "recall": 1.0, "f1-score": 1.0, "support": 9}, "switchbot_hub_mini_1": {"precision": 1.0, "recall": 0.9, "f1-score": 0.9473684210526316, "support": 10}, "vtech_baby_monitor": {"precision": 1.0, "recall": 1.0, "f1-score": 1.0, "support": 8}, "withings_sleep_analyser": {"precision": 0.5, "recall": 1.0, "f1-score": 0.6666666666666666, "support": 5}, "wiz_smart_bulb": {"precision": 0.5, "recall": 0.25, "f1-score": 0.3333333333333333, "support": 8}, "wyze_cam_pan_v2": {"precision": 0.8, "recall": 0.7272727272727273, "f1-score": 0.761904761904762, "support": 11}, "accuracy": 0.8238341968911918, "macro avg": {"precision": 0.7748217468805705, "recall": 0.7900826446280992, "f1-score": 0.7681403697890072, "support": 193}, "weighted avg": {"precision": 0.8110890988519761, "recall": 0.8238341968911918, "f1-score": 0.8049743411755956, "support": 193}}}
