{"name": "RandomForestClassifier-dot_8.8.8.8-iat_only-3", "balanced_accuracy": 0.6672476513385605, "classification_report": {"alexa_swan_kettle": {"precision": 1.0, "recall": 0.9090909090909091, "f1-score": 0.9523809523809523, "support": 11}, "aqara_hubM2": {"precision": 1.0, "recall": 0.16666666666666666, "f1-score": 0.2857142857142857, "support": 6}, "arlo_camera_pro4": {"precision": 1.0, "recall": 1.0, "f1-score": 1.0, "support": 19}, "boifun_baby": {"precision": 0.5555555555555556, "recall": 0.7142857142857143, "f1-score": 0.6250000000000001, "support": 7}, "bose_speaker": {"precision": 0.625, "recall": 0.45454545454545453, "f1-score": 0.5263157894736842, "support": 11}, "cosori_air_fryer": {"precision": 0.7777777777777778, "recall": 0.7, "f1-score": 0.7368421052631577, "support": 10}, "echodot5": {"precision": 0.09523809523809523, "recall": 0.2222222222222222, "f1-score": 0.13333333333333333, "support": 9}, "google_nest_doorbell": {"precision": 1.0, "recall": 0.42857142857142855, "f1-score": 0.6, "support": 7}, "google_nest_hub": {"precision": 0.5714285714285714, "recall": 0.4444444444444444, "f1-score": 0.5, "support": 9}, "govee_strip_light": {"precision": 1.0, "recall": 1.0, "f1-score": 1.0, "support": 8}, "iROBOT_roomba": {"precision": 1.0, "recall": 0.07692307692307693, "f1-score": 0.14285714285714288, "support": 13}, "nest_cam": {"precision": 0.625, "recall": 0.5555555555555556, "f1-score": 0.5882352941176471, "support": 9}, "netatmo_weather_station": {"precision": 0.19047619047619047, "recall": 1.0, "f1-score": 0.32, "support": 4}, "petsafe_feeder": {"precision": 0.6, "recall": 0.5, "f1-score": 0.5454545454545454, "support": 6}, "ring_chime_pro": {"precision": 1.0, "recall": 0.35714285714285715, "f1-score": 0.5263157894736842, "support": 14}, "simplicam": {"precision": 1.0, "recall": 1.0, "f1-score": 1.0, "support": 5}, "sonos_speaker": {"precision": 0.875, "recall": 0.875, "f1-score": 0.875, "support": 8}, "switchbot_hub_mini_1": {"precision": 0.9090909090909091, "recall": 1.0, "f1-score": 0.9523809523809523, "support": 10}, "vtech_baby_monitor": {"precision": 1.0, "recall": 1.0, "f1-score": 1.0, "support": 6}, "withings_sleep_analyser": {"precision": 0.8888888888888888, "recall": 1.0, "f1-score": 0.9411764705882353, "support": 8}, "wiz_smart_bulb": {"precision": 0.2857142857142857, "recall": 0.4, "f1-score": 0.3333333333333333, "support": 5}, "wyze_cam_pan_v2": {"precision": 0.5833333333333334, "recall": 0.875, "f1-score": 0.7000000000000001, "support": 8}, "accuracy": 0.6580310880829016, "macro avg": {"precision": 0.7537501639774367, "recall": 0.6672476513385605, "f1-score": 0.6492881815623162, "support": 193}, "weighted avg": {"precision": 0.7918436773359051, "recall": 0.6580310880829016, "f1-score": 0.6632936150883983, "support": 193}}}
